ubigeo,nivel,nombre,nombre_normalizado,nombre_censo,nombre_censo_normalizado,clave_censo,ubigeo_departamento,nombre_departamento,ubigeo_provincia,nombre_provincia
01,departamento,Amazonas,AMAZONAS,DEPARTAMENTO AMAZONAS,DEPARTAMENTO AMAZONAS,AMAZONAS,01,Amazonas,,
02,departamento,Áncash,ANCASH,DEPARTAMENTO ÁNCASH,DEPARTAMENTO ANCASH,ANCASH,02,Áncash,,
03,departamento,Apurímac,APURIMAC,DEPARTAMENTO APURÍMAC,DEPARTAMENTO APURIMAC,APURIMAC,03,Apurímac,,
04,departamento,Arequipa,AREQUIPA,DEPARTAMENTO AREQUIPA,DEPARTAMENTO AREQUIPA,AREQUIPA,04,Arequipa,,
05,departamento,Ayacucho,AYACUCHO,DEPARTAMENTO AYACUCHO,DEPARTAMENTO AYACUCHO,AYACUCHO,05,Ayacucho,,
06,departamento,Cajamarca,CAJAMARCA,DEPARTAMENTO CAJAMARCA,DEPARTAMENTO CAJAMARCA,CAJAMARCA,06,Cajamarca,,
07,departamento,Callao,CALLAO,DEPARTAMENTO CALLAO,DEPARTAMENTO CALLAO,CALLAO,07,Callao,,
08,departamento,Cusco,CUSCO,DEPARTAMENTO CUSCO,DEPARTAMENTO CUSCO,CUSCO,08,Cusco,,
09,departamento,Huancavelica,HUANCAVELICA,DEPARTAMENTO HUANCAVELICA,DEPARTAMENTO HUANCAVELICA,HUANCAVELICA,09,Huancavelica,,
10,departamento,Huánuco,HUANUCO,DEPARTAMENTO HUÁNUCO,DEPARTAMENTO HUANUCO,HUANUCO,10,Huánuco,,
11,departamento,Ica,ICA,DEPARTAMENTO ICA,DEPARTAMENTO ICA,ICA,11,Ica,,
12,departamento,Junín,JUNIN,DEPARTAMENTO JUNÍN,DEPARTAMENTO JUNIN,JUNIN,12,Junín,,
13,departamento,La Libertad,LA LIBERTAD,DEPARTAMENTO LA LIBERTAD,DEPARTAMENTO LA LIBERTAD,LA LIBERTAD,13,La Libertad,,
14,departamento,Lambayeque,LAMBAYEQUE,DEPARTAMENTO LAMBAYEQUE,DEPARTAMENTO LAMBAYEQUE,LAMBAYEQUE,14,Lambayeque,,
15,departamento,Lima,LIMA,DEPARTAMENTO LIMA,DEPARTAMENTO LIMA,LIMA,15,Lima,,
16,departamento,Loreto,LORETO,DEPARTAMENTO LORETO,DEPARTAMENTO LORETO,LORETO,16,Loreto,,
17,departamento,Madre de Dios,MADRE DE DIOS,DEPARTAMENTO MADRE DE DIOS,DEPARTAMENTO MADRE DE DIOS,MADRE DE DIOS,17,Madre de Dios,,
18,departamento,Moquegua,MOQUEGUA,DEPARTAMENTO MOQUEGUA,DEPARTAMENTO MOQUEGUA,MOQUEGUA,18,Moquegua,,
19,departamento,Pasco,PASCO,DEPARTAMENTO PASCO,DEPARTAMENTO PASCO,PASCO,19,Pasco,,
20,departamento,Piura,PIURA,DEPARTAMENTO PIURA,DEPARTAMENTO PIURA,PIURA,20,Piura,,
21,departamento,Puno,PUNO,DEPARTAMENTO PUNO,DEPARTAMENTO PUNO,PUNO,21,Puno,,
22,departamento,San Martín,SAN MARTIN,DEPARTAMENTO SAN MARTÍN,DEPARTAMENTO SAN MARTIN,SAN MARTIN,22,San Martín,,
23,departamento,Tacna,TACNA,DEPARTAMENTO TACNA,DEPARTAMENTO TACNA,TACNA,23,Tacna,,
24,departamento,Tumbes,TUMBES,DEPARTAMENTO TUMBES,DEPARTAMENTO TUMBES,TUMBES,24,Tumbes,,
25,departamento,Ucayali,UCAYALI,DEPARTAMENTO UCAYALI,DEPARTAMENTO UCAYALI,UCAYALI,25,Ucayali,,
0101,provincia,Chachapoyas,CHACHAPOYAS,PROVINCIA CHACHAPOYAS,PROVINCIA CHACHAPOYAS,AMAZONAS|CHACHAPOYAS,01,Amazonas,0101,Chachapoyas
0102,provincia,Bagua,BAGUA,PROVINCIA BAGUA,PROVINCIA BAGUA,AMAZONAS|BAGUA,01,Amazonas,0102,Bagua
0103,provincia,Bongará,BONGARA,PROVINCIA BONGARÁ,PROVINCIA BONGARA,AMAZONAS|BONGARA,01,Amazonas,0103,Bongará
0104,provincia,Condorcanqui,CONDORCANQUI,PROVINCIA CONDORCANQUI,PROVINCIA CONDORCANQUI,AMAZONAS|CONDORCANQUI,01,Amazonas,0104,Condorcanqui
0105,provincia,Luya,LUYA,PROVINCIA LUYA,PROVINCIA LUYA,AMAZONAS|LUYA,01,Amazonas,0105,Luya
0106,provincia,Rodríguez de Mendoza,RODRIGUEZ DE MENDOZA,PROVINCIA RODRÍGUEZ DE MENDOZA,PROVINCIA RODRIGUEZ DE MENDOZA,AMAZONAS|RODRIGUEZ DE MENDOZA,01,Amazonas,0106,Rodríguez de Mendoza
0107,provincia,Utcubamba,UTCUBAMBA,PROVINCIA UTCUBAMBA,PROVINCIA UTCUBAMBA,AMAZONAS|UTCUBAMBA,01,Amazonas,0107,Utcubamba
0201,provincia,Huaraz,HUARAZ,PROVINCIA HUARAZ,PROVINCIA HUARAZ,ANCASH|HUARAZ,02,Áncash,0201,Huaraz
0202,provincia,Aija,AIJA,PROVINCIA AIJA,PROVINCIA AIJA,ANCASH|AIJA,02,Áncash,0202,Aija
0203,provincia,Antonio Raymondi,ANTONIO RAYMONDI,PROVINCIA ANTONIO RAYMONDI,PROVINCIA ANTONIO RAYMONDI,ANCASH|ANTONIO RAYMONDI,02,Áncash,0203,Antonio Raymondi
0204,provincia,Asunción,ASUNCION,PROVINCIA ASUNCIÓN,PROVINCIA ASUNCION,ANCASH|ASUNCION,02,Áncash,0204,Asunción
0205,provincia,Bolognesi,BOLOGNESI,PROVINCIA BOLOGNESI,PROVINCIA BOLOGNESI,ANCASH|BOLOGNESI,02,Áncash,0205,Bolognesi
0206,provincia,Carhuaz,CARHUAZ,PROVINCIA CARHUAZ,PROVINCIA CARHUAZ,ANCASH|CARHUAZ,02,Áncash,0206,Carhuaz
0207,provincia,Carlos Fermín Fitzcarrald,CARLOS FERMIN FITZCARRALD,PROVINCIA CARLOS FERMÍN FITZCARRALD,PROVINCIA CARLOS FERMIN FITZCARRALD,ANCASH|CARLOS FERMIN FITZCARRALD,02,Áncash,0207,Carlos Fermín Fitzcarrald
0208,provincia,Casma,CASMA,PROVINCIA CASMA,PROVINCIA CASMA,ANCASH|CASMA,02,Áncash,0208,Casma
0209,provincia,Corongo,CORONGO,PROVINCIA CORONGO,PROVINCIA CORONGO,ANCASH|CORONGO,02,Áncash,0209,Corongo
0210,provincia,Huari,HUARI,PROVINCIA HUARI,PROVINCIA HUARI,ANCASH|HUARI,02,Áncash,0210,Huari
0211,provincia,Huarmey,HUARMEY,PROVINCIA HUARMEY,PROVINCIA HUARMEY,ANCASH|HUARMEY,02,Áncash,0211,Huarmey
0212,provincia,Huaylas,HUAYLAS,PROVINCIA HUAYLAS,PROVINCIA HUAYLAS,ANCASH|HUAYLAS,02,Áncash,0212,Huaylas
0213,provincia,Mariscal Luzuriaga,MARISCAL LUZURIAGA,PROVINCIA MARISCAL LUZURIAGA,PROVINCIA MARISCAL LUZURIAGA,ANCASH|MARISCAL LUZURIAGA,02,Áncash,0213,Mariscal Luzuriaga
0214,provincia,Ocros,OCROS,PROVINCIA OCROS,PROVINCIA OCROS,ANCASH|OCROS,02,Áncash,0214,Ocros
0215,provincia,Pallasca,PALLASCA,PROVINCIA PALLASCA,PROVINCIA PALLASCA,ANCASH|PALLASCA,02,Áncash,0215,Pallasca
0216,provincia,Pomabamba,POMABAMBA,PROVINCIA POMABAMBA,PROVINCIA POMABAMBA,ANCASH|POMABAMBA,02,Áncash,0216,Pomabamba
0217,provincia,Recuay,RECUAY,PROVINCIA RECUAY,PROVINCIA RECUAY,ANCASH|RECUAY,02,Áncash,0217,Recuay
0218,provincia,Santa,SANTA,PROVINCIA SANTA,PROVINCIA SANTA,ANCASH|SANTA,02,Áncash,0218,Santa
0219,provincia,Sihuas,SIHUAS,PROVINCIA SIHUAS,PROVINCIA SIHUAS,ANCASH|SIHUAS,02,Áncash,0219,Sihuas
0220,provincia,Yungay,YUNGAY,PROVINCIA YUNGAY,PROVINCIA YUNGAY,ANCASH|YUNGAY,02,Áncash,0220,Yungay
0301,provincia,Abancay,ABANCAY,PROVINCIA ABANCAY,PROVINCIA ABANCAY,APURIMAC|ABANCAY,03,Apurímac,0301,Abancay
0302,provincia,Andahuaylas,ANDAHUAYLAS,PROVINCIA ANDAHUAYLAS,PROVINCIA ANDAHUAYLAS,APURIMAC|ANDAHUAYLAS,03,Apurímac,0302,Andahuaylas
0303,provincia,Antabamba,ANTABAMBA,PROVINCIA ANTABAMBA,PROVINCIA ANTABAMBA,APURIMAC|ANTABAMBA,03,Apurímac,0303,Antabamba
0304,provincia,Aymaraes,AYMARAES,PROVINCIA AYMARAES,PROVINCIA AYMARAES,APURIMAC|AYMARAES,03,Apurímac,0304,Aymaraes
0305,provincia,Cotabambas,COTABAMBAS,PROVINCIA COTABAMBAS,PROVINCIA COTABAMBAS,APURIMAC|COTABAMBAS,03,Apurímac,0305,Cotabambas
0306,provincia,Chincheros,CHINCHEROS,PROVINCIA CHINCHEROS,PROVINCIA CHINCHEROS,APURIMAC|CHINCHEROS,03,Apurímac,0306,Chincheros
0307,provincia,Grau,GRAU,PROVINCIA GRAU,PROVINCIA GRAU,APURIMAC|GRAU,03,Apurímac,0307,Grau
0401,provincia,Arequipa,AREQUIPA,PROVINCIA AREQUIPA,PROVINCIA AREQUIPA,AREQUIPA|AREQUIPA,04,Arequipa,0401,Arequipa
0402,provincia,Camaná,CAMANA,PROVINCIA CAMANÁ,PROVINCIA CAMANA,AREQUIPA|CAMANA,04,Arequipa,0402,Camaná
0403,provincia,Caravelí,CARAVELI,PROVINCIA CARAVELÍ,PROVINCIA CARAVELI,AREQUIPA|CARAVELI,04,Arequipa,0403,Caravelí
0404,provincia,Castilla,CASTILLA,PROVINCIA CASTILLA,PROVINCIA CASTILLA,AREQUIPA|CASTILLA,04,Arequipa,0404,Castilla
0405,provincia,Caylloma,CAYLLOMA,PROVINCIA CAYLLOMA,PROVINCIA CAYLLOMA,AREQUIPA|CAYLLOMA,04,Arequipa,0405,Caylloma
0406,provincia,Condesuyos,CONDESUYOS,PROVINCIA CONDESUYOS,PROVINCIA CONDESUYOS,AREQUIPA|CONDESUYOS,04,Arequipa,0406,Condesuyos
0407,provincia,Islay,ISLAY,PROVINCIA ISLAY,PROVINCIA ISLAY,AREQUIPA|ISLAY,04,Arequipa,0407,Islay
0408,provincia,La Uniòn,LA UNION,PROVINCIA LA UNIÒN,PROVINCIA LA UNION,AREQUIPA|LA UNION,04,Arequipa,0408,La Uniòn
0501,provincia,Huamanga,HUAMANGA,PROVINCIA HUAMANGA,PROVINCIA HUAMANGA,AYACUCHO|HUAMANGA,05,Ayacucho,0501,Huamanga
0502,provincia,Cangallo,CANGALLO,PROVINCIA CANGALLO,PROVINCIA CANGALLO,AYACUCHO|CANGALLO,05,Ayacucho,0502,Cangallo
0503,provincia,Huanca Sancos,HUANCA SANCOS,PROVINCIA HUANCA SANCOS,PROVINCIA HUANCA SANCOS,AYACUCHO|HUANCA SANCOS,05,Ayacucho,0503,Huanca Sancos
0504,provincia,Huanta,HUANTA,PROVINCIA HUANTA,PROVINCIA HUANTA,AYACUCHO|HUANTA,05,Ayacucho,0504,Huanta
0505,provincia,La Mar,LA MAR,PROVINCIA LA MAR,PROVINCIA LA MAR,AYACUCHO|LA MAR,05,Ayacucho,0505,La Mar
0506,provincia,Lucanas,LUCANAS,PROVINCIA LUCANAS,PROVINCIA LUCANAS,AYACUCHO|LUCANAS,05,Ayacucho,0506,Lucanas
0507,provincia,Parinacochas,PARINACOCHAS,PROVINCIA PARINACOCHAS,PROVINCIA PARINACOCHAS,AYACUCHO|PARINACOCHAS,05,Ayacucho,0507,Parinacochas
0508,provincia,Pàucar del Sara Sara,PAUCAR DEL SARA SARA,PROVINCIA PÀUCAR DEL SARA SARA,PROVINCIA PAUCAR DEL SARA SARA,AYACUCHO|PAUCAR DEL SARA SARA,05,Ayacucho,0508,Pàucar del Sara Sara
0509,provincia,Sucre,SUCRE,PROVINCIA SUCRE,PROVINCIA SUCRE,AYACUCHO|SUCRE,05,Ayacucho,0509,Sucre
0510,provincia,Víctor Fajardo,VICTOR FAJARDO,PROVINCIA VÍCTOR FAJARDO,PROVINCIA VICTOR FAJARDO,AYACUCHO|VICTOR FAJARDO,05,Ayacucho,0510,Víctor Fajardo
0511,provincia,Vilcas Huamán,VILCAS HUAMAN,PROVINCIA VILCAS HUAMÁN,PROVINCIA VILCAS HUAMAN,AYACUCHO|VILCAS HUAMAN,05,Ayacucho,0511,Vilcas Huamán
0601,provincia,Cajamarca,CAJAMARCA,PROVINCIA CAJAMARCA,PROVINCIA CAJAMARCA,CAJAMARCA|CAJAMARCA,06,Cajamarca,0601,Cajamarca
0602,provincia,Cajabamba,CAJABAMBA,PROVINCIA CAJABAMBA,PROVINCIA CAJABAMBA,CAJAMARCA|CAJABAMBA,06,Cajamarca,0602,Cajabamba
0603,provincia,Celendín,CELENDIN,PROVINCIA CELENDÍN,PROVINCIA CELENDIN,CAJAMARCA|CELENDIN,06,Cajamarca,0603,Celendín
0604,provincia,Chota,CHOTA,PROVINCIA CHOTA,PROVINCIA CHOTA,CAJAMARCA|CHOTA,06,Cajamarca,0604,Chota
0605,provincia,Contumazá,CONTUMAZA,PROVINCIA CONTUMAZÁ,PROVINCIA CONTUMAZA,CAJAMARCA|CONTUMAZA,06,Cajamarca,0605,Contumazá
0606,provincia,Cutervo,CUTERVO,PROVINCIA CUTERVO,PROVINCIA CUTERVO,CAJAMARCA|CUTERVO,06,Cajamarca,0606,Cutervo
0607,provincia,Hualgayoc,HUALGAYOC,PROVINCIA HUALGAYOC,PROVINCIA HUALGAYOC,CAJAMARCA|HUALGAYOC,06,Cajamarca,0607,Hualgayoc
0608,provincia,Jaén,JAEN,PROVINCIA JAÉN,PROVINCIA JAEN,CAJAMARCA|JAEN,06,Cajamarca,0608,Jaén
0609,provincia,San Ignacio,SAN IGNACIO,PROVINCIA SAN IGNACIO,PROVINCIA SAN IGNACIO,CAJAMARCA|SAN IGNACIO,06,Cajamarca,0609,San Ignacio
0610,provincia,San Marcos,SAN MARCOS,PROVINCIA SAN MARCOS,PROVINCIA SAN MARCOS,CAJAMARCA|SAN MARCOS,06,Cajamarca,0610,San Marcos
0611,provincia,San Miguel,SAN MIGUEL,PROVINCIA SAN MIGUEL,PROVINCIA SAN MIGUEL,CAJAMARCA|SAN MIGUEL,06,Cajamarca,0611,San Miguel
0612,provincia,San Pablo,SAN PABLO,PROVINCIA SAN PABLO,PROVINCIA SAN PABLO,CAJAMARCA|SAN PABLO,06,Cajamarca,0612,San Pablo
0613,provincia,Santa Cruz,SANTA CRUZ,PROVINCIA SANTA CRUZ,PROVINCIA SANTA CRUZ,CAJAMARCA|SANTA CRUZ,06,Cajamarca,0613,Santa Cruz
0701,provincia,Prov. Const. del Callao,PROV. CONST. DEL CALLAO,PROVINCIA PROV. CONST. DEL CALLAO,PROVINCIA PROV. CONST. DEL CALLAO,CALLAO|PROV. CONST. DEL CALLAO,07,Callao,0701,Prov. Const. del Callao
0801,provincia,Cusco,CUSCO,PROVINCIA CUSCO,PROVINCIA CUSCO,CUSCO|CUSCO,08,Cusco,0801,Cusco
0802,provincia,Acomayo,ACOMAYO,PROVINCIA ACOMAYO,PROVINCIA ACOMAYO,CUSCO|ACOMAYO,08,Cusco,0802,Acomayo
0803,provincia,Anta,ANTA,PROVINCIA ANTA,PROVINCIA ANTA,CUSCO|ANTA,08,Cusco,0803,Anta
0804,provincia,Calca,CALCA,PROVINCIA CALCA,PROVINCIA CALCA,CUSCO|CALCA,08,Cusco,0804,Calca
0805,provincia,Canas,CANAS,PROVINCIA CANAS,PROVINCIA CANAS,CUSCO|CANAS,08,Cusco,0805,Canas
0806,provincia,Canchis,CANCHIS,PROVINCIA CANCHIS,PROVINCIA CANCHIS,CUSCO|CANCHIS,08,Cusco,0806,Canchis
0807,provincia,Chumbivilcas,CHUMBIVILCAS,PROVINCIA CHUMBIVILCAS,PROVINCIA CHUMBIVILCAS,CUSCO|CHUMBIVILCAS,08,Cusco,0807,Chumbivilcas
0808,provincia,Espinar,ESPINAR,PROVINCIA ESPINAR,PROVINCIA ESPINAR,CUSCO|ESPINAR,08,Cusco,0808,Espinar
0809,provincia,La Convención,LA CONVENCION,PROVINCIA LA CONVENCIÓN,PROVINCIA LA CONVENCION,CUSCO|LA CONVENCION,08,Cusco,0809,La Convención
0810,provincia,Paruro,PARURO,PROVINCIA PARURO,PROVINCIA PARURO,CUSCO|PARURO,08,Cusco,0810,Paruro
0811,provincia,Paucartambo,PAUCARTAMBO,PROVINCIA PAUCARTAMBO,PROVINCIA PAUCARTAMBO,CUSCO|PAUCARTAMBO,08,Cusco,0811,Paucartambo
0812,provincia,Quispicanchi,QUISPICANCHI,PROVINCIA QUISPICANCHI,PROVINCIA QUISPICANCHI,CUSCO|QUISPICANCHI,08,Cusco,0812,Quispicanchi
0813,provincia,Urubamba,URUBAMBA,PROVINCIA URUBAMBA,PROVINCIA URUBAMBA,CUSCO|URUBAMBA,08,Cusco,0813,Urubamba
0901,provincia,Huancavelica,HUANCAVELICA,PROVINCIA HUANCAVELICA,PROVINCIA HUANCAVELICA,HUANCAVELICA|HUANCAVELICA,09,Huancavelica,0901,Huancavelica
0902,provincia,Acobamba,ACOBAMBA,PROVINCIA ACOBAMBA,PROVINCIA ACOBAMBA,HUANCAVELICA|ACOBAMBA,09,Huancavelica,0902,Acobamba
0903,provincia,Angaraes,ANGARAES,PROVINCIA ANGARAES,PROVINCIA ANGARAES,HUANCAVELICA|ANGARAES,09,Huancavelica,0903,Angaraes
0904,provincia,Castrovirreyna,CASTROVIRREYNA,PROVINCIA CASTROVIRREYNA,PROVINCIA CASTROVIRREYNA,HUANCAVELICA|CASTROVIRREYNA,09,Huancavelica,0904,Castrovirreyna
0905,provincia,Churcampa,CHURCAMPA,PROVINCIA CHURCAMPA,PROVINCIA CHURCAMPA,HUANCAVELICA|CHURCAMPA,09,Huancavelica,0905,Churcampa
0906,provincia,Huaytará,HUAYTARA,PROVINCIA HUAYTARÁ,PROVINCIA HUAYTARA,HUANCAVELICA|HUAYTARA,09,Huancavelica,0906,Huaytará
0907,provincia,Tayacaja,TAYACAJA,PROVINCIA TAYACAJA,PROVINCIA TAYACAJA,HUANCAVELICA|TAYACAJA,09,Huancavelica,0907,Tayacaja
1001,provincia,Huánuco,HUANUCO,PROVINCIA HUÁNUCO,PROVINCIA HUANUCO,HUANUCO|HUANUCO,10,Huánuco,1001,Huánuco
1002,provincia,Ambo,AMBO,PROVINCIA AMBO,PROVINCIA AMBO,HUANUCO|AMBO,10,Huánuco,1002,Ambo
1003,provincia,Dos de Mayo,DOS DE MAYO,PROVINCIA DOS DE MAYO,PROVINCIA DOS DE MAYO,HUANUCO|DOS DE MAYO,10,Huánuco,1003,Dos de Mayo
1004,provincia,Huacaybamba,HUACAYBAMBA,PROVINCIA HUACAYBAMBA,PROVINCIA HUACAYBAMBA,HUANUCO|HUACAYBAMBA,10,Huánuco,1004,Huacaybamba
1005,provincia,Huamalíes,HUAMALIES,PROVINCIA HUAMALÍES,PROVINCIA HUAMALIES,HUANUCO|HUAMALIES,10,Huánuco,1005,Huamalíes
1006,provincia,Leoncio Prado,LEONCIO PRADO,PROVINCIA LEONCIO PRADO,PROVINCIA LEONCIO PRADO,HUANUCO|LEONCIO PRADO,10,Huánuco,1006,Leoncio Prado
1007,provincia,Marañón,MARANON,PROVINCIA MARAÑÓN,PROVINCIA MARANON,HUANUCO|MARANON,10,Huánuco,1007,Marañón
1008,provincia,Pachitea,PACHITEA,PROVINCIA PACHITEA,PROVINCIA PACHITEA,HUANUCO|PACHITEA,10,Huánuco,1008,Pachitea
1009,provincia,Puerto Inca,PUERTO INCA,PROVINCIA PUERTO INCA,PROVINCIA PUERTO INCA,HUANUCO|PUERTO INCA,10,Huánuco,1009,Puerto Inca
1010,provincia,Lauricocha,LAURICOCHA,PROVINCIA LAURICOCHA,PROVINCIA LAURICOCHA,HUANUCO|LAURICOCHA,10,Huánuco,1010,Lauricocha
1011,provincia,Yarowilca,YAROWILCA,PROVINCIA YAROWILCA,PROVINCIA YAROWILCA,HUANUCO|YAROWILCA,10,Huánuco,1011,Yarowilca
1101,provincia,Ica,ICA,PROVINCIA ICA,PROVINCIA ICA,ICA|ICA,11,Ica,1101,Ica
1102,provincia,Chincha,CHINCHA,PROVINCIA CHINCHA,PROVINCIA CHINCHA,ICA|CHINCHA,11,Ica,1102,Chincha
1103,provincia,Nasca,NASCA,PROVINCIA NASCA,PROVINCIA NASCA,ICA|NASCA,11,Ica,1103,Nasca
1104,provincia,Palpa,PALPA,PROVINCIA PALPA,PROVINCIA PALPA,ICA|PALPA,11,Ica,1104,Palpa
1105,provincia,Pisco,PISCO,PROVINCIA PISCO,PROVINCIA PISCO,ICA|PISCO,11,Ica,1105,Pisco
1201,provincia,Huancayo,HUANCAYO,PROVINCIA HUANCAYO,PROVINCIA HUANCAYO,JUNIN|HUANCAYO,12,Junín,1201,Huancayo
1202,provincia,Concepción,CONCEPCION,PROVINCIA CONCEPCIÓN,PROVINCIA CONCEPCION,JUNIN|CONCEPCION,12,Junín,1202,Concepción
1203,provincia,Chanchamayo,CHANCHAMAYO,PROVINCIA CHANCHAMAYO,PROVINCIA CHANCHAMAYO,JUNIN|CHANCHAMAYO,12,Junín,1203,Chanchamayo
1204,provincia,Jauja,JAUJA,PROVINCIA JAUJA,PROVINCIA JAUJA,JUNIN|JAUJA,12,Junín,1204,Jauja
1205,provincia,Junín,JUNIN,PROVINCIA JUNÍN,PROVINCIA JUNIN,JUNIN|JUNIN,12,Junín,1205,Junín
1206,provincia,Satipo,SATIPO,PROVINCIA SATIPO,PROVINCIA SATIPO,JUNIN|SATIPO,12,Junín,1206,Satipo
1207,provincia,Tarma,TARMA,PROVINCIA TARMA,PROVINCIA TARMA,JUNIN|TARMA,12,Junín,1207,Tarma
1208,provincia,Yauli,YAULI,PROVINCIA YAULI,PROVINCIA YAULI,JUNIN|YAULI,12,Junín,1208,Yauli
1209,provincia,Chupaca,CHUPACA,PROVINCIA CHUPACA,PROVINCIA CHUPACA,JUNIN|CHUPACA,12,Junín,1209,Chupaca
1301,provincia,Trujillo,TRUJILLO,PROVINCIA TRUJILLO,PROVINCIA TRUJILLO,LA LIBERTAD|TRUJILLO,13,La Libertad,1301,Trujillo
1302,provincia,Ascope,ASCOPE,PROVINCIA ASCOPE,PROVINCIA ASCOPE,LA LIBERTAD|ASCOPE,13,La Libertad,1302,Ascope
1303,provincia,Bolívar,BOLIVAR,PROVINCIA BOLÍVAR,PROVINCIA BOLIVAR,LA LIBERTAD|BOLIVAR,13,La Libertad,1303,Bolívar
1304,provincia,Chepén,CHEPEN,PROVINCIA CHEPÉN,PROVINCIA CHEPEN,LA LIBERTAD|CHEPEN,13,La Libertad,1304,Chepén
1305,provincia,Julcán,JULCAN,PROVINCIA JULCÁN,PROVINCIA JULCAN,LA LIBERTAD|JULCAN,13,La Libertad,1305,Julcán
1306,provincia,Otuzco,OTUZCO,PROVINCIA OTUZCO,PROVINCIA OTUZCO,LA LIBERTAD|OTUZCO,13,La Libertad,1306,Otuzco
1307,provincia,Pacasmayo,PACASMAYO,PROVINCIA PACASMAYO,PROVINCIA PACASMAYO,LA LIBERTAD|PACASMAYO,13,La Libertad,1307,Pacasmayo
1308,provincia,Pataz,PATAZ,PROVINCIA PATAZ,PROVINCIA PATAZ,LA LIBERTAD|PATAZ,13,La Libertad,1308,Pataz
1309,provincia,Sánchez Carrión,SANCHEZ CARRION,PROVINCIA SÁNCHEZ CARRIÓN,PROVINCIA SANCHEZ CARRION,LA LIBERTAD|SANCHEZ CARRION,13,La Libertad,1309,Sánchez Carrión
1310,provincia,Santiago de Chuco,SANTIAGO DE CHUCO,PROVINCIA SANTIAGO DE CHUCO,PROVINCIA SANTIAGO DE CHUCO,LA LIBERTAD|SANTIAGO DE CHUCO,13,La Libertad,1310,Santiago de Chuco
1311,provincia,Gran Chimú,GRAN CHIMU,PROVINCIA GRAN CHIMÚ,PROVINCIA GRAN CHIMU,LA LIBERTAD|GRAN CHIMU,13,La Libertad,1311,Gran Chimú
1312,provincia,Virú,VIRU,PROVINCIA VIRÚ,PROVINCIA VIRU,LA LIBERTAD|VIRU,13,La Libertad,1312,Virú
1401,provincia,Chiclayo,CHICLAYO,PROVINCIA CHICLAYO,PROVINCIA CHICLAYO,LAMBAYEQUE|CHICLAYO,14,Lambayeque,1401,Chiclayo
1402,provincia,Ferreñafe,FERRENAFE,PROVINCIA FERREÑAFE,PROVINCIA FERRENAFE,LAMBAYEQUE|FERRENAFE,14,Lambayeque,1402,Ferreñafe
1403,provincia,Lambayeque,LAMBAYEQUE,PROVINCIA LAMBAYEQUE,PROVINCIA LAMBAYEQUE,LAMBAYEQUE|LAMBAYEQUE,14,Lambayeque,1403,Lambayeque
1501,provincia,Lima,LIMA,PROVINCIA LIMA,PROVINCIA LIMA,LIMA|LIMA,15,Lima,1501,Lima
1502,provincia,Barranca,BARRANCA,PROVINCIA BARRANCA,PROVINCIA BARRANCA,LIMA|BARRANCA,15,Lima,1502,Barranca
1503,provincia,Cajatambo,CAJATAMBO,PROVINCIA CAJATAMBO,PROVINCIA CAJATAMBO,LIMA|CAJATAMBO,15,Lima,1503,Cajatambo
1504,provincia,Canta,CANTA,PROVINCIA CANTA,PROVINCIA CANTA,LIMA|CANTA,15,Lima,1504,Canta
1505,provincia,Cañete,CANETE,PROVINCIA CAÑETE,PROVINCIA CANETE,LIMA|CANETE,15,Lima,1505,Cañete
1506,provincia,Huaral,HUARAL,PROVINCIA HUARAL,PROVINCIA HUARAL,LIMA|HUARAL,15,Lima,1506,Huaral
1507,provincia,Huarochirí,HUAROCHIRI,PROVINCIA HUAROCHIRÍ,PROVINCIA HUAROCHIRI,LIMA|HUAROCHIRI,15,Lima,1507,Huarochirí
1508,provincia,Huaura,HUAURA,PROVINCIA HUAURA,PROVINCIA HUAURA,LIMA|HUAURA,15,Lima,1508,Huaura
1509,provincia,Oyón,OYON,PROVINCIA OYÓN,PROVINCIA OYON,LIMA|OYON,15,Lima,1509,Oyón
1510,provincia,Yauyos,YAUYOS,PROVINCIA YAUYOS,PROVINCIA YAUYOS,LIMA|YAUYOS,15,Lima,1510,Yauyos
1601,provincia,Maynas,MAYNAS,PROVINCIA MAYNAS,PROVINCIA MAYNAS,LORETO|MAYNAS,16,Loreto,1601,Maynas
1602,provincia,Alto Amazonas,ALTO AMAZONAS,PROVINCIA ALTO AMAZONAS,PROVINCIA ALTO AMAZONAS,LORETO|ALTO AMAZONAS,16,Loreto,1602,Alto Amazonas
1603,provincia,Loreto,LORETO,PROVINCIA LORETO,PROVINCIA LORETO,LORETO|LORETO,16,Loreto,1603,Loreto
1604,provincia,Mariscal Ramón Castilla,MARISCAL RAMON CASTILLA,PROVINCIA MARISCAL RAMÓN CASTILLA,PROVINCIA MARISCAL RAMON CASTILLA,LORETO|MARISCAL RAMON CASTILLA,16,Loreto,1604,Mariscal Ramón Castilla
1605,provincia,Requena,REQUENA,PROVINCIA REQUENA,PROVINCIA REQUENA,LORETO|REQUENA,16,Loreto,1605,Requena
1606,provincia,Ucayali,UCAYALI,PROVINCIA UCAYALI,PROVINCIA UCAYALI,LORETO|UCAYALI,16,Loreto,1606,Ucayali
1607,provincia,Datem del Marañón,DATEM DEL MARANON,PROVINCIA DATEM DEL MARAÑÓN,PROVINCIA DATEM DEL MARANON,LORETO|DATEM DEL MARANON,16,Loreto,1607,Datem del Marañón
1608,provincia,Putumayo,PUTUMAYO,PROVINCIA PUTUMAYO,PROVINCIA PUTUMAYO,LORETO|PUTUMAYO,16,Loreto,1608,Putumayo
1701,provincia,Tambopata,TAMBOPATA,PROVINCIA TAMBOPATA,PROVINCIA TAMBOPATA,MADRE DE DIOS|TAMBOPATA,17,Madre de Dios,1701,Tambopata
1702,provincia,Manu,MANU,PROVINCIA MANU,PROVINCIA MANU,MADRE DE DIOS|MANU,17,Madre de Dios,1702,Manu
1703,provincia,Tahuamanu,TAHUAMANU,PROVINCIA TAHUAMANU,PROVINCIA TAHUAMANU,MADRE DE DIOS|TAHUAMANU,17,Madre de Dios,1703,Tahuamanu
1801,provincia,Mariscal Nieto,MARISCAL NIETO,PROVINCIA MARISCAL NIETO,PROVINCIA MARISCAL NIETO,MOQUEGUA|MARISCAL NIETO,18,Moquegua,1801,Mariscal Nieto
1802,provincia,General Sánchez Cerro,GENERAL SANCHEZ CERRO,PROVINCIA GENERAL SÁNCHEZ CERRO,PROVINCIA GENERAL SANCHEZ CERRO,MOQUEGUA|GENERAL SANCHEZ CERRO,18,Moquegua,1802,General Sánchez Cerro
1803,provincia,Ilo,ILO,PROVINCIA ILO,PROVINCIA ILO,MOQUEGUA|ILO,18,Moquegua,1803,Ilo
1901,provincia,Pasco,PASCO,PROVINCIA PASCO,PROVINCIA PASCO,PASCO|PASCO,19,Pasco,1901,Pasco
1902,provincia,Daniel Alcides Carrión,DANIEL ALCIDES CARRION,PROVINCIA DANIEL ALCIDES CARRIÓN,PROVINCIA DANIEL ALCIDES CARRION,PASCO|DANIEL ALCIDES CARRION,19,Pasco,1902,Daniel Alcides Carrión
1903,provincia,Oxapampa,OXAPAMPA,PROVINCIA OXAPAMPA,PROVINCIA OXAPAMPA,PASCO|OXAPAMPA,19,Pasco,1903,Oxapampa
2001,provincia,Piura,PIURA,PROVINCIA PIURA,PROVINCIA PIURA,PIURA|PIURA,20,Piura,2001,Piura
2002,provincia,Ayabaca,AYABACA,PROVINCIA AYABACA,PROVINCIA AYABACA,PIURA|AYABACA,20,Piura,2002,Ayabaca
2003,provincia,Huancabamba,HUANCABAMBA,PROVINCIA HUANCABAMBA,PROVINCIA HUANCABAMBA,PIURA|HUANCABAMBA,20,Piura,2003,Huancabamba
2004,provincia,Morropón,MORROPON,PROVINCIA MORROPÓN,PROVINCIA MORROPON,PIURA|MORROPON,20,Piura,2004,Morropón
2005,provincia,Paita,PAITA,PROVINCIA PAITA,PROVINCIA PAITA,PIURA|PAITA,20,Piura,2005,Paita
2006,provincia,Sullana,SULLANA,PROVINCIA SULLANA,PROVINCIA SULLANA,PIURA|SULLANA,20,Piura,2006,Sullana
2007,provincia,Talara,TALARA,PROVINCIA TALARA,PROVINCIA TALARA,PIURA|TALARA,20,Piura,2007,Talara
2008,provincia,Sechura,SECHURA,PROVINCIA SECHURA,PROVINCIA SECHURA,PIURA|SECHURA,20,Piura,2008,Sechura
2101,provincia,Puno,PUNO,PROVINCIA PUNO,PROVINCIA PUNO,PUNO|PUNO,21,Puno,2101,Puno
2102,provincia,Azángaro,AZANGARO,PROVINCIA AZÁNGARO,PROVINCIA AZANGARO,PUNO|AZANGARO,21,Puno,2102,Azángaro
2103,provincia,Carabaya,CARABAYA,PROVINCIA CARABAYA,PROVINCIA CARABAYA,PUNO|CARABAYA,21,Puno,2103,Carabaya
2104,provincia,Chucuito,CHUCUITO,PROVINCIA CHUCUITO,PROVINCIA CHUCUITO,PUNO|CHUCUITO,21,Puno,2104,Chucuito
2105,provincia,El Collao,EL COLLAO,PROVINCIA EL COLLAO,PROVINCIA EL COLLAO,PUNO|EL COLLAO,21,Puno,2105,El Collao
2106,provincia,Huancané,HUANCANE,PROVINCIA HUANCANÉ,PROVINCIA HUANCANE,PUNO|HUANCANE,21,Puno,2106,Huancané
2107,provincia,Lampa,LAMPA,PROVINCIA LAMPA,PROVINCIA LAMPA,PUNO|LAMPA,21,Puno,2107,Lampa
2108,provincia,Melgar,MELGAR,PROVINCIA MELGAR,PROVINCIA MELGAR,PUNO|MELGAR,21,Puno,2108,Melgar
2109,provincia,Moho,MOHO,PROVINCIA MOHO,PROVINCIA MOHO,PUNO|MOHO,21,Puno,2109,Moho
2110,provincia,San Antonio de Putina,SAN ANTONIO DE PUTINA,PROVINCIA SAN ANTONIO DE PUTINA,PROVINCIA SAN ANTONIO DE PUTINA,PUNO|SAN ANTONIO DE PUTINA,21,Puno,2110,San Antonio de Putina
2111,provincia,San Román,SAN ROMAN,PROVINCIA SAN ROMÁN,PROVINCIA SAN ROMAN,PUNO|SAN ROMAN,21,Puno,2111,San Román
2112,provincia,Sandia,SANDIA,PROVINCIA SANDIA,PROVINCIA SANDIA,PUNO|SANDIA,21,Puno,2112,Sandia
2113,provincia,Yunguyo,YUNGUYO,PROVINCIA YUNGUYO,PROVINCIA YUNGUYO,PUNO|YUNGUYO,21,Puno,2113,Yunguyo
2201,provincia,Moyobamba,MOYOBAMBA,PROVINCIA MOYOBAMBA,PROVINCIA MOYOBAMBA,SAN MARTIN|MOYOBAMBA,22,San Martín,2201,Moyobamba
2202,provincia,Bellavista,BELLAVISTA,PROVINCIA BELLAVISTA,PROVINCIA BELLAVISTA,SAN MARTIN|BELLAVISTA,22,San Martín,2202,Bellavista
2203,provincia,El Dorado,EL DORADO,PROVINCIA EL DORADO,PROVINCIA EL DORADO,SAN MARTIN|EL DORADO,22,San Martín,2203,El Dorado
2204,provincia,Huallaga,HUALLAGA,PROVINCIA HUALLAGA,PROVINCIA HUALLAGA,SAN MARTIN|HUALLAGA,22,San Martín,2204,Huallaga
2205,provincia,Lamas,LAMAS,PROVINCIA LAMAS,PROVINCIA LAMAS,SAN MARTIN|LAMAS,22,San Martín,2205,Lamas
2206,provincia,Mariscal Cáceres,MARISCAL CACERES,PROVINCIA MARISCAL CÁCERES,PROVINCIA MARISCAL CACERES,SAN MARTIN|MARISCAL CACERES,22,San Martín,2206,Mariscal Cáceres
2207,provincia,Picota,PICOTA,PROVINCIA PICOTA,PROVINCIA PICOTA,SAN MARTIN|PICOTA,22,San Martín,2207,Picota
2208,provincia,Rioja,RIOJA,PROVINCIA RIOJA,PROVINCIA RIOJA,SAN MARTIN|RIOJA,22,San Martín,2208,Rioja
2209,provincia,San Martín,SAN MARTIN,PROVINCIA SAN MARTÍN,PROVINCIA SAN MARTIN,SAN MARTIN|SAN MARTIN,22,San Martín,2209,San Martín
2210,provincia,Tocache,TOCACHE,PROVINCIA TOCACHE,PROVINCIA TOCACHE,SAN MARTIN|TOCACHE,22,San Martín,2210,Tocache
2301,provincia,Tacna,TACNA,PROVINCIA TACNA,PROVINCIA TACNA,TACNA|TACNA,23,Tacna,2301,Tacna
2302,provincia,Candarave,CANDARAVE,PROVINCIA CANDARAVE,PROVINCIA CANDARAVE,TACNA|CANDARAVE,23,Tacna,2302,Candarave
2303,provincia,Jorge Basadre,JORGE BASADRE,PROVINCIA JORGE BASADRE,PROVINCIA JORGE BASADRE,TACNA|JORGE BASADRE,23,Tacna,2303,Jorge Basadre
2304,provincia,Tarata,TARATA,PROVINCIA TARATA,PROVINCIA TARATA,TACNA|TARATA,23,Tacna,2304,Tarata
2401,provincia,Tumbes,TUMBES,PROVINCIA TUMBES,PROVINCIA TUMBES,TUMBES|TUMBES,24,Tumbes,2401,Tumbes
2402,provincia,Contralmirante Villar,CONTRALMIRANTE VILLAR,PROVINCIA CONTRALMIRANTE VILLAR,PROVINCIA CONTRALMIRANTE VILLAR,TUMBES|CONTRALMIRANTE VILLAR,24,Tumbes,2402,Contralmirante Villar
2403,provincia,Zarumilla,ZARUMILLA,PROVINCIA ZARUMILLA,PROVINCIA ZARUMILLA,TUMBES|ZARUMILLA,24,Tumbes,2403,Zarumilla
2501,provincia,Coronel Portillo,CORONEL PORTILLO,PROVINCIA CORONEL PORTILLO,PROVINCIA CORONEL PORTILLO,UCAYALI|CORONEL PORTILLO,25,Ucayali,2501,Coronel Portillo
2502,provincia,Atalaya,ATALAYA,PROVINCIA ATALAYA,PROVINCIA ATALAYA,UCAYALI|ATALAYA,25,Ucayali,2502,Atalaya
2503,provincia,Padre Abad,PADRE ABAD,PROVINCIA PADRE ABAD,PROVINCIA PADRE ABAD,UCAYALI|PADRE ABAD,25,Ucayali,2503,Padre Abad
2504,provincia,Purús,PURUS,PROVINCIA PURÚS,PROVINCIA PURUS,UCAYALI|PURUS,25,Ucayali,2504,Purús
010101,distrito,Chachapoyas,CHACHAPOYAS,DISTRITO CHACHAPOYAS,DISTRITO CHACHAPOYAS,AMAZONAS|CHACHAPOYAS|CHACHAPOYAS,01,Amazonas,0101,Chachapoyas
010102,distrito,Asunción,ASUNCION,DISTRITO ASUNCIÓN,DISTRITO ASUNCION,AMAZONAS|CHACHAPOYAS|ASUNCION,01,Amazonas,0101,Chachapoyas
010103,distrito,Balsas,BALSAS,DISTRITO BALSAS,DISTRITO BALSAS,AMAZONAS|CHACHAPOYAS|BALSAS,01,Amazonas,0101,Chachapoyas
010104,distrito,Cheto,CHETO,DISTRITO CHETO,DISTRITO CHETO,AMAZONAS|CHACHAPOYAS|CHETO,01,Amazonas,0101,Chachapoyas
010105,distrito,Chiliquin,CHILIQUIN,DISTRITO CHILIQUIN,DISTRITO CHILIQUIN,AMAZONAS|CHACHAPOYAS|CHILIQUIN,01,Amazonas,0101,Chachapoyas
010106,distrito,Chuquibamba,CHUQUIBAMBA,DISTRITO CHUQUIBAMBA,DISTRITO CHUQUIBAMBA,AMAZONAS|CHACHAPOYAS|CHUQUIBAMBA,01,Amazonas,0101,Chachapoyas
010107,distrito,Granada,GRANADA,DISTRITO GRANADA,DISTRITO GRANADA,AMAZONAS|CHACHAPOYAS|GRANADA,01,Amazonas,0101,Chachapoyas
010108,distrito,Huancas,HUANCAS,DISTRITO HUANCAS,DISTRITO HUANCAS,AMAZONAS|CHACHAPOYAS|HUANCAS,01,Amazonas,0101,Chachapoyas
010109,distrito,La Jalca,LA JALCA,DISTRITO LA JALCA,DISTRITO LA JALCA,AMAZONAS|CHACHAPOYAS|LA JALCA,01,Amazonas,0101,Chachapoyas
010110,distrito,Leimebamba,LEIMEBAMBA,DISTRITO LEIMEBAMBA,DISTRITO LEIMEBAMBA,AMAZONAS|CHACHAPOYAS|LEIMEBAMBA,01,Amazonas,0101,Chachapoyas
010111,distrito,Levanto,LEVANTO,DISTRITO LEVANTO,DISTRITO LEVANTO,AMAZONAS|CHACHAPOYAS|LEVANTO,01,Amazonas,0101,Chachapoyas
010112,distrito,Magdalena,MAGDALENA,DISTRITO MAGDALENA,DISTRITO MAGDALENA,AMAZONAS|CHACHAPOYAS|MAGDALENA,01,Amazonas,0101,Chachapoyas
010113,distrito,Mariscal Castilla,MARISCAL CASTILLA,DISTRITO MARISCAL CASTILLA,DISTRITO MARISCAL CASTILLA,AMAZONAS|CHACHAPOYAS|MARISCAL CASTILLA,01,Amazonas,0101,Chachapoyas
010114,distrito,Molinopampa,MOLINOPAMPA,DISTRITO MOLINOPAMPA,DISTRITO MOLINOPAMPA,AMAZONAS|CHACHAPOYAS|MOLINOPAMPA,01,Amazonas,0101,Chachapoyas
010115,distrito,Montevideo,MONTEVIDEO,DISTRITO MONTEVIDEO,DISTRITO MONTEVIDEO,AMAZONAS|CHACHAPOYAS|MONTEVIDEO,01,Amazonas,0101,Chachapoyas
010116,distrito,Olleros,OLLEROS,DISTRITO OLLEROS,DISTRITO OLLEROS,AMAZONAS|CHACHAPOYAS|OLLEROS,01,Amazonas,0101,Chachapoyas
010117,distrito,Quinjalca,QUINJALCA,DISTRITO QUINJALCA,DISTRITO QUINJALCA,AMAZONAS|CHACHAPOYAS|QUINJALCA,01,Amazonas,0101,Chachapoyas
010118,distrito,San Francisco de Daguas,SAN FRANCISCO DE DAGUAS,DISTRITO SAN FRANCISCO DE DAGUAS,DISTRITO SAN FRANCISCO DE DAGUAS,AMAZONAS|CHACHAPOYAS|SAN FRANCISCO DE DAGUAS,01,Amazonas,0101,Chachapoyas
010119,distrito,San Isidro de Maino,SAN ISIDRO DE MAINO,DISTRITO SAN ISIDRO DE MAINO,DISTRITO SAN ISIDRO DE MAINO,AMAZONAS|CHACHAPOYAS|SAN ISIDRO DE MAINO,01,Amazonas,0101,Chachapoyas
010120,distrito,Soloco,SOLOCO,DISTRITO SOLOCO,DISTRITO SOLOCO,AMAZONAS|CHACHAPOYAS|SOLOCO,01,Amazonas,0101,Chachapoyas
010121,distrito,Sonche,SONCHE,DISTRITO SONCHE,DISTRITO SONCHE,AMAZONAS|CHACHAPOYAS|SONCHE,01,Amazonas,0101,Chachapoyas
010201,distrito,Bagua,BAGUA,DISTRITO BAGUA,DISTRITO BAGUA,AMAZONAS|BAGUA|BAGUA,01,Amazonas,0102,Bagua
010202,distrito,Aramango,ARAMANGO,DISTRITO ARAMANGO,DISTRITO ARAMANGO,AMAZONAS|BAGUA|ARAMANGO,01,Amazonas,0102,Bagua
010203,distrito,Copallin,COPALLIN,DISTRITO COPALLIN,DISTRITO COPALLIN,AMAZONAS|BAGUA|COPALLIN,01,Amazonas,0102,Bagua
010204,distrito,El Parco,EL PARCO,DISTRITO EL PARCO,DISTRITO EL PARCO,AMAZONAS|BAGUA|EL PARCO,01,Amazonas,0102,Bagua
010205,distrito,Imaza,IMAZA,DISTRITO IMAZA,DISTRITO IMAZA,AMAZONAS|BAGUA|IMAZA,01,Amazonas,0102,Bagua
010206,distrito,La Peca,LA PECA,DISTRITO LA PECA,DISTRITO LA PECA,AMAZONAS|BAGUA|LA PECA,01,Amazonas,0102,Bagua
010301,distrito,Jumbilla,JUMBILLA,DISTRITO JUMBILLA,DISTRITO JUMBILLA,AMAZONAS|BONGARA|JUMBILLA,01,Amazonas,0103,Bongará
010302,distrito,Chisquilla,CHISQUILLA,DISTRITO CHISQUILLA,DISTRITO CHISQUILLA,AMAZONAS|BONGARA|CHISQUILLA,01,Amazonas,0103,Bongará
010303,distrito,Churuja,CHURUJA,DISTRITO CHURUJA,DISTRITO CHURUJA,AMAZONAS|BONGARA|CHURUJA,01,Amazonas,0103,Bongará
010304,distrito,Corosha,COROSHA,DISTRITO COROSHA,DISTRITO COROSHA,AMAZONAS|BONGARA|COROSHA,01,Amazonas,0103,Bongará
010305,distrito,Cuispes,CUISPES,DISTRITO CUISPES,DISTRITO CUISPES,AMAZONAS|BONGARA|CUISPES,01,Amazonas,0103,Bongará
010306,distrito,Florida,FLORIDA,DISTRITO FLORIDA,DISTRITO FLORIDA,AMAZONAS|BONGARA|FLORIDA,01,Amazonas,0103,Bongará
010307,distrito,Jazan,JAZAN,DISTRITO JAZAN,DISTRITO JAZAN,AMAZONAS|BONGARA|JAZAN,01,Amazonas,0103,Bongará
010308,distrito,Recta,RECTA,DISTRITO RECTA,DISTRITO RECTA,AMAZONAS|BONGARA|RECTA,01,Amazonas,0103,Bongará
010309,distrito,San Carlos,SAN CARLOS,DISTRITO SAN CARLOS,DISTRITO SAN CARLOS,AMAZONAS|BONGARA|SAN CARLOS,01,Amazonas,0103,Bongará
010310,distrito,Shipasbamba,SHIPASBAMBA,DISTRITO SHIPASBAMBA,DISTRITO SHIPASBAMBA,AMAZONAS|BONGARA|SHIPASBAMBA,01,Amazonas,0103,Bongará
010311,distrito,Valera,VALERA,DISTRITO VALERA,DISTRITO VALERA,AMAZONAS|BONGARA|VALERA,01,Amazonas,0103,Bongará
010312,distrito,Yambrasbamba,YAMBRASBAMBA,DISTRITO YAMBRASBAMBA,DISTRITO YAMBRASBAMBA,AMAZONAS|BONGARA|YAMBRASBAMBA,01,Amazonas,0103,Bongará
010401,distrito,Nieva,NIEVA,DISTRITO NIEVA,DISTRITO NIEVA,AMAZONAS|CONDORCANQUI|NIEVA,01,Amazonas,0104,Condorcanqui
010402,distrito,El Cenepa,EL CENEPA,DISTRITO EL CENEPA,DISTRITO EL CENEPA,AMAZONAS|CONDORCANQUI|EL CENEPA,01,Amazonas,0104,Condorcanqui
010403,distrito,Río Santiago,RIO SANTIAGO,DISTRITO RÍO SANTIAGO,DISTRITO RIO SANTIAGO,AMAZONAS|CONDORCANQUI|RIO SANTIAGO,01,Amazonas,0104,Condorcanqui
010501,distrito,Lamud,LAMUD,DISTRITO LAMUD,DISTRITO LAMUD,AMAZONAS|LUYA|LAMUD,01,Amazonas,0105,Luya
010502,distrito,Camporredondo,CAMPORREDONDO,DISTRITO CAMPORREDONDO,DISTRITO CAMPORREDONDO,AMAZONAS|LUYA|CAMPORREDONDO,01,Amazonas,0105,Luya
010503,distrito,Cocabamba,COCABAMBA,DISTRITO COCABAMBA,DISTRITO COCABAMBA,AMAZONAS|LUYA|COCABAMBA,01,Amazonas,0105,Luya
010504,distrito,Colcamar,COLCAMAR,DISTRITO COLCAMAR,DISTRITO COLCAMAR,AMAZONAS|LUYA|COLCAMAR,01,Amazonas,0105,Luya
010505,distrito,Conila,CONILA,DISTRITO CONILA,DISTRITO CONILA,AMAZONAS|LUYA|CONILA,01,Amazonas,0105,Luya
010506,distrito,Inguilpata,INGUILPATA,DISTRITO INGUILPATA,DISTRITO INGUILPATA,AMAZONAS|LUYA|INGUILPATA,01,Amazonas,0105,Luya
010507,distrito,Longuita,LONGUITA,DISTRITO LONGUITA,DISTRITO LONGUITA,AMAZONAS|LUYA|LONGUITA,01,Amazonas,0105,Luya
010508,distrito,Lonya Chico,LONYA CHICO,DISTRITO LONYA CHICO,DISTRITO LONYA CHICO,AMAZONAS|LUYA|LONYA CHICO,01,Amazonas,0105,Luya
010509,distrito,Luya,LUYA,DISTRITO LUYA,DISTRITO LUYA,AMAZONAS|LUYA|LUYA,01,Amazonas,0105,Luya
010510,distrito,Luya Viejo,LUYA VIEJO,DISTRITO LUYA VIEJO,DISTRITO LUYA VIEJO,AMAZONAS|LUYA|LUYA VIEJO,01,Amazonas,0105,Luya
010511,distrito,María,MARIA,DISTRITO MARÍA,DISTRITO MARIA,AMAZONAS|LUYA|MARIA,01,Amazonas,0105,Luya
010512,distrito,Ocalli,OCALLI,DISTRITO OCALLI,DISTRITO OCALLI,AMAZONAS|LUYA|OCALLI,01,Amazonas,0105,Luya
010513,distrito,Ocumal,OCUMAL,DISTRITO OCUMAL,DISTRITO OCUMAL,AMAZONAS|LUYA|OCUMAL,01,Amazonas,0105,Luya
010514,distrito,Pisuquia,PISUQUIA,DISTRITO PISUQUIA,DISTRITO PISUQUIA,AMAZONAS|LUYA|PISUQUIA,01,Amazonas,0105,Luya
010515,distrito,Providencia,PROVIDENCIA,DISTRITO PROVIDENCIA,DISTRITO PROVIDENCIA,AMAZONAS|LUYA|PROVIDENCIA,01,Amazonas,0105,Luya
010516,distrito,San Cristóbal,SAN CRISTOBAL,DISTRITO SAN CRISTÓBAL,DISTRITO SAN CRISTOBAL,AMAZONAS|LUYA|SAN CRISTOBAL,01,Amazonas,0105,Luya
010517,distrito,San Francisco de Yeso,SAN FRANCISCO DE YESO,DISTRITO SAN FRANCISCO DE YESO,DISTRITO SAN FRANCISCO DE YESO,AMAZONAS|LUYA|SAN FRANCISCO DE YESO,01,Amazonas,0105,Luya
010518,distrito,San Jerónimo,SAN JERONIMO,DISTRITO SAN JERÓNIMO,DISTRITO SAN JERONIMO,AMAZONAS|LUYA|SAN JERONIMO,01,Amazonas,0105,Luya
010519,distrito,San Juan de Lopecancha,SAN JUAN DE LOPECANCHA,DISTRITO SAN JUAN DE LOPECANCHA,DISTRITO SAN JUAN DE LOPECANCHA,AMAZONAS|LUYA|SAN JUAN DE LOPECANCHA,01,Amazonas,0105,Luya
010520,distrito,Santa Catalina,SANTA CATALINA,DISTRITO SANTA CATALINA,DISTRITO SANTA CATALINA,AMAZONAS|LUYA|SANTA CATALINA,01,Amazonas,0105,Luya
010521,distrito,Santo Tomas,SANTO TOMAS,DISTRITO SANTO TOMAS,DISTRITO SANTO TOMAS,AMAZONAS|LUYA|SANTO TOMAS,01,Amazonas,0105,Luya
010522,distrito,Tingo,TINGO,DISTRITO TINGO,DISTRITO TINGO,AMAZONAS|LUYA|TINGO,01,Amazonas,0105,Luya
010523,distrito,Trita,TRITA,DISTRITO TRITA,DISTRITO TRITA,AMAZONAS|LUYA|TRITA,01,Amazonas,0105,Luya
010601,distrito,San Nicolás,SAN NICOLAS,DISTRITO SAN NICOLÁS,DISTRITO SAN NICOLAS,AMAZONAS|RODRIGUEZ DE MENDOZA|SAN NICOLAS,01,Amazonas,0106,Rodríguez de Mendoza
010602,distrito,Chirimoto,CHIRIMOTO,DISTRITO CHIRIMOTO,DISTRITO CHIRIMOTO,AMAZONAS|RODRIGUEZ DE MENDOZA|CHIRIMOTO,01,Amazonas,0106,Rodríguez de Mendoza
010603,distrito,Cochamal,COCHAMAL,DISTRITO COCHAMAL,DISTRITO COCHAMAL,AMAZONAS|RODRIGUEZ DE MENDOZA|COCHAMAL,01,Amazonas,0106,Rodríguez de Mendoza
010604,distrito,Huambo,HUAMBO,DISTRITO HUAMBO,DISTRITO HUAMBO,AMAZONAS|RODRIGUEZ DE MENDOZA|HUAMBO,01,Amazonas,0106,Rodríguez de Mendoza
010605,distrito,Limabamba,LIMABAMBA,DISTRITO LIMABAMBA,DISTRITO LIMABAMBA,AMAZONAS|RODRIGUEZ DE MENDOZA|LIMABAMBA,01,Amazonas,0106,Rodríguez de Mendoza
010606,distrito,Longar,LONGAR,DISTRITO LONGAR,DISTRITO LONGAR,AMAZONAS|RODRIGUEZ DE MENDOZA|LONGAR,01,Amazonas,0106,Rodríguez de Mendoza
010607,distrito,Mariscal Benavides,MARISCAL BENAVIDES,DISTRITO MARISCAL BENAVIDES,DISTRITO MARISCAL BENAVIDES,AMAZONAS|RODRIGUEZ DE MENDOZA|MARISCAL BENAVIDES,01,Amazonas,0106,Rodríguez de Mendoza
010608,distrito,Milpuc,MILPUC,DISTRITO MILPUC,DISTRITO MILPUC,AMAZONAS|RODRIGUEZ DE MENDOZA|MILPUC,01,Amazonas,0106,Rodríguez de Mendoza
010609,distrito,Omia,OMIA,DISTRITO OMIA,DISTRITO OMIA,AMAZONAS|RODRIGUEZ DE MENDOZA|OMIA,01,Amazonas,0106,Rodríguez de Mendoza
010610,distrito,Santa Rosa,SANTA ROSA,DISTRITO SANTA ROSA,DISTRITO SANTA ROSA,AMAZONAS|RODRIGUEZ DE MENDOZA|SANTA ROSA,01,Amazonas,0106,Rodríguez de Mendoza
010611,distrito,Totora,TOTORA,DISTRITO TOTORA,DISTRITO TOTORA,AMAZONAS|RODRIGUEZ DE MENDOZA|TOTORA,01,Amazonas,0106,Rodríguez de Mendoza
010612,distrito,Vista Alegre,VISTA ALEGRE,DISTRITO VISTA ALEGRE,DISTRITO VISTA ALEGRE,AMAZONAS|RODRIGUEZ DE MENDOZA|VISTA ALEGRE,01,Amazonas,0106,Rodríguez de Mendoza
010701,distrito,Bagua Grande,BAGUA GRANDE,DISTRITO BAGUA GRANDE,DISTRITO BAGUA GRANDE,AMAZONAS|UTCUBAMBA|BAGUA GRANDE,01,Amazonas,0107,Utcubamba
010702,distrito,Cajaruro,CAJARURO,DISTRITO CAJARURO,DISTRITO CAJARURO,AMAZONAS|UTCUBAMBA|CAJARURO,01,Amazonas,0107,Utcubamba
010703,distrito,Cumba,CUMBA,DISTRITO CUMBA,DISTRITO CUMBA,AMAZONAS|UTCUBAMBA|CUMBA,01,Amazonas,0107,Utcubamba
010704,distrito,El Milagro,EL MILAGRO,DISTRITO EL MILAGRO,DISTRITO EL MILAGRO,AMAZONAS|UTCUBAMBA|EL MILAGRO,01,Amazonas,0107,Utcubamba
010705,distrito,Jamalca,JAMALCA,DISTRITO JAMALCA,DISTRITO JAMALCA,AMAZONAS|UTCUBAMBA|JAMALCA,01,Amazonas,0107,Utcubamba
010706,distrito,Lonya Grande,LONYA GRANDE,DISTRITO LONYA GRANDE,DISTRITO LONYA GRANDE,AMAZONAS|UTCUBAMBA|LONYA GRANDE,01,Amazonas,0107,Utcubamba
010707,distrito,Yamon,YAMON,DISTRITO YAMON,DISTRITO YAMON,AMAZONAS|UTCUBAMBA|YAMON,01,Amazonas,0107,Utcubamba
020101,distrito,Huaraz,HUARAZ,DISTRITO HUARAZ,DISTRITO HUARAZ,ANCASH|HUARAZ|HUARAZ,02,Áncash,0201,Huaraz
020102,distrito,Cochabamba,COCHABAMBA,DISTRITO COCHABAMBA,DISTRITO COCHABAMBA,ANCASH|HUARAZ|COCHABAMBA,02,Áncash,0201,Huaraz
020103,distrito,Colcabamba,COLCABAMBA,DISTRITO COLCABAMBA,DISTRITO COLCABAMBA,ANCASH|HUARAZ|COLCABAMBA,02,Áncash,0201,Huaraz
020104,distrito,Huanchay,HUANCHAY,DISTRITO HUANCHAY,DISTRITO HUANCHAY,ANCASH|HUARAZ|HUANCHAY,02,Áncash,0201,Huaraz
020105,distrito,Independencia,INDEPENDENCIA,DISTRITO INDEPENDENCIA,DISTRITO INDEPENDENCIA,ANCASH|HUARAZ|INDEPENDENCIA,02,Áncash,0201,Huaraz
020106,distrito,Jangas,JANGAS,DISTRITO JANGAS,DISTRITO JANGAS,ANCASH|HUARAZ|JANGAS,02,Áncash,0201,Huaraz
020107,distrito,La Libertad,LA LIBERTAD,DISTRITO LA LIBERTAD,DISTRITO LA LIBERTAD,ANCASH|HUARAZ|LA LIBERTAD,02,Áncash,0201,Huaraz
020108,distrito,Olleros,OLLEROS,DISTRITO OLLEROS,DISTRITO OLLEROS,ANCASH|HUARAZ|OLLEROS,02,Áncash,0201,Huaraz
020109,distrito,Pampas Grande,PAMPAS GRANDE,DISTRITO PAMPAS GRANDE,DISTRITO PAMPAS GRANDE,ANCASH|HUARAZ|PAMPAS GRANDE,02,Áncash,0201,Huaraz
020110,distrito,Pariacoto,PARIACOTO,DISTRITO PARIACOTO,DISTRITO PARIACOTO,ANCASH|HUARAZ|PARIACOTO,02,Áncash,0201,Huaraz
020111,distrito,Pira,PIRA,DISTRITO PIRA,DISTRITO PIRA,ANCASH|HUARAZ|PIRA,02,Áncash,0201,Huaraz
020112,distrito,Tarica,TARICA,DISTRITO TARICA,DISTRITO TARICA,ANCASH|HUARAZ|TARICA,02,Áncash,0201,Huaraz
020201,distrito,Aija,AIJA,DISTRITO AIJA,DISTRITO AIJA,ANCASH|AIJA|AIJA,02,Áncash,0202,Aija
020202,distrito,Coris,CORIS,DISTRITO CORIS,DISTRITO CORIS,ANCASH|AIJA|CORIS,02,Áncash,0202,Aija
020203,distrito,Huacllan,HUACLLAN,DISTRITO HUACLLAN,DISTRITO HUACLLAN,ANCASH|AIJA|HUACLLAN,02,Áncash,0202,Aija
020204,distrito,La Merced,LA MERCED,DISTRITO LA MERCED,DISTRITO LA MERCED,ANCASH|AIJA|LA MERCED,02,Áncash,0202,Aija
020205,distrito,Succha,SUCCHA,DISTRITO SUCCHA,DISTRITO SUCCHA,ANCASH|AIJA|SUCCHA,02,Áncash,0202,Aija
020301,distrito,Llamellin,LLAMELLIN,DISTRITO LLAMELLIN,DISTRITO LLAMELLIN,ANCASH|ANTONIO RAYMONDI|LLAMELLIN,02,Áncash,0203,Antonio Raymondi
020302,distrito,Aczo,ACZO,DISTRITO ACZO,DISTRITO ACZO,ANCASH|ANTONIO RAYMONDI|ACZO,02,Áncash,0203,Antonio Raymondi
020303,distrito,Chaccho,CHACCHO,DISTRITO CHACCHO,DISTRITO CHACCHO,ANCASH|ANTONIO RAYMONDI|CHACCHO,02,Áncash,0203,Antonio Raymondi
020304,distrito,Chingas,CHINGAS,DISTRITO CHINGAS,DISTRITO CHINGAS,ANCASH|ANTONIO RAYMONDI|CHINGAS,02,Áncash,0203,Antonio Raymondi
020305,distrito,Mirgas,MIRGAS,DISTRITO MIRGAS,DISTRITO MIRGAS,ANCASH|ANTONIO RAYMONDI|MIRGAS,02,Áncash,0203,Antonio Raymondi
020306,distrito,San Juan de Rontoy,SAN JUAN DE RONTOY,DISTRITO SAN JUAN DE RONTOY,DISTRITO SAN JUAN DE RONTOY,ANCASH|ANTONIO RAYMONDI|SAN JUAN DE RONTOY,02,Áncash,0203,Antonio Raymondi
020401,distrito,Chacas,CHACAS,DISTRITO CHACAS,DISTRITO CHACAS,ANCASH|ASUNCION|CHACAS,02,Áncash,0204,Asunción
020402,distrito,Acochaca,ACOCHACA,DISTRITO ACOCHACA,DISTRITO ACOCHACA,ANCASH|ASUNCION|ACOCHACA,02,Áncash,0204,Asunción
020501,distrito,Chiquian,CHIQUIAN,DISTRITO CHIQUIAN,DISTRITO CHIQUIAN,ANCASH|BOLOGNESI|CHIQUIAN,02,Áncash,0205,Bolognesi
020502,distrito,Abelardo Pardo Lezameta,ABELARDO PARDO LEZAMETA,DISTRITO ABELARDO PARDO LEZAMETA,DISTRITO ABELARDO PARDO LEZAMETA,ANCASH|BOLOGNESI|ABELARDO PARDO LEZAMETA,02,Áncash,0205,Bolognesi
020503,distrito,Antonio Raymondi,ANTONIO RAYMONDI,DISTRITO ANTONIO RAYMONDI,DISTRITO ANTONIO RAYMONDI,ANCASH|BOLOGNESI|ANTONIO RAYMONDI,02,Áncash,0205,Bolognesi
020504,distrito,Aquia,AQUIA,DISTRITO AQUIA,DISTRITO AQUIA,ANCASH|BOLOGNESI|AQUIA,02,Áncash,0205,Bolognesi
020505,distrito,Cajacay,CAJACAY,DISTRITO CAJACAY,DISTRITO CAJACAY,ANCASH|BOLOGNESI|CAJACAY,02,Áncash,0205,Bolognesi
020506,distrito,Canis,CANIS,DISTRITO CANIS,DISTRITO CANIS,ANCASH|BOLOGNESI|CANIS,02,Áncash,0205,Bolognesi
020507,distrito,Colquioc,COLQUIOC,DISTRITO COLQUIOC,DISTRITO COLQUIOC,ANCASH|BOLOGNESI|COLQUIOC,02,Áncash,0205,Bolognesi
020508,distrito,Huallanca,HUALLANCA,DISTRITO HUALLANCA,DISTRITO HUALLANCA,ANCASH|BOLOGNESI|HUALLANCA,02,Áncash,0205,Bolognesi
020509,distrito,Huasta,HUASTA,DISTRITO HUASTA,DISTRITO HUASTA,ANCASH|BOLOGNESI|HUASTA,02,Áncash,0205,Bolognesi
020510,distrito,Huayllacayan,HUAYLLACAYAN,DISTRITO HUAYLLACAYAN,DISTRITO HUAYLLACAYAN,ANCASH|BOLOGNESI|HUAYLLACAYAN,02,Áncash,0205,Bolognesi
020511,distrito,La Primavera,LA PRIMAVERA,DISTRITO LA PRIMAVERA,DISTRITO LA PRIMAVERA,ANCASH|BOLOGNESI|LA PRIMAVERA,02,Áncash,0205,Bolognesi
020512,distrito,Mangas,MANGAS,DISTRITO MANGAS,DISTRITO MANGAS,ANCASH|BOLOGNESI|MANGAS,02,Áncash,0205,Bolognesi
020513,distrito,Pacllon,PACLLON,DISTRITO PACLLON,DISTRITO PACLLON,ANCASH|BOLOGNESI|PACLLON,02,Áncash,0205,Bolognesi
020514,distrito,San Miguel de Corpanqui,SAN MIGUEL DE CORPANQUI,DISTRITO SAN MIGUEL DE CORPANQUI,DISTRITO SAN MIGUEL DE CORPANQUI,ANCASH|BOLOGNESI|SAN MIGUEL DE CORPANQUI,02,Áncash,0205,Bolognesi
020515,distrito,Ticllos,TICLLOS,DISTRITO TICLLOS,DISTRITO TICLLOS,ANCASH|BOLOGNESI|TICLLOS,02,Áncash,0205,Bolognesi
020601,distrito,Carhuaz,CARHUAZ,DISTRITO CARHUAZ,DISTRITO CARHUAZ,ANCASH|CARHUAZ|CARHUAZ,02,Áncash,0206,Carhuaz
020602,distrito,Acopampa,ACOPAMPA,DISTRITO ACOPAMPA,DISTRITO ACOPAMPA,ANCASH|CARHUAZ|ACOPAMPA,02,Áncash,0206,Carhuaz
020603,distrito,Amashca,AMASHCA,DISTRITO AMASHCA,DISTRITO AMASHCA,ANCASH|CARHUAZ|AMASHCA,02,Áncash,0206,Carhuaz
020604,distrito,Anta,ANTA,DISTRITO ANTA,DISTRITO ANTA,ANCASH|CARHUAZ|ANTA,02,Áncash,0206,Carhuaz
020605,distrito,Ataquero,ATAQUERO,DISTRITO ATAQUERO,DISTRITO ATAQUERO,ANCASH|CARHUAZ|ATAQUERO,02,Áncash,0206,Carhuaz
020606,distrito,Marcara,MARCARA,DISTRITO MARCARA,DISTRITO MARCARA,ANCASH|CARHUAZ|MARCARA,02,Áncash,0206,Carhuaz
020607,distrito,Pariahuanca,PARIAHUANCA,DISTRITO PARIAHUANCA,DISTRITO PARIAHUANCA,ANCASH|CARHUAZ|PARIAHUANCA,02,Áncash,0206,Carhuaz
020608,distrito,San Miguel de Aco,SAN MIGUEL DE ACO,DISTRITO SAN MIGUEL DE ACO,DISTRITO SAN MIGUEL DE ACO,ANCASH|CARHUAZ|SAN MIGUEL DE ACO,02,Áncash,0206,Carhuaz
020609,distrito,Shilla,SHILLA,DISTRITO SHILLA,DISTRITO SHILLA,ANCASH|CARHUAZ|SHILLA,02,Áncash,0206,Carhuaz
020610,distrito,Tinco,TINCO,DISTRITO TINCO,DISTRITO TINCO,ANCASH|CARHUAZ|TINCO,02,Áncash,0206,Carhuaz
020611,distrito,Yungar,YUNGAR,DISTRITO YUNGAR,DISTRITO YUNGAR,ANCASH|CARHUAZ|YUNGAR,02,Áncash,0206,Carhuaz
020701,distrito,San Luis,SAN LUIS,DISTRITO SAN LUIS,DISTRITO SAN LUIS,ANCASH|CARLOS FERMIN FITZCARRALD|SAN LUIS,02,Áncash,0207,Carlos Fermín Fitzcarrald
020702,distrito,San Nicolás,SAN NICOLAS,DISTRITO SAN NICOLÁS,DISTRITO SAN NICOLAS,ANCASH|CARLOS FERMIN FITZCARRALD|SAN NICOLAS,02,Áncash,0207,Carlos Fermín Fitzcarrald
020703,distrito,Yauya,YAUYA,DISTRITO YAUYA,DISTRITO YAUYA,ANCASH|CARLOS FERMIN FITZCARRALD|YAUYA,02,Áncash,0207,Carlos Fermín Fitzcarrald
020801,distrito,Casma,CASMA,DISTRITO CASMA,DISTRITO CASMA,ANCASH|CASMA|CASMA,02,Áncash,0208,Casma
020802,distrito,Buena Vista Alta,BUENA VISTA ALTA,DISTRITO BUENA VISTA ALTA,DISTRITO BUENA VISTA ALTA,ANCASH|CASMA|BUENA VISTA ALTA,02,Áncash,0208,Casma
020803,distrito,Comandante Noel,COMANDANTE NOEL,DISTRITO COMANDANTE NOEL,DISTRITO COMANDANTE NOEL,ANCASH|CASMA|COMANDANTE NOEL,02,Áncash,0208,Casma
020804,distrito,Yautan,YAUTAN,DISTRITO YAUTAN,DISTRITO YAUTAN,ANCASH|CASMA|YAUTAN,02,Áncash,0208,Casma
020901,distrito,Corongo,CORONGO,DISTRITO CORONGO,DISTRITO CORONGO,ANCASH|CORONGO|CORONGO,02,Áncash,0209,Corongo
020902,distrito,Aco,ACO,DISTRITO ACO,DISTRITO ACO,ANCASH|CORONGO|ACO,02,Áncash,0209,Corongo
020903,distrito,Bambas,BAMBAS,DISTRITO BAMBAS,DISTRITO BAMBAS,ANCASH|CORONGO|BAMBAS,02,Áncash,0209,Corongo
020904,distrito,Cusca,CUSCA,DISTRITO CUSCA,DISTRITO CUSCA,ANCASH|CORONGO|CUSCA,02,Áncash,0209,Corongo
020905,distrito,La Pampa,LA PAMPA,DISTRITO LA PAMPA,DISTRITO LA PAMPA,ANCASH|CORONGO|LA PAMPA,02,Áncash,0209,Corongo
020906,distrito,Yanac,YANAC,DISTRITO YANAC,DISTRITO YANAC,ANCASH|CORONGO|YANAC,02,Áncash,0209,Corongo
020907,distrito,Yupan,YUPAN,DISTRITO YUPAN,DISTRITO YUPAN,ANCASH|CORONGO|YUPAN,02,Áncash,0209,Corongo
021001,distrito,Huari,HUARI,DISTRITO HUARI,DISTRITO HUARI,ANCASH|HUARI|HUARI,02,Áncash,0210,Huari
021002,distrito,Anra,ANRA,DISTRITO ANRA,DISTRITO ANRA,ANCASH|HUARI|ANRA,02,Áncash,0210,Huari
021003,distrito,Cajay,CAJAY,DISTRITO CAJAY,DISTRITO CAJAY,ANCASH|HUARI|CAJAY,02,Áncash,0210,Huari
021004,distrito,Chavin de Huantar,CHAVIN DE HUANTAR,DISTRITO CHAVIN DE HUANTAR,DISTRITO CHAVIN DE HUANTAR,ANCASH|HUARI|CHAVIN DE HUANTAR,02,Áncash,0210,Huari
021005,distrito,Huacachi,HUACACHI,DISTRITO HUACACHI,DISTRITO HUACACHI,ANCASH|HUARI|HUACACHI,02,Áncash,0210,Huari
021006,distrito,Huacchis,HUACCHIS,DISTRITO HUACCHIS,DISTRITO HUACCHIS,ANCASH|HUARI|HUACCHIS,02,Áncash,0210,Huari
021007,distrito,Huachis,HUACHIS,DISTRITO HUACHIS,DISTRITO HUACHIS,ANCASH|HUARI|HUACHIS,02,Áncash,0210,Huari
021008,distrito,Huantar,HUANTAR,DISTRITO HUANTAR,DISTRITO HUANTAR,ANCASH|HUARI|HUANTAR,02,Áncash,0210,Huari
021009,distrito,Masin,MASIN,DISTRITO MASIN,DISTRITO MASIN,ANCASH|HUARI|MASIN,02,Áncash,0210,Huari
021010,distrito,Paucas,PAUCAS,DISTRITO PAUCAS,DISTRITO PAUCAS,ANCASH|HUARI|PAUCAS,02,Áncash,0210,Huari
021011,distrito,Ponto,PONTO,DISTRITO PONTO,DISTRITO PONTO,ANCASH|HUARI|PONTO,02,Áncash,0210,Huari
021012,distrito,Rahuapampa,RAHUAPAMPA,DISTRITO RAHUAPAMPA,DISTRITO RAHUAPAMPA,ANCASH|HUARI|RAHUAPAMPA,02,Áncash,0210,Huari
021013,distrito,Rapayan,RAPAYAN,DISTRITO RAPAYAN,DISTRITO RAPAYAN,ANCASH|HUARI|RAPAYAN,02,Áncash,0210,Huari
021014,distrito,San Marcos,SAN MARCOS,DISTRITO SAN MARCOS,DISTRITO SAN MARCOS,ANCASH|HUARI|SAN MARCOS,02,Áncash,0210,Huari
021015,distrito,San Pedro de Chana,SAN PEDRO DE CHANA,DISTRITO SAN PEDRO DE CHANA,DISTRITO SAN PEDRO DE CHANA,ANCASH|HUARI|SAN PEDRO DE CHANA,02,Áncash,0210,Huari
021016,distrito,Uco,UCO,DISTRITO UCO,DISTRITO UCO,ANCASH|HUARI|UCO,02,Áncash,0210,Huari
021101,distrito,Huarmey,HUARMEY,DISTRITO HUARMEY,DISTRITO HUARMEY,ANCASH|HUARMEY|HUARMEY,02,Áncash,0211,Huarmey
021102,distrito,Cochapeti,COCHAPETI,DISTRITO COCHAPETI,DISTRITO COCHAPETI,ANCASH|HUARMEY|COCHAPETI,02,Áncash,0211,Huarmey
021103,distrito,Culebras,CULEBRAS,DISTRITO CULEBRAS,DISTRITO CULEBRAS,ANCASH|HUARMEY|CULEBRAS,02,Áncash,0211,Huarmey
021104,distrito,Huayan,HUAYAN,DISTRITO HUAYAN,DISTRITO HUAYAN,ANCASH|HUARMEY|HUAYAN,02,Áncash,0211,Huarmey
021105,distrito,Malvas,MALVAS,DISTRITO MALVAS,DISTRITO MALVAS,ANCASH|HUARMEY|MALVAS,02,Áncash,0211,Huarmey
021201,distrito,Caraz,CARAZ,DISTRITO CARAZ,DISTRITO CARAZ,ANCASH|HUAYLAS|CARAZ,02,Áncash,0212,Huaylas
021202,distrito,Huallanca,HUALLANCA,DISTRITO HUALLANCA,DISTRITO HUALLANCA,ANCASH|HUAYLAS|HUALLANCA,02,Áncash,0212,Huaylas
021203,distrito,Huata,HUATA,DISTRITO HUATA,DISTRITO HUATA,ANCASH|HUAYLAS|HUATA,02,Áncash,0212,Huaylas
021204,distrito,Huaylas,HUAYLAS,DISTRITO HUAYLAS,DISTRITO HUAYLAS,ANCASH|HUAYLAS|HUAYLAS,02,Áncash,0212,Huaylas
021205,distrito,Mato,MATO,DISTRITO MATO,DISTRITO MATO,ANCASH|HUAYLAS|MATO,02,Áncash,0212,Huaylas
021206,distrito,Pamparomas,PAMPAROMAS,DISTRITO PAMPAROMAS,DISTRITO PAMPAROMAS,ANCASH|HUAYLAS|PAMPAROMAS,02,Áncash,0212,Huaylas
021207,distrito,Pueblo Libre,PUEBLO LIBRE,DISTRITO PUEBLO LIBRE,DISTRITO PUEBLO LIBRE,ANCASH|HUAYLAS|PUEBLO LIBRE,02,Áncash,0212,Huaylas
021208,distrito,Santa Cruz,SANTA CRUZ,DISTRITO SANTA CRUZ,DISTRITO SANTA CRUZ,ANCASH|HUAYLAS|SANTA CRUZ,02,Áncash,0212,Huaylas
021209,distrito,Santo Toribio,SANTO TORIBIO,DISTRITO SANTO TORIBIO,DISTRITO SANTO TORIBIO,ANCASH|HUAYLAS|SANTO TORIBIO,02,Áncash,0212,Huaylas
021210,distrito,Yuracmarca,YURACMARCA,DISTRITO YURACMARCA,DISTRITO YURACMARCA,ANCASH|HUAYLAS|YURACMARCA,02,Áncash,0212,Huaylas
021301,distrito,Piscobamba,PISCOBAMBA,DISTRITO PISCOBAMBA,DISTRITO PISCOBAMBA,ANCASH|MARISCAL LUZURIAGA|PISCOBAMBA,02,Áncash,0213,Mariscal Luzuriaga
021302,distrito,Casca,CASCA,DISTRITO CASCA,DISTRITO CASCA,ANCASH|MARISCAL LUZURIAGA|CASCA,02,Áncash,0213,Mariscal Luzuriaga
021303,distrito,Eleazar Guzmán Barron,ELEAZAR GUZMAN BARRON,DISTRITO ELEAZAR GUZMÁN BARRON,DISTRITO ELEAZAR GUZMAN BARRON,ANCASH|MARISCAL LUZURIAGA|ELEAZAR GUZMAN BARRON,02,Áncash,0213,Mariscal Luzuriaga
021304,distrito,Fidel Olivas Escudero,FIDEL OLIVAS ESCUDERO,DISTRITO FIDEL OLIVAS ESCUDERO,DISTRITO FIDEL OLIVAS ESCUDERO,ANCASH|MARISCAL LUZURIAGA|FIDEL OLIVAS ESCUDERO,02,Áncash,0213,Mariscal Luzuriaga
021305,distrito,Llama,LLAMA,DISTRITO LLAMA,DISTRITO LLAMA,ANCASH|MARISCAL LUZURIAGA|LLAMA,02,Áncash,0213,Mariscal Luzuriaga
021306,distrito,Llumpa,LLUMPA,DISTRITO LLUMPA,DISTRITO LLUMPA,ANCASH|MARISCAL LUZURIAGA|LLUMPA,02,Áncash,0213,Mariscal Luzuriaga
021307,distrito,Lucma,LUCMA,DISTRITO LUCMA,DISTRITO LUCMA,ANCASH|MARISCAL LUZURIAGA|LUCMA,02,Áncash,0213,Mariscal Luzuriaga
021308,distrito,Musga,MUSGA,DISTRITO MUSGA,DISTRITO MUSGA,ANCASH|MARISCAL LUZURIAGA|MUSGA,02,Áncash,0213,Mariscal Luzuriaga
021401,distrito,Ocros,OCROS,DISTRITO OCROS,DISTRITO OCROS,ANCASH|OCROS|OCROS,02,Áncash,0214,Ocros
021402,distrito,Acas,ACAS,DISTRITO ACAS,DISTRITO ACAS,ANCASH|OCROS|ACAS,02,Áncash,0214,Ocros
021403,distrito,Cajamarquilla,CAJAMARQUILLA,DISTRITO CAJAMARQUILLA,DISTRITO CAJAMARQUILLA,ANCASH|OCROS|CAJAMARQUILLA,02,Áncash,0214,Ocros
021404,distrito,Carhuapampa,CARHUAPAMPA,DISTRITO CARHUAPAMPA,DISTRITO CARHUAPAMPA,ANCASH|OCROS|CARHUAPAMPA,02,Áncash,0214,Ocros
021405,distrito,Cochas,COCHAS,DISTRITO COCHAS,DISTRITO COCHAS,ANCASH|OCROS|COCHAS,02,Áncash,0214,Ocros
021406,distrito,Congas,CONGAS,DISTRITO CONGAS,DISTRITO CONGAS,ANCASH|OCROS|CONGAS,02,Áncash,0214,Ocros
021407,distrito,Llipa,LLIPA,DISTRITO LLIPA,DISTRITO LLIPA,ANCASH|OCROS|LLIPA,02,Áncash,0214,Ocros
021408,distrito,San Cristóbal de Rajan,SAN CRISTOBAL DE RAJAN,DISTRITO SAN CRISTÓBAL DE RAJAN,DISTRITO SAN CRISTOBAL DE RAJAN,ANCASH|OCROS|SAN CRISTOBAL DE RAJAN,02,Áncash,0214,Ocros
021409,distrito,San Pedro,SAN PEDRO,DISTRITO SAN PEDRO,DISTRITO SAN PEDRO,ANCASH|OCROS|SAN PEDRO,02,Áncash,0214,Ocros
021410,distrito,Santiago de Chilcas,SANTIAGO DE CHILCAS,DISTRITO SANTIAGO DE CHILCAS,DISTRITO SANTIAGO DE CHILCAS,ANCASH|OCROS|SANTIAGO DE CHILCAS,02,Áncash,0214,Ocros
021501,distrito,Cabana,CABANA,DISTRITO CABANA,DISTRITO CABANA,ANCASH|PALLASCA|CABANA,02,Áncash,0215,Pallasca
021502,distrito,Bolognesi,BOLOGNESI,DISTRITO BOLOGNESI,DISTRITO BOLOGNESI,ANCASH|PALLASCA|BOLOGNESI,02,Áncash,0215,Pallasca
021503,distrito,Conchucos,CONCHUCOS,DISTRITO CONCHUCOS,DISTRITO CONCHUCOS,ANCASH|PALLASCA|CONCHUCOS,02,Áncash,0215,Pallasca
021504,distrito,Huacaschuque,HUACASCHUQUE,DISTRITO HUACASCHUQUE,DISTRITO HUACASCHUQUE,ANCASH|PALLASCA|HUACASCHUQUE,02,Áncash,0215,Pallasca
021505,distrito,Huandoval,HUANDOVAL,DISTRITO HUANDOVAL,DISTRITO HUANDOVAL,ANCASH|PALLASCA|HUANDOVAL,02,Áncash,0215,Pallasca
021506,distrito,Lacabamba,LACABAMBA,DISTRITO LACABAMBA,DISTRITO LACABAMBA,ANCASH|PALLASCA|LACABAMBA,02,Áncash,0215,Pallasca
021507,distrito,Llapo,LLAPO,DISTRITO LLAPO,DISTRITO LLAPO,ANCASH|PALLASCA|LLAPO,02,Áncash,0215,Pallasca
021508,distrito,Pallasca,PALLASCA,DISTRITO PALLASCA,DISTRITO PALLASCA,ANCASH|PALLASCA|PALLASCA,02,Áncash,0215,Pallasca
021509,distrito,Pampas,PAMPAS,DISTRITO PAMPAS,DISTRITO PAMPAS,ANCASH|PALLASCA|PAMPAS,02,Áncash,0215,Pallasca
021510,distrito,Santa Rosa,SANTA ROSA,DISTRITO SANTA ROSA,DISTRITO SANTA ROSA,ANCASH|PALLASCA|SANTA ROSA,02,Áncash,0215,Pallasca
021511,distrito,Tauca,TAUCA,DISTRITO TAUCA,DISTRITO TAUCA,ANCASH|PALLASCA|TAUCA,02,Áncash,0215,Pallasca
021601,distrito,Pomabamba,POMABAMBA,DISTRITO POMABAMBA,DISTRITO POMABAMBA,ANCASH|POMABAMBA|POMABAMBA,02,Áncash,0216,Pomabamba
021602,distrito,Huayllan,HUAYLLAN,DISTRITO HUAYLLAN,DISTRITO HUAYLLAN,ANCASH|POMABAMBA|HUAYLLAN,02,Áncash,0216,Pomabamba
021603,distrito,Parobamba,PAROBAMBA,DISTRITO PAROBAMBA,DISTRITO PAROBAMBA,ANCASH|POMABAMBA|PAROBAMBA,02,Áncash,0216,Pomabamba
021604,distrito,Quinuabamba,QUINUABAMBA,DISTRITO QUINUABAMBA,DISTRITO QUINUABAMBA,ANCASH|POMABAMBA|QUINUABAMBA,02,Áncash,0216,Pomabamba
021701,distrito,Recuay,RECUAY,DISTRITO RECUAY,DISTRITO RECUAY,ANCASH|RECUAY|RECUAY,02,Áncash,0217,Recuay
021702,distrito,Catac,CATAC,DISTRITO CATAC,DISTRITO CATAC,ANCASH|RECUAY|CATAC,02,Áncash,0217,Recuay
021703,distrito,Cotaparaco,COTAPARACO,DISTRITO COTAPARACO,DISTRITO COTAPARACO,ANCASH|RECUAY|COTAPARACO,02,Áncash,0217,Recuay
021704,distrito,Huayllapampa,HUAYLLAPAMPA,DISTRITO HUAYLLAPAMPA,DISTRITO HUAYLLAPAMPA,ANCASH|RECUAY|HUAYLLAPAMPA,02,Áncash,0217,Recuay
021705,distrito,Llacllin,LLACLLIN,DISTRITO LLACLLIN,DISTRITO LLACLLIN,ANCASH|RECUAY|LLACLLIN,02,Áncash,0217,Recuay
021706,distrito,Marca,MARCA,DISTRITO MARCA,DISTRITO MARCA,ANCASH|RECUAY|MARCA,02,Áncash,0217,Recuay
021707,distrito,Pampas Chico,PAMPAS CHICO,DISTRITO PAMPAS CHICO,DISTRITO PAMPAS CHICO,ANCASH|RECUAY|PAMPAS CHICO,02,Áncash,0217,Recuay
021708,distrito,Pararin,PARARIN,DISTRITO PARARIN,DISTRITO PARARIN,ANCASH|RECUAY|PARARIN,02,Áncash,0217,Recuay
021709,distrito,Tapacocha,TAPACOCHA,DISTRITO TAPACOCHA,DISTRITO TAPACOCHA,ANCASH|RECUAY|TAPACOCHA,02,Áncash,0217,Recuay
021710,distrito,Ticapampa,TICAPAMPA,DISTRITO TICAPAMPA,DISTRITO TICAPAMPA,ANCASH|RECUAY|TICAPAMPA,02,Áncash,0217,Recuay
021801,distrito,Chimbote,CHIMBOTE,DISTRITO CHIMBOTE,DISTRITO CHIMBOTE,ANCASH|SANTA|CHIMBOTE,02,Áncash,0218,Santa
021802,distrito,Cáceres del Perú,CACERES DEL PERU,DISTRITO CÁCERES DEL PERÚ,DISTRITO CACERES DEL PERU,ANCASH|SANTA|CACERES DEL PERU,02,Áncash,0218,Santa
021803,distrito,Coishco,COISHCO,DISTRITO COISHCO,DISTRITO COISHCO,ANCASH|SANTA|COISHCO,02,Áncash,0218,Santa
021804,distrito,Macate,MACATE,DISTRITO MACATE,DISTRITO MACATE,ANCASH|SANTA|MACATE,02,Áncash,0218,Santa
021805,distrito,Moro,MORO,DISTRITO MORO,DISTRITO MORO,ANCASH|SANTA|MORO,02,Áncash,0218,Santa
021806,distrito,Nepeña,NEPENA,DISTRITO NEPEÑA,DISTRITO NEPENA,ANCASH|SANTA|NEPENA,02,Áncash,0218,Santa
021807,distrito,Samanco,SAMANCO,DISTRITO SAMANCO,DISTRITO SAMANCO,ANCASH|SANTA|SAMANCO,02,Áncash,0218,Santa
021808,distrito,Santa,SANTA,DISTRITO SANTA,DISTRITO SANTA,ANCASH|SANTA|SANTA,02,Áncash,0218,Santa
021809,distrito,Nuevo Chimbote,NUEVO CHIMBOTE,DISTRITO NUEVO CHIMBOTE,DISTRITO NUEVO CHIMBOTE,ANCASH|SANTA|NUEVO CHIMBOTE,02,Áncash,0218,Santa
021901,distrito,Sihuas,SIHUAS,DISTRITO SIHUAS,DISTRITO SIHUAS,ANCASH|SIHUAS|SIHUAS,02,Áncash,0219,Sihuas
021902,distrito,Acobamba,ACOBAMBA,DISTRITO ACOBAMBA,DISTRITO ACOBAMBA,ANCASH|SIHUAS|ACOBAMBA,02,Áncash,0219,Sihuas
021903,distrito,Alfonso Ugarte,ALFONSO UGARTE,DISTRITO ALFONSO UGARTE,DISTRITO ALFONSO UGARTE,ANCASH|SIHUAS|ALFONSO UGARTE,02,Áncash,0219,Sihuas
021904,distrito,Cashapampa,CASHAPAMPA,DISTRITO CASHAPAMPA,DISTRITO CASHAPAMPA,ANCASH|SIHUAS|CASHAPAMPA,02,Áncash,0219,Sihuas
021905,distrito,Chingalpo,CHINGALPO,DISTRITO CHINGALPO,DISTRITO CHINGALPO,ANCASH|SIHUAS|CHINGALPO,02,Áncash,0219,Sihuas
021906,distrito,Huayllabamba,HUAYLLABAMBA,DISTRITO HUAYLLABAMBA,DISTRITO HUAYLLABAMBA,ANCASH|SIHUAS|HUAYLLABAMBA,02,Áncash,0219,Sihuas
021907,distrito,Quiches,QUICHES,DISTRITO QUICHES,DISTRITO QUICHES,ANCASH|SIHUAS|QUICHES,02,Áncash,0219,Sihuas
021908,distrito,Ragash,RAGASH,DISTRITO RAGASH,DISTRITO RAGASH,ANCASH|SIHUAS|RAGASH,02,Áncash,0219,Sihuas
021909,distrito,San Juan,SAN JUAN,DISTRITO SAN JUAN,DISTRITO SAN JUAN,ANCASH|SIHUAS|SAN JUAN,02,Áncash,0219,Sihuas
021910,distrito,Sicsibamba,SICSIBAMBA,DISTRITO SICSIBAMBA,DISTRITO SICSIBAMBA,ANCASH|SIHUAS|SICSIBAMBA,02,Áncash,0219,Sihuas
022001,distrito,Yungay,YUNGAY,DISTRITO YUNGAY,DISTRITO YUNGAY,ANCASH|YUNGAY|YUNGAY,02,Áncash,0220,Yungay
022002,distrito,Cascapara,CASCAPARA,DISTRITO CASCAPARA,DISTRITO CASCAPARA,ANCASH|YUNGAY|CASCAPARA,02,Áncash,0220,Yungay
022003,distrito,Mancos,MANCOS,DISTRITO MANCOS,DISTRITO MANCOS,ANCASH|YUNGAY|MANCOS,02,Áncash,0220,Yungay
022004,distrito,Matacoto,MATACOTO,DISTRITO MATACOTO,DISTRITO MATACOTO,ANCASH|YUNGAY|MATACOTO,02,Áncash,0220,Yungay
022005,distrito,Quillo,QUILLO,DISTRITO QUILLO,DISTRITO QUILLO,ANCASH|YUNGAY|QUILLO,02,Áncash,0220,Yungay
022006,distrito,Ranrahirca,RANRAHIRCA,DISTRITO RANRAHIRCA,DISTRITO RANRAHIRCA,ANCASH|YUNGAY|RANRAHIRCA,02,Áncash,0220,Yungay
022007,distrito,Shupluy,SHUPLUY,DISTRITO SHUPLUY,DISTRITO SHUPLUY,ANCASH|YUNGAY|SHUPLUY,02,Áncash,0220,Yungay
022008,distrito,Yanama,YANAMA,DISTRITO YANAMA,DISTRITO YANAMA,ANCASH|YUNGAY|YANAMA,02,Áncash,0220,Yungay
030101,distrito,Abancay,ABANCAY,DISTRITO ABANCAY,DISTRITO ABANCAY,APURIMAC|ABANCAY|ABANCAY,03,Apurímac,0301,Abancay
030102,distrito,Chacoche,CHACOCHE,DISTRITO CHACOCHE,DISTRITO CHACOCHE,APURIMAC|ABANCAY|CHACOCHE,03,Apurímac,0301,Abancay
030103,distrito,Circa,CIRCA,DISTRITO CIRCA,DISTRITO CIRCA,APURIMAC|ABANCAY|CIRCA,03,Apurímac,0301,Abancay
030104,distrito,Curahuasi,CURAHUASI,DISTRITO CURAHUASI,DISTRITO CURAHUASI,APURIMAC|ABANCAY|CURAHUASI,03,Apurímac,0301,Abancay
030105,distrito,Huanipaca,HUANIPACA,DISTRITO HUANIPACA,DISTRITO HUANIPACA,APURIMAC|ABANCAY|HUANIPACA,03,Apurímac,0301,Abancay
030106,distrito,Lambrama,LAMBRAMA,DISTRITO LAMBRAMA,DISTRITO LAMBRAMA,APURIMAC|ABANCAY|LAMBRAMA,03,Apurímac,0301,Abancay
030107,distrito,Pichirhua,PICHIRHUA,DISTRITO PICHIRHUA,DISTRITO PICHIRHUA,APURIMAC|ABANCAY|PICHIRHUA,03,Apurímac,0301,Abancay
030108,distrito,San Pedro de Cachora,SAN PEDRO DE CACHORA,DISTRITO SAN PEDRO DE CACHORA,DISTRITO SAN PEDRO DE CACHORA,APURIMAC|ABANCAY|SAN PEDRO DE CACHORA,03,Apurímac,0301,Abancay
030109,distrito,Tamburco,TAMBURCO,DISTRITO TAMBURCO,DISTRITO TAMBURCO,APURIMAC|ABANCAY|TAMBURCO,03,Apurímac,0301,Abancay
030201,distrito,Andahuaylas,ANDAHUAYLAS,DISTRITO ANDAHUAYLAS,DISTRITO ANDAHUAYLAS,APURIMAC|ANDAHUAYLAS|ANDAHUAYLAS,03,Apurímac,0302,Andahuaylas
030202,distrito,Andarapa,ANDARAPA,DISTRITO ANDARAPA,DISTRITO ANDARAPA,APURIMAC|ANDAHUAYLAS|ANDARAPA,03,Apurímac,0302,Andahuaylas
030203,distrito,Chiara,CHIARA,DISTRITO CHIARA,DISTRITO CHIARA,APURIMAC|ANDAHUAYLAS|CHIARA,03,Apurímac,0302,Andahuaylas
030204,distrito,Huancarama,HUANCARAMA,DISTRITO HUANCARAMA,DISTRITO HUANCARAMA,APURIMAC|ANDAHUAYLAS|HUANCARAMA,03,Apurímac,0302,Andahuaylas
030205,distrito,Huancaray,HUANCARAY,DISTRITO HUANCARAY,DISTRITO HUANCARAY,APURIMAC|ANDAHUAYLAS|HUANCARAY,03,Apurímac,0302,Andahuaylas
030206,distrito,Huayana,HUAYANA,DISTRITO HUAYANA,DISTRITO HUAYANA,APURIMAC|ANDAHUAYLAS|HUAYANA,03,Apurímac,0302,Andahuaylas
030207,distrito,Kishuara,KISHUARA,DISTRITO KISHUARA,DISTRITO KISHUARA,APURIMAC|ANDAHUAYLAS|KISHUARA,03,Apurímac,0302,Andahuaylas
030208,distrito,Pacobamba,PACOBAMBA,DISTRITO PACOBAMBA,DISTRITO PACOBAMBA,APURIMAC|ANDAHUAYLAS|PACOBAMBA,03,Apurímac,0302,Andahuaylas
030209,distrito,Pacucha,PACUCHA,DISTRITO PACUCHA,DISTRITO PACUCHA,APURIMAC|ANDAHUAYLAS|PACUCHA,03,Apurímac,0302,Andahuaylas
030210,distrito,Pampachiri,PAMPACHIRI,DISTRITO PAMPACHIRI,DISTRITO PAMPACHIRI,APURIMAC|ANDAHUAYLAS|PAMPACHIRI,03,Apurímac,0302,Andahuaylas
030211,distrito,Pomacocha,POMACOCHA,DISTRITO POMACOCHA,DISTRITO POMACOCHA,APURIMAC|ANDAHUAYLAS|POMACOCHA,03,Apurímac,0302,Andahuaylas
030212,distrito,San Antonio de Cachi,SAN ANTONIO DE CACHI,DISTRITO SAN ANTONIO DE CACHI,DISTRITO SAN ANTONIO DE CACHI,APURIMAC|ANDAHUAYLAS|SAN ANTONIO DE CACHI,03,Apurímac,0302,Andahuaylas
030213,distrito,San Jerónimo,SAN JERONIMO,DISTRITO SAN JERÓNIMO,DISTRITO SAN JERONIMO,APURIMAC|ANDAHUAYLAS|SAN JERONIMO,03,Apurímac,0302,Andahuaylas
030214,distrito,San Miguel de Chaccrampa,SAN MIGUEL DE CHACCRAMPA,DISTRITO SAN MIGUEL DE CHACCRAMPA,DISTRITO SAN MIGUEL DE CHACCRAMPA,APURIMAC|ANDAHUAYLAS|SAN MIGUEL DE CHACCRAMPA,03,Apurímac,0302,Andahuaylas
030215,distrito,Santa María de Chicmo,SANTA MARIA DE CHICMO,DISTRITO SANTA MARÍA DE CHICMO,DISTRITO SANTA MARIA DE CHICMO,APURIMAC|ANDAHUAYLAS|SANTA MARIA DE CHICMO,03,Apurímac,0302,Andahuaylas
030216,distrito,Talavera,TALAVERA,DISTRITO TALAVERA,DISTRITO TALAVERA,APURIMAC|ANDAHUAYLAS|TALAVERA,03,Apurímac,0302,Andahuaylas
030217,distrito,Tumay Huaraca,TUMAY HUARACA,DISTRITO TUMAY HUARACA,DISTRITO TUMAY HUARACA,APURIMAC|ANDAHUAYLAS|TUMAY HUARACA,03,Apurímac,0302,Andahuaylas
030218,distrito,Turpo,TURPO,DISTRITO TURPO,DISTRITO TURPO,APURIMAC|ANDAHUAYLAS|TURPO,03,Apurímac,0302,Andahuaylas
030219,distrito,Kaquiabamba,KAQUIABAMBA,DISTRITO KAQUIABAMBA,DISTRITO KAQUIABAMBA,APURIMAC|ANDAHUAYLAS|KAQUIABAMBA,03,Apurímac,0302,Andahuaylas
030220,distrito,José María Arguedas,JOSE MARIA ARGUEDAS,DISTRITO JOSÉ MARÍA ARGUEDAS,DISTRITO JOSE MARIA ARGUEDAS,APURIMAC|ANDAHUAYLAS|JOSE MARIA ARGUEDAS,03,Apurímac,0302,Andahuaylas
030301,distrito,Antabamba,ANTABAMBA,DISTRITO ANTABAMBA,DISTRITO ANTABAMBA,APURIMAC|ANTABAMBA|ANTABAMBA,03,Apurímac,0303,Antabamba
030302,distrito,El Oro,EL ORO,DISTRITO EL ORO,DISTRITO EL ORO,APURIMAC|ANTABAMBA|EL ORO,03,Apurímac,0303,Antabamba
030303,distrito,Huaquirca,HUAQUIRCA,DISTRITO HUAQUIRCA,DISTRITO HUAQUIRCA,APURIMAC|ANTABAMBA|HUAQUIRCA,03,Apurímac,0303,Antabamba
030304,distrito,Juan Espinoza Medrano,JUAN ESPINOZA MEDRANO,DISTRITO JUAN ESPINOZA MEDRANO,DISTRITO JUAN ESPINOZA MEDRANO,APURIMAC|ANTABAMBA|JUAN ESPINOZA MEDRANO,03,Apurímac,0303,Antabamba
030305,distrito,Oropesa,OROPESA,DISTRITO OROPESA,DISTRITO OROPESA,APURIMAC|ANTABAMBA|OROPESA,03,Apurímac,0303,Antabamba
030306,distrito,Pachaconas,PACHACONAS,DISTRITO PACHACONAS,DISTRITO PACHACONAS,APURIMAC|ANTABAMBA|PACHACONAS,03,Apurímac,0303,Antabamba
030307,distrito,Sabaino,SABAINO,DISTRITO SABAINO,DISTRITO SABAINO,APURIMAC|ANTABAMBA|SABAINO,03,Apurímac,0303,Antabamba
030401,distrito,Chalhuanca,CHALHUANCA,DISTRITO CHALHUANCA,DISTRITO CHALHUANCA,APURIMAC|AYMARAES|CHALHUANCA,03,Apurímac,0304,Aymaraes
030402,distrito,Capaya,CAPAYA,DISTRITO CAPAYA,DISTRITO CAPAYA,APURIMAC|AYMARAES|CAPAYA,03,Apurímac,0304,Aymaraes
030403,distrito,Caraybamba,CARAYBAMBA,DISTRITO CARAYBAMBA,DISTRITO CARAYBAMBA,APURIMAC|AYMARAES|CARAYBAMBA,03,Apurímac,0304,Aymaraes
030404,distrito,Chapimarca,CHAPIMARCA,DISTRITO CHAPIMARCA,DISTRITO CHAPIMARCA,APURIMAC|AYMARAES|CHAPIMARCA,03,Apurímac,0304,Aymaraes
030405,distrito,Colcabamba,COLCABAMBA,DISTRITO COLCABAMBA,DISTRITO COLCABAMBA,APURIMAC|AYMARAES|COLCABAMBA,03,Apurímac,0304,Aymaraes
030406,distrito,Cotaruse,COTARUSE,DISTRITO COTARUSE,DISTRITO COTARUSE,APURIMAC|AYMARAES|COTARUSE,03,Apurímac,0304,Aymaraes
030407,distrito,Ihuayllo,IHUAYLLO,DISTRITO IHUAYLLO,DISTRITO IHUAYLLO,APURIMAC|AYMARAES|IHUAYLLO,03,Apurímac,0304,Aymaraes
030408,distrito,Justo Apu Sahuaraura,JUSTO APU SAHUARAURA,DISTRITO JUSTO APU SAHUARAURA,DISTRITO JUSTO APU SAHUARAURA,APURIMAC|AYMARAES|JUSTO APU SAHUARAURA,03,Apurímac,0304,Aymaraes
030409,distrito,Lucre,LUCRE,DISTRITO LUCRE,DISTRITO LUCRE,APURIMAC|AYMARAES|LUCRE,03,Apurímac,0304,Aymaraes
030410,distrito,Pocohuanca,POCOHUANCA,DISTRITO POCOHUANCA,DISTRITO POCOHUANCA,APURIMAC|AYMARAES|POCOHUANCA,03,Apurímac,0304,Aymaraes
030411,distrito,San Juan de Chacña,SAN JUAN DE CHACNA,DISTRITO SAN JUAN DE CHACÑA,DISTRITO SAN JUAN DE CHACNA,APURIMAC|AYMARAES|SAN JUAN DE CHACNA,03,Apurímac,0304,Aymaraes
030412,distrito,Sañayca,SANAYCA,DISTRITO SAÑAYCA,DISTRITO SANAYCA,APURIMAC|AYMARAES|SANAYCA,03,Apurímac,0304,Aymaraes
030413,distrito,Soraya,SORAYA,DISTRITO SORAYA,DISTRITO SORAYA,APURIMAC|AYMARAES|SORAYA,03,Apurímac,0304,Aymaraes
030414,distrito,Tapairihua,TAPAIRIHUA,DISTRITO TAPAIRIHUA,DISTRITO TAPAIRIHUA,APURIMAC|AYMARAES|TAPAIRIHUA,03,Apurímac,0304,Aymaraes
030415,distrito,Tintay,TINTAY,DISTRITO TINTAY,DISTRITO TINTAY,APURIMAC|AYMARAES|TINTAY,03,Apurímac,0304,Aymaraes
030416,distrito,Toraya,TORAYA,DISTRITO TORAYA,DISTRITO TORAYA,APURIMAC|AYMARAES|TORAYA,03,Apurímac,0304,Aymaraes
030417,distrito,Yanaca,YANACA,DISTRITO YANACA,DISTRITO YANACA,APURIMAC|AYMARAES|YANACA,03,Apurímac,0304,Aymaraes
030501,distrito,Tambobamba,TAMBOBAMBA,DISTRITO TAMBOBAMBA,DISTRITO TAMBOBAMBA,APURIMAC|COTABAMBAS|TAMBOBAMBA,03,Apurímac,0305,Cotabambas
030502,distrito,Cotabambas,COTABAMBAS,DISTRITO COTABAMBAS,DISTRITO COTABAMBAS,APURIMAC|COTABAMBAS|COTABAMBAS,03,Apurímac,0305,Cotabambas
030503,distrito,Coyllurqui,COYLLURQUI,DISTRITO COYLLURQUI,DISTRITO COYLLURQUI,APURIMAC|COTABAMBAS|COYLLURQUI,03,Apurímac,0305,Cotabambas
030504,distrito,Haquira,HAQUIRA,DISTRITO HAQUIRA,DISTRITO HAQUIRA,APURIMAC|COTABAMBAS|HAQUIRA,03,Apurímac,0305,Cotabambas
030505,distrito,Mara,MARA,DISTRITO MARA,DISTRITO MARA,APURIMAC|COTABAMBAS|MARA,03,Apurímac,0305,Cotabambas
030506,distrito,Challhuahuacho,CHALLHUAHUACHO,DISTRITO CHALLHUAHUACHO,DISTRITO CHALLHUAHUACHO,APURIMAC|COTABAMBAS|CHALLHUAHUACHO,03,Apurímac,0305,Cotabambas
030601,distrito,Chincheros,CHINCHEROS,DISTRITO CHINCHEROS,DISTRITO CHINCHEROS,APURIMAC|CHINCHEROS|CHINCHEROS,03,Apurímac,0306,Chincheros
030602,distrito,Anco_Huallo,ANCO_HUALLO,DISTRITO ANCO_HUALLO,DISTRITO ANCO_HUALLO,APURIMAC|CHINCHEROS|ANCO_HUALLO,03,Apurímac,0306,Chincheros
030603,distrito,Cocharcas,COCHARCAS,DISTRITO COCHARCAS,DISTRITO COCHARCAS,APURIMAC|CHINCHEROS|COCHARCAS,03,Apurímac,0306,Chincheros
030604,distrito,Huaccana,HUACCANA,DISTRITO HUACCANA,DISTRITO HUACCANA,APURIMAC|CHINCHEROS|HUACCANA,03,Apurímac,0306,Chincheros
030605,distrito,Ocobamba,OCOBAMBA,DISTRITO OCOBAMBA,DISTRITO OCOBAMBA,APURIMAC|CHINCHEROS|OCOBAMBA,03,Apurímac,0306,Chincheros
030606,distrito,Ongoy,ONGOY,DISTRITO ONGOY,DISTRITO ONGOY,APURIMAC|CHINCHEROS|ONGOY,03,Apurímac,0306,Chincheros
030607,distrito,Uranmarca,URANMARCA,DISTRITO URANMARCA,DISTRITO URANMARCA,APURIMAC|CHINCHEROS|URANMARCA,03,Apurímac,0306,Chincheros
030608,distrito,Ranracancha,RANRACANCHA,DISTRITO RANRACANCHA,DISTRITO RANRACANCHA,APURIMAC|CHINCHEROS|RANRACANCHA,03,Apurímac,0306,Chincheros
030609,distrito,Rocchacc,ROCCHACC,DISTRITO ROCCHACC,DISTRITO ROCCHACC,APURIMAC|CHINCHEROS|ROCCHACC,03,Apurímac,0306,Chincheros
030610,distrito,El Porvenir,EL PORVENIR,DISTRITO EL PORVENIR,DISTRITO EL PORVENIR,APURIMAC|CHINCHEROS|EL PORVENIR,03,Apurímac,0306,Chincheros
030611,distrito,Los Chankas,LOS CHANKAS,DISTRITO LOS CHANKAS,DISTRITO LOS CHANKAS,APURIMAC|CHINCHEROS|LOS CHANKAS,03,Apurímac,0306,Chincheros
030612,distrito,Ahuayro,AHUAYRO,DISTRITO AHUAYRO,DISTRITO AHUAYRO,APURIMAC|CHINCHEROS|AHUAYRO,03,Apurímac,0306,Chincheros
030701,distrito,Chuquibambilla,CHUQUIBAMBILLA,DISTRITO CHUQUIBAMBILLA,DISTRITO CHUQUIBAMBILLA,APURIMAC|GRAU|CHUQUIBAMBILLA,03,Apurímac,0307,Grau
030702,distrito,Curpahuasi,CURPAHUASI,DISTRITO CURPAHUASI,DISTRITO CURPAHUASI,APURIMAC|GRAU|CURPAHUASI,03,Apurímac,0307,Grau
030703,distrito,Gamarra,GAMARRA,DISTRITO GAMARRA,DISTRITO GAMARRA,APURIMAC|GRAU|GAMARRA,03,Apurímac,0307,Grau
030704,distrito,Huayllati,HUAYLLATI,DISTRITO HUAYLLATI,DISTRITO HUAYLLATI,APURIMAC|GRAU|HUAYLLATI,03,Apurímac,0307,Grau
030705,distrito,Mamara,MAMARA,DISTRITO MAMARA,DISTRITO MAMARA,APURIMAC|GRAU|MAMARA,03,Apurímac,0307,Grau
030706,distrito,Micaela Bastidas,MICAELA BASTIDAS,DISTRITO MICAELA BASTIDAS,DISTRITO MICAELA BASTIDAS,APURIMAC|GRAU|MICAELA BASTIDAS,03,Apurímac,0307,Grau
030707,distrito,Pataypampa,PATAYPAMPA,DISTRITO PATAYPAMPA,DISTRITO PATAYPAMPA,APURIMAC|GRAU|PATAYPAMPA,03,Apurímac,0307,Grau
030708,distrito,Progreso,PROGRESO,DISTRITO PROGRESO,DISTRITO PROGRESO,APURIMAC|GRAU|PROGRESO,03,Apurímac,0307,Grau
030709,distrito,San Antonio,SAN ANTONIO,DISTRITO SAN ANTONIO,DISTRITO SAN ANTONIO,APURIMAC|GRAU|SAN ANTONIO,03,Apurímac,0307,Grau
030710,distrito,Santa Rosa,SANTA ROSA,DISTRITO SANTA ROSA,DISTRITO SANTA ROSA,APURIMAC|GRAU|SANTA ROSA,03,Apurímac,0307,Grau
030711,distrito,Turpay,TURPAY,DISTRITO TURPAY,DISTRITO TURPAY,APURIMAC|GRAU|TURPAY,03,Apurímac,0307,Grau
030712,distrito,Vilcabamba,VILCABAMBA,DISTRITO VILCABAMBA,DISTRITO VILCABAMBA,APURIMAC|GRAU|VILCABAMBA,03,Apurímac,0307,Grau
030713,distrito,Virundo,VIRUNDO,DISTRITO VIRUNDO,DISTRITO VIRUNDO,APURIMAC|GRAU|VIRUNDO,03,Apurímac,0307,Grau
030714,distrito,Curasco,CURASCO,DISTRITO CURASCO,DISTRITO CURASCO,APURIMAC|GRAU|CURASCO,03,Apurímac,0307,Grau
040101,distrito,Arequipa,AREQUIPA,DISTRITO AREQUIPA,DISTRITO AREQUIPA,AREQUIPA|AREQUIPA|AREQUIPA,04,Arequipa,0401,Arequipa
040102,distrito,Alto Selva Alegre,ALTO SELVA ALEGRE,DISTRITO ALTO SELVA ALEGRE,DISTRITO ALTO SELVA ALEGRE,AREQUIPA|AREQUIPA|ALTO SELVA ALEGRE,04,Arequipa,0401,Arequipa
040103,distrito,Cayma,CAYMA,DISTRITO CAYMA,DISTRITO CAYMA,AREQUIPA|AREQUIPA|CAYMA,04,Arequipa,0401,Arequipa
040104,distrito,Cerro Colorado,CERRO COLORADO,DISTRITO CERRO COLORADO,DISTRITO CERRO COLORADO,AREQUIPA|AREQUIPA|CERRO COLORADO,04,Arequipa,0401,Arequipa
040105,distrito,Characato,CHARACATO,DISTRITO CHARACATO,DISTRITO CHARACATO,AREQUIPA|AREQUIPA|CHARACATO,04,Arequipa,0401,Arequipa
040106,distrito,Chiguata,CHIGUATA,DISTRITO CHIGUATA,DISTRITO CHIGUATA,AREQUIPA|AREQUIPA|CHIGUATA,04,Arequipa,0401,Arequipa
040107,distrito,Jacobo Hunter,JACOBO HUNTER,DISTRITO JACOBO HUNTER,DISTRITO JACOBO HUNTER,AREQUIPA|AREQUIPA|JACOBO HUNTER,04,Arequipa,0401,Arequipa
040108,distrito,La Joya,LA JOYA,DISTRITO LA JOYA,DISTRITO LA JOYA,AREQUIPA|AREQUIPA|LA JOYA,04,Arequipa,0401,Arequipa
040109,distrito,Mariano Melgar,MARIANO MELGAR,DISTRITO MARIANO MELGAR,DISTRITO MARIANO MELGAR,AREQUIPA|AREQUIPA|MARIANO MELGAR,04,Arequipa,0401,Arequipa
040110,distrito,Miraflores,MIRAFLORES,DISTRITO MIRAFLORES,DISTRITO MIRAFLORES,AREQUIPA|AREQUIPA|MIRAFLORES,04,Arequipa,0401,Arequipa
040111,distrito,Mollebaya,MOLLEBAYA,DISTRITO MOLLEBAYA,DISTRITO MOLLEBAYA,AREQUIPA|AREQUIPA|MOLLEBAYA,04,Arequipa,0401,Arequipa
040112,distrito,Paucarpata,PAUCARPATA,DISTRITO PAUCARPATA,DISTRITO PAUCARPATA,AREQUIPA|AREQUIPA|PAUCARPATA,04,Arequipa,0401,Arequipa
040113,distrito,Pocsi,POCSI,DISTRITO POCSI,DISTRITO POCSI,AREQUIPA|AREQUIPA|POCSI,04,Arequipa,0401,Arequipa
040114,distrito,Polobaya,POLOBAYA,DISTRITO POLOBAYA,DISTRITO POLOBAYA,AREQUIPA|AREQUIPA|POLOBAYA,04,Arequipa,0401,Arequipa
040115,distrito,Quequeña,QUEQUENA,DISTRITO QUEQUEÑA,DISTRITO QUEQUENA,AREQUIPA|AREQUIPA|QUEQUENA,04,Arequipa,0401,Arequipa
040116,distrito,Sabandia,SABANDIA,DISTRITO SABANDIA,DISTRITO SABANDIA,AREQUIPA|AREQUIPA|SABANDIA,04,Arequipa,0401,Arequipa
040117,distrito,Sachaca,SACHACA,DISTRITO SACHACA,DISTRITO SACHACA,AREQUIPA|AREQUIPA|SACHACA,04,Arequipa,0401,Arequipa
040118,distrito,San Juan de Siguas,SAN JUAN DE SIGUAS,DISTRITO SAN JUAN DE SIGUAS,DISTRITO SAN JUAN DE SIGUAS,AREQUIPA|AREQUIPA|SAN JUAN DE SIGUAS,04,Arequipa,0401,Arequipa
040119,distrito,San Juan de Tarucani,SAN JUAN DE TARUCANI,DISTRITO SAN JUAN DE TARUCANI,DISTRITO SAN JUAN DE TARUCANI,AREQUIPA|AREQUIPA|SAN JUAN DE TARUCANI,04,Arequipa,0401,Arequipa
040120,distrito,Santa Isabel de Siguas,SANTA ISABEL DE SIGUAS,DISTRITO SANTA ISABEL DE SIGUAS,DISTRITO SANTA ISABEL DE SIGUAS,AREQUIPA|AREQUIPA|SANTA ISABEL DE SIGUAS,04,Arequipa,0401,Arequipa
040121,distrito,Santa Rita de Siguas,SANTA RITA DE SIGUAS,DISTRITO SANTA RITA DE SIGUAS,DISTRITO SANTA RITA DE SIGUAS,AREQUIPA|AREQUIPA|SANTA RITA DE SIGUAS,04,Arequipa,0401,Arequipa
040122,distrito,Socabaya,SOCABAYA,DISTRITO SOCABAYA,DISTRITO SOCABAYA,AREQUIPA|AREQUIPA|SOCABAYA,04,Arequipa,0401,Arequipa
040123,distrito,Tiabaya,TIABAYA,DISTRITO TIABAYA,DISTRITO TIABAYA,AREQUIPA|AREQUIPA|TIABAYA,04,Arequipa,0401,Arequipa
040124,distrito,Uchumayo,UCHUMAYO,DISTRITO UCHUMAYO,DISTRITO UCHUMAYO,AREQUIPA|AREQUIPA|UCHUMAYO,04,Arequipa,0401,Arequipa
040125,distrito,Vitor,VITOR,DISTRITO VITOR,DISTRITO VITOR,AREQUIPA|AREQUIPA|VITOR,04,Arequipa,0401,Arequipa
040126,distrito,Yanahuara,YANAHUARA,DISTRITO YANAHUARA,DISTRITO YANAHUARA,AREQUIPA|AREQUIPA|YANAHUARA,04,Arequipa,0401,Arequipa
040127,distrito,Yarabamba,YARABAMBA,DISTRITO YARABAMBA,DISTRITO YARABAMBA,AREQUIPA|AREQUIPA|YARABAMBA,04,Arequipa,0401,Arequipa
040128,distrito,Yura,YURA,DISTRITO YURA,DISTRITO YURA,AREQUIPA|AREQUIPA|YURA,04,Arequipa,0401,Arequipa
040129,distrito,José Luis Bustamante Y Rivero,JOSE LUIS BUSTAMANTE Y RIVERO,DISTRITO JOSÉ LUIS BUSTAMANTE Y RIVERO,DISTRITO JOSE LUIS BUSTAMANTE Y RIVERO,AREQUIPA|AREQUIPA|JOSE LUIS BUSTAMANTE Y RIVERO,04,Arequipa,0401,Arequipa
040201,distrito,Camaná,CAMANA,DISTRITO CAMANÁ,DISTRITO CAMANA,AREQUIPA|CAMANA|CAMANA,04,Arequipa,0402,Camaná
040202,distrito,José María Quimper,JOSE MARIA QUIMPER,DISTRITO JOSÉ MARÍA QUIMPER,DISTRITO JOSE MARIA QUIMPER,AREQUIPA|CAMANA|JOSE MARIA QUIMPER,04,Arequipa,0402,Camaná
040203,distrito,Mariano Nicolás Valcárcel,MARIANO NICOLAS VALCARCEL,DISTRITO MARIANO NICOLÁS VALCÁRCEL,DISTRITO MARIANO NICOLAS VALCARCEL,AREQUIPA|CAMANA|MARIANO NICOLAS VALCARCEL,04,Arequipa,0402,Camaná
040204,distrito,Mariscal Cáceres,MARISCAL CACERES,DISTRITO MARISCAL CÁCERES,DISTRITO MARISCAL CACERES,AREQUIPA|CAMANA|MARISCAL CACERES,04,Arequipa,0402,Camaná
040205,distrito,Nicolás de Pierola,NICOLAS DE PIEROLA,DISTRITO NICOLÁS DE PIEROLA,DISTRITO NICOLAS DE PIEROLA,AREQUIPA|CAMANA|NICOLAS DE PIEROLA,04,Arequipa,0402,Camaná
040206,distrito,Ocoña,OCONA,DISTRITO OCOÑA,DISTRITO OCONA,AREQUIPA|CAMANA|OCONA,04,Arequipa,0402,Camaná
040207,distrito,Quilca,QUILCA,DISTRITO QUILCA,DISTRITO QUILCA,AREQUIPA|CAMANA|QUILCA,04,Arequipa,0402,Camaná
040208,distrito,Samuel Pastor,SAMUEL PASTOR,DISTRITO SAMUEL PASTOR,DISTRITO SAMUEL PASTOR,AREQUIPA|CAMANA|SAMUEL PASTOR,04,Arequipa,0402,Camaná
040301,distrito,Caravelí,CARAVELI,DISTRITO CARAVELÍ,DISTRITO CARAVELI,AREQUIPA|CARAVELI|CARAVELI,04,Arequipa,0403,Caravelí
040302,distrito,Acarí,ACARI,DISTRITO ACARÍ,DISTRITO ACARI,AREQUIPA|CARAVELI|ACARI,04,Arequipa,0403,Caravelí
040303,distrito,Atico,ATICO,DISTRITO ATICO,DISTRITO ATICO,AREQUIPA|CARAVELI|ATICO,04,Arequipa,0403,Caravelí
040304,distrito,Atiquipa,ATIQUIPA,DISTRITO ATIQUIPA,DISTRITO ATIQUIPA,AREQUIPA|CARAVELI|ATIQUIPA,04,Arequipa,0403,Caravelí
040305,distrito,Bella Unión,BELLA UNION,DISTRITO BELLA UNIÓN,DISTRITO BELLA UNION,AREQUIPA|CARAVELI|BELLA UNION,04,Arequipa,0403,Caravelí
040306,distrito,Cahuacho,CAHUACHO,DISTRITO CAHUACHO,DISTRITO CAHUACHO,AREQUIPA|CARAVELI|CAHUACHO,04,Arequipa,0403,Caravelí
040307,distrito,Chala,CHALA,DISTRITO CHALA,DISTRITO CHALA,AREQUIPA|CARAVELI|CHALA,04,Arequipa,0403,Caravelí
040308,distrito,Chaparra,CHAPARRA,DISTRITO CHAPARRA,DISTRITO CHAPARRA,AREQUIPA|CARAVELI|CHAPARRA,04,Arequipa,0403,Caravelí
040309,distrito,Huanuhuanu,HUANUHUANU,DISTRITO HUANUHUANU,DISTRITO HUANUHUANU,AREQUIPA|CARAVELI|HUANUHUANU,04,Arequipa,0403,Caravelí
040310,distrito,Jaqui,JAQUI,DISTRITO JAQUI,DISTRITO JAQUI,AREQUIPA|CARAVELI|JAQUI,04,Arequipa,0403,Caravelí
040311,distrito,Lomas,LOMAS,DISTRITO LOMAS,DISTRITO LOMAS,AREQUIPA|CARAVELI|LOMAS,04,Arequipa,0403,Caravelí
040312,distrito,Quicacha,QUICACHA,DISTRITO QUICACHA,DISTRITO QUICACHA,AREQUIPA|CARAVELI|QUICACHA,04,Arequipa,0403,Caravelí
040313,distrito,Yauca,YAUCA,DISTRITO YAUCA,DISTRITO YAUCA,AREQUIPA|CARAVELI|YAUCA,04,Arequipa,0403,Caravelí
040401,distrito,Aplao,APLAO,DISTRITO APLAO,DISTRITO APLAO,AREQUIPA|CASTILLA|APLAO,04,Arequipa,0404,Castilla
040402,distrito,Andagua,ANDAGUA,DISTRITO ANDAGUA,DISTRITO ANDAGUA,AREQUIPA|CASTILLA|ANDAGUA,04,Arequipa,0404,Castilla
040403,distrito,Ayo,AYO,DISTRITO AYO,DISTRITO AYO,AREQUIPA|CASTILLA|AYO,04,Arequipa,0404,Castilla
040404,distrito,Chachas,CHACHAS,DISTRITO CHACHAS,DISTRITO CHACHAS,AREQUIPA|CASTILLA|CHACHAS,04,Arequipa,0404,Castilla
040405,distrito,Chilcaymarca,CHILCAYMARCA,DISTRITO CHILCAYMARCA,DISTRITO CHILCAYMARCA,AREQUIPA|CASTILLA|CHILCAYMARCA,04,Arequipa,0404,Castilla
040406,distrito,Choco,CHOCO,DISTRITO CHOCO,DISTRITO CHOCO,AREQUIPA|CASTILLA|CHOCO,04,Arequipa,0404,Castilla
040407,distrito,Huancarqui,HUANCARQUI,DISTRITO HUANCARQUI,DISTRITO HUANCARQUI,AREQUIPA|CASTILLA|HUANCARQUI,04,Arequipa,0404,Castilla
040408,distrito,Machaguay,MACHAGUAY,DISTRITO MACHAGUAY,DISTRITO MACHAGUAY,AREQUIPA|CASTILLA|MACHAGUAY,04,Arequipa,0404,Castilla
040409,distrito,Orcopampa,ORCOPAMPA,DISTRITO ORCOPAMPA,DISTRITO ORCOPAMPA,AREQUIPA|CASTILLA|ORCOPAMPA,04,Arequipa,0404,Castilla
040410,distrito,Pampacolca,PAMPACOLCA,DISTRITO PAMPACOLCA,DISTRITO PAMPACOLCA,AREQUIPA|CASTILLA|PAMPACOLCA,04,Arequipa,0404,Castilla
040411,distrito,Tipan,TIPAN,DISTRITO TIPAN,DISTRITO TIPAN,AREQUIPA|CASTILLA|TIPAN,04,Arequipa,0404,Castilla
040412,distrito,Uñon,UNON,DISTRITO UÑON,DISTRITO UNON,AREQUIPA|CASTILLA|UNON,04,Arequipa,0404,Castilla
040413,distrito,Uraca,URACA,DISTRITO URACA,DISTRITO URACA,AREQUIPA|CASTILLA|URACA,04,Arequipa,0404,Castilla
040414,distrito,Viraco,VIRACO,DISTRITO VIRACO,DISTRITO VIRACO,AREQUIPA|CASTILLA|VIRACO,04,Arequipa,0404,Castilla
040501,distrito,Chivay,CHIVAY,DISTRITO CHIVAY,DISTRITO CHIVAY,AREQUIPA|CAYLLOMA|CHIVAY,04,Arequipa,0405,Caylloma
040502,distrito,Achoma,ACHOMA,DISTRITO ACHOMA,DISTRITO ACHOMA,AREQUIPA|CAYLLOMA|ACHOMA,04,Arequipa,0405,Caylloma
040503,distrito,Cabanaconde,CABANACONDE,DISTRITO CABANACONDE,DISTRITO CABANACONDE,AREQUIPA|CAYLLOMA|CABANACONDE,04,Arequipa,0405,Caylloma
040504,distrito,Callalli,CALLALLI,DISTRITO CALLALLI,DISTRITO CALLALLI,AREQUIPA|CAYLLOMA|CALLALLI,04,Arequipa,0405,Caylloma
040505,distrito,Caylloma,CAYLLOMA,DISTRITO CAYLLOMA,DISTRITO CAYLLOMA,AREQUIPA|CAYLLOMA|CAYLLOMA,04,Arequipa,0405,Caylloma
040506,distrito,Coporaque,COPORAQUE,DISTRITO COPORAQUE,DISTRITO COPORAQUE,AREQUIPA|CAYLLOMA|COPORAQUE,04,Arequipa,0405,Caylloma
040507,distrito,Huambo,HUAMBO,DISTRITO HUAMBO,DISTRITO HUAMBO,AREQUIPA|CAYLLOMA|HUAMBO,04,Arequipa,0405,Caylloma
040508,distrito,Huanca,HUANCA,DISTRITO HUANCA,DISTRITO HUANCA,AREQUIPA|CAYLLOMA|HUANCA,04,Arequipa,0405,Caylloma
040509,distrito,Ichupampa,ICHUPAMPA,DISTRITO ICHUPAMPA,DISTRITO ICHUPAMPA,AREQUIPA|CAYLLOMA|ICHUPAMPA,04,Arequipa,0405,Caylloma
040510,distrito,Lari,LARI,DISTRITO LARI,DISTRITO LARI,AREQUIPA|CAYLLOMA|LARI,04,Arequipa,0405,Caylloma
040511,distrito,Lluta,LLUTA,DISTRITO LLUTA,DISTRITO LLUTA,AREQUIPA|CAYLLOMA|LLUTA,04,Arequipa,0405,Caylloma
040512,distrito,Maca,MACA,DISTRITO MACA,DISTRITO MACA,AREQUIPA|CAYLLOMA|MACA,04,Arequipa,0405,Caylloma
040513,distrito,Madrigal,MADRIGAL,DISTRITO MADRIGAL,DISTRITO MADRIGAL,AREQUIPA|CAYLLOMA|MADRIGAL,04,Arequipa,0405,Caylloma
040514,distrito,San Antonio de Chuca,SAN ANTONIO DE CHUCA,DISTRITO SAN ANTONIO DE CHUCA,DISTRITO SAN ANTONIO DE CHUCA,AREQUIPA|CAYLLOMA|SAN ANTONIO DE CHUCA,04,Arequipa,0405,Caylloma
040515,distrito,Sibayo,SIBAYO,DISTRITO SIBAYO,DISTRITO SIBAYO,AREQUIPA|CAYLLOMA|SIBAYO,04,Arequipa,0405,Caylloma
040516,distrito,Tapay,TAPAY,DISTRITO TAPAY,DISTRITO TAPAY,AREQUIPA|CAYLLOMA|TAPAY,04,Arequipa,0405,Caylloma
040517,distrito,Tisco,TISCO,DISTRITO TISCO,DISTRITO TISCO,AREQUIPA|CAYLLOMA|TISCO,04,Arequipa,0405,Caylloma
040518,distrito,Tuti,TUTI,DISTRITO TUTI,DISTRITO TUTI,AREQUIPA|CAYLLOMA|TUTI,04,Arequipa,0405,Caylloma
040519,distrito,Yanque,YANQUE,DISTRITO YANQUE,DISTRITO YANQUE,AREQUIPA|CAYLLOMA|YANQUE,04,Arequipa,0405,Caylloma
040520,distrito,Majes,MAJES,DISTRITO MAJES,DISTRITO MAJES,AREQUIPA|CAYLLOMA|MAJES,04,Arequipa,0405,Caylloma
040601,distrito,Chuquibamba,CHUQUIBAMBA,DISTRITO CHUQUIBAMBA,DISTRITO CHUQUIBAMBA,AREQUIPA|CONDESUYOS|CHUQUIBAMBA,04,Arequipa,0406,Condesuyos
040602,distrito,Andaray,ANDARAY,DISTRITO ANDARAY,DISTRITO ANDARAY,AREQUIPA|CONDESUYOS|ANDARAY,04,Arequipa,0406,Condesuyos
040603,distrito,Cayarani,CAYARANI,DISTRITO CAYARANI,DISTRITO CAYARANI,AREQUIPA|CONDESUYOS|CAYARANI,04,Arequipa,0406,Condesuyos
040604,distrito,Chichas,CHICHAS,DISTRITO CHICHAS,DISTRITO CHICHAS,AREQUIPA|CONDESUYOS|CHICHAS,04,Arequipa,0406,Condesuyos
040605,distrito,Iray,IRAY,DISTRITO IRAY,DISTRITO IRAY,AREQUIPA|CONDESUYOS|IRAY,04,Arequipa,0406,Condesuyos
040606,distrito,Río Grande,RIO GRANDE,DISTRITO RÍO GRANDE,DISTRITO RIO GRANDE,AREQUIPA|CONDESUYOS|RIO GRANDE,04,Arequipa,0406,Condesuyos
040607,distrito,Salamanca,SALAMANCA,DISTRITO SALAMANCA,DISTRITO SALAMANCA,AREQUIPA|CONDESUYOS|SALAMANCA,04,Arequipa,0406,Condesuyos
040608,distrito,Yanaquihua,YANAQUIHUA,DISTRITO YANAQUIHUA,DISTRITO YANAQUIHUA,AREQUIPA|CONDESUYOS|YANAQUIHUA,04,Arequipa,0406,Condesuyos
040701,distrito,Mollendo,MOLLENDO,DISTRITO MOLLENDO,DISTRITO MOLLENDO,AREQUIPA|ISLAY|MOLLENDO,04,Arequipa,0407,Islay
040702,distrito,Cocachacra,COCACHACRA,DISTRITO COCACHACRA,DISTRITO COCACHACRA,AREQUIPA|ISLAY|COCACHACRA,04,Arequipa,0407,Islay
040703,distrito,Dean Valdivia,DEAN VALDIVIA,DISTRITO DEAN VALDIVIA,DISTRITO DEAN VALDIVIA,AREQUIPA|ISLAY|DEAN VALDIVIA,04,Arequipa,0407,Islay
040704,distrito,Islay,ISLAY,DISTRITO ISLAY,DISTRITO ISLAY,AREQUIPA|ISLAY|ISLAY,04,Arequipa,0407,Islay
040705,distrito,Mejia,MEJIA,DISTRITO MEJIA,DISTRITO MEJIA,AREQUIPA|ISLAY|MEJIA,04,Arequipa,0407,Islay
040706,distrito,Punta de Bombón,PUNTA DE BOMBON,DISTRITO PUNTA DE BOMBÓN,DISTRITO PUNTA DE BOMBON,AREQUIPA|ISLAY|PUNTA DE BOMBON,04,Arequipa,0407,Islay
040801,distrito,Cotahuasi,COTAHUASI,DISTRITO COTAHUASI,DISTRITO COTAHUASI,AREQUIPA|LA UNION|COTAHUASI,04,Arequipa,0408,La Uniòn
040802,distrito,Alca,ALCA,DISTRITO ALCA,DISTRITO ALCA,AREQUIPA|LA UNION|ALCA,04,Arequipa,0408,La Uniòn
040803,distrito,Charcana,CHARCANA,DISTRITO CHARCANA,DISTRITO CHARCANA,AREQUIPA|LA UNION|CHARCANA,04,Arequipa,0408,La Uniòn
040804,distrito,Huaynacotas,HUAYNACOTAS,DISTRITO HUAYNACOTAS,DISTRITO HUAYNACOTAS,AREQUIPA|LA UNION|HUAYNACOTAS,04,Arequipa,0408,La Uniòn
040805,distrito,Pampamarca,PAMPAMARCA,DISTRITO PAMPAMARCA,DISTRITO PAMPAMARCA,AREQUIPA|LA UNION|PAMPAMARCA,04,Arequipa,0408,La Uniòn
040806,distrito,Puyca,PUYCA,DISTRITO PUYCA,DISTRITO PUYCA,AREQUIPA|LA UNION|PUYCA,04,Arequipa,0408,La Uniòn
040807,distrito,Quechualla,QUECHUALLA,DISTRITO QUECHUALLA,DISTRITO QUECHUALLA,AREQUIPA|LA UNION|QUECHUALLA,04,Arequipa,0408,La Uniòn
040808,distrito,Sayla,SAYLA,DISTRITO SAYLA,DISTRITO SAYLA,AREQUIPA|LA UNION|SAYLA,04,Arequipa,0408,La Uniòn
040809,distrito,Tauria,TAURIA,DISTRITO TAURIA,DISTRITO TAURIA,AREQUIPA|LA UNION|TAURIA,04,Arequipa,0408,La Uniòn
040810,distrito,Tomepampa,TOMEPAMPA,DISTRITO TOMEPAMPA,DISTRITO TOMEPAMPA,AREQUIPA|LA UNION|TOMEPAMPA,04,Arequipa,0408,La Uniòn
040811,distrito,Toro,TORO,DISTRITO TORO,DISTRITO TORO,AREQUIPA|LA UNION|TORO,04,Arequipa,0408,La Uniòn
050101,distrito,Ayacucho,AYACUCHO,DISTRITO AYACUCHO,DISTRITO AYACUCHO,AYACUCHO|HUAMANGA|AYACUCHO,05,Ayacucho,0501,Huamanga
050102,distrito,Acocro,ACOCRO,DISTRITO ACOCRO,DISTRITO ACOCRO,AYACUCHO|HUAMANGA|ACOCRO,05,Ayacucho,0501,Huamanga
050103,distrito,Acos Vinchos,ACOS VINCHOS,DISTRITO ACOS VINCHOS,DISTRITO ACOS VINCHOS,AYACUCHO|HUAMANGA|ACOS VINCHOS,05,Ayacucho,0501,Huamanga
050104,distrito,Carmen Alto,CARMEN ALTO,DISTRITO CARMEN ALTO,DISTRITO CARMEN ALTO,AYACUCHO|HUAMANGA|CARMEN ALTO,05,Ayacucho,0501,Huamanga
050105,distrito,Chiara,CHIARA,DISTRITO CHIARA,DISTRITO CHIARA,AYACUCHO|HUAMANGA|CHIARA,05,Ayacucho,0501,Huamanga
050106,distrito,Ocros,OCROS,DISTRITO OCROS,DISTRITO OCROS,AYACUCHO|HUAMANGA|OCROS,05,Ayacucho,0501,Huamanga
050107,distrito,Pacaycasa,PACAYCASA,DISTRITO PACAYCASA,DISTRITO PACAYCASA,AYACUCHO|HUAMANGA|PACAYCASA,05,Ayacucho,0501,Huamanga
050108,distrito,Quinua,QUINUA,DISTRITO QUINUA,DISTRITO QUINUA,AYACUCHO|HUAMANGA|QUINUA,05,Ayacucho,0501,Huamanga
050109,distrito,San José de Ticllas,SAN JOSE DE TICLLAS,DISTRITO SAN JOSÉ DE TICLLAS,DISTRITO SAN JOSE DE TICLLAS,AYACUCHO|HUAMANGA|SAN JOSE DE TICLLAS,05,Ayacucho,0501,Huamanga
050110,distrito,San Juan Bautista,SAN JUAN BAUTISTA,DISTRITO SAN JUAN BAUTISTA,DISTRITO SAN JUAN BAUTISTA,AYACUCHO|HUAMANGA|SAN JUAN BAUTISTA,05,Ayacucho,0501,Huamanga
050111,distrito,Santiago de Pischa,SANTIAGO DE PISCHA,DISTRITO SANTIAGO DE PISCHA,DISTRITO SANTIAGO DE PISCHA,AYACUCHO|HUAMANGA|SANTIAGO DE PISCHA,05,Ayacucho,0501,Huamanga
050112,distrito,Socos,SOCOS,DISTRITO SOCOS,DISTRITO SOCOS,AYACUCHO|HUAMANGA|SOCOS,05,Ayacucho,0501,Huamanga
050113,distrito,Tambillo,TAMBILLO,DISTRITO TAMBILLO,DISTRITO TAMBILLO,AYACUCHO|HUAMANGA|TAMBILLO,05,Ayacucho,0501,Huamanga
050114,distrito,Vinchos,VINCHOS,DISTRITO VINCHOS,DISTRITO VINCHOS,AYACUCHO|HUAMANGA|VINCHOS,05,Ayacucho,0501,Huamanga
050115,distrito,Jesús Nazareno,JESUS NAZARENO,DISTRITO JESÚS NAZARENO,DISTRITO JESUS NAZARENO,AYACUCHO|HUAMANGA|JESUS NAZARENO,05,Ayacucho,0501,Huamanga
050116,distrito,Andrés Avelino Cáceres Dorregaray,ANDRES AVELINO CACERES DORREGARAY,DISTRITO ANDRÉS AVELINO CÁCERES DORREGARAY,DISTRITO ANDRES AVELINO CACERES DORREGARAY,AYACUCHO|HUAMANGA|ANDRES AVELINO CACERES DORREGARAY,05,Ayacucho,0501,Huamanga
050201,distrito,Cangallo,CANGALLO,DISTRITO CANGALLO,DISTRITO CANGALLO,AYACUCHO|CANGALLO|CANGALLO,05,Ayacucho,0502,Cangallo
050202,distrito,Chuschi,CHUSCHI,DISTRITO CHUSCHI,DISTRITO CHUSCHI,AYACUCHO|CANGALLO|CHUSCHI,05,Ayacucho,0502,Cangallo
050203,distrito,Los Morochucos,LOS MOROCHUCOS,DISTRITO LOS MOROCHUCOS,DISTRITO LOS MOROCHUCOS,AYACUCHO|CANGALLO|LOS MOROCHUCOS,05,Ayacucho,0502,Cangallo
050204,distrito,María Parado de Bellido,MARIA PARADO DE BELLIDO,DISTRITO MARÍA PARADO DE BELLIDO,DISTRITO MARIA PARADO DE BELLIDO,AYACUCHO|CANGALLO|MARIA PARADO DE BELLIDO,05,Ayacucho,0502,Cangallo
050205,distrito,Paras,PARAS,DISTRITO PARAS,DISTRITO PARAS,AYACUCHO|CANGALLO|PARAS,05,Ayacucho,0502,Cangallo
050206,distrito,Totos,TOTOS,DISTRITO TOTOS,DISTRITO TOTOS,AYACUCHO|CANGALLO|TOTOS,05,Ayacucho,0502,Cangallo
050301,distrito,Sancos,SANCOS,DISTRITO SANCOS,DISTRITO SANCOS,AYACUCHO|HUANCA SANCOS|SANCOS,05,Ayacucho,0503,Huanca Sancos
050302,distrito,Carapo,CARAPO,DISTRITO CARAPO,DISTRITO CARAPO,AYACUCHO|HUANCA SANCOS|CARAPO,05,Ayacucho,0503,Huanca Sancos
050303,distrito,Sacsamarca,SACSAMARCA,DISTRITO SACSAMARCA,DISTRITO SACSAMARCA,AYACUCHO|HUANCA SANCOS|SACSAMARCA,05,Ayacucho,0503,Huanca Sancos
050304,distrito,Santiago de Lucanamarca,SANTIAGO DE LUCANAMARCA,DISTRITO SANTIAGO DE LUCANAMARCA,DISTRITO SANTIAGO DE LUCANAMARCA,AYACUCHO|HUANCA SANCOS|SANTIAGO DE LUCANAMARCA,05,Ayacucho,0503,Huanca Sancos
050401,distrito,Huanta,HUANTA,DISTRITO HUANTA,DISTRITO HUANTA,AYACUCHO|HUANTA|HUANTA,05,Ayacucho,0504,Huanta
050402,distrito,Ayahuanco,AYAHUANCO,DISTRITO AYAHUANCO,DISTRITO AYAHUANCO,AYACUCHO|HUANTA|AYAHUANCO,05,Ayacucho,0504,Huanta
050403,distrito,Huamanguilla,HUAMANGUILLA,DISTRITO HUAMANGUILLA,DISTRITO HUAMANGUILLA,AYACUCHO|HUANTA|HUAMANGUILLA,05,Ayacucho,0504,Huanta
050404,distrito,Iguain,IGUAIN,DISTRITO IGUAIN,DISTRITO IGUAIN,AYACUCHO|HUANTA|IGUAIN,05,Ayacucho,0504,Huanta
050405,distrito,Luricocha,LURICOCHA,DISTRITO LURICOCHA,DISTRITO LURICOCHA,AYACUCHO|HUANTA|LURICOCHA,05,Ayacucho,0504,Huanta
050406,distrito,Santillana,SANTILLANA,DISTRITO SANTILLANA,DISTRITO SANTILLANA,AYACUCHO|HUANTA|SANTILLANA,05,Ayacucho,0504,Huanta
050407,distrito,Sivia,SIVIA,DISTRITO SIVIA,DISTRITO SIVIA,AYACUCHO|HUANTA|SIVIA,05,Ayacucho,0504,Huanta
050408,distrito,Llochegua,LLOCHEGUA,DISTRITO LLOCHEGUA,DISTRITO LLOCHEGUA,AYACUCHO|HUANTA|LLOCHEGUA,05,Ayacucho,0504,Huanta
050409,distrito,Canayre,CANAYRE,DISTRITO CANAYRE,DISTRITO CANAYRE,AYACUCHO|HUANTA|CANAYRE,05,Ayacucho,0504,Huanta
050410,distrito,Uchuraccay,UCHURACCAY,DISTRITO UCHURACCAY,DISTRITO UCHURACCAY,AYACUCHO|HUANTA|UCHURACCAY,05,Ayacucho,0504,Huanta
050411,distrito,Pucacolpa,PUCACOLPA,DISTRITO PUCACOLPA,DISTRITO PUCACOLPA,AYACUCHO|HUANTA|PUCACOLPA,05,Ayacucho,0504,Huanta
050412,distrito,Chaca,CHACA,DISTRITO CHACA,DISTRITO CHACA,AYACUCHO|HUANTA|CHACA,05,Ayacucho,0504,Huanta
050413,distrito,Putis,PUTIS,DISTRITO PUTIS,DISTRITO PUTIS,AYACUCHO|HUANTA|PUTIS,05,Ayacucho,0504,Huanta
050501,distrito,San Miguel,SAN MIGUEL,DISTRITO SAN MIGUEL,DISTRITO SAN MIGUEL,AYACUCHO|LA MAR|SAN MIGUEL,05,Ayacucho,0505,La Mar
050502,distrito,Anco,ANCO,DISTRITO ANCO,DISTRITO ANCO,AYACUCHO|LA MAR|ANCO,05,Ayacucho,0505,La Mar
050503,distrito,Ayna,AYNA,DISTRITO AYNA,DISTRITO AYNA,AYACUCHO|LA MAR|AYNA,05,Ayacucho,0505,La Mar
050504,distrito,Chilcas,CHILCAS,DISTRITO CHILCAS,DISTRITO CHILCAS,AYACUCHO|LA MAR|CHILCAS,05,Ayacucho,0505,La Mar
050505,distrito,Chungui,CHUNGUI,DISTRITO CHUNGUI,DISTRITO CHUNGUI,AYACUCHO|LA MAR|CHUNGUI,05,Ayacucho,0505,La Mar
050506,distrito,Luis Carranza,LUIS CARRANZA,DISTRITO LUIS CARRANZA,DISTRITO LUIS CARRANZA,AYACUCHO|LA MAR|LUIS CARRANZA,05,Ayacucho,0505,La Mar
050507,distrito,Santa Rosa,SANTA ROSA,DISTRITO SANTA ROSA,DISTRITO SANTA ROSA,AYACUCHO|LA MAR|SANTA ROSA,05,Ayacucho,0505,La Mar
050508,distrito,Tambo,TAMBO,DISTRITO TAMBO,DISTRITO TAMBO,AYACUCHO|LA MAR|TAMBO,05,Ayacucho,0505,La Mar
050509,distrito,Samugari,SAMUGARI,DISTRITO SAMUGARI,DISTRITO SAMUGARI,AYACUCHO|LA MAR|SAMUGARI,05,Ayacucho,0505,La Mar
050510,distrito,Anchihuay,ANCHIHUAY,DISTRITO ANCHIHUAY,DISTRITO ANCHIHUAY,AYACUCHO|LA MAR|ANCHIHUAY,05,Ayacucho,0505,La Mar
050511,distrito,Oronccoy,ORONCCOY,DISTRITO ORONCCOY,DISTRITO ORONCCOY,AYACUCHO|LA MAR|ORONCCOY,05,Ayacucho,0505,La Mar
050512,distrito,Unión Progreso,UNION PROGRESO,DISTRITO UNIÓN PROGRESO,DISTRITO UNION PROGRESO,AYACUCHO|LA MAR|UNION PROGRESO,05,Ayacucho,0505,La Mar
050513,distrito,Rio Magdalena,RIO MAGDALENA,DISTRITO RIO MAGDALENA,DISTRITO RIO MAGDALENA,AYACUCHO|LA MAR|RIO MAGDALENA,05,Ayacucho,0505,La Mar
050514,distrito,Ninabamba,NINABAMBA,DISTRITO NINABAMBA,DISTRITO NINABAMBA,AYACUCHO|LA MAR|NINABAMBA,05,Ayacucho,0505,La Mar
050515,distrito,Patibamba,PATIBAMBA,DISTRITO PATIBAMBA,DISTRITO PATIBAMBA,AYACUCHO|LA MAR|PATIBAMBA,05,Ayacucho,0505,La Mar
050601,distrito,Puquio,PUQUIO,DISTRITO PUQUIO,DISTRITO PUQUIO,AYACUCHO|LUCANAS|PUQUIO,05,Ayacucho,0506,Lucanas
050602,distrito,Aucara,AUCARA,DISTRITO AUCARA,DISTRITO AUCARA,AYACUCHO|LUCANAS|AUCARA,05,Ayacucho,0506,Lucanas
050603,distrito,Cabana,CABANA,DISTRITO CABANA,DISTRITO CABANA,AYACUCHO|LUCANAS|CABANA,05,Ayacucho,0506,Lucanas
050604,distrito,Carmen Salcedo,CARMEN SALCEDO,DISTRITO CARMEN SALCEDO,DISTRITO CARMEN SALCEDO,AYACUCHO|LUCANAS|CARMEN SALCEDO,05,Ayacucho,0506,Lucanas
050605,distrito,Chaviña,CHAVINA,DISTRITO CHAVIÑA,DISTRITO CHAVINA,AYACUCHO|LUCANAS|CHAVINA,05,Ayacucho,0506,Lucanas
050606,distrito,Chipao,CHIPAO,DISTRITO CHIPAO,DISTRITO CHIPAO,AYACUCHO|LUCANAS|CHIPAO,05,Ayacucho,0506,Lucanas
050607,distrito,Huac-Huas,HUAC-HUAS,DISTRITO HUAC-HUAS,DISTRITO HUAC-HUAS,AYACUCHO|LUCANAS|HUAC-HUAS,05,Ayacucho,0506,Lucanas
050608,distrito,Laramate,LARAMATE,DISTRITO LARAMATE,DISTRITO LARAMATE,AYACUCHO|LUCANAS|LARAMATE,05,Ayacucho,0506,Lucanas
050609,distrito,Leoncio Prado,LEONCIO PRADO,DISTRITO LEONCIO PRADO,DISTRITO LEONCIO PRADO,AYACUCHO|LUCANAS|LEONCIO PRADO,05,Ayacucho,0506,Lucanas
050610,distrito,Llauta,LLAUTA,DISTRITO LLAUTA,DISTRITO LLAUTA,AYACUCHO|LUCANAS|LLAUTA,05,Ayacucho,0506,Lucanas
050611,distrito,Lucanas,LUCANAS,DISTRITO LUCANAS,DISTRITO LUCANAS,AYACUCHO|LUCANAS|LUCANAS,05,Ayacucho,0506,Lucanas
050612,distrito,Ocaña,OCANA,DISTRITO OCAÑA,DISTRITO OCANA,AYACUCHO|LUCANAS|OCANA,05,Ayacucho,0506,Lucanas
050613,distrito,Otoca,OTOCA,DISTRITO OTOCA,DISTRITO OTOCA,AYACUCHO|LUCANAS|OTOCA,05,Ayacucho,0506,Lucanas
050614,distrito,Saisa,SAISA,DISTRITO SAISA,DISTRITO SAISA,AYACUCHO|LUCANAS|SAISA,05,Ayacucho,0506,Lucanas
050615,distrito,San Cristóbal,SAN CRISTOBAL,DISTRITO SAN CRISTÓBAL,DISTRITO SAN CRISTOBAL,AYACUCHO|LUCANAS|SAN CRISTOBAL,05,Ayacucho,0506,Lucanas
050616,distrito,San Juan,SAN JUAN,DISTRITO SAN JUAN,DISTRITO SAN JUAN,AYACUCHO|LUCANAS|SAN JUAN,05,Ayacucho,0506,Lucanas
050617,distrito,San Pedro,SAN PEDRO,DISTRITO SAN PEDRO,DISTRITO SAN PEDRO,AYACUCHO|LUCANAS|SAN PEDRO,05,Ayacucho,0506,Lucanas
050618,distrito,San Pedro de Palco,SAN PEDRO DE PALCO,DISTRITO SAN PEDRO DE PALCO,DISTRITO SAN PEDRO DE PALCO,AYACUCHO|LUCANAS|SAN PEDRO DE PALCO,05,Ayacucho,0506,Lucanas
050619,distrito,Sancos,SANCOS,DISTRITO SANCOS,DISTRITO SANCOS,AYACUCHO|LUCANAS|SANCOS,05,Ayacucho,0506,Lucanas
050620,distrito,Santa Ana de Huaycahuacho,SANTA ANA DE HUAYCAHUACHO,DISTRITO SANTA ANA DE HUAYCAHUACHO,DISTRITO SANTA ANA DE HUAYCAHUACHO,AYACUCHO|LUCANAS|SANTA ANA DE HUAYCAHUACHO,05,Ayacucho,0506,Lucanas
050621,distrito,Santa Lucia,SANTA LUCIA,DISTRITO SANTA LUCIA,DISTRITO SANTA LUCIA,AYACUCHO|LUCANAS|SANTA LUCIA,05,Ayacucho,0506,Lucanas
050701,distrito,Coracora,CORACORA,DISTRITO CORACORA,DISTRITO CORACORA,AYACUCHO|PARINACOCHAS|CORACORA,05,Ayacucho,0507,Parinacochas
050702,distrito,Chumpi,CHUMPI,DISTRITO CHUMPI,DISTRITO CHUMPI,AYACUCHO|PARINACOCHAS|CHUMPI,05,Ayacucho,0507,Parinacochas
050703,distrito,Coronel Castañeda,CORONEL CASTANEDA,DISTRITO CORONEL CASTAÑEDA,DISTRITO CORONEL CASTANEDA,AYACUCHO|PARINACOCHAS|CORONEL CASTANEDA,05,Ayacucho,0507,Parinacochas
050704,distrito,Pacapausa,PACAPAUSA,DISTRITO PACAPAUSA,DISTRITO PACAPAUSA,AYACUCHO|PARINACOCHAS|PACAPAUSA,05,Ayacucho,0507,Parinacochas
050705,distrito,Pullo,PULLO,DISTRITO PULLO,DISTRITO PULLO,AYACUCHO|PARINACOCHAS|PULLO,05,Ayacucho,0507,Parinacochas
050706,distrito,Puyusca,PUYUSCA,DISTRITO PUYUSCA,DISTRITO PUYUSCA,AYACUCHO|PARINACOCHAS|PUYUSCA,05,Ayacucho,0507,Parinacochas
050707,distrito,San Francisco de Rivacayco,SAN FRANCISCO DE RIVACAYCO,DISTRITO SAN FRANCISCO DE RIVACAYCO,DISTRITO SAN FRANCISCO DE RIVACAYCO,AYACUCHO|PARINACOCHAS|SAN FRANCISCO DE RIVACAYCO,05,Ayacucho,0507,Parinacochas
050708,distrito,Upahuacho,UPAHUACHO,DISTRITO UPAHUACHO,DISTRITO UPAHUACHO,AYACUCHO|PARINACOCHAS|UPAHUACHO,05,Ayacucho,0507,Parinacochas
050801,distrito,Pausa,PAUSA,DISTRITO PAUSA,DISTRITO PAUSA,AYACUCHO|PAUCAR DEL SARA SARA|PAUSA,05,Ayacucho,0508,Pàucar del Sara Sara
050802,distrito,Colta,COLTA,DISTRITO COLTA,DISTRITO COLTA,AYACUCHO|PAUCAR DEL SARA SARA|COLTA,05,Ayacucho,0508,Pàucar del Sara Sara
050803,distrito,Corculla,CORCULLA,DISTRITO CORCULLA,DISTRITO CORCULLA,AYACUCHO|PAUCAR DEL SARA SARA|CORCULLA,05,Ayacucho,0508,Pàucar del Sara Sara
050804,distrito,Lampa,LAMPA,DISTRITO LAMPA,DISTRITO LAMPA,AYACUCHO|PAUCAR DEL SARA SARA|LAMPA,05,Ayacucho,0508,Pàucar del Sara Sara
050805,distrito,Marcabamba,MARCABAMBA,DISTRITO MARCABAMBA,DISTRITO MARCABAMBA,AYACUCHO|PAUCAR DEL SARA SARA|MARCABAMBA,05,Ayacucho,0508,Pàucar del Sara Sara
050806,distrito,Oyolo,OYOLO,DISTRITO OYOLO,DISTRITO OYOLO,AYACUCHO|PAUCAR DEL SARA SARA|OYOLO,05,Ayacucho,0508,Pàucar del Sara Sara
050807,distrito,Pararca,PARARCA,DISTRITO PARARCA,DISTRITO PARARCA,AYACUCHO|PAUCAR DEL SARA SARA|PARARCA,05,Ayacucho,0508,Pàucar del Sara Sara
050808,distrito,San Javier de Alpabamba,SAN JAVIER DE ALPABAMBA,DISTRITO SAN JAVIER DE ALPABAMBA,DISTRITO SAN JAVIER DE ALPABAMBA,AYACUCHO|PAUCAR DEL SARA SARA|SAN JAVIER DE ALPABAMBA,05,Ayacucho,0508,Pàucar del Sara Sara
050809,distrito,San José de Ushua,SAN JOSE DE USHUA,DISTRITO SAN JOSÉ DE USHUA,DISTRITO SAN JOSE DE USHUA,AYACUCHO|PAUCAR DEL SARA SARA|SAN JOSE DE USHUA,05,Ayacucho,0508,Pàucar del Sara Sara
050810,distrito,Sara Sara,SARA SARA,DISTRITO SARA SARA,DISTRITO SARA SARA,AYACUCHO|PAUCAR DEL SARA SARA|SARA SARA,05,Ayacucho,0508,Pàucar del Sara Sara
050901,distrito,Querobamba,QUEROBAMBA,DISTRITO QUEROBAMBA,DISTRITO QUEROBAMBA,AYACUCHO|SUCRE|QUEROBAMBA,05,Ayacucho,0509,Sucre
050902,distrito,Belén,BELEN,DISTRITO BELÉN,DISTRITO BELEN,AYACUCHO|SUCRE|BELEN,05,Ayacucho,0509,Sucre
050903,distrito,Chalcos,CHALCOS,DISTRITO CHALCOS,DISTRITO CHALCOS,AYACUCHO|SUCRE|CHALCOS,05,Ayacucho,0509,Sucre
050904,distrito,Chilcayoc,CHILCAYOC,DISTRITO CHILCAYOC,DISTRITO CHILCAYOC,AYACUCHO|SUCRE|CHILCAYOC,05,Ayacucho,0509,Sucre
050905,distrito,Huacaña,HUACANA,DISTRITO HUACAÑA,DISTRITO HUACANA,AYACUCHO|SUCRE|HUACANA,05,Ayacucho,0509,Sucre
050906,distrito,Morcolla,MORCOLLA,DISTRITO MORCOLLA,DISTRITO MORCOLLA,AYACUCHO|SUCRE|MORCOLLA,05,Ayacucho,0509,Sucre
050907,distrito,Paico,PAICO,DISTRITO PAICO,DISTRITO PAICO,AYACUCHO|SUCRE|PAICO,05,Ayacucho,0509,Sucre
050908,distrito,San Pedro de Larcay,SAN PEDRO DE LARCAY,DISTRITO SAN PEDRO DE LARCAY,DISTRITO SAN PEDRO DE LARCAY,AYACUCHO|SUCRE|SAN PEDRO DE LARCAY,05,Ayacucho,0509,Sucre
050909,distrito,San Salvador de Quije,SAN SALVADOR DE QUIJE,DISTRITO SAN SALVADOR DE QUIJE,DISTRITO SAN SALVADOR DE QUIJE,AYACUCHO|SUCRE|SAN SALVADOR DE QUIJE,05,Ayacucho,0509,Sucre
050910,distrito,Santiago de Paucaray,SANTIAGO DE PAUCARAY,DISTRITO SANTIAGO DE PAUCARAY,DISTRITO SANTIAGO DE PAUCARAY,AYACUCHO|SUCRE|SANTIAGO DE PAUCARAY,05,Ayacucho,0509,Sucre
050911,distrito,Soras,SORAS,DISTRITO SORAS,DISTRITO SORAS,AYACUCHO|SUCRE|SORAS,05,Ayacucho,0509,Sucre
051001,distrito,Huancapi,HUANCAPI,DISTRITO HUANCAPI,DISTRITO HUANCAPI,AYACUCHO|VICTOR FAJARDO|HUANCAPI,05,Ayacucho,0510,Víctor Fajardo
051002,distrito,Alcamenca,ALCAMENCA,DISTRITO ALCAMENCA,DISTRITO ALCAMENCA,AYACUCHO|VICTOR FAJARDO|ALCAMENCA,05,Ayacucho,0510,Víctor Fajardo
051003,distrito,Apongo,APONGO,DISTRITO APONGO,DISTRITO APONGO,AYACUCHO|VICTOR FAJARDO|APONGO,05,Ayacucho,0510,Víctor Fajardo
051004,distrito,Asquipata,ASQUIPATA,DISTRITO ASQUIPATA,DISTRITO ASQUIPATA,AYACUCHO|VICTOR FAJARDO|ASQUIPATA,05,Ayacucho,0510,Víctor Fajardo
051005,distrito,Canaria,CANARIA,DISTRITO CANARIA,DISTRITO CANARIA,AYACUCHO|VICTOR FAJARDO|CANARIA,05,Ayacucho,0510,Víctor Fajardo
051006,distrito,Cayara,CAYARA,DISTRITO CAYARA,DISTRITO CAYARA,AYACUCHO|VICTOR FAJARDO|CAYARA,05,Ayacucho,0510,Víctor Fajardo
051007,distrito,Colca,COLCA,DISTRITO COLCA,DISTRITO COLCA,AYACUCHO|VICTOR FAJARDO|COLCA,05,Ayacucho,0510,Víctor Fajardo
051008,distrito,Huamanquiquia,HUAMANQUIQUIA,DISTRITO HUAMANQUIQUIA,DISTRITO HUAMANQUIQUIA,AYACUCHO|VICTOR FAJARDO|HUAMANQUIQUIA,05,Ayacucho,0510,Víctor Fajardo
051009,distrito,Huancaraylla,HUANCARAYLLA,DISTRITO HUANCARAYLLA,DISTRITO HUANCARAYLLA,AYACUCHO|VICTOR FAJARDO|HUANCARAYLLA,05,Ayacucho,0510,Víctor Fajardo
051010,distrito,Hualla,HUALLA,DISTRITO HUALLA,DISTRITO HUALLA,AYACUCHO|VICTOR FAJARDO|HUALLA,05,Ayacucho,0510,Víctor Fajardo
051011,distrito,Sarhua,SARHUA,DISTRITO SARHUA,DISTRITO SARHUA,AYACUCHO|VICTOR FAJARDO|SARHUA,05,Ayacucho,0510,Víctor Fajardo
051012,distrito,Vilcanchos,VILCANCHOS,DISTRITO VILCANCHOS,DISTRITO VILCANCHOS,AYACUCHO|VICTOR FAJARDO|VILCANCHOS,05,Ayacucho,0510,Víctor Fajardo
051101,distrito,Vilcas Huaman,VILCAS HUAMAN,DISTRITO VILCAS HUAMAN,DISTRITO VILCAS HUAMAN,AYACUCHO|VILCAS HUAMAN|VILCAS HUAMAN,05,Ayacucho,0511,Vilcas Huamán
051102,distrito,Accomarca,ACCOMARCA,DISTRITO ACCOMARCA,DISTRITO ACCOMARCA,AYACUCHO|VILCAS HUAMAN|ACCOMARCA,05,Ayacucho,0511,Vilcas Huamán
051103,distrito,Carhuanca,CARHUANCA,DISTRITO CARHUANCA,DISTRITO CARHUANCA,AYACUCHO|VILCAS HUAMAN|CARHUANCA,05,Ayacucho,0511,Vilcas Huamán
051104,distrito,Concepción,CONCEPCION,DISTRITO CONCEPCIÓN,DISTRITO CONCEPCION,AYACUCHO|VILCAS HUAMAN|CONCEPCION,05,Ayacucho,0511,Vilcas Huamán
051105,distrito,Huambalpa,HUAMBALPA,DISTRITO HUAMBALPA,DISTRITO HUAMBALPA,AYACUCHO|VILCAS HUAMAN|HUAMBALPA,05,Ayacucho,0511,Vilcas Huamán
051106,distrito,Independencia,INDEPENDENCIA,DISTRITO INDEPENDENCIA,DISTRITO INDEPENDENCIA,AYACUCHO|VILCAS HUAMAN|INDEPENDENCIA,05,Ayacucho,0511,Vilcas Huamán
051107,distrito,Saurama,SAURAMA,DISTRITO SAURAMA,DISTRITO SAURAMA,AYACUCHO|VILCAS HUAMAN|SAURAMA,05,Ayacucho,0511,Vilcas Huamán
051108,distrito,Vischongo,VISCHONGO,DISTRITO VISCHONGO,DISTRITO VISCHONGO,AYACUCHO|VILCAS HUAMAN|VISCHONGO,05,Ayacucho,0511,Vilcas Huamán
060101,distrito,Cajamarca,CAJAMARCA,DISTRITO CAJAMARCA,DISTRITO CAJAMARCA,CAJAMARCA|CAJAMARCA|CAJAMARCA,06,Cajamarca,0601,Cajamarca
060102,distrito,Asunción,ASUNCION,DISTRITO ASUNCIÓN,DISTRITO ASUNCION,CAJAMARCA|CAJAMARCA|ASUNCION,06,Cajamarca,0601,Cajamarca
060103,distrito,Chetilla,CHETILLA,DISTRITO CHETILLA,DISTRITO CHETILLA,CAJAMARCA|CAJAMARCA|CHETILLA,06,Cajamarca,0601,Cajamarca
060104,distrito,Cospan,COSPAN,DISTRITO COSPAN,DISTRITO COSPAN,CAJAMARCA|CAJAMARCA|COSPAN,06,Cajamarca,0601,Cajamarca
060105,distrito,Encañada,ENCANADA,DISTRITO ENCAÑADA,DISTRITO ENCANADA,CAJAMARCA|CAJAMARCA|ENCANADA,06,Cajamarca,0601,Cajamarca
060106,distrito,Jesús,JESUS,DISTRITO JESÚS,DISTRITO JESUS,CAJAMARCA|CAJAMARCA|JESUS,06,Cajamarca,0601,Cajamarca
060107,distrito,Llacanora,LLACANORA,DISTRITO LLACANORA,DISTRITO LLACANORA,CAJAMARCA|CAJAMARCA|LLACANORA,06,Cajamarca,0601,Cajamarca
060108,distrito,Los Baños del Inca,LOS BANOS DEL INCA,DISTRITO LOS BAÑOS DEL INCA,DISTRITO LOS BANOS DEL INCA,CAJAMARCA|CAJAMARCA|LOS BANOS DEL INCA,06,Cajamarca,0601,Cajamarca
060109,distrito,Magdalena,MAGDALENA,DISTRITO MAGDALENA,DISTRITO MAGDALENA,CAJAMARCA|CAJAMARCA|MAGDALENA,06,Cajamarca,0601,Cajamarca
060110,distrito,Matara,MATARA,DISTRITO MATARA,DISTRITO MATARA,CAJAMARCA|CAJAMARCA|MATARA,06,Cajamarca,0601,Cajamarca
060111,distrito,Namora,NAMORA,DISTRITO NAMORA,DISTRITO NAMORA,CAJAMARCA|CAJAMARCA|NAMORA,06,Cajamarca,0601,Cajamarca
060112,distrito,San Juan,SAN JUAN,DISTRITO SAN JUAN,DISTRITO SAN JUAN,CAJAMARCA|CAJAMARCA|SAN JUAN,06,Cajamarca,0601,Cajamarca
060201,distrito,Cajabamba,CAJABAMBA,DISTRITO CAJABAMBA,DISTRITO CAJABAMBA,CAJAMARCA|CAJABAMBA|CAJABAMBA,06,Cajamarca,0602,Cajabamba
060202,distrito,Cachachi,CACHACHI,DISTRITO CACHACHI,DISTRITO CACHACHI,CAJAMARCA|CAJABAMBA|CACHACHI,06,Cajamarca,0602,Cajabamba
060203,distrito,Condebamba,CONDEBAMBA,DISTRITO CONDEBAMBA,DISTRITO CONDEBAMBA,CAJAMARCA|CAJABAMBA|CONDEBAMBA,06,Cajamarca,0602,Cajabamba
060204,distrito,Sitacocha,SITACOCHA,DISTRITO SITACOCHA,DISTRITO SITACOCHA,CAJAMARCA|CAJABAMBA|SITACOCHA,06,Cajamarca,0602,Cajabamba
060301,distrito,Celendín,CELENDIN,DISTRITO CELENDÍN,DISTRITO CELENDIN,CAJAMARCA|CELENDIN|CELENDIN,06,Cajamarca,0603,Celendín
060302,distrito,Chumuch,CHUMUCH,DISTRITO CHUMUCH,DISTRITO CHUMUCH,CAJAMARCA|CELENDIN|CHUMUCH,06,Cajamarca,0603,Celendín
060303,distrito,Cortegana,CORTEGANA,DISTRITO CORTEGANA,DISTRITO CORTEGANA,CAJAMARCA|CELENDIN|CORTEGANA,06,Cajamarca,0603,Celendín
060304,distrito,Huasmin,HUASMIN,DISTRITO HUASMIN,DISTRITO HUASMIN,CAJAMARCA|CELENDIN|HUASMIN,06,Cajamarca,0603,Celendín
060305,distrito,Jorge Chávez,JORGE CHAVEZ,DISTRITO JORGE CHÁVEZ,DISTRITO JORGE CHAVEZ,CAJAMARCA|CELENDIN|JORGE CHAVEZ,06,Cajamarca,0603,Celendín
060306,distrito,José Gálvez,JOSE GALVEZ,DISTRITO JOSÉ GÁLVEZ,DISTRITO JOSE GALVEZ,CAJAMARCA|CELENDIN|JOSE GALVEZ,06,Cajamarca,0603,Celendín
060307,distrito,Miguel Iglesias,MIGUEL IGLESIAS,DISTRITO MIGUEL IGLESIAS,DISTRITO MIGUEL IGLESIAS,CAJAMARCA|CELENDIN|MIGUEL IGLESIAS,06,Cajamarca,0603,Celendín
060308,distrito,Oxamarca,OXAMARCA,DISTRITO OXAMARCA,DISTRITO OXAMARCA,CAJAMARCA|CELENDIN|OXAMARCA,06,Cajamarca,0603,Celendín
060309,distrito,Sorochuco,SOROCHUCO,DISTRITO SOROCHUCO,DISTRITO SOROCHUCO,CAJAMARCA|CELENDIN|SOROCHUCO,06,Cajamarca,0603,Celendín
060310,distrito,Sucre,SUCRE,DISTRITO SUCRE,DISTRITO SUCRE,CAJAMARCA|CELENDIN|SUCRE,06,Cajamarca,0603,Celendín
060311,distrito,Utco,UTCO,DISTRITO UTCO,DISTRITO UTCO,CAJAMARCA|CELENDIN|UTCO,06,Cajamarca,0603,Celendín
060312,distrito,La Libertad de Pallan,LA LIBERTAD DE PALLAN,DISTRITO LA LIBERTAD DE PALLAN,DISTRITO LA LIBERTAD DE PALLAN,CAJAMARCA|CELENDIN|LA LIBERTAD DE PALLAN,06,Cajamarca,0603,Celendín
060401,distrito,Chota,CHOTA,DISTRITO CHOTA,DISTRITO CHOTA,CAJAMARCA|CHOTA|CHOTA,06,Cajamarca,0604,Chota
060402,distrito,Anguia,ANGUIA,DISTRITO ANGUIA,DISTRITO ANGUIA,CAJAMARCA|CHOTA|ANGUIA,06,Cajamarca,0604,Chota
060403,distrito,Chadin,CHADIN,DISTRITO CHADIN,DISTRITO CHADIN,CAJAMARCA|CHOTA|CHADIN,06,Cajamarca,0604,Chota
060404,distrito,Chiguirip,CHIGUIRIP,DISTRITO CHIGUIRIP,DISTRITO CHIGUIRIP,CAJAMARCA|CHOTA|CHIGUIRIP,06,Cajamarca,0604,Chota
060405,distrito,Chimban,CHIMBAN,DISTRITO CHIMBAN,DISTRITO CHIMBAN,CAJAMARCA|CHOTA|CHIMBAN,06,Cajamarca,0604,Chota
060406,distrito,Choropampa,CHOROPAMPA,DISTRITO CHOROPAMPA,DISTRITO CHOROPAMPA,CAJAMARCA|CHOTA|CHOROPAMPA,06,Cajamarca,0604,Chota
060407,distrito,Cochabamba,COCHABAMBA,DISTRITO COCHABAMBA,DISTRITO COCHABAMBA,CAJAMARCA|CHOTA|COCHABAMBA,06,Cajamarca,0604,Chota
060408,distrito,Conchan,CONCHAN,DISTRITO CONCHAN,DISTRITO CONCHAN,CAJAMARCA|CHOTA|CONCHAN,06,Cajamarca,0604,Chota
060409,distrito,Huambos,HUAMBOS,DISTRITO HUAMBOS,DISTRITO HUAMBOS,CAJAMARCA|CHOTA|HUAMBOS,06,Cajamarca,0604,Chota
060410,distrito,Lajas,LAJAS,DISTRITO LAJAS,DISTRITO LAJAS,CAJAMARCA|CHOTA|LAJAS,06,Cajamarca,0604,Chota
060411,distrito,Llama,LLAMA,DISTRITO LLAMA,DISTRITO LLAMA,CAJAMARCA|CHOTA|LLAMA,06,Cajamarca,0604,Chota
060412,distrito,Miracosta,MIRACOSTA,DISTRITO MIRACOSTA,DISTRITO MIRACOSTA,CAJAMARCA|CHOTA|MIRACOSTA,06,Cajamarca,0604,Chota
060413,distrito,Paccha,PACCHA,DISTRITO PACCHA,DISTRITO PACCHA,CAJAMARCA|CHOTA|PACCHA,06,Cajamarca,0604,Chota
060414,distrito,Pion,PION,DISTRITO PION,DISTRITO PION,CAJAMARCA|CHOTA|PION,06,Cajamarca,0604,Chota
060415,distrito,Querocoto,QUEROCOTO,DISTRITO QUEROCOTO,DISTRITO QUEROCOTO,CAJAMARCA|CHOTA|QUEROCOTO,06,Cajamarca,0604,Chota
060416,distrito,San Juan de Licupis,SAN JUAN DE LICUPIS,DISTRITO SAN JUAN DE LICUPIS,DISTRITO SAN JUAN DE LICUPIS,CAJAMARCA|CHOTA|SAN JUAN DE LICUPIS,06,Cajamarca,0604,Chota
060417,distrito,Tacabamba,TACABAMBA,DISTRITO TACABAMBA,DISTRITO TACABAMBA,CAJAMARCA|CHOTA|TACABAMBA,06,Cajamarca,0604,Chota
060418,distrito,Tocmoche,TOCMOCHE,DISTRITO TOCMOCHE,DISTRITO TOCMOCHE,CAJAMARCA|CHOTA|TOCMOCHE,06,Cajamarca,0604,Chota
060419,distrito,Chalamarca,CHALAMARCA,DISTRITO CHALAMARCA,DISTRITO CHALAMARCA,CAJAMARCA|CHOTA|CHALAMARCA,06,Cajamarca,0604,Chota
060501,distrito,Contumaza,CONTUMAZA,DISTRITO CONTUMAZA,DISTRITO CONTUMAZA,CAJAMARCA|CONTUMAZA|CONTUMAZA,06,Cajamarca,0605,Contumazá
060502,distrito,Chilete,CHILETE,DISTRITO CHILETE,DISTRITO CHILETE,CAJAMARCA|CONTUMAZA|CHILETE,06,Cajamarca,0605,Contumazá
060503,distrito,Cupisnique,CUPISNIQUE,DISTRITO CUPISNIQUE,DISTRITO CUPISNIQUE,CAJAMARCA|CONTUMAZA|CUPISNIQUE,06,Cajamarca,0605,Contumazá
060504,distrito,Guzmango,GUZMANGO,DISTRITO GUZMANGO,DISTRITO GUZMANGO,CAJAMARCA|CONTUMAZA|GUZMANGO,06,Cajamarca,0605,Contumazá
060505,distrito,San Benito,SAN BENITO,DISTRITO SAN BENITO,DISTRITO SAN BENITO,CAJAMARCA|CONTUMAZA|SAN BENITO,06,Cajamarca,0605,Contumazá
060506,distrito,Santa Cruz de Toledo,SANTA CRUZ DE TOLEDO,DISTRITO SANTA CRUZ DE TOLEDO,DISTRITO SANTA CRUZ DE TOLEDO,CAJAMARCA|CONTUMAZA|SANTA CRUZ DE TOLEDO,06,Cajamarca,0605,Contumazá
060507,distrito,Tantarica,TANTARICA,DISTRITO TANTARICA,DISTRITO TANTARICA,CAJAMARCA|CONTUMAZA|TANTARICA,06,Cajamarca,0605,Contumazá
060508,distrito,Yonan,YONAN,DISTRITO YONAN,DISTRITO YONAN,CAJAMARCA|CONTUMAZA|YONAN,06,Cajamarca,0605,Contumazá
060601,distrito,Cutervo,CUTERVO,DISTRITO CUTERVO,DISTRITO CUTERVO,CAJAMARCA|CUTERVO|CUTERVO,06,Cajamarca,0606,Cutervo
060602,distrito,Callayuc,CALLAYUC,DISTRITO CALLAYUC,DISTRITO CALLAYUC,CAJAMARCA|CUTERVO|CALLAYUC,06,Cajamarca,0606,Cutervo
060603,distrito,Choros,CHOROS,DISTRITO CHOROS,DISTRITO CHOROS,CAJAMARCA|CUTERVO|CHOROS,06,Cajamarca,0606,Cutervo
060604,distrito,Cujillo,CUJILLO,DISTRITO CUJILLO,DISTRITO CUJILLO,CAJAMARCA|CUTERVO|CUJILLO,06,Cajamarca,0606,Cutervo
060605,distrito,La Ramada,LA RAMADA,DISTRITO LA RAMADA,DISTRITO LA RAMADA,CAJAMARCA|CUTERVO|LA RAMADA,06,Cajamarca,0606,Cutervo
060606,distrito,Pimpingos,PIMPINGOS,DISTRITO PIMPINGOS,DISTRITO PIMPINGOS,CAJAMARCA|CUTERVO|PIMPINGOS,06,Cajamarca,0606,Cutervo
060607,distrito,Querocotillo,QUEROCOTILLO,DISTRITO QUEROCOTILLO,DISTRITO QUEROCOTILLO,CAJAMARCA|CUTERVO|QUEROCOTILLO,06,Cajamarca,0606,Cutervo
060608,distrito,San Andrés de Cutervo,SAN ANDRES DE CUTERVO,DISTRITO SAN ANDRÉS DE CUTERVO,DISTRITO SAN ANDRES DE CUTERVO,CAJAMARCA|CUTERVO|SAN ANDRES DE CUTERVO,06,Cajamarca,0606,Cutervo
060609,distrito,San Juan de Cutervo,SAN JUAN DE CUTERVO,DISTRITO SAN JUAN DE CUTERVO,DISTRITO SAN JUAN DE CUTERVO,CAJAMARCA|CUTERVO|SAN JUAN DE CUTERVO,06,Cajamarca,0606,Cutervo
060610,distrito,San Luis de Lucma,SAN LUIS DE LUCMA,DISTRITO SAN LUIS DE LUCMA,DISTRITO SAN LUIS DE LUCMA,CAJAMARCA|CUTERVO|SAN LUIS DE LUCMA,06,Cajamarca,0606,Cutervo
060611,distrito,Santa Cruz,SANTA CRUZ,DISTRITO SANTA CRUZ,DISTRITO SANTA CRUZ,CAJAMARCA|CUTERVO|SANTA CRUZ,06,Cajamarca,0606,Cutervo
060612,distrito,Santo Domingo de la Capilla,SANTO DOMINGO DE LA CAPILLA,DISTRITO SANTO DOMINGO DE LA CAPILLA,DISTRITO SANTO DOMINGO DE LA CAPILLA,CAJAMARCA|CUTERVO|SANTO DOMINGO DE LA CAPILLA,06,Cajamarca,0606,Cutervo
060613,distrito,Santo Tomas,SANTO TOMAS,DISTRITO SANTO TOMAS,DISTRITO SANTO TOMAS,CAJAMARCA|CUTERVO|SANTO TOMAS,06,Cajamarca,0606,Cutervo
060614,distrito,Socota,SOCOTA,DISTRITO SOCOTA,DISTRITO SOCOTA,CAJAMARCA|CUTERVO|SOCOTA,06,Cajamarca,0606,Cutervo
060615,distrito,Toribio Casanova,TORIBIO CASANOVA,DISTRITO TORIBIO CASANOVA,DISTRITO TORIBIO CASANOVA,CAJAMARCA|CUTERVO|TORIBIO CASANOVA,06,Cajamarca,0606,Cutervo
060701,distrito,Bambamarca,BAMBAMARCA,DISTRITO BAMBAMARCA,DISTRITO BAMBAMARCA,CAJAMARCA|HUALGAYOC|BAMBAMARCA,06,Cajamarca,0607,Hualgayoc
060702,distrito,Chugur,CHUGUR,DISTRITO CHUGUR,DISTRITO CHUGUR,CAJAMARCA|HUALGAYOC|CHUGUR,06,Cajamarca,0607,Hualgayoc
060703,distrito,Hualgayoc,HUALGAYOC,DISTRITO HUALGAYOC,DISTRITO HUALGAYOC,CAJAMARCA|HUALGAYOC|HUALGAYOC,06,Cajamarca,0607,Hualgayoc
060801,distrito,Jaén,JAEN,DISTRITO JAÉN,DISTRITO JAEN,CAJAMARCA|JAEN|JAEN,06,Cajamarca,0608,Jaén
060802,distrito,Bellavista,BELLAVISTA,DISTRITO BELLAVISTA,DISTRITO BELLAVISTA,CAJAMARCA|JAEN|BELLAVISTA,06,Cajamarca,0608,Jaén
060803,distrito,Chontali,CHONTALI,DISTRITO CHONTALI,DISTRITO CHONTALI,CAJAMARCA|JAEN|CHONTALI,06,Cajamarca,0608,Jaén
060804,distrito,Colasay,COLASAY,DISTRITO COLASAY,DISTRITO COLASAY,CAJAMARCA|JAEN|COLASAY,06,Cajamarca,0608,Jaén
060805,distrito,Huabal,HUABAL,DISTRITO HUABAL,DISTRITO HUABAL,CAJAMARCA|JAEN|HUABAL,06,Cajamarca,0608,Jaén
060806,distrito,Las Pirias,LAS PIRIAS,DISTRITO LAS PIRIAS,DISTRITO LAS PIRIAS,CAJAMARCA|JAEN|LAS PIRIAS,06,Cajamarca,0608,Jaén
060807,distrito,Pomahuaca,POMAHUACA,DISTRITO POMAHUACA,DISTRITO POMAHUACA,CAJAMARCA|JAEN|POMAHUACA,06,Cajamarca,0608,Jaén
060808,distrito,Pucara,PUCARA,DISTRITO PUCARA,DISTRITO PUCARA,CAJAMARCA|JAEN|PUCARA,06,Cajamarca,0608,Jaén
060809,distrito,Sallique,SALLIQUE,DISTRITO SALLIQUE,DISTRITO SALLIQUE,CAJAMARCA|JAEN|SALLIQUE,06,Cajamarca,0608,Jaén
060810,distrito,San Felipe,SAN FELIPE,DISTRITO SAN FELIPE,DISTRITO SAN FELIPE,CAJAMARCA|JAEN|SAN FELIPE,06,Cajamarca,0608,Jaén
060811,distrito,San José del Alto,SAN JOSE DEL ALTO,DISTRITO SAN JOSÉ DEL ALTO,DISTRITO SAN JOSE DEL ALTO,CAJAMARCA|JAEN|SAN JOSE DEL ALTO,06,Cajamarca,0608,Jaén
060812,distrito,Santa Rosa,SANTA ROSA,DISTRITO SANTA ROSA,DISTRITO SANTA ROSA,CAJAMARCA|JAEN|SANTA ROSA,06,Cajamarca,0608,Jaén
060901,distrito,San Ignacio,SAN IGNACIO,DISTRITO SAN IGNACIO,DISTRITO SAN IGNACIO,CAJAMARCA|SAN IGNACIO|SAN IGNACIO,06,Cajamarca,0609,San Ignacio
060902,distrito,Chirinos,CHIRINOS,DISTRITO CHIRINOS,DISTRITO CHIRINOS,CAJAMARCA|SAN IGNACIO|CHIRINOS,06,Cajamarca,0609,San Ignacio
060903,distrito,Huarango,HUARANGO,DISTRITO HUARANGO,DISTRITO HUARANGO,CAJAMARCA|SAN IGNACIO|HUARANGO,06,Cajamarca,0609,San Ignacio
060904,distrito,La Coipa,LA COIPA,DISTRITO LA COIPA,DISTRITO LA COIPA,CAJAMARCA|SAN IGNACIO|LA COIPA,06,Cajamarca,0609,San Ignacio
060905,distrito,Namballe,NAMBALLE,DISTRITO NAMBALLE,DISTRITO NAMBALLE,CAJAMARCA|SAN IGNACIO|NAMBALLE,06,Cajamarca,0609,San Ignacio
060906,distrito,San José de Lourdes,SAN JOSE DE LOURDES,DISTRITO SAN JOSÉ DE LOURDES,DISTRITO SAN JOSE DE LOURDES,CAJAMARCA|SAN IGNACIO|SAN JOSE DE LOURDES,06,Cajamarca,0609,San Ignacio
060907,distrito,Tabaconas,TABACONAS,DISTRITO TABACONAS,DISTRITO TABACONAS,CAJAMARCA|SAN IGNACIO|TABACONAS,06,Cajamarca,0609,San Ignacio
061001,distrito,Pedro Gálvez,PEDRO GALVEZ,DISTRITO PEDRO GÁLVEZ,DISTRITO PEDRO GALVEZ,CAJAMARCA|SAN MARCOS|PEDRO GALVEZ,06,Cajamarca,0610,San Marcos
061002,distrito,Chancay,CHANCAY,DISTRITO CHANCAY,DISTRITO CHANCAY,CAJAMARCA|SAN MARCOS|CHANCAY,06,Cajamarca,0610,San Marcos
061003,distrito,Eduardo Villanueva,EDUARDO VILLANUEVA,DISTRITO EDUARDO VILLANUEVA,DISTRITO EDUARDO VILLANUEVA,CAJAMARCA|SAN MARCOS|EDUARDO VILLANUEVA,06,Cajamarca,0610,San Marcos
061004,distrito,Gregorio Pita,GREGORIO PITA,DISTRITO GREGORIO PITA,DISTRITO GREGORIO PITA,CAJAMARCA|SAN MARCOS|GREGORIO PITA,06,Cajamarca,0610,San Marcos
061005,distrito,Ichocan,ICHOCAN,DISTRITO ICHOCAN,DISTRITO ICHOCAN,CAJAMARCA|SAN MARCOS|ICHOCAN,06,Cajamarca,0610,San Marcos
061006,distrito,José Manuel Quiroz,JOSE MANUEL QUIROZ,DISTRITO JOSÉ MANUEL QUIROZ,DISTRITO JOSE MANUEL QUIROZ,CAJAMARCA|SAN MARCOS|JOSE MANUEL QUIROZ,06,Cajamarca,0610,San Marcos
061007,distrito,José Sabogal,JOSE SABOGAL,DISTRITO JOSÉ SABOGAL,DISTRITO JOSE SABOGAL,CAJAMARCA|SAN MARCOS|JOSE SABOGAL,06,Cajamarca,0610,San Marcos
061101,distrito,San Miguel,SAN MIGUEL,DISTRITO SAN MIGUEL,DISTRITO SAN MIGUEL,CAJAMARCA|SAN MIGUEL|SAN MIGUEL,06,Cajamarca,0611,San Miguel
061102,distrito,Bolívar,BOLIVAR,DISTRITO BOLÍVAR,DISTRITO BOLIVAR,CAJAMARCA|SAN MIGUEL|BOLIVAR,06,Cajamarca,0611,San Miguel
061103,distrito,Calquis,CALQUIS,DISTRITO CALQUIS,DISTRITO CALQUIS,CAJAMARCA|SAN MIGUEL|CALQUIS,06,Cajamarca,0611,San Miguel
061104,distrito,Catilluc,CATILLUC,DISTRITO CATILLUC,DISTRITO CATILLUC,CAJAMARCA|SAN MIGUEL|CATILLUC,06,Cajamarca,0611,San Miguel
061105,distrito,El Prado,EL PRADO,DISTRITO EL PRADO,DISTRITO EL PRADO,CAJAMARCA|SAN MIGUEL|EL PRADO,06,Cajamarca,0611,San Miguel
061106,distrito,La Florida,LA FLORIDA,DISTRITO LA FLORIDA,DISTRITO LA FLORIDA,CAJAMARCA|SAN MIGUEL|LA FLORIDA,06,Cajamarca,0611,San Miguel
061107,distrito,Llapa,LLAPA,DISTRITO LLAPA,DISTRITO LLAPA,CAJAMARCA|SAN MIGUEL|LLAPA,06,Cajamarca,0611,San Miguel
061108,distrito,Nanchoc,NANCHOC,DISTRITO NANCHOC,DISTRITO NANCHOC,CAJAMARCA|SAN MIGUEL|NANCHOC,06,Cajamarca,0611,San Miguel
061109,distrito,Niepos,NIEPOS,DISTRITO NIEPOS,DISTRITO NIEPOS,CAJAMARCA|SAN MIGUEL|NIEPOS,06,Cajamarca,0611,San Miguel
061110,distrito,San Gregorio,SAN GREGORIO,DISTRITO SAN GREGORIO,DISTRITO SAN GREGORIO,CAJAMARCA|SAN MIGUEL|SAN GREGORIO,06,Cajamarca,0611,San Miguel
061111,distrito,San Silvestre de Cochan,SAN SILVESTRE DE COCHAN,DISTRITO SAN SILVESTRE DE COCHAN,DISTRITO SAN SILVESTRE DE COCHAN,CAJAMARCA|SAN MIGUEL|SAN SILVESTRE DE COCHAN,06,Cajamarca,0611,San Miguel
061112,distrito,Tongod,TONGOD,DISTRITO TONGOD,DISTRITO TONGOD,CAJAMARCA|SAN MIGUEL|TONGOD,06,Cajamarca,0611,San Miguel
061113,distrito,Unión Agua Blanca,UNION AGUA BLANCA,DISTRITO UNIÓN AGUA BLANCA,DISTRITO UNION AGUA BLANCA,CAJAMARCA|SAN MIGUEL|UNION AGUA BLANCA,06,Cajamarca,0611,San Miguel
061201,distrito,San Pablo,SAN PABLO,DISTRITO SAN PABLO,DISTRITO SAN PABLO,CAJAMARCA|SAN PABLO|SAN PABLO,06,Cajamarca,0612,San Pablo
061202,distrito,San Bernardino,SAN BERNARDINO,DISTRITO SAN BERNARDINO,DISTRITO SAN BERNARDINO,CAJAMARCA|SAN PABLO|SAN BERNARDINO,06,Cajamarca,0612,San Pablo
061203,distrito,San Luis,SAN LUIS,DISTRITO SAN LUIS,DISTRITO SAN LUIS,CAJAMARCA|SAN PABLO|SAN LUIS,06,Cajamarca,0612,San Pablo
061204,distrito,Tumbaden,TUMBADEN,DISTRITO TUMBADEN,DISTRITO TUMBADEN,CAJAMARCA|SAN PABLO|TUMBADEN,06,Cajamarca,0612,San Pablo
061301,distrito,Santa Cruz,SANTA CRUZ,DISTRITO SANTA CRUZ,DISTRITO SANTA CRUZ,CAJAMARCA|SANTA CRUZ|SANTA CRUZ,06,Cajamarca,0613,Santa Cruz
061302,distrito,Andabamba,ANDABAMBA,DISTRITO ANDABAMBA,DISTRITO ANDABAMBA,CAJAMARCA|SANTA CRUZ|ANDABAMBA,06,Cajamarca,0613,Santa Cruz
061303,distrito,Catache,CATACHE,DISTRITO CATACHE,DISTRITO CATACHE,CAJAMARCA|SANTA CRUZ|CATACHE,06,Cajamarca,0613,Santa Cruz
061304,distrito,Chancaybaños,CHANCAYBANOS,DISTRITO CHANCAYBAÑOS,DISTRITO CHANCAYBANOS,CAJAMARCA|SANTA CRUZ|CHANCAYBANOS,06,Cajamarca,0613,Santa Cruz
061305,distrito,La Esperanza,LA ESPERANZA,DISTRITO LA ESPERANZA,DISTRITO LA ESPERANZA,CAJAMARCA|SANTA CRUZ|LA ESPERANZA,06,Cajamarca,0613,Santa Cruz
061306,distrito,Ninabamba,NINABAMBA,DISTRITO NINABAMBA,DISTRITO NINABAMBA,CAJAMARCA|SANTA CRUZ|NINABAMBA,06,Cajamarca,0613,Santa Cruz
061307,distrito,Pulan,PULAN,DISTRITO PULAN,DISTRITO PULAN,CAJAMARCA|SANTA CRUZ|PULAN,06,Cajamarca,0613,Santa Cruz
061308,distrito,Saucepampa,SAUCEPAMPA,DISTRITO SAUCEPAMPA,DISTRITO SAUCEPAMPA,CAJAMARCA|SANTA CRUZ|SAUCEPAMPA,06,Cajamarca,0613,Santa Cruz
061309,distrito,Sexi,SEXI,DISTRITO SEXI,DISTRITO SEXI,CAJAMARCA|SANTA CRUZ|SEXI,06,Cajamarca,0613,Santa Cruz
061310,distrito,Uticyacu,UTICYACU,DISTRITO UTICYACU,DISTRITO UTICYACU,CAJAMARCA|SANTA CRUZ|UTICYACU,06,Cajamarca,0613,Santa Cruz
061311,distrito,Yauyucan,YAUYUCAN,DISTRITO YAUYUCAN,DISTRITO YAUYUCAN,CAJAMARCA|SANTA CRUZ|YAUYUCAN,06,Cajamarca,0613,Santa Cruz
070101,distrito,Callao,CALLAO,DISTRITO CALLAO,DISTRITO CALLAO,CALLAO|PROV. CONST. DEL CALLAO|CALLAO,07,Callao,0701,Prov. Const. del Callao
070102,distrito,Bellavista,BELLAVISTA,DISTRITO BELLAVISTA,DISTRITO BELLAVISTA,CALLAO|PROV. CONST. DEL CALLAO|BELLAVISTA,07,Callao,0701,Prov. Const. del Callao
070103,distrito,Carmen de la Legua Reynoso,CARMEN DE LA LEGUA REYNOSO,DISTRITO CARMEN DE LA LEGUA REYNOSO,DISTRITO CARMEN DE LA LEGUA REYNOSO,CALLAO|PROV. CONST. DEL CALLAO|CARMEN DE LA LEGUA REYNOSO,07,Callao,0701,Prov. Const. del Callao
070104,distrito,La Perla,LA PERLA,DISTRITO LA PERLA,DISTRITO LA PERLA,CALLAO|PROV. CONST. DEL CALLAO|LA PERLA,07,Callao,0701,Prov. Const. del Callao
070105,distrito,La Punta,LA PUNTA,DISTRITO LA PUNTA,DISTRITO LA PUNTA,CALLAO|PROV. CONST. DEL CALLAO|LA PUNTA,07,Callao,0701,Prov. Const. del Callao
070106,distrito,Ventanilla,VENTANILLA,DISTRITO VENTANILLA,DISTRITO VENTANILLA,CALLAO|PROV. CONST. DEL CALLAO|VENTANILLA,07,Callao,0701,Prov. Const. del Callao
070107,distrito,Mi Perú,MI PERU,DISTRITO MI PERÚ,DISTRITO MI PERU,CALLAO|PROV. CONST. DEL CALLAO|MI PERU,07,Callao,0701,Prov. Const. del Callao
080101,distrito,Cusco,CUSCO,DISTRITO CUSCO,DISTRITO CUSCO,CUSCO|CUSCO|CUSCO,08,Cusco,0801,Cusco
080102,distrito,Ccorca,CCORCA,DISTRITO CCORCA,DISTRITO CCORCA,CUSCO|CUSCO|CCORCA,08,Cusco,0801,Cusco
080103,distrito,Poroy,POROY,DISTRITO POROY,DISTRITO POROY,CUSCO|CUSCO|POROY,08,Cusco,0801,Cusco
080104,distrito,San Jerónimo,SAN JERONIMO,DISTRITO SAN JERÓNIMO,DISTRITO SAN JERONIMO,CUSCO|CUSCO|SAN JERONIMO,08,Cusco,0801,Cusco
080105,distrito,San Sebastian,SAN SEBASTIAN,DISTRITO SAN SEBASTIAN,DISTRITO SAN SEBASTIAN,CUSCO|CUSCO|SAN SEBASTIAN,08,Cusco,0801,Cusco
080106,distrito,Santiago,SANTIAGO,DISTRITO SANTIAGO,DISTRITO SANTIAGO,CUSCO|CUSCO|SANTIAGO,08,Cusco,0801,Cusco
080107,distrito,Saylla,SAYLLA,DISTRITO SAYLLA,DISTRITO SAYLLA,CUSCO|CUSCO|SAYLLA,08,Cusco,0801,Cusco
080108,distrito,Wanchaq,WANCHAQ,DISTRITO WANCHAQ,DISTRITO WANCHAQ,CUSCO|CUSCO|WANCHAQ,08,Cusco,0801,Cusco
080201,distrito,Acomayo,ACOMAYO,DISTRITO ACOMAYO,DISTRITO ACOMAYO,CUSCO|ACOMAYO|ACOMAYO,08,Cusco,0802,Acomayo
080202,distrito,Acopia,ACOPIA,DISTRITO ACOPIA,DISTRITO ACOPIA,CUSCO|ACOMAYO|ACOPIA,08,Cusco,0802,Acomayo
080203,distrito,Acos,ACOS,DISTRITO ACOS,DISTRITO ACOS,CUSCO|ACOMAYO|ACOS,08,Cusco,0802,Acomayo
080204,distrito,Mosoc Llacta,MOSOC LLACTA,DISTRITO MOSOC LLACTA,DISTRITO MOSOC LLACTA,CUSCO|ACOMAYO|MOSOC LLACTA,08,Cusco,0802,Acomayo
080205,distrito,Pomacanchi,POMACANCHI,DISTRITO POMACANCHI,DISTRITO POMACANCHI,CUSCO|ACOMAYO|POMACANCHI,08,Cusco,0802,Acomayo
080206,distrito,Rondocan,RONDOCAN,DISTRITO RONDOCAN,DISTRITO RONDOCAN,CUSCO|ACOMAYO|RONDOCAN,08,Cusco,0802,Acomayo
080207,distrito,Sangarara,SANGARARA,DISTRITO SANGARARA,DISTRITO SANGARARA,CUSCO|ACOMAYO|SANGARARA,08,Cusco,0802,Acomayo
080301,distrito,Anta,ANTA,DISTRITO ANTA,DISTRITO ANTA,CUSCO|ANTA|ANTA,08,Cusco,0803,Anta
080302,distrito,Ancahuasi,ANCAHUASI,DISTRITO ANCAHUASI,DISTRITO ANCAHUASI,CUSCO|ANTA|ANCAHUASI,08,Cusco,0803,Anta
080303,distrito,Cachimayo,CACHIMAYO,DISTRITO CACHIMAYO,DISTRITO CACHIMAYO,CUSCO|ANTA|CACHIMAYO,08,Cusco,0803,Anta
080304,distrito,Chinchaypujio,CHINCHAYPUJIO,DISTRITO CHINCHAYPUJIO,DISTRITO CHINCHAYPUJIO,CUSCO|ANTA|CHINCHAYPUJIO,08,Cusco,0803,Anta
080305,distrito,Huarocondo,HUAROCONDO,DISTRITO HUAROCONDO,DISTRITO HUAROCONDO,CUSCO|ANTA|HUAROCONDO,08,Cusco,0803,Anta
080306,distrito,Limatambo,LIMATAMBO,DISTRITO LIMATAMBO,DISTRITO LIMATAMBO,CUSCO|ANTA|LIMATAMBO,08,Cusco,0803,Anta
080307,distrito,Mollepata,MOLLEPATA,DISTRITO MOLLEPATA,DISTRITO MOLLEPATA,CUSCO|ANTA|MOLLEPATA,08,Cusco,0803,Anta
080308,distrito,Pucyura,PUCYURA,DISTRITO PUCYURA,DISTRITO PUCYURA,CUSCO|ANTA|PUCYURA,08,Cusco,0803,Anta
080309,distrito,Zurite,ZURITE,DISTRITO ZURITE,DISTRITO ZURITE,CUSCO|ANTA|ZURITE,08,Cusco,0803,Anta
080401,distrito,Calca,CALCA,DISTRITO CALCA,DISTRITO CALCA,CUSCO|CALCA|CALCA,08,Cusco,0804,Calca
080402,distrito,Coya,COYA,DISTRITO COYA,DISTRITO COYA,CUSCO|CALCA|COYA,08,Cusco,0804,Calca
080403,distrito,Lamay,LAMAY,DISTRITO LAMAY,DISTRITO LAMAY,CUSCO|CALCA|LAMAY,08,Cusco,0804,Calca
080404,distrito,Lares,LARES,DISTRITO LARES,DISTRITO LARES,CUSCO|CALCA|LARES,08,Cusco,0804,Calca
080405,distrito,Pisac,PISAC,DISTRITO PISAC,DISTRITO PISAC,CUSCO|CALCA|PISAC,08,Cusco,0804,Calca
080406,distrito,San Salvador,SAN SALVADOR,DISTRITO SAN SALVADOR,DISTRITO SAN SALVADOR,CUSCO|CALCA|SAN SALVADOR,08,Cusco,0804,Calca
080407,distrito,Taray,TARAY,DISTRITO TARAY,DISTRITO TARAY,CUSCO|CALCA|TARAY,08,Cusco,0804,Calca
080408,distrito,Yanatile,YANATILE,DISTRITO YANATILE,DISTRITO YANATILE,CUSCO|CALCA|YANATILE,08,Cusco,0804,Calca
080501,distrito,Yanaoca,YANAOCA,DISTRITO YANAOCA,DISTRITO YANAOCA,CUSCO|CANAS|YANAOCA,08,Cusco,0805,Canas
080502,distrito,Checca,CHECCA,DISTRITO CHECCA,DISTRITO CHECCA,CUSCO|CANAS|CHECCA,08,Cusco,0805,Canas
080503,distrito,Kunturkanki,KUNTURKANKI,DISTRITO KUNTURKANKI,DISTRITO KUNTURKANKI,CUSCO|CANAS|KUNTURKANKI,08,Cusco,0805,Canas
080504,distrito,Langui,LANGUI,DISTRITO LANGUI,DISTRITO LANGUI,CUSCO|CANAS|LANGUI,08,Cusco,0805,Canas
080505,distrito,Layo,LAYO,DISTRITO LAYO,DISTRITO LAYO,CUSCO|CANAS|LAYO,08,Cusco,0805,Canas
080506,distrito,Pampamarca,PAMPAMARCA,DISTRITO PAMPAMARCA,DISTRITO PAMPAMARCA,CUSCO|CANAS|PAMPAMARCA,08,Cusco,0805,Canas
080507,distrito,Quehue,QUEHUE,DISTRITO QUEHUE,DISTRITO QUEHUE,CUSCO|CANAS|QUEHUE,08,Cusco,0805,Canas
080508,distrito,Tupac Amaru,TUPAC AMARU,DISTRITO TUPAC AMARU,DISTRITO TUPAC AMARU,CUSCO|CANAS|TUPAC AMARU,08,Cusco,0805,Canas
080601,distrito,Sicuani,SICUANI,DISTRITO SICUANI,DISTRITO SICUANI,CUSCO|CANCHIS|SICUANI,08,Cusco,0806,Canchis
080602,distrito,Checacupe,CHECACUPE,DISTRITO CHECACUPE,DISTRITO CHECACUPE,CUSCO|CANCHIS|CHECACUPE,08,Cusco,0806,Canchis
080603,distrito,Combapata,COMBAPATA,DISTRITO COMBAPATA,DISTRITO COMBAPATA,CUSCO|CANCHIS|COMBAPATA,08,Cusco,0806,Canchis
080604,distrito,Marangani,MARANGANI,DISTRITO MARANGANI,DISTRITO MARANGANI,CUSCO|CANCHIS|MARANGANI,08,Cusco,0806,Canchis
080605,distrito,Pitumarca,PITUMARCA,DISTRITO PITUMARCA,DISTRITO PITUMARCA,CUSCO|CANCHIS|PITUMARCA,08,Cusco,0806,Canchis
080606,distrito,San Pablo,SAN PABLO,DISTRITO SAN PABLO,DISTRITO SAN PABLO,CUSCO|CANCHIS|SAN PABLO,08,Cusco,0806,Canchis
080607,distrito,San Pedro,SAN PEDRO,DISTRITO SAN PEDRO,DISTRITO SAN PEDRO,CUSCO|CANCHIS|SAN PEDRO,08,Cusco,0806,Canchis
080608,distrito,Tinta,TINTA,DISTRITO TINTA,DISTRITO TINTA,CUSCO|CANCHIS|TINTA,08,Cusco,0806,Canchis
080701,distrito,Santo Tomas,SANTO TOMAS,DISTRITO SANTO TOMAS,DISTRITO SANTO TOMAS,CUSCO|CHUMBIVILCAS|SANTO TOMAS,08,Cusco,0807,Chumbivilcas
080702,distrito,Capacmarca,CAPACMARCA,DISTRITO CAPACMARCA,DISTRITO CAPACMARCA,CUSCO|CHUMBIVILCAS|CAPACMARCA,08,Cusco,0807,Chumbivilcas
080703,distrito,Chamaca,CHAMACA,DISTRITO CHAMACA,DISTRITO CHAMACA,CUSCO|CHUMBIVILCAS|CHAMACA,08,Cusco,0807,Chumbivilcas
080704,distrito,Colquemarca,COLQUEMARCA,DISTRITO COLQUEMARCA,DISTRITO COLQUEMARCA,CUSCO|CHUMBIVILCAS|COLQUEMARCA,08,Cusco,0807,Chumbivilcas
080705,distrito,Livitaca,LIVITACA,DISTRITO LIVITACA,DISTRITO LIVITACA,CUSCO|CHUMBIVILCAS|LIVITACA,08,Cusco,0807,Chumbivilcas
080706,distrito,Llusco,LLUSCO,DISTRITO LLUSCO,DISTRITO LLUSCO,CUSCO|CHUMBIVILCAS|LLUSCO,08,Cusco,0807,Chumbivilcas
080707,distrito,Quiñota,QUINOTA,DISTRITO QUIÑOTA,DISTRITO QUINOTA,CUSCO|CHUMBIVILCAS|QUINOTA,08,Cusco,0807,Chumbivilcas
080708,distrito,Velille,VELILLE,DISTRITO VELILLE,DISTRITO VELILLE,CUSCO|CHUMBIVILCAS|VELILLE,08,Cusco,0807,Chumbivilcas
080801,distrito,Espinar,ESPINAR,DISTRITO ESPINAR,DISTRITO ESPINAR,CUSCO|ESPINAR|ESPINAR,08,Cusco,0808,Espinar
080802,distrito,Condoroma,CONDOROMA,DISTRITO CONDOROMA,DISTRITO CONDOROMA,CUSCO|ESPINAR|CONDOROMA,08,Cusco,0808,Espinar
080803,distrito,Coporaque,COPORAQUE,DISTRITO COPORAQUE,DISTRITO COPORAQUE,CUSCO|ESPINAR|COPORAQUE,08,Cusco,0808,Espinar
080804,distrito,Ocoruro,OCORURO,DISTRITO OCORURO,DISTRITO OCORURO,CUSCO|ESPINAR|OCORURO,08,Cusco,0808,Espinar
080805,distrito,Pallpata,PALLPATA,DISTRITO PALLPATA,DISTRITO PALLPATA,CUSCO|ESPINAR|PALLPATA,08,Cusco,0808,Espinar
080806,distrito,Pichigua,PICHIGUA,DISTRITO PICHIGUA,DISTRITO PICHIGUA,CUSCO|ESPINAR|PICHIGUA,08,Cusco,0808,Espinar
080807,distrito,Suyckutambo,SUYCKUTAMBO,DISTRITO SUYCKUTAMBO,DISTRITO SUYCKUTAMBO,CUSCO|ESPINAR|SUYCKUTAMBO,08,Cusco,0808,Espinar
080808,distrito,Alto Pichigua,ALTO PICHIGUA,DISTRITO ALTO PICHIGUA,DISTRITO ALTO PICHIGUA,CUSCO|ESPINAR|ALTO PICHIGUA,08,Cusco,0808,Espinar
080901,distrito,Santa Ana,SANTA ANA,DISTRITO SANTA ANA,DISTRITO SANTA ANA,CUSCO|LA CONVENCION|SANTA ANA,08,Cusco,0809,La Convención
080902,distrito,Echarate,ECHARATE,DISTRITO ECHARATE,DISTRITO ECHARATE,CUSCO|LA CONVENCION|ECHARATE,08,Cusco,0809,La Convención
080903,distrito,Huayopata,HUAYOPATA,DISTRITO HUAYOPATA,DISTRITO HUAYOPATA,CUSCO|LA CONVENCION|HUAYOPATA,08,Cusco,0809,La Convención
080904,distrito,Maranura,MARANURA,DISTRITO MARANURA,DISTRITO MARANURA,CUSCO|LA CONVENCION|MARANURA,08,Cusco,0809,La Convención
080905,distrito,Ocobamba,OCOBAMBA,DISTRITO OCOBAMBA,DISTRITO OCOBAMBA,CUSCO|LA CONVENCION|OCOBAMBA,08,Cusco,0809,La Convención
080906,distrito,Quellouno,QUELLOUNO,DISTRITO QUELLOUNO,DISTRITO QUELLOUNO,CUSCO|LA CONVENCION|QUELLOUNO,08,Cusco,0809,La Convención
080907,distrito,Kimbiri,KIMBIRI,DISTRITO KIMBIRI,DISTRITO KIMBIRI,CUSCO|LA CONVENCION|KIMBIRI,08,Cusco,0809,La Convención
080908,distrito,Santa Teresa,SANTA TERESA,DISTRITO SANTA TERESA,DISTRITO SANTA TERESA,CUSCO|LA CONVENCION|SANTA TERESA,08,Cusco,0809,La Convención
080909,distrito,Vilcabamba,VILCABAMBA,DISTRITO VILCABAMBA,DISTRITO VILCABAMBA,CUSCO|LA CONVENCION|VILCABAMBA,08,Cusco,0809,La Convención
080910,distrito,Pichari,PICHARI,DISTRITO PICHARI,DISTRITO PICHARI,CUSCO|LA CONVENCION|PICHARI,08,Cusco,0809,La Convención
080911,distrito,Inkawasi,INKAWASI,DISTRITO INKAWASI,DISTRITO INKAWASI,CUSCO|LA CONVENCION|INKAWASI,08,Cusco,0809,La Convención
080912,distrito,Villa Virgen,VILLA VIRGEN,DISTRITO VILLA VIRGEN,DISTRITO VILLA VIRGEN,CUSCO|LA CONVENCION|VILLA VIRGEN,08,Cusco,0809,La Convención
080913,distrito,Villa Kintiarina,VILLA KINTIARINA,DISTRITO VILLA KINTIARINA,DISTRITO VILLA KINTIARINA,CUSCO|LA CONVENCION|VILLA KINTIARINA,08,Cusco,0809,La Convención
080914,distrito,Megantoni,MEGANTONI,DISTRITO MEGANTONI,DISTRITO MEGANTONI,CUSCO|LA CONVENCION|MEGANTONI,08,Cusco,0809,La Convención
080915,distrito,Kumpirushiato,KUMPIRUSHIATO,DISTRITO KUMPIRUSHIATO,DISTRITO KUMPIRUSHIATO,CUSCO|LA CONVENCION|KUMPIRUSHIATO,08,Cusco,0809,La Convención
080916,distrito,Cielo Punco,CIELO PUNCO,DISTRITO CIELO PUNCO,DISTRITO CIELO PUNCO,CUSCO|LA CONVENCION|CIELO PUNCO,08,Cusco,0809,La Convención
080917,distrito,Manitea,MANITEA,DISTRITO MANITEA,DISTRITO MANITEA,CUSCO|LA CONVENCION|MANITEA,08,Cusco,0809,La Convención
080918,distrito,Unión Ashaninka,UNION ASHANINKA,DISTRITO UNIÓN ASHANINKA,DISTRITO UNION ASHANINKA,CUSCO|LA CONVENCION|UNION ASHANINKA,08,Cusco,0809,La Convención
081001,distrito,Paruro,PARURO,DISTRITO PARURO,DISTRITO PARURO,CUSCO|PARURO|PARURO,08,Cusco,0810,Paruro
081002,distrito,Accha,ACCHA,DISTRITO ACCHA,DISTRITO ACCHA,CUSCO|PARURO|ACCHA,08,Cusco,0810,Paruro
081003,distrito,Ccapi,CCAPI,DISTRITO CCAPI,DISTRITO CCAPI,CUSCO|PARURO|CCAPI,08,Cusco,0810,Paruro
081004,distrito,Colcha,COLCHA,DISTRITO COLCHA,DISTRITO COLCHA,CUSCO|PARURO|COLCHA,08,Cusco,0810,Paruro
081005,distrito,Huanoquite,HUANOQUITE,DISTRITO HUANOQUITE,DISTRITO HUANOQUITE,CUSCO|PARURO|HUANOQUITE,08,Cusco,0810,Paruro
081006,distrito,Omacha,OMACHA,DISTRITO OMACHA,DISTRITO OMACHA,CUSCO|PARURO|OMACHA,08,Cusco,0810,Paruro
081007,distrito,Paccaritambo,PACCARITAMBO,DISTRITO PACCARITAMBO,DISTRITO PACCARITAMBO,CUSCO|PARURO|PACCARITAMBO,08,Cusco,0810,Paruro
081008,distrito,Pillpinto,PILLPINTO,DISTRITO PILLPINTO,DISTRITO PILLPINTO,CUSCO|PARURO|PILLPINTO,08,Cusco,0810,Paruro
081009,distrito,Yaurisque,YAURISQUE,DISTRITO YAURISQUE,DISTRITO YAURISQUE,CUSCO|PARURO|YAURISQUE,08,Cusco,0810,Paruro
081101,distrito,Paucartambo,PAUCARTAMBO,DISTRITO PAUCARTAMBO,DISTRITO PAUCARTAMBO,CUSCO|PAUCARTAMBO|PAUCARTAMBO,08,Cusco,0811,Paucartambo
081102,distrito,Caicay,CAICAY,DISTRITO CAICAY,DISTRITO CAICAY,CUSCO|PAUCARTAMBO|CAICAY,08,Cusco,0811,Paucartambo
081103,distrito,Challabamba,CHALLABAMBA,DISTRITO CHALLABAMBA,DISTRITO CHALLABAMBA,CUSCO|PAUCARTAMBO|CHALLABAMBA,08,Cusco,0811,Paucartambo
081104,distrito,Colquepata,COLQUEPATA,DISTRITO COLQUEPATA,DISTRITO COLQUEPATA,CUSCO|PAUCARTAMBO|COLQUEPATA,08,Cusco,0811,Paucartambo
081105,distrito,Huancarani,HUANCARANI,DISTRITO HUANCARANI,DISTRITO HUANCARANI,CUSCO|PAUCARTAMBO|HUANCARANI,08,Cusco,0811,Paucartambo
081106,distrito,Kosñipata,KOSNIPATA,DISTRITO KOSÑIPATA,DISTRITO KOSNIPATA,CUSCO|PAUCARTAMBO|KOSNIPATA,08,Cusco,0811,Paucartambo
081201,distrito,Urcos,URCOS,DISTRITO URCOS,DISTRITO URCOS,CUSCO|QUISPICANCHI|URCOS,08,Cusco,0812,Quispicanchi
081202,distrito,Andahuaylillas,ANDAHUAYLILLAS,DISTRITO ANDAHUAYLILLAS,DISTRITO ANDAHUAYLILLAS,CUSCO|QUISPICANCHI|ANDAHUAYLILLAS,08,Cusco,0812,Quispicanchi
081203,distrito,Camanti,CAMANTI,DISTRITO CAMANTI,DISTRITO CAMANTI,CUSCO|QUISPICANCHI|CAMANTI,08,Cusco,0812,Quispicanchi
081204,distrito,Ccarhuayo,CCARHUAYO,DISTRITO CCARHUAYO,DISTRITO CCARHUAYO,CUSCO|QUISPICANCHI|CCARHUAYO,08,Cusco,0812,Quispicanchi
081205,distrito,Ccatca,CCATCA,DISTRITO CCATCA,DISTRITO CCATCA,CUSCO|QUISPICANCHI|CCATCA,08,Cusco,0812,Quispicanchi
081206,distrito,Cusipata,CUSIPATA,DISTRITO CUSIPATA,DISTRITO CUSIPATA,CUSCO|QUISPICANCHI|CUSIPATA,08,Cusco,0812,Quispicanchi
081207,distrito,Huaro,HUARO,DISTRITO HUARO,DISTRITO HUARO,CUSCO|QUISPICANCHI|HUARO,08,Cusco,0812,Quispicanchi
081208,distrito,Lucre,LUCRE,DISTRITO LUCRE,DISTRITO LUCRE,CUSCO|QUISPICANCHI|LUCRE,08,Cusco,0812,Quispicanchi
081209,distrito,Marcapata,MARCAPATA,DISTRITO MARCAPATA,DISTRITO MARCAPATA,CUSCO|QUISPICANCHI|MARCAPATA,08,Cusco,0812,Quispicanchi
081210,distrito,Ocongate,OCONGATE,DISTRITO OCONGATE,DISTRITO OCONGATE,CUSCO|QUISPICANCHI|OCONGATE,08,Cusco,0812,Quispicanchi
081211,distrito,Oropesa,OROPESA,DISTRITO OROPESA,DISTRITO OROPESA,CUSCO|QUISPICANCHI|OROPESA,08,Cusco,0812,Quispicanchi
081212,distrito,Quiquijana,QUIQUIJANA,DISTRITO QUIQUIJANA,DISTRITO QUIQUIJANA,CUSCO|QUISPICANCHI|QUIQUIJANA,08,Cusco,0812,Quispicanchi
081301,distrito,Urubamba,URUBAMBA,DISTRITO URUBAMBA,DISTRITO URUBAMBA,CUSCO|URUBAMBA|URUBAMBA,08,Cusco,0813,Urubamba
081302,distrito,Chinchero,CHINCHERO,DISTRITO CHINCHERO,DISTRITO CHINCHERO,CUSCO|URUBAMBA|CHINCHERO,08,Cusco,0813,Urubamba
081303,distrito,Huayllabamba,HUAYLLABAMBA,DISTRITO HUAYLLABAMBA,DISTRITO HUAYLLABAMBA,CUSCO|URUBAMBA|HUAYLLABAMBA,08,Cusco,0813,Urubamba
081304,distrito,Machupicchu,MACHUPICCHU,DISTRITO MACHUPICCHU,DISTRITO MACHUPICCHU,CUSCO|URUBAMBA|MACHUPICCHU,08,Cusco,0813,Urubamba
081305,distrito,Maras,MARAS,DISTRITO MARAS,DISTRITO MARAS,CUSCO|URUBAMBA|MARAS,08,Cusco,0813,Urubamba
081306,distrito,Ollantaytambo,OLLANTAYTAMBO,DISTRITO OLLANTAYTAMBO,DISTRITO OLLANTAYTAMBO,CUSCO|URUBAMBA|OLLANTAYTAMBO,08,Cusco,0813,Urubamba
081307,distrito,Yucay,YUCAY,DISTRITO YUCAY,DISTRITO YUCAY,CUSCO|URUBAMBA|YUCAY,08,Cusco,0813,Urubamba
090101,distrito,Huancavelica,HUANCAVELICA,DISTRITO HUANCAVELICA,DISTRITO HUANCAVELICA,HUANCAVELICA|HUANCAVELICA|HUANCAVELICA,09,Huancavelica,0901,Huancavelica
090102,distrito,Acobambilla,ACOBAMBILLA,DISTRITO ACOBAMBILLA,DISTRITO ACOBAMBILLA,HUANCAVELICA|HUANCAVELICA|ACOBAMBILLA,09,Huancavelica,0901,Huancavelica
090103,distrito,Acoria,ACORIA,DISTRITO ACORIA,DISTRITO ACORIA,HUANCAVELICA|HUANCAVELICA|ACORIA,09,Huancavelica,0901,Huancavelica
090104,distrito,Conayca,CONAYCA,DISTRITO CONAYCA,DISTRITO CONAYCA,HUANCAVELICA|HUANCAVELICA|CONAYCA,09,Huancavelica,0901,Huancavelica
090105,distrito,Cuenca,CUENCA,DISTRITO CUENCA,DISTRITO CUENCA,HUANCAVELICA|HUANCAVELICA|CUENCA,09,Huancavelica,0901,Huancavelica
090106,distrito,Huachocolpa,HUACHOCOLPA,DISTRITO HUACHOCOLPA,DISTRITO HUACHOCOLPA,HUANCAVELICA|HUANCAVELICA|HUACHOCOLPA,09,Huancavelica,0901,Huancavelica
090107,distrito,Huayllahuara,HUAYLLAHUARA,DISTRITO HUAYLLAHUARA,DISTRITO HUAYLLAHUARA,HUANCAVELICA|HUANCAVELICA|HUAYLLAHUARA,09,Huancavelica,0901,Huancavelica
090108,distrito,Izcuchaca,IZCUCHACA,DISTRITO IZCUCHACA,DISTRITO IZCUCHACA,HUANCAVELICA|HUANCAVELICA|IZCUCHACA,09,Huancavelica,0901,Huancavelica
090109,distrito,Laria,LARIA,DISTRITO LARIA,DISTRITO LARIA,HUANCAVELICA|HUANCAVELICA|LARIA,09,Huancavelica,0901,Huancavelica
090110,distrito,Manta,MANTA,DISTRITO MANTA,DISTRITO MANTA,HUANCAVELICA|HUANCAVELICA|MANTA,09,Huancavelica,0901,Huancavelica
090111,distrito,Mariscal Cáceres,MARISCAL CACERES,DISTRITO MARISCAL CÁCERES,DISTRITO MARISCAL CACERES,HUANCAVELICA|HUANCAVELICA|MARISCAL CACERES,09,Huancavelica,0901,Huancavelica
090112,distrito,Moya,MOYA,DISTRITO MOYA,DISTRITO MOYA,HUANCAVELICA|HUANCAVELICA|MOYA,09,Huancavelica,0901,Huancavelica
090113,distrito,Nuevo Occoro,NUEVO OCCORO,DISTRITO NUEVO OCCORO,DISTRITO NUEVO OCCORO,HUANCAVELICA|HUANCAVELICA|NUEVO OCCORO,09,Huancavelica,0901,Huancavelica
090114,distrito,Palca,PALCA,DISTRITO PALCA,DISTRITO PALCA,HUANCAVELICA|HUANCAVELICA|PALCA,09,Huancavelica,0901,Huancavelica
090115,distrito,Pilchaca,PILCHACA,DISTRITO PILCHACA,DISTRITO PILCHACA,HUANCAVELICA|HUANCAVELICA|PILCHACA,09,Huancavelica,0901,Huancavelica
090116,distrito,Vilca,VILCA,DISTRITO VILCA,DISTRITO VILCA,HUANCAVELICA|HUANCAVELICA|VILCA,09,Huancavelica,0901,Huancavelica
090117,distrito,Yauli,YAULI,DISTRITO YAULI,DISTRITO YAULI,HUANCAVELICA|HUANCAVELICA|YAULI,09,Huancavelica,0901,Huancavelica
090118,distrito,Ascensión,ASCENSION,DISTRITO ASCENSIÓN,DISTRITO ASCENSION,HUANCAVELICA|HUANCAVELICA|ASCENSION,09,Huancavelica,0901,Huancavelica
090119,distrito,Huando,HUANDO,DISTRITO HUANDO,DISTRITO HUANDO,HUANCAVELICA|HUANCAVELICA|HUANDO,09,Huancavelica,0901,Huancavelica
090201,distrito,Acobamba,ACOBAMBA,DISTRITO ACOBAMBA,DISTRITO ACOBAMBA,HUANCAVELICA|ACOBAMBA|ACOBAMBA,09,Huancavelica,0902,Acobamba
090202,distrito,Andabamba,ANDABAMBA,DISTRITO ANDABAMBA,DISTRITO ANDABAMBA,HUANCAVELICA|ACOBAMBA|ANDABAMBA,09,Huancavelica,0902,Acobamba
090203,distrito,Anta,ANTA,DISTRITO ANTA,DISTRITO ANTA,HUANCAVELICA|ACOBAMBA|ANTA,09,Huancavelica,0902,Acobamba
090204,distrito,Caja,CAJA,DISTRITO CAJA,DISTRITO CAJA,HUANCAVELICA|ACOBAMBA|CAJA,09,Huancavelica,0902,Acobamba
090205,distrito,Marcas,MARCAS,DISTRITO MARCAS,DISTRITO MARCAS,HUANCAVELICA|ACOBAMBA|MARCAS,09,Huancavelica,0902,Acobamba
090206,distrito,Paucara,PAUCARA,DISTRITO PAUCARA,DISTRITO PAUCARA,HUANCAVELICA|ACOBAMBA|PAUCARA,09,Huancavelica,0902,Acobamba
090207,distrito,Pomacocha,POMACOCHA,DISTRITO POMACOCHA,DISTRITO POMACOCHA,HUANCAVELICA|ACOBAMBA|POMACOCHA,09,Huancavelica,0902,Acobamba
090208,distrito,Rosario,ROSARIO,DISTRITO ROSARIO,DISTRITO ROSARIO,HUANCAVELICA|ACOBAMBA|ROSARIO,09,Huancavelica,0902,Acobamba
090301,distrito,Lircay,LIRCAY,DISTRITO LIRCAY,DISTRITO LIRCAY,HUANCAVELICA|ANGARAES|LIRCAY,09,Huancavelica,0903,Angaraes
090302,distrito,Anchonga,ANCHONGA,DISTRITO ANCHONGA,DISTRITO ANCHONGA,HUANCAVELICA|ANGARAES|ANCHONGA,09,Huancavelica,0903,Angaraes
090303,distrito,Callanmarca,CALLANMARCA,DISTRITO CALLANMARCA,DISTRITO CALLANMARCA,HUANCAVELICA|ANGARAES|CALLANMARCA,09,Huancavelica,0903,Angaraes
090304,distrito,Ccochaccasa,CCOCHACCASA,DISTRITO CCOCHACCASA,DISTRITO CCOCHACCASA,HUANCAVELICA|ANGARAES|CCOCHACCASA,09,Huancavelica,0903,Angaraes
090305,distrito,Chincho,CHINCHO,DISTRITO CHINCHO,DISTRITO CHINCHO,HUANCAVELICA|ANGARAES|CHINCHO,09,Huancavelica,0903,Angaraes
090306,distrito,Congalla,CONGALLA,DISTRITO CONGALLA,DISTRITO CONGALLA,HUANCAVELICA|ANGARAES|CONGALLA,09,Huancavelica,0903,Angaraes
090307,distrito,Huanca-Huanca,HUANCA-HUANCA,DISTRITO HUANCA-HUANCA,DISTRITO HUANCA-HUANCA,HUANCAVELICA|ANGARAES|HUANCA-HUANCA,09,Huancavelica,0903,Angaraes
090308,distrito,Huayllay Grande,HUAYLLAY GRANDE,DISTRITO HUAYLLAY GRANDE,DISTRITO HUAYLLAY GRANDE,HUANCAVELICA|ANGARAES|HUAYLLAY GRANDE,09,Huancavelica,0903,Angaraes
090309,distrito,Julcamarca,JULCAMARCA,DISTRITO JULCAMARCA,DISTRITO JULCAMARCA,HUANCAVELICA|ANGARAES|JULCAMARCA,09,Huancavelica,0903,Angaraes
090310,distrito,San Antonio de Antaparco,SAN ANTONIO DE ANTAPARCO,DISTRITO SAN ANTONIO DE ANTAPARCO,DISTRITO SAN ANTONIO DE ANTAPARCO,HUANCAVELICA|ANGARAES|SAN ANTONIO DE ANTAPARCO,09,Huancavelica,0903,Angaraes
090311,distrito,Santo Tomas de Pata,SANTO TOMAS DE PATA,DISTRITO SANTO TOMAS DE PATA,DISTRITO SANTO TOMAS DE PATA,HUANCAVELICA|ANGARAES|SANTO TOMAS DE PATA,09,Huancavelica,0903,Angaraes
090312,distrito,Secclla,SECCLLA,DISTRITO SECCLLA,DISTRITO SECCLLA,HUANCAVELICA|ANGARAES|SECCLLA,09,Huancavelica,0903,Angaraes
090401,distrito,Castrovirreyna,CASTROVIRREYNA,DISTRITO CASTROVIRREYNA,DISTRITO CASTROVIRREYNA,HUANCAVELICA|CASTROVIRREYNA|CASTROVIRREYNA,09,Huancavelica,0904,Castrovirreyna
090402,distrito,Arma,ARMA,DISTRITO ARMA,DISTRITO ARMA,HUANCAVELICA|CASTROVIRREYNA|ARMA,09,Huancavelica,0904,Castrovirreyna
090403,distrito,Aurahua,AURAHUA,DISTRITO AURAHUA,DISTRITO AURAHUA,HUANCAVELICA|CASTROVIRREYNA|AURAHUA,09,Huancavelica,0904,Castrovirreyna
090404,distrito,Capillas,CAPILLAS,DISTRITO CAPILLAS,DISTRITO CAPILLAS,HUANCAVELICA|CASTROVIRREYNA|CAPILLAS,09,Huancavelica,0904,Castrovirreyna
090405,distrito,Chupamarca,CHUPAMARCA,DISTRITO CHUPAMARCA,DISTRITO CHUPAMARCA,HUANCAVELICA|CASTROVIRREYNA|CHUPAMARCA,09,Huancavelica,0904,Castrovirreyna
090406,distrito,Cocas,COCAS,DISTRITO COCAS,DISTRITO COCAS,HUANCAVELICA|CASTROVIRREYNA|COCAS,09,Huancavelica,0904,Castrovirreyna
090407,distrito,Huachos,HUACHOS,DISTRITO HUACHOS,DISTRITO HUACHOS,HUANCAVELICA|CASTROVIRREYNA|HUACHOS,09,Huancavelica,0904,Castrovirreyna
090408,distrito,Huamatambo,HUAMATAMBO,DISTRITO HUAMATAMBO,DISTRITO HUAMATAMBO,HUANCAVELICA|CASTROVIRREYNA|HUAMATAMBO,09,Huancavelica,0904,Castrovirreyna
090409,distrito,Mollepampa,MOLLEPAMPA,DISTRITO MOLLEPAMPA,DISTRITO MOLLEPAMPA,HUANCAVELICA|CASTROVIRREYNA|MOLLEPAMPA,09,Huancavelica,0904,Castrovirreyna
090410,distrito,San Juan,SAN JUAN,DISTRITO SAN JUAN,DISTRITO SAN JUAN,HUANCAVELICA|CASTROVIRREYNA|SAN JUAN,09,Huancavelica,0904,Castrovirreyna
090411,distrito,Santa Ana,SANTA ANA,DISTRITO SANTA ANA,DISTRITO SANTA ANA,HUANCAVELICA|CASTROVIRREYNA|SANTA ANA,09,Huancavelica,0904,Castrovirreyna
090412,distrito,Tantara,TANTARA,DISTRITO TANTARA,DISTRITO TANTARA,HUANCAVELICA|CASTROVIRREYNA|TANTARA,09,Huancavelica,0904,Castrovirreyna
090413,distrito,Ticrapo,TICRAPO,DISTRITO TICRAPO,DISTRITO TICRAPO,HUANCAVELICA|CASTROVIRREYNA|TICRAPO,09,Huancavelica,0904,Castrovirreyna
090501,distrito,Churcampa,CHURCAMPA,DISTRITO CHURCAMPA,DISTRITO CHURCAMPA,HUANCAVELICA|CHURCAMPA|CHURCAMPA,09,Huancavelica,0905,Churcampa
090502,distrito,Anco,ANCO,DISTRITO ANCO,DISTRITO ANCO,HUANCAVELICA|CHURCAMPA|ANCO,09,Huancavelica,0905,Churcampa
090503,distrito,Chinchihuasi,CHINCHIHUASI,DISTRITO CHINCHIHUASI,DISTRITO CHINCHIHUASI,HUANCAVELICA|CHURCAMPA|CHINCHIHUASI,09,Huancavelica,0905,Churcampa
090504,distrito,El Carmen,EL CARMEN,DISTRITO EL CARMEN,DISTRITO EL CARMEN,HUANCAVELICA|CHURCAMPA|EL CARMEN,09,Huancavelica,0905,Churcampa
090505,distrito,La Merced,LA MERCED,DISTRITO LA MERCED,DISTRITO LA MERCED,HUANCAVELICA|CHURCAMPA|LA MERCED,09,Huancavelica,0905,Churcampa
090506,distrito,Locroja,LOCROJA,DISTRITO LOCROJA,DISTRITO LOCROJA,HUANCAVELICA|CHURCAMPA|LOCROJA,09,Huancavelica,0905,Churcampa
090507,distrito,Paucarbamba,PAUCARBAMBA,DISTRITO PAUCARBAMBA,DISTRITO PAUCARBAMBA,HUANCAVELICA|CHURCAMPA|PAUCARBAMBA,09,Huancavelica,0905,Churcampa
090508,distrito,San Miguel de Mayocc,SAN MIGUEL DE MAYOCC,DISTRITO SAN MIGUEL DE MAYOCC,DISTRITO SAN MIGUEL DE MAYOCC,HUANCAVELICA|CHURCAMPA|SAN MIGUEL DE MAYOCC,09,Huancavelica,0905,Churcampa
090509,distrito,San Pedro de Coris,SAN PEDRO DE CORIS,DISTRITO SAN PEDRO DE CORIS,DISTRITO SAN PEDRO DE CORIS,HUANCAVELICA|CHURCAMPA|SAN PEDRO DE CORIS,09,Huancavelica,0905,Churcampa
090510,distrito,Pachamarca,PACHAMARCA,DISTRITO PACHAMARCA,DISTRITO PACHAMARCA,HUANCAVELICA|CHURCAMPA|PACHAMARCA,09,Huancavelica,0905,Churcampa
090511,distrito,Cosme,COSME,DISTRITO COSME,DISTRITO COSME,HUANCAVELICA|CHURCAMPA|COSME,09,Huancavelica,0905,Churcampa
090601,distrito,Huaytara,HUAYTARA,DISTRITO HUAYTARA,DISTRITO HUAYTARA,HUANCAVELICA|HUAYTARA|HUAYTARA,09,Huancavelica,0906,Huaytará
090602,distrito,Ayavi,AYAVI,DISTRITO AYAVI,DISTRITO AYAVI,HUANCAVELICA|HUAYTARA|AYAVI,09,Huancavelica,0906,Huaytará
090603,distrito,Córdova,CORDOVA,DISTRITO CÓRDOVA,DISTRITO CORDOVA,HUANCAVELICA|HUAYTARA|CORDOVA,09,Huancavelica,0906,Huaytará
090604,distrito,Huayacundo Arma,HUAYACUNDO ARMA,DISTRITO HUAYACUNDO ARMA,DISTRITO HUAYACUNDO ARMA,HUANCAVELICA|HUAYTARA|HUAYACUNDO ARMA,09,Huancavelica,0906,Huaytará
090605,distrito,Laramarca,LARAMARCA,DISTRITO LARAMARCA,DISTRITO LARAMARCA,HUANCAVELICA|HUAYTARA|LARAMARCA,09,Huancavelica,0906,Huaytará
090606,distrito,Ocoyo,OCOYO,DISTRITO OCOYO,DISTRITO OCOYO,HUANCAVELICA|HUAYTARA|OCOYO,09,Huancavelica,0906,Huaytará
090607,distrito,Pilpichaca,PILPICHACA,DISTRITO PILPICHACA,DISTRITO PILPICHACA,HUANCAVELICA|HUAYTARA|PILPICHACA,09,Huancavelica,0906,Huaytará
090608,distrito,Querco,QUERCO,DISTRITO QUERCO,DISTRITO QUERCO,HUANCAVELICA|HUAYTARA|QUERCO,09,Huancavelica,0906,Huaytará
090609,distrito,Quito-Arma,QUITO-ARMA,DISTRITO QUITO-ARMA,DISTRITO QUITO-ARMA,HUANCAVELICA|HUAYTARA|QUITO-ARMA,09,Huancavelica,0906,Huaytará
090610,distrito,San Antonio de Cusicancha,SAN ANTONIO DE CUSICANCHA,DISTRITO SAN ANTONIO DE CUSICANCHA,DISTRITO SAN ANTONIO DE CUSICANCHA,HUANCAVELICA|HUAYTARA|SAN ANTONIO DE CUSICANCHA,09,Huancavelica,0906,Huaytará
090611,distrito,San Francisco de Sangayaico,SAN FRANCISCO DE SANGAYAICO,DISTRITO SAN FRANCISCO DE SANGAYAICO,DISTRITO SAN FRANCISCO DE SANGAYAICO,HUANCAVELICA|HUAYTARA|SAN FRANCISCO DE SANGAYAICO,09,Huancavelica,0906,Huaytará
090612,distrito,San Isidro,SAN ISIDRO,DISTRITO SAN ISIDRO,DISTRITO SAN ISIDRO,HUANCAVELICA|HUAYTARA|SAN ISIDRO,09,Huancavelica,0906,Huaytará
090613,distrito,Santiago de Chocorvos,SANTIAGO DE CHOCORVOS,DISTRITO SANTIAGO DE CHOCORVOS,DISTRITO SANTIAGO DE CHOCORVOS,HUANCAVELICA|HUAYTARA|SANTIAGO DE CHOCORVOS,09,Huancavelica,0906,Huaytará
090614,distrito,Santiago de Quirahuara,SANTIAGO DE QUIRAHUARA,DISTRITO SANTIAGO DE QUIRAHUARA,DISTRITO SANTIAGO DE QUIRAHUARA,HUANCAVELICA|HUAYTARA|SANTIAGO DE QUIRAHUARA,09,Huancavelica,0906,Huaytará
090615,distrito,Santo Domingo de Capillas,SANTO DOMINGO DE CAPILLAS,DISTRITO SANTO DOMINGO DE CAPILLAS,DISTRITO SANTO DOMINGO DE CAPILLAS,HUANCAVELICA|HUAYTARA|SANTO DOMINGO DE CAPILLAS,09,Huancavelica,0906,Huaytará
090616,distrito,Tambo,TAMBO,DISTRITO TAMBO,DISTRITO TAMBO,HUANCAVELICA|HUAYTARA|TAMBO,09,Huancavelica,0906,Huaytará
090701,distrito,Pampas,PAMPAS,DISTRITO PAMPAS,DISTRITO PAMPAS,HUANCAVELICA|TAYACAJA|PAMPAS,09,Huancavelica,0907,Tayacaja
090702,distrito,Acostambo,ACOSTAMBO,DISTRITO ACOSTAMBO,DISTRITO ACOSTAMBO,HUANCAVELICA|TAYACAJA|ACOSTAMBO,09,Huancavelica,0907,Tayacaja
090703,distrito,Acraquia,ACRAQUIA,DISTRITO ACRAQUIA,DISTRITO ACRAQUIA,HUANCAVELICA|TAYACAJA|ACRAQUIA,09,Huancavelica,0907,Tayacaja
090704,distrito,Ahuaycha,AHUAYCHA,DISTRITO AHUAYCHA,DISTRITO AHUAYCHA,HUANCAVELICA|TAYACAJA|AHUAYCHA,09,Huancavelica,0907,Tayacaja
090705,distrito,Colcabamba,COLCABAMBA,DISTRITO COLCABAMBA,DISTRITO COLCABAMBA,HUANCAVELICA|TAYACAJA|COLCABAMBA,09,Huancavelica,0907,Tayacaja
090706,distrito,Daniel Hernández,DANIEL HERNANDEZ,DISTRITO DANIEL HERNÁNDEZ,DISTRITO DANIEL HERNANDEZ,HUANCAVELICA|TAYACAJA|DANIEL HERNANDEZ,09,Huancavelica,0907,Tayacaja
090707,distrito,Huachocolpa,HUACHOCOLPA,DISTRITO HUACHOCOLPA,DISTRITO HUACHOCOLPA,HUANCAVELICA|TAYACAJA|HUACHOCOLPA,09,Huancavelica,0907,Tayacaja
090709,distrito,Huaribamba,HUARIBAMBA,DISTRITO HUARIBAMBA,DISTRITO HUARIBAMBA,HUANCAVELICA|TAYACAJA|HUARIBAMBA,09,Huancavelica,0907,Tayacaja
090710,distrito,Ñahuimpuquio,NAHUIMPUQUIO,DISTRITO ÑAHUIMPUQUIO,DISTRITO NAHUIMPUQUIO,HUANCAVELICA|TAYACAJA|NAHUIMPUQUIO,09,Huancavelica,0907,Tayacaja
090711,distrito,Pazos,PAZOS,DISTRITO PAZOS,DISTRITO PAZOS,HUANCAVELICA|TAYACAJA|PAZOS,09,Huancavelica,0907,Tayacaja
090713,distrito,Quishuar,QUISHUAR,DISTRITO QUISHUAR,DISTRITO QUISHUAR,HUANCAVELICA|TAYACAJA|QUISHUAR,09,Huancavelica,0907,Tayacaja
090714,distrito,Salcabamba,SALCABAMBA,DISTRITO SALCABAMBA,DISTRITO SALCABAMBA,HUANCAVELICA|TAYACAJA|SALCABAMBA,09,Huancavelica,0907,Tayacaja
090715,distrito,Salcahuasi,SALCAHUASI,DISTRITO SALCAHUASI,DISTRITO SALCAHUASI,HUANCAVELICA|TAYACAJA|SALCAHUASI,09,Huancavelica,0907,Tayacaja
090716,distrito,San Marcos de Rocchac,SAN MARCOS DE ROCCHAC,DISTRITO SAN MARCOS DE ROCCHAC,DISTRITO SAN MARCOS DE ROCCHAC,HUANCAVELICA|TAYACAJA|SAN MARCOS DE ROCCHAC,09,Huancavelica,0907,Tayacaja
090717,distrito,Surcubamba,SURCUBAMBA,DISTRITO SURCUBAMBA,DISTRITO SURCUBAMBA,HUANCAVELICA|TAYACAJA|SURCUBAMBA,09,Huancavelica,0907,Tayacaja
090718,distrito,Tintay Puncu,TINTAY PUNCU,DISTRITO TINTAY PUNCU,DISTRITO TINTAY PUNCU,HUANCAVELICA|TAYACAJA|TINTAY PUNCU,09,Huancavelica,0907,Tayacaja
090719,distrito,Quichuas,QUICHUAS,DISTRITO QUICHUAS,DISTRITO QUICHUAS,HUANCAVELICA|TAYACAJA|QUICHUAS,09,Huancavelica,0907,Tayacaja
090720,distrito,Andaymarca,ANDAYMARCA,DISTRITO ANDAYMARCA,DISTRITO ANDAYMARCA,HUANCAVELICA|TAYACAJA|ANDAYMARCA,09,Huancavelica,0907,Tayacaja
090721,distrito,Roble,ROBLE,DISTRITO ROBLE,DISTRITO ROBLE,HUANCAVELICA|TAYACAJA|ROBLE,09,Huancavelica,0907,Tayacaja
090722,distrito,Pichos,PICHOS,DISTRITO PICHOS,DISTRITO PICHOS,HUANCAVELICA|TAYACAJA|PICHOS,09,Huancavelica,0907,Tayacaja
090723,distrito,Santiago de Tucuma,SANTIAGO DE TUCUMA,DISTRITO SANTIAGO DE TUCUMA,DISTRITO SANTIAGO DE TUCUMA,HUANCAVELICA|TAYACAJA|SANTIAGO DE TUCUMA,09,Huancavelica,0907,Tayacaja
090724,distrito,Lambras,LAMBRAS,DISTRITO LAMBRAS,DISTRITO LAMBRAS,HUANCAVELICA|TAYACAJA|LAMBRAS,09,Huancavelica,0907,Tayacaja
090725,distrito,Cochabamba,COCHABAMBA,DISTRITO COCHABAMBA,DISTRITO COCHABAMBA,HUANCAVELICA|TAYACAJA|COCHABAMBA,09,Huancavelica,0907,Tayacaja
100101,distrito,Huanuco,HUANUCO,DISTRITO HUANUCO,DISTRITO HUANUCO,HUANUCO|HUANUCO|HUANUCO,10,Huánuco,1001,Huánuco
100102,distrito,Amarilis,AMARILIS,DISTRITO AMARILIS,DISTRITO AMARILIS,HUANUCO|HUANUCO|AMARILIS,10,Huánuco,1001,Huánuco
100103,distrito,Chinchao,CHINCHAO,DISTRITO CHINCHAO,DISTRITO CHINCHAO,HUANUCO|HUANUCO|CHINCHAO,10,Huánuco,1001,Huánuco
100104,distrito,Churubamba,CHURUBAMBA,DISTRITO CHURUBAMBA,DISTRITO CHURUBAMBA,HUANUCO|HUANUCO|CHURUBAMBA,10,Huánuco,1001,Huánuco
100105,distrito,Margos,MARGOS,DISTRITO MARGOS,DISTRITO MARGOS,HUANUCO|HUANUCO|MARGOS,10,Huánuco,1001,Huánuco
100106,distrito,Quisqui (Kichki),QUISQUI (KICHKI),DISTRITO QUISQUI (KICHKI),DISTRITO QUISQUI (KICHKI),HUANUCO|HUANUCO|QUISQUI (KICHKI),10,Huánuco,1001,Huánuco
100107,distrito,San Francisco de Cayran,SAN FRANCISCO DE CAYRAN,DISTRITO SAN FRANCISCO DE CAYRAN,DISTRITO SAN FRANCISCO DE CAYRAN,HUANUCO|HUANUCO|SAN FRANCISCO DE CAYRAN,10,Huánuco,1001,Huánuco
100108,distrito,San Pedro de Chaulan,SAN PEDRO DE CHAULAN,DISTRITO SAN PEDRO DE CHAULAN,DISTRITO SAN PEDRO DE CHAULAN,HUANUCO|HUANUCO|SAN PEDRO DE CHAULAN,10,Huánuco,1001,Huánuco
100109,distrito,Santa María del Valle,SANTA MARIA DEL VALLE,DISTRITO SANTA MARÍA DEL VALLE,DISTRITO SANTA MARIA DEL VALLE,HUANUCO|HUANUCO|SANTA MARIA DEL VALLE,10,Huánuco,1001,Huánuco
100110,distrito,Yarumayo,YARUMAYO,DISTRITO YARUMAYO,DISTRITO YARUMAYO,HUANUCO|HUANUCO|YARUMAYO,10,Huánuco,1001,Huánuco
100111,distrito,Pillco Marca,PILLCO MARCA,DISTRITO PILLCO MARCA,DISTRITO PILLCO MARCA,HUANUCO|HUANUCO|PILLCO MARCA,10,Huánuco,1001,Huánuco
100112,distrito,Yacus,YACUS,DISTRITO YACUS,DISTRITO YACUS,HUANUCO|HUANUCO|YACUS,10,Huánuco,1001,Huánuco
100113,distrito,San Pablo de Pillao,SAN PABLO DE PILLAO,DISTRITO SAN PABLO DE PILLAO,DISTRITO SAN PABLO DE PILLAO,HUANUCO|HUANUCO|SAN PABLO DE PILLAO,10,Huánuco,1001,Huánuco
100201,distrito,Ambo,AMBO,DISTRITO AMBO,DISTRITO AMBO,HUANUCO|AMBO|AMBO,10,Huánuco,1002,Ambo
100202,distrito,Cayna,CAYNA,DISTRITO CAYNA,DISTRITO CAYNA,HUANUCO|AMBO|CAYNA,10,Huánuco,1002,Ambo
100203,distrito,Colpas,COLPAS,DISTRITO COLPAS,DISTRITO COLPAS,HUANUCO|AMBO|COLPAS,10,Huánuco,1002,Ambo
100204,distrito,Conchamarca,CONCHAMARCA,DISTRITO CONCHAMARCA,DISTRITO CONCHAMARCA,HUANUCO|AMBO|CONCHAMARCA,10,Huánuco,1002,Ambo
100205,distrito,Huacar,HUACAR,DISTRITO HUACAR,DISTRITO HUACAR,HUANUCO|AMBO|HUACAR,10,Huánuco,1002,Ambo
100206,distrito,San Francisco,SAN FRANCISCO,DISTRITO SAN FRANCISCO,DISTRITO SAN FRANCISCO,HUANUCO|AMBO|SAN FRANCISCO,10,Huánuco,1002,Ambo
100207,distrito,San Rafael,SAN RAFAEL,DISTRITO SAN RAFAEL,DISTRITO SAN RAFAEL,HUANUCO|AMBO|SAN RAFAEL,10,Huánuco,1002,Ambo
100208,distrito,Tomay Kichwa,TOMAY KICHWA,DISTRITO TOMAY KICHWA,DISTRITO TOMAY KICHWA,HUANUCO|AMBO|TOMAY KICHWA,10,Huánuco,1002,Ambo
100301,distrito,La Unión,LA UNION,DISTRITO LA UNIÓN,DISTRITO LA UNION,HUANUCO|DOS DE MAYO|LA UNION,10,Huánuco,1003,Dos de Mayo
100307,distrito,Chuquis,CHUQUIS,DISTRITO CHUQUIS,DISTRITO CHUQUIS,HUANUCO|DOS DE MAYO|CHUQUIS,10,Huánuco,1003,Dos de Mayo
100311,distrito,Marías,MARIAS,DISTRITO MARÍAS,DISTRITO MARIAS,HUANUCO|DOS DE MAYO|MARIAS,10,Huánuco,1003,Dos de Mayo
100313,distrito,Pachas,PACHAS,DISTRITO PACHAS,DISTRITO PACHAS,HUANUCO|DOS DE MAYO|PACHAS,10,Huánuco,1003,Dos de Mayo
100316,distrito,Quivilla,QUIVILLA,DISTRITO QUIVILLA,DISTRITO QUIVILLA,HUANUCO|DOS DE MAYO|QUIVILLA,10,Huánuco,1003,Dos de Mayo
100317,distrito,Ripan,RIPAN,DISTRITO RIPAN,DISTRITO RIPAN,HUANUCO|DOS DE MAYO|RIPAN,10,Huánuco,1003,Dos de Mayo
100321,distrito,Shunqui,SHUNQUI,DISTRITO SHUNQUI,DISTRITO SHUNQUI,HUANUCO|DOS DE MAYO|SHUNQUI,10,Huánuco,1003,Dos de Mayo
100322,distrito,Sillapata,SILLAPATA,DISTRITO SILLAPATA,DISTRITO SILLAPATA,HUANUCO|DOS DE MAYO|SILLAPATA,10,Huánuco,1003,Dos de Mayo
100323,distrito,Yanas,YANAS,DISTRITO YANAS,DISTRITO YANAS,HUANUCO|DOS DE MAYO|YANAS,10,Huánuco,1003,Dos de Mayo
100401,distrito,Huacaybamba,HUACAYBAMBA,DISTRITO HUACAYBAMBA,DISTRITO HUACAYBAMBA,HUANUCO|HUACAYBAMBA|HUACAYBAMBA,10,Huánuco,1004,Huacaybamba
100402,distrito,Canchabamba,CANCHABAMBA,DISTRITO CANCHABAMBA,DISTRITO CANCHABAMBA,HUANUCO|HUACAYBAMBA|CANCHABAMBA,10,Huánuco,1004,Huacaybamba
100403,distrito,Cochabamba,COCHABAMBA,DISTRITO COCHABAMBA,DISTRITO COCHABAMBA,HUANUCO|HUACAYBAMBA|COCHABAMBA,10,Huánuco,1004,Huacaybamba
100404,distrito,Pinra,PINRA,DISTRITO PINRA,DISTRITO PINRA,HUANUCO|HUACAYBAMBA|PINRA,10,Huánuco,1004,Huacaybamba
100501,distrito,Llata,LLATA,DISTRITO LLATA,DISTRITO LLATA,HUANUCO|HUAMALIES|LLATA,10,Huánuco,1005,Huamalíes
100502,distrito,Arancay,ARANCAY,DISTRITO ARANCAY,DISTRITO ARANCAY,HUANUCO|HUAMALIES|ARANCAY,10,Huánuco,1005,Huamalíes
100503,distrito,Chavín de Pariarca,CHAVIN DE PARIARCA,DISTRITO CHAVÍN DE PARIARCA,DISTRITO CHAVIN DE PARIARCA,HUANUCO|HUAMALIES|CHAVIN DE PARIARCA,10,Huánuco,1005,Huamalíes
100504,distrito,Jacas Grande,JACAS GRANDE,DISTRITO JACAS GRANDE,DISTRITO JACAS GRANDE,HUANUCO|HUAMALIES|JACAS GRANDE,10,Huánuco,1005,Huamalíes
100505,distrito,Jircan,JIRCAN,DISTRITO JIRCAN,DISTRITO JIRCAN,HUANUCO|HUAMALIES|JIRCAN,10,Huánuco,1005,Huamalíes
100506,distrito,Miraflores,MIRAFLORES,DISTRITO MIRAFLORES,DISTRITO MIRAFLORES,HUANUCO|HUAMALIES|MIRAFLORES,10,Huánuco,1005,Huamalíes
100507,distrito,Monzón,MONZON,DISTRITO MONZÓN,DISTRITO MONZON,HUANUCO|HUAMALIES|MONZON,10,Huánuco,1005,Huamalíes
100508,distrito,Punchao,PUNCHAO,DISTRITO PUNCHAO,DISTRITO PUNCHAO,HUANUCO|HUAMALIES|PUNCHAO,10,Huánuco,1005,Huamalíes
100509,distrito,Puños,PUNOS,DISTRITO PUÑOS,DISTRITO PUNOS,HUANUCO|HUAMALIES|PUNOS,10,Huánuco,1005,Huamalíes
100510,distrito,Singa,SINGA,DISTRITO SINGA,DISTRITO SINGA,HUANUCO|HUAMALIES|SINGA,10,Huánuco,1005,Huamalíes
100511,distrito,Tantamayo,TANTAMAYO,DISTRITO TANTAMAYO,DISTRITO TANTAMAYO,HUANUCO|HUAMALIES|TANTAMAYO,10,Huánuco,1005,Huamalíes
100601,distrito,Rupa-Rupa,RUPA-RUPA,DISTRITO RUPA-RUPA,DISTRITO RUPA-RUPA,HUANUCO|LEONCIO PRADO|RUPA-RUPA,10,Huánuco,1006,Leoncio Prado
100602,distrito,Daniel Alomía Robles,DANIEL ALOMIA ROBLES,DISTRITO DANIEL ALOMÍA ROBLES,DISTRITO DANIEL ALOMIA ROBLES,HUANUCO|LEONCIO PRADO|DANIEL ALOMIA ROBLES,10,Huánuco,1006,Leoncio Prado
100603,distrito,Hermílio Valdizan,HERMILIO VALDIZAN,DISTRITO HERMÍLIO VALDIZAN,DISTRITO HERMILIO VALDIZAN,HUANUCO|LEONCIO PRADO|HERMILIO VALDIZAN,10,Huánuco,1006,Leoncio Prado
100604,distrito,José Crespo y Castillo,JOSE CRESPO Y CASTILLO,DISTRITO JOSÉ CRESPO Y CASTILLO,DISTRITO JOSE CRESPO Y CASTILLO,HUANUCO|LEONCIO PRADO|JOSE CRESPO Y CASTILLO,10,Huánuco,1006,Leoncio Prado
100605,distrito,Luyando,LUYANDO,DISTRITO LUYANDO,DISTRITO LUYANDO,HUANUCO|LEONCIO PRADO|LUYANDO,10,Huánuco,1006,Leoncio Prado
100606,distrito,Mariano Damaso Beraun,MARIANO DAMASO BERAUN,DISTRITO MARIANO DAMASO BERAUN,DISTRITO MARIANO DAMASO BERAUN,HUANUCO|LEONCIO PRADO|MARIANO DAMASO BERAUN,10,Huánuco,1006,Leoncio Prado
100607,distrito,Pucayacu,PUCAYACU,DISTRITO PUCAYACU,DISTRITO PUCAYACU,HUANUCO|LEONCIO PRADO|PUCAYACU,10,Huánuco,1006,Leoncio Prado
100608,distrito,Castillo Grande,CASTILLO GRANDE,DISTRITO CASTILLO GRANDE,DISTRITO CASTILLO GRANDE,HUANUCO|LEONCIO PRADO|CASTILLO GRANDE,10,Huánuco,1006,Leoncio Prado
100609,distrito,Pueblo Nuevo,PUEBLO NUEVO,DISTRITO PUEBLO NUEVO,DISTRITO PUEBLO NUEVO,HUANUCO|LEONCIO PRADO|PUEBLO NUEVO,10,Huánuco,1006,Leoncio Prado
100610,distrito,Santo Domingo de Anda,SANTO DOMINGO DE ANDA,DISTRITO SANTO DOMINGO DE ANDA,DISTRITO SANTO DOMINGO DE ANDA,HUANUCO|LEONCIO PRADO|SANTO DOMINGO DE ANDA,10,Huánuco,1006,Leoncio Prado
100701,distrito,Huacrachuco,HUACRACHUCO,DISTRITO HUACRACHUCO,DISTRITO HUACRACHUCO,HUANUCO|MARANON|HUACRACHUCO,10,Huánuco,1007,Marañón
100702,distrito,Cholon,CHOLON,DISTRITO CHOLON,DISTRITO CHOLON,HUANUCO|MARANON|CHOLON,10,Huánuco,1007,Marañón
100703,distrito,San Buenaventura,SAN BUENAVENTURA,DISTRITO SAN BUENAVENTURA,DISTRITO SAN BUENAVENTURA,HUANUCO|MARANON|SAN BUENAVENTURA,10,Huánuco,1007,Marañón
100704,distrito,La Morada,LA MORADA,DISTRITO LA MORADA,DISTRITO LA MORADA,HUANUCO|MARANON|LA MORADA,10,Huánuco,1007,Marañón
100705,distrito,Santa Rosa de Alto Yanajanca,SANTA ROSA DE ALTO YANAJANCA,DISTRITO SANTA ROSA DE ALTO YANAJANCA,DISTRITO SANTA ROSA DE ALTO YANAJANCA,HUANUCO|MARANON|SANTA ROSA DE ALTO YANAJANCA,10,Huánuco,1007,Marañón
100801,distrito,Panao,PANAO,DISTRITO PANAO,DISTRITO PANAO,HUANUCO|PACHITEA|PANAO,10,Huánuco,1008,Pachitea
100802,distrito,Chaglla,CHAGLLA,DISTRITO CHAGLLA,DISTRITO CHAGLLA,HUANUCO|PACHITEA|CHAGLLA,10,Huánuco,1008,Pachitea
100803,distrito,Molino,MOLINO,DISTRITO MOLINO,DISTRITO MOLINO,HUANUCO|PACHITEA|MOLINO,10,Huánuco,1008,Pachitea
100804,distrito,Umari,UMARI,DISTRITO UMARI,DISTRITO UMARI,HUANUCO|PACHITEA|UMARI,10,Huánuco,1008,Pachitea
100901,distrito,Puerto Inca,PUERTO INCA,DISTRITO PUERTO INCA,DISTRITO PUERTO INCA,HUANUCO|PUERTO INCA|PUERTO INCA,10,Huánuco,1009,Puerto Inca
100902,distrito,Codo del Pozuzo,CODO DEL POZUZO,DISTRITO CODO DEL POZUZO,DISTRITO CODO DEL POZUZO,HUANUCO|PUERTO INCA|CODO DEL POZUZO,10,Huánuco,1009,Puerto Inca
100903,distrito,Honoria,HONORIA,DISTRITO HONORIA,DISTRITO HONORIA,HUANUCO|PUERTO INCA|HONORIA,10,Huánuco,1009,Puerto Inca
100904,distrito,Tournavista,TOURNAVISTA,DISTRITO TOURNAVISTA,DISTRITO TOURNAVISTA,HUANUCO|PUERTO INCA|TOURNAVISTA,10,Huánuco,1009,Puerto Inca
100905,distrito,Yuyapichis,YUYAPICHIS,DISTRITO YUYAPICHIS,DISTRITO YUYAPICHIS,HUANUCO|PUERTO INCA|YUYAPICHIS,10,Huánuco,1009,Puerto Inca
101001,distrito,Jesús,JESUS,DISTRITO JESÚS,DISTRITO JESUS,HUANUCO|LAURICOCHA|JESUS,10,Huánuco,1010,Lauricocha
101002,distrito,Baños,BANOS,DISTRITO BAÑOS,DISTRITO BANOS,HUANUCO|LAURICOCHA|BANOS,10,Huánuco,1010,Lauricocha
101003,distrito,Jivia,JIVIA,DISTRITO JIVIA,DISTRITO JIVIA,HUANUCO|LAURICOCHA|JIVIA,10,Huánuco,1010,Lauricocha
101004,distrito,Queropalca,QUEROPALCA,DISTRITO QUEROPALCA,DISTRITO QUEROPALCA,HUANUCO|LAURICOCHA|QUEROPALCA,10,Huánuco,1010,Lauricocha
101005,distrito,Rondos,RONDOS,DISTRITO RONDOS,DISTRITO RONDOS,HUANUCO|LAURICOCHA|RONDOS,10,Huánuco,1010,Lauricocha
101006,distrito,San Francisco de Asís,SAN FRANCISCO DE ASIS,DISTRITO SAN FRANCISCO DE ASÍS,DISTRITO SAN FRANCISCO DE ASIS,HUANUCO|LAURICOCHA|SAN FRANCISCO DE ASIS,10,Huánuco,1010,Lauricocha
101007,distrito,San Miguel de Cauri,SAN MIGUEL DE CAURI,DISTRITO SAN MIGUEL DE CAURI,DISTRITO SAN MIGUEL DE CAURI,HUANUCO|LAURICOCHA|SAN MIGUEL DE CAURI,10,Huánuco,1010,Lauricocha
101101,distrito,Chavinillo,CHAVINILLO,DISTRITO CHAVINILLO,DISTRITO CHAVINILLO,HUANUCO|YAROWILCA|CHAVINILLO,10,Huánuco,1011,Yarowilca
101102,distrito,Cahuac,CAHUAC,DISTRITO CAHUAC,DISTRITO CAHUAC,HUANUCO|YAROWILCA|CAHUAC,10,Huánuco,1011,Yarowilca
101103,distrito,Chacabamba,CHACABAMBA,DISTRITO CHACABAMBA,DISTRITO CHACABAMBA,HUANUCO|YAROWILCA|CHACABAMBA,10,Huánuco,1011,Yarowilca
101104,distrito,Aparicio Pomares,APARICIO POMARES,DISTRITO APARICIO POMARES,DISTRITO APARICIO POMARES,HUANUCO|YAROWILCA|APARICIO POMARES,10,Huánuco,1011,Yarowilca
101105,distrito,Jacas Chico,JACAS CHICO,DISTRITO JACAS CHICO,DISTRITO JACAS CHICO,HUANUCO|YAROWILCA|JACAS CHICO,10,Huánuco,1011,Yarowilca
101106,distrito,Obas,OBAS,DISTRITO OBAS,DISTRITO OBAS,HUANUCO|YAROWILCA|OBAS,10,Huánuco,1011,Yarowilca
101107,distrito,Pampamarca,PAMPAMARCA,DISTRITO PAMPAMARCA,DISTRITO PAMPAMARCA,HUANUCO|YAROWILCA|PAMPAMARCA,10,Huánuco,1011,Yarowilca
101108,distrito,Choras,CHORAS,DISTRITO CHORAS,DISTRITO CHORAS,HUANUCO|YAROWILCA|CHORAS,10,Huánuco,1011,Yarowilca
110101,distrito,Ica,ICA,DISTRITO ICA,DISTRITO ICA,ICA|ICA|ICA,11,Ica,1101,Ica
110102,distrito,La Tinguiña,LA TINGUINA,DISTRITO LA TINGUIÑA,DISTRITO LA TINGUINA,ICA|ICA|LA TINGUINA,11,Ica,1101,Ica
110103,distrito,Los Aquijes,LOS AQUIJES,DISTRITO LOS AQUIJES,DISTRITO LOS AQUIJES,ICA|ICA|LOS AQUIJES,11,Ica,1101,Ica
110104,distrito,Ocucaje,OCUCAJE,DISTRITO OCUCAJE,DISTRITO OCUCAJE,ICA|ICA|OCUCAJE,11,Ica,1101,Ica
110105,distrito,Pachacutec,PACHACUTEC,DISTRITO PACHACUTEC,DISTRITO PACHACUTEC,ICA|ICA|PACHACUTEC,11,Ica,1101,Ica
110106,distrito,Parcona,PARCONA,DISTRITO PARCONA,DISTRITO PARCONA,ICA|ICA|PARCONA,11,Ica,1101,Ica
110107,distrito,Pueblo Nuevo,PUEBLO NUEVO,DISTRITO PUEBLO NUEVO,DISTRITO PUEBLO NUEVO,ICA|ICA|PUEBLO NUEVO,11,Ica,1101,Ica
110108,distrito,Salas,SALAS,DISTRITO SALAS,DISTRITO SALAS,ICA|ICA|SALAS,11,Ica,1101,Ica
110109,distrito,San José de Los Molinos,SAN JOSE DE LOS MOLINOS,DISTRITO SAN JOSÉ DE LOS MOLINOS,DISTRITO SAN JOSE DE LOS MOLINOS,ICA|ICA|SAN JOSE DE LOS MOLINOS,11,Ica,1101,Ica
110110,distrito,San Juan Bautista,SAN JUAN BAUTISTA,DISTRITO SAN JUAN BAUTISTA,DISTRITO SAN JUAN BAUTISTA,ICA|ICA|SAN JUAN BAUTISTA,11,Ica,1101,Ica
110111,distrito,Santiago,SANTIAGO,DISTRITO SANTIAGO,DISTRITO SANTIAGO,ICA|ICA|SANTIAGO,11,Ica,1101,Ica
110112,distrito,Subtanjalla,SUBTANJALLA,DISTRITO SUBTANJALLA,DISTRITO SUBTANJALLA,ICA|ICA|SUBTANJALLA,11,Ica,1101,Ica
110113,distrito,Tate,TATE,DISTRITO TATE,DISTRITO TATE,ICA|ICA|TATE,11,Ica,1101,Ica
110114,distrito,Yauca del Rosario,YAUCA DEL ROSARIO,DISTRITO YAUCA DEL ROSARIO,DISTRITO YAUCA DEL ROSARIO,ICA|ICA|YAUCA DEL ROSARIO,11,Ica,1101,Ica
110201,distrito,Chincha Alta,CHINCHA ALTA,DISTRITO CHINCHA ALTA,DISTRITO CHINCHA ALTA,ICA|CHINCHA|CHINCHA ALTA,11,Ica,1102,Chincha
110202,distrito,Alto Laran,ALTO LARAN,DISTRITO ALTO LARAN,DISTRITO ALTO LARAN,ICA|CHINCHA|ALTO LARAN,11,Ica,1102,Chincha
110203,distrito,Chavin,CHAVIN,DISTRITO CHAVIN,DISTRITO CHAVIN,ICA|CHINCHA|CHAVIN,11,Ica,1102,Chincha
110204,distrito,Chincha Baja,CHINCHA BAJA,DISTRITO CHINCHA BAJA,DISTRITO CHINCHA BAJA,ICA|CHINCHA|CHINCHA BAJA,11,Ica,1102,Chincha
110205,distrito,El Carmen,EL CARMEN,DISTRITO EL CARMEN,DISTRITO EL CARMEN,ICA|CHINCHA|EL CARMEN,11,Ica,1102,Chincha
110206,distrito,Grocio Prado,GROCIO PRADO,DISTRITO GROCIO PRADO,DISTRITO GROCIO PRADO,ICA|CHINCHA|GROCIO PRADO,11,Ica,1102,Chincha
110207,distrito,Pueblo Nuevo,PUEBLO NUEVO,DISTRITO PUEBLO NUEVO,DISTRITO PUEBLO NUEVO,ICA|CHINCHA|PUEBLO NUEVO,11,Ica,1102,Chincha
110208,distrito,San Juan de Yanac,SAN JUAN DE YANAC,DISTRITO SAN JUAN DE YANAC,DISTRITO SAN JUAN DE YANAC,ICA|CHINCHA|SAN JUAN DE YANAC,11,Ica,1102,Chincha
110209,distrito,San Pedro de Huacarpana,SAN PEDRO DE HUACARPANA,DISTRITO SAN PEDRO DE HUACARPANA,DISTRITO SAN PEDRO DE HUACARPANA,ICA|CHINCHA|SAN PEDRO DE HUACARPANA,11,Ica,1102,Chincha
110210,distrito,Sunampe,SUNAMPE,DISTRITO SUNAMPE,DISTRITO SUNAMPE,ICA|CHINCHA|SUNAMPE,11,Ica,1102,Chincha
110211,distrito,Tambo de Mora,TAMBO DE MORA,DISTRITO TAMBO DE MORA,DISTRITO TAMBO DE MORA,ICA|CHINCHA|TAMBO DE MORA,11,Ica,1102,Chincha
110301,distrito,Nasca,NASCA,DISTRITO NASCA,DISTRITO NASCA,ICA|NASCA|NASCA,11,Ica,1103,Nasca
110302,distrito,Changuillo,CHANGUILLO,DISTRITO CHANGUILLO,DISTRITO CHANGUILLO,ICA|NASCA|CHANGUILLO,11,Ica,1103,Nasca
110303,distrito,El Ingenio,EL INGENIO,DISTRITO EL INGENIO,DISTRITO EL INGENIO,ICA|NASCA|EL INGENIO,11,Ica,1103,Nasca
110304,distrito,Marcona,MARCONA,DISTRITO MARCONA,DISTRITO MARCONA,ICA|NASCA|MARCONA,11,Ica,1103,Nasca
110305,distrito,Vista Alegre,VISTA ALEGRE,DISTRITO VISTA ALEGRE,DISTRITO VISTA ALEGRE,ICA|NASCA|VISTA ALEGRE,11,Ica,1103,Nasca
110401,distrito,Palpa,PALPA,DISTRITO PALPA,DISTRITO PALPA,ICA|PALPA|PALPA,11,Ica,1104,Palpa
110402,distrito,Llipata,LLIPATA,DISTRITO LLIPATA,DISTRITO LLIPATA,ICA|PALPA|LLIPATA,11,Ica,1104,Palpa
110403,distrito,Río Grande,RIO GRANDE,DISTRITO RÍO GRANDE,DISTRITO RIO GRANDE,ICA|PALPA|RIO GRANDE,11,Ica,1104,Palpa
110404,distrito,Santa Cruz,SANTA CRUZ,DISTRITO SANTA CRUZ,DISTRITO SANTA CRUZ,ICA|PALPA|SANTA CRUZ,11,Ica,1104,Palpa
110405,distrito,Tibillo,TIBILLO,DISTRITO TIBILLO,DISTRITO TIBILLO,ICA|PALPA|TIBILLO,11,Ica,1104,Palpa
110501,distrito,Pisco,PISCO,DISTRITO PISCO,DISTRITO PISCO,ICA|PISCO|PISCO,11,Ica,1105,Pisco
110502,distrito,Huancano,HUANCANO,DISTRITO HUANCANO,DISTRITO HUANCANO,ICA|PISCO|HUANCANO,11,Ica,1105,Pisco
110503,distrito,Humay,HUMAY,DISTRITO HUMAY,DISTRITO HUMAY,ICA|PISCO|HUMAY,11,Ica,1105,Pisco
110504,distrito,Independencia,INDEPENDENCIA,DISTRITO INDEPENDENCIA,DISTRITO INDEPENDENCIA,ICA|PISCO|INDEPENDENCIA,11,Ica,1105,Pisco
110505,distrito,Paracas,PARACAS,DISTRITO PARACAS,DISTRITO PARACAS,ICA|PISCO|PARACAS,11,Ica,1105,Pisco
110506,distrito,San Andrés,SAN ANDRES,DISTRITO SAN ANDRÉS,DISTRITO SAN ANDRES,ICA|PISCO|SAN ANDRES,11,Ica,1105,Pisco
110507,distrito,San Clemente,SAN CLEMENTE,DISTRITO SAN CLEMENTE,DISTRITO SAN CLEMENTE,ICA|PISCO|SAN CLEMENTE,11,Ica,1105,Pisco
110508,distrito,Tupac Amaru Inca,TUPAC AMARU INCA,DISTRITO TUPAC AMARU INCA,DISTRITO TUPAC AMARU INCA,ICA|PISCO|TUPAC AMARU INCA,11,Ica,1105,Pisco
120101,distrito,Huancayo,HUANCAYO,DISTRITO HUANCAYO,DISTRITO HUANCAYO,JUNIN|HUANCAYO|HUANCAYO,12,Junín,1201,Huancayo
120104,distrito,Carhuacallanga,CARHUACALLANGA,DISTRITO CARHUACALLANGA,DISTRITO CARHUACALLANGA,JUNIN|HUANCAYO|CARHUACALLANGA,12,Junín,1201,Huancayo
120105,distrito,Chacapampa,CHACAPAMPA,DISTRITO CHACAPAMPA,DISTRITO CHACAPAMPA,JUNIN|HUANCAYO|CHACAPAMPA,12,Junín,1201,Huancayo
120106,distrito,Chicche,CHICCHE,DISTRITO CHICCHE,DISTRITO CHICCHE,JUNIN|HUANCAYO|CHICCHE,12,Junín,1201,Huancayo
120107,distrito,Chilca,CHILCA,DISTRITO CHILCA,DISTRITO CHILCA,JUNIN|HUANCAYO|CHILCA,12,Junín,1201,Huancayo
120108,distrito,Chongos Alto,CHONGOS ALTO,DISTRITO CHONGOS ALTO,DISTRITO CHONGOS ALTO,JUNIN|HUANCAYO|CHONGOS ALTO,12,Junín,1201,Huancayo
120111,distrito,Chupuro,CHUPURO,DISTRITO CHUPURO,DISTRITO CHUPURO,JUNIN|HUANCAYO|CHUPURO,12,Junín,1201,Huancayo
120112,distrito,Colca,COLCA,DISTRITO COLCA,DISTRITO COLCA,JUNIN|HUANCAYO|COLCA,12,Junín,1201,Huancayo
120113,distrito,Cullhuas,CULLHUAS,DISTRITO CULLHUAS,DISTRITO CULLHUAS,JUNIN|HUANCAYO|CULLHUAS,12,Junín,1201,Huancayo
120114,distrito,El Tambo,EL TAMBO,DISTRITO EL TAMBO,DISTRITO EL TAMBO,JUNIN|HUANCAYO|EL TAMBO,12,Junín,1201,Huancayo
120116,distrito,Huacrapuquio,HUACRAPUQUIO,DISTRITO HUACRAPUQUIO,DISTRITO HUACRAPUQUIO,JUNIN|HUANCAYO|HUACRAPUQUIO,12,Junín,1201,Huancayo
120117,distrito,Hualhuas,HUALHUAS,DISTRITO HUALHUAS,DISTRITO HUALHUAS,JUNIN|HUANCAYO|HUALHUAS,12,Junín,1201,Huancayo
120119,distrito,Huancan,HUANCAN,DISTRITO HUANCAN,DISTRITO HUANCAN,JUNIN|HUANCAYO|HUANCAN,12,Junín,1201,Huancayo
120120,distrito,Huasicancha,HUASICANCHA,DISTRITO HUASICANCHA,DISTRITO HUASICANCHA,JUNIN|HUANCAYO|HUASICANCHA,12,Junín,1201,Huancayo
120121,distrito,Huayucachi,HUAYUCACHI,DISTRITO HUAYUCACHI,DISTRITO HUAYUCACHI,JUNIN|HUANCAYO|HUAYUCACHI,12,Junín,1201,Huancayo
120122,distrito,Ingenio,INGENIO,DISTRITO INGENIO,DISTRITO INGENIO,JUNIN|HUANCAYO|INGENIO,12,Junín,1201,Huancayo
120124,distrito,Pariahuanca,PARIAHUANCA,DISTRITO PARIAHUANCA,DISTRITO PARIAHUANCA,JUNIN|HUANCAYO|PARIAHUANCA,12,Junín,1201,Huancayo
120125,distrito,Pilcomayo,PILCOMAYO,DISTRITO PILCOMAYO,DISTRITO PILCOMAYO,JUNIN|HUANCAYO|PILCOMAYO,12,Junín,1201,Huancayo
120126,distrito,Pucara,PUCARA,DISTRITO PUCARA,DISTRITO PUCARA,JUNIN|HUANCAYO|PUCARA,12,Junín,1201,Huancayo
120127,distrito,Quichuay,QUICHUAY,DISTRITO QUICHUAY,DISTRITO QUICHUAY,JUNIN|HUANCAYO|QUICHUAY,12,Junín,1201,Huancayo
120128,distrito,Quilcas,QUILCAS,DISTRITO QUILCAS,DISTRITO QUILCAS,JUNIN|HUANCAYO|QUILCAS,12,Junín,1201,Huancayo
120129,distrito,San Agustín,SAN AGUSTIN,DISTRITO SAN AGUSTÍN,DISTRITO SAN AGUSTIN,JUNIN|HUANCAYO|SAN AGUSTIN,12,Junín,1201,Huancayo
120130,distrito,San Jerónimo de Tunan,SAN JERONIMO DE TUNAN,DISTRITO SAN JERÓNIMO DE TUNAN,DISTRITO SAN JERONIMO DE TUNAN,JUNIN|HUANCAYO|SAN JERONIMO DE TUNAN,12,Junín,1201,Huancayo
120132,distrito,Saño,SANO,DISTRITO SAÑO,DISTRITO SANO,JUNIN|HUANCAYO|SANO,12,Junín,1201,Huancayo
120133,distrito,Sapallanga,SAPALLANGA,DISTRITO SAPALLANGA,DISTRITO SAPALLANGA,JUNIN|HUANCAYO|SAPALLANGA,12,Junín,1201,Huancayo
120134,distrito,Sicaya,SICAYA,DISTRITO SICAYA,DISTRITO SICAYA,JUNIN|HUANCAYO|SICAYA,12,Junín,1201,Huancayo
120135,distrito,Santo Domingo de Acobamba,SANTO DOMINGO DE ACOBAMBA,DISTRITO SANTO DOMINGO DE ACOBAMBA,DISTRITO SANTO DOMINGO DE ACOBAMBA,JUNIN|HUANCAYO|SANTO DOMINGO DE ACOBAMBA,12,Junín,1201,Huancayo
120136,distrito,Viques,VIQUES,DISTRITO VIQUES,DISTRITO VIQUES,JUNIN|HUANCAYO|VIQUES,12,Junín,1201,Huancayo
120201,distrito,Concepción,CONCEPCION,DISTRITO CONCEPCIÓN,DISTRITO CONCEPCION,JUNIN|CONCEPCION|CONCEPCION,12,Junín,1202,Concepción
120202,distrito,Aco,ACO,DISTRITO ACO,DISTRITO ACO,JUNIN|CONCEPCION|ACO,12,Junín,1202,Concepción
120203,distrito,Andamarca,ANDAMARCA,DISTRITO ANDAMARCA,DISTRITO ANDAMARCA,JUNIN|CONCEPCION|ANDAMARCA,12,Junín,1202,Concepción
120204,distrito,Chambara,CHAMBARA,DISTRITO CHAMBARA,DISTRITO CHAMBARA,JUNIN|CONCEPCION|CHAMBARA,12,Junín,1202,Concepción
120205,distrito,Cochas,COCHAS,DISTRITO COCHAS,DISTRITO COCHAS,JUNIN|CONCEPCION|COCHAS,12,Junín,1202,Concepción
120206,distrito,Comas,COMAS,DISTRITO COMAS,DISTRITO COMAS,JUNIN|CONCEPCION|COMAS,12,Junín,1202,Concepción
120207,distrito,Heroínas Toledo,HEROINAS TOLEDO,DISTRITO HEROÍNAS TOLEDO,DISTRITO HEROINAS TOLEDO,JUNIN|CONCEPCION|HEROINAS TOLEDO,12,Junín,1202,Concepción
120208,distrito,Manzanares,MANZANARES,DISTRITO MANZANARES,DISTRITO MANZANARES,JUNIN|CONCEPCION|MANZANARES,12,Junín,1202,Concepción
120209,distrito,Mariscal Castilla,MARISCAL CASTILLA,DISTRITO MARISCAL CASTILLA,DISTRITO MARISCAL CASTILLA,JUNIN|CONCEPCION|MARISCAL CASTILLA,12,Junín,1202,Concepción
120210,distrito,Matahuasi,MATAHUASI,DISTRITO MATAHUASI,DISTRITO MATAHUASI,JUNIN|CONCEPCION|MATAHUASI,12,Junín,1202,Concepción
120211,distrito,Mito,MITO,DISTRITO MITO,DISTRITO MITO,JUNIN|CONCEPCION|MITO,12,Junín,1202,Concepción
120212,distrito,Nueve de Julio,NUEVE DE JULIO,DISTRITO NUEVE DE JULIO,DISTRITO NUEVE DE JULIO,JUNIN|CONCEPCION|NUEVE DE JULIO,12,Junín,1202,Concepción
120213,distrito,Orcotuna,ORCOTUNA,DISTRITO ORCOTUNA,DISTRITO ORCOTUNA,JUNIN|CONCEPCION|ORCOTUNA,12,Junín,1202,Concepción
120214,distrito,San José de Quero,SAN JOSE DE QUERO,DISTRITO SAN JOSÉ DE QUERO,DISTRITO SAN JOSE DE QUERO,JUNIN|CONCEPCION|SAN JOSE DE QUERO,12,Junín,1202,Concepción
120215,distrito,Santa Rosa de Ocopa,SANTA ROSA DE OCOPA,DISTRITO SANTA ROSA DE OCOPA,DISTRITO SANTA ROSA DE OCOPA,JUNIN|CONCEPCION|SANTA ROSA DE OCOPA,12,Junín,1202,Concepción
120301,distrito,Chanchamayo,CHANCHAMAYO,DISTRITO CHANCHAMAYO,DISTRITO CHANCHAMAYO,JUNIN|CHANCHAMAYO|CHANCHAMAYO,12,Junín,1203,Chanchamayo
120302,distrito,Perene,PERENE,DISTRITO PERENE,DISTRITO PERENE,JUNIN|CHANCHAMAYO|PERENE,12,Junín,1203,Chanchamayo
120303,distrito,Pichanaqui,PICHANAQUI,DISTRITO PICHANAQUI,DISTRITO PICHANAQUI,JUNIN|CHANCHAMAYO|PICHANAQUI,12,Junín,1203,Chanchamayo
120304,distrito,San Luis de Shuaro,SAN LUIS DE SHUARO,DISTRITO SAN LUIS DE SHUARO,DISTRITO SAN LUIS DE SHUARO,JUNIN|CHANCHAMAYO|SAN LUIS DE SHUARO,12,Junín,1203,Chanchamayo
120305,distrito,San Ramón,SAN RAMON,DISTRITO SAN RAMÓN,DISTRITO SAN RAMON,JUNIN|CHANCHAMAYO|SAN RAMON,12,Junín,1203,Chanchamayo
120306,distrito,Vitoc,VITOC,DISTRITO VITOC,DISTRITO VITOC,JUNIN|CHANCHAMAYO|VITOC,12,Junín,1203,Chanchamayo
120307,distrito,Sangani,SANGANI,DISTRITO SANGANI,DISTRITO SANGANI,JUNIN|CHANCHAMAYO|SANGANI,12,Junín,1203,Chanchamayo
120401,distrito,Jauja,JAUJA,DISTRITO JAUJA,DISTRITO JAUJA,JUNIN|JAUJA|JAUJA,12,Junín,1204,Jauja
120402,distrito,Acolla,ACOLLA,DISTRITO ACOLLA,DISTRITO ACOLLA,JUNIN|JAUJA|ACOLLA,12,Junín,1204,Jauja
120403,distrito,Apata,APATA,DISTRITO APATA,DISTRITO APATA,JUNIN|JAUJA|APATA,12,Junín,1204,Jauja
120404,distrito,Ataura,ATAURA,DISTRITO ATAURA,DISTRITO ATAURA,JUNIN|JAUJA|ATAURA,12,Junín,1204,Jauja
120405,distrito,Canchayllo,CANCHAYLLO,DISTRITO CANCHAYLLO,DISTRITO CANCHAYLLO,JUNIN|JAUJA|CANCHAYLLO,12,Junín,1204,Jauja
120406,distrito,Curicaca,CURICACA,DISTRITO CURICACA,DISTRITO CURICACA,JUNIN|JAUJA|CURICACA,12,Junín,1204,Jauja
120407,distrito,El Mantaro,EL MANTARO,DISTRITO EL MANTARO,DISTRITO EL MANTARO,JUNIN|JAUJA|EL MANTARO,12,Junín,1204,Jauja
120408,distrito,Huamali,HUAMALI,DISTRITO HUAMALI,DISTRITO HUAMALI,JUNIN|JAUJA|HUAMALI,12,Junín,1204,Jauja
120409,distrito,Huaripampa,HUARIPAMPA,DISTRITO HUARIPAMPA,DISTRITO HUARIPAMPA,JUNIN|JAUJA|HUARIPAMPA,12,Junín,1204,Jauja
120410,distrito,Huertas,HUERTAS,DISTRITO HUERTAS,DISTRITO HUERTAS,JUNIN|JAUJA|HUERTAS,12,Junín,1204,Jauja
120411,distrito,Janjaillo,JANJAILLO,DISTRITO JANJAILLO,DISTRITO JANJAILLO,JUNIN|JAUJA|JANJAILLO,12,Junín,1204,Jauja
120412,distrito,Julcán,JULCAN,DISTRITO JULCÁN,DISTRITO JULCAN,JUNIN|JAUJA|JULCAN,12,Junín,1204,Jauja
120413,distrito,Leonor Ordóñez,LEONOR ORDONEZ,DISTRITO LEONOR ORDÓÑEZ,DISTRITO LEONOR ORDONEZ,JUNIN|JAUJA|LEONOR ORDONEZ,12,Junín,1204,Jauja
120414,distrito,Llocllapampa,LLOCLLAPAMPA,DISTRITO LLOCLLAPAMPA,DISTRITO LLOCLLAPAMPA,JUNIN|JAUJA|LLOCLLAPAMPA,12,Junín,1204,Jauja
120415,distrito,Marco,MARCO,DISTRITO MARCO,DISTRITO MARCO,JUNIN|JAUJA|MARCO,12,Junín,1204,Jauja
120416,distrito,Masma,MASMA,DISTRITO MASMA,DISTRITO MASMA,JUNIN|JAUJA|MASMA,12,Junín,1204,Jauja
120417,distrito,Masma Chicche,MASMA CHICCHE,DISTRITO MASMA CHICCHE,DISTRITO MASMA CHICCHE,JUNIN|JAUJA|MASMA CHICCHE,12,Junín,1204,Jauja
120418,distrito,Molinos,MOLINOS,DISTRITO MOLINOS,DISTRITO MOLINOS,JUNIN|JAUJA|MOLINOS,12,Junín,1204,Jauja
120419,distrito,Monobamba,MONOBAMBA,DISTRITO MONOBAMBA,DISTRITO MONOBAMBA,JUNIN|JAUJA|MONOBAMBA,12,Junín,1204,Jauja
120420,distrito,Muqui,MUQUI,DISTRITO MUQUI,DISTRITO MUQUI,JUNIN|JAUJA|MUQUI,12,Junín,1204,Jauja
120421,distrito,Muquiyauyo,MUQUIYAUYO,DISTRITO MUQUIYAUYO,DISTRITO MUQUIYAUYO,JUNIN|JAUJA|MUQUIYAUYO,12,Junín,1204,Jauja
120422,distrito,Paca,PACA,DISTRITO PACA,DISTRITO PACA,JUNIN|JAUJA|PACA,12,Junín,1204,Jauja
120423,distrito,Paccha,PACCHA,DISTRITO PACCHA,DISTRITO PACCHA,JUNIN|JAUJA|PACCHA,12,Junín,1204,Jauja
120424,distrito,Pancan,PANCAN,DISTRITO PANCAN,DISTRITO PANCAN,JUNIN|JAUJA|PANCAN,12,Junín,1204,Jauja
120425,distrito,Parco,PARCO,DISTRITO PARCO,DISTRITO PARCO,JUNIN|JAUJA|PARCO,12,Junín,1204,Jauja
120426,distrito,Pomacancha,POMACANCHA,DISTRITO POMACANCHA,DISTRITO POMACANCHA,JUNIN|JAUJA|POMACANCHA,12,Junín,1204,Jauja
120427,distrito,Ricran,RICRAN,DISTRITO RICRAN,DISTRITO RICRAN,JUNIN|JAUJA|RICRAN,12,Junín,1204,Jauja
120428,distrito,San Lorenzo,SAN LORENZO,DISTRITO SAN LORENZO,DISTRITO SAN LORENZO,JUNIN|JAUJA|SAN LORENZO,12,Junín,1204,Jauja
120429,distrito,San Pedro de Chunan,SAN PEDRO DE CHUNAN,DISTRITO SAN PEDRO DE CHUNAN,DISTRITO SAN PEDRO DE CHUNAN,JUNIN|JAUJA|SAN PEDRO DE CHUNAN,12,Junín,1204,Jauja
120430,distrito,Sausa,SAUSA,DISTRITO SAUSA,DISTRITO SAUSA,JUNIN|JAUJA|SAUSA,12,Junín,1204,Jauja
120431,distrito,Sincos,SINCOS,DISTRITO SINCOS,DISTRITO SINCOS,JUNIN|JAUJA|SINCOS,12,Junín,1204,Jauja
120432,distrito,Tunan Marca,TUNAN MARCA,DISTRITO TUNAN MARCA,DISTRITO TUNAN MARCA,JUNIN|JAUJA|TUNAN MARCA,12,Junín,1204,Jauja
120433,distrito,Yauli,YAULI,DISTRITO YAULI,DISTRITO YAULI,JUNIN|JAUJA|YAULI,12,Junín,1204,Jauja
120434,distrito,Yauyos,YAUYOS,DISTRITO YAUYOS,DISTRITO YAUYOS,JUNIN|JAUJA|YAUYOS,12,Junín,1204,Jauja
120501,distrito,Junin,JUNIN,DISTRITO JUNIN,DISTRITO JUNIN,JUNIN|JUNIN|JUNIN,12,Junín,1205,Junín
120502,distrito,Carhuamayo,CARHUAMAYO,DISTRITO CARHUAMAYO,DISTRITO CARHUAMAYO,JUNIN|JUNIN|CARHUAMAYO,12,Junín,1205,Junín
120503,distrito,Ondores,ONDORES,DISTRITO ONDORES,DISTRITO ONDORES,JUNIN|JUNIN|ONDORES,12,Junín,1205,Junín
120504,distrito,Ulcumayo,ULCUMAYO,DISTRITO ULCUMAYO,DISTRITO ULCUMAYO,JUNIN|JUNIN|ULCUMAYO,12,Junín,1205,Junín
120601,distrito,Satipo,SATIPO,DISTRITO SATIPO,DISTRITO SATIPO,JUNIN|SATIPO|SATIPO,12,Junín,1206,Satipo
120602,distrito,Coviriali,COVIRIALI,DISTRITO COVIRIALI,DISTRITO COVIRIALI,JUNIN|SATIPO|COVIRIALI,12,Junín,1206,Satipo
120603,distrito,Llaylla,LLAYLLA,DISTRITO LLAYLLA,DISTRITO LLAYLLA,JUNIN|SATIPO|LLAYLLA,12,Junín,1206,Satipo
120604,distrito,Mazamari,MAZAMARI,DISTRITO MAZAMARI,DISTRITO MAZAMARI,JUNIN|SATIPO|MAZAMARI,12,Junín,1206,Satipo
120605,distrito,Pampa Hermosa,PAMPA HERMOSA,DISTRITO PAMPA HERMOSA,DISTRITO PAMPA HERMOSA,JUNIN|SATIPO|PAMPA HERMOSA,12,Junín,1206,Satipo
120606,distrito,Pangoa,PANGOA,DISTRITO PANGOA,DISTRITO PANGOA,JUNIN|SATIPO|PANGOA,12,Junín,1206,Satipo
120607,distrito,Río Negro,RIO NEGRO,DISTRITO RÍO NEGRO,DISTRITO RIO NEGRO,JUNIN|SATIPO|RIO NEGRO,12,Junín,1206,Satipo
120608,distrito,Río Tambo,RIO TAMBO,DISTRITO RÍO TAMBO,DISTRITO RIO TAMBO,JUNIN|SATIPO|RIO TAMBO,12,Junín,1206,Satipo
120609,distrito,Vizcatán del Ene,VIZCATAN DEL ENE,DISTRITO VIZCATÁN DEL ENE,DISTRITO VIZCATAN DEL ENE,JUNIN|SATIPO|VIZCATAN DEL ENE,12,Junín,1206,Satipo
120701,distrito,Tarma,TARMA,DISTRITO TARMA,DISTRITO TARMA,JUNIN|TARMA|TARMA,12,Junín,1207,Tarma
120702,distrito,Acobamba,ACOBAMBA,DISTRITO ACOBAMBA,DISTRITO ACOBAMBA,JUNIN|TARMA|ACOBAMBA,12,Junín,1207,Tarma
120703,distrito,Huaricolca,HUARICOLCA,DISTRITO HUARICOLCA,DISTRITO HUARICOLCA,JUNIN|TARMA|HUARICOLCA,12,Junín,1207,Tarma
120704,distrito,Huasahuasi,HUASAHUASI,DISTRITO HUASAHUASI,DISTRITO HUASAHUASI,JUNIN|TARMA|HUASAHUASI,12,Junín,1207,Tarma
120705,distrito,La Unión,LA UNION,DISTRITO LA UNIÓN,DISTRITO LA UNION,JUNIN|TARMA|LA UNION,12,Junín,1207,Tarma
120706,distrito,Palca,PALCA,DISTRITO PALCA,DISTRITO PALCA,JUNIN|TARMA|PALCA,12,Junín,1207,Tarma
120707,distrito,Palcamayo,PALCAMAYO,DISTRITO PALCAMAYO,DISTRITO PALCAMAYO,JUNIN|TARMA|PALCAMAYO,12,Junín,1207,Tarma
120708,distrito,San Pedro de Cajas,SAN PEDRO DE CAJAS,DISTRITO SAN PEDRO DE CAJAS,DISTRITO SAN PEDRO DE CAJAS,JUNIN|TARMA|SAN PEDRO DE CAJAS,12,Junín,1207,Tarma
120709,distrito,Tapo,TAPO,DISTRITO TAPO,DISTRITO TAPO,JUNIN|TARMA|TAPO,12,Junín,1207,Tarma
120801,distrito,La Oroya,LA OROYA,DISTRITO LA OROYA,DISTRITO LA OROYA,JUNIN|YAULI|LA OROYA,12,Junín,1208,Yauli
120802,distrito,Chacapalpa,CHACAPALPA,DISTRITO CHACAPALPA,DISTRITO CHACAPALPA,JUNIN|YAULI|CHACAPALPA,12,Junín,1208,Yauli
120803,distrito,Huay-Huay,HUAY-HUAY,DISTRITO HUAY-HUAY,DISTRITO HUAY-HUAY,JUNIN|YAULI|HUAY-HUAY,12,Junín,1208,Yauli
120804,distrito,Marcapomacocha,MARCAPOMACOCHA,DISTRITO MARCAPOMACOCHA,DISTRITO MARCAPOMACOCHA,JUNIN|YAULI|MARCAPOMACOCHA,12,Junín,1208,Yauli
120805,distrito,Morococha,MOROCOCHA,DISTRITO MOROCOCHA,DISTRITO MOROCOCHA,JUNIN|YAULI|MOROCOCHA,12,Junín,1208,Yauli
120806,distrito,Paccha,PACCHA,DISTRITO PACCHA,DISTRITO PACCHA,JUNIN|YAULI|PACCHA,12,Junín,1208,Yauli
120807,distrito,Santa Bárbara de Carhuacayan,SANTA BARBARA DE CARHUACAYAN,DISTRITO SANTA BÁRBARA DE CARHUACAYAN,DISTRITO SANTA BARBARA DE CARHUACAYAN,JUNIN|YAULI|SANTA BARBARA DE CARHUACAYAN,12,Junín,1208,Yauli
120808,distrito,Santa Rosa de Sacco,SANTA ROSA DE SACCO,DISTRITO SANTA ROSA DE SACCO,DISTRITO SANTA ROSA DE SACCO,JUNIN|YAULI|SANTA ROSA DE SACCO,12,Junín,1208,Yauli
120809,distrito,Suitucancha,SUITUCANCHA,DISTRITO SUITUCANCHA,DISTRITO SUITUCANCHA,JUNIN|YAULI|SUITUCANCHA,12,Junín,1208,Yauli
120810,distrito,Yauli,YAULI,DISTRITO YAULI,DISTRITO YAULI,JUNIN|YAULI|YAULI,12,Junín,1208,Yauli
120901,distrito,Chupaca,CHUPACA,DISTRITO CHUPACA,DISTRITO CHUPACA,JUNIN|CHUPACA|CHUPACA,12,Junín,1209,Chupaca
120902,distrito,Ahuac,AHUAC,DISTRITO AHUAC,DISTRITO AHUAC,JUNIN|CHUPACA|AHUAC,12,Junín,1209,Chupaca
120903,distrito,Chongos Bajo,CHONGOS BAJO,DISTRITO CHONGOS BAJO,DISTRITO CHONGOS BAJO,JUNIN|CHUPACA|CHONGOS BAJO,12,Junín,1209,Chupaca
120904,distrito,Huachac,HUACHAC,DISTRITO HUACHAC,DISTRITO HUACHAC,JUNIN|CHUPACA|HUACHAC,12,Junín,1209,Chupaca
120905,distrito,Huamancaca Chico,HUAMANCACA CHICO,DISTRITO HUAMANCACA CHICO,DISTRITO HUAMANCACA CHICO,JUNIN|CHUPACA|HUAMANCACA CHICO,12,Junín,1209,Chupaca
120906,distrito,San Juan de Iscos,SAN JUAN DE ISCOS,DISTRITO SAN JUAN DE ISCOS,DISTRITO SAN JUAN DE ISCOS,JUNIN|CHUPACA|SAN JUAN DE ISCOS,12,Junín,1209,Chupaca
120907,distrito,San Juan de Jarpa,SAN JUAN DE JARPA,DISTRITO SAN JUAN DE JARPA,DISTRITO SAN JUAN DE JARPA,JUNIN|CHUPACA|SAN JUAN DE JARPA,12,Junín,1209,Chupaca
120908,distrito,Tres de Diciembre,TRES DE DICIEMBRE,DISTRITO TRES DE DICIEMBRE,DISTRITO TRES DE DICIEMBRE,JUNIN|CHUPACA|TRES DE DICIEMBRE,12,Junín,1209,Chupaca
120909,distrito,Yanacancha,YANACANCHA,DISTRITO YANACANCHA,DISTRITO YANACANCHA,JUNIN|CHUPACA|YANACANCHA,12,Junín,1209,Chupaca
130101,distrito,Trujillo,TRUJILLO,DISTRITO TRUJILLO,DISTRITO TRUJILLO,LA LIBERTAD|TRUJILLO|TRUJILLO,13,La Libertad,1301,Trujillo
130102,distrito,El Porvenir,EL PORVENIR,DISTRITO EL PORVENIR,DISTRITO EL PORVENIR,LA LIBERTAD|TRUJILLO|EL PORVENIR,13,La Libertad,1301,Trujillo
130103,distrito,Florencia de Mora,FLORENCIA DE MORA,DISTRITO FLORENCIA DE MORA,DISTRITO FLORENCIA DE MORA,LA LIBERTAD|TRUJILLO|FLORENCIA DE MORA,13,La Libertad,1301,Trujillo
130104,distrito,Huanchaco,HUANCHACO,DISTRITO HUANCHACO,DISTRITO HUANCHACO,LA LIBERTAD|TRUJILLO|HUANCHACO,13,La Libertad,1301,Trujillo
130105,distrito,La Esperanza,LA ESPERANZA,DISTRITO LA ESPERANZA,DISTRITO LA ESPERANZA,LA LIBERTAD|TRUJILLO|LA ESPERANZA,13,La Libertad,1301,Trujillo
130106,distrito,Laredo,LAREDO,DISTRITO LAREDO,DISTRITO LAREDO,LA LIBERTAD|TRUJILLO|LAREDO,13,La Libertad,1301,Trujillo
130107,distrito,Moche,MOCHE,DISTRITO MOCHE,DISTRITO MOCHE,LA LIBERTAD|TRUJILLO|MOCHE,13,La Libertad,1301,Trujillo
130108,distrito,Poroto,POROTO,DISTRITO POROTO,DISTRITO POROTO,LA LIBERTAD|TRUJILLO|POROTO,13,La Libertad,1301,Trujillo
130109,distrito,Salaverry,SALAVERRY,DISTRITO SALAVERRY,DISTRITO SALAVERRY,LA LIBERTAD|TRUJILLO|SALAVERRY,13,La Libertad,1301,Trujillo
130110,distrito,Simbal,SIMBAL,DISTRITO SIMBAL,DISTRITO SIMBAL,LA LIBERTAD|TRUJILLO|SIMBAL,13,La Libertad,1301,Trujillo
130111,distrito,Victor Larco Herrera,VICTOR LARCO HERRERA,DISTRITO VICTOR LARCO HERRERA,DISTRITO VICTOR LARCO HERRERA,LA LIBERTAD|TRUJILLO|VICTOR LARCO HERRERA,13,La Libertad,1301,Trujillo
130112,distrito,Alto Trujillo,ALTO TRUJILLO,DISTRITO ALTO TRUJILLO,DISTRITO ALTO TRUJILLO,LA LIBERTAD|TRUJILLO|ALTO TRUJILLO,13,La Libertad,1301,Trujillo
130201,distrito,Ascope,ASCOPE,DISTRITO ASCOPE,DISTRITO ASCOPE,LA LIBERTAD|ASCOPE|ASCOPE,13,La Libertad,1302,Ascope
130202,distrito,Chicama,CHICAMA,DISTRITO CHICAMA,DISTRITO CHICAMA,LA LIBERTAD|ASCOPE|CHICAMA,13,La Libertad,1302,Ascope
130203,distrito,Chocope,CHOCOPE,DISTRITO CHOCOPE,DISTRITO CHOCOPE,LA LIBERTAD|ASCOPE|CHOCOPE,13,La Libertad,1302,Ascope
130204,distrito,Magdalena de Cao,MAGDALENA DE CAO,DISTRITO MAGDALENA DE CAO,DISTRITO MAGDALENA DE CAO,LA LIBERTAD|ASCOPE|MAGDALENA DE CAO,13,La Libertad,1302,Ascope
130205,distrito,Paijan,PAIJAN,DISTRITO PAIJAN,DISTRITO PAIJAN,LA LIBERTAD|ASCOPE|PAIJAN,13,La Libertad,1302,Ascope
130206,distrito,Rázuri,RAZURI,DISTRITO RÁZURI,DISTRITO RAZURI,LA LIBERTAD|ASCOPE|RAZURI,13,La Libertad,1302,Ascope
130207,distrito,Santiago de Cao,SANTIAGO DE CAO,DISTRITO SANTIAGO DE CAO,DISTRITO SANTIAGO DE CAO,LA LIBERTAD|ASCOPE|SANTIAGO DE CAO,13,La Libertad,1302,Ascope
130208,distrito,Casa Grande,CASA GRANDE,DISTRITO CASA GRANDE,DISTRITO CASA GRANDE,LA LIBERTAD|ASCOPE|CASA GRANDE,13,La Libertad,1302,Ascope
130301,distrito,Bolívar,BOLIVAR,DISTRITO BOLÍVAR,DISTRITO BOLIVAR,LA LIBERTAD|BOLIVAR|BOLIVAR,13,La Libertad,1303,Bolívar
130302,distrito,Bambamarca,BAMBAMARCA,DISTRITO BAMBAMARCA,DISTRITO BAMBAMARCA,LA LIBERTAD|BOLIVAR|BAMBAMARCA,13,La Libertad,1303,Bolívar
130303,distrito,Condormarca,CONDORMARCA,DISTRITO CONDORMARCA,DISTRITO CONDORMARCA,LA LIBERTAD|BOLIVAR|CONDORMARCA,13,La Libertad,1303,Bolívar
130304,distrito,Longotea,LONGOTEA,DISTRITO LONGOTEA,DISTRITO LONGOTEA,LA LIBERTAD|BOLIVAR|LONGOTEA,13,La Libertad,1303,Bolívar
130305,distrito,Uchumarca,UCHUMARCA,DISTRITO UCHUMARCA,DISTRITO UCHUMARCA,LA LIBERTAD|BOLIVAR|UCHUMARCA,13,La Libertad,1303,Bolívar
130306,distrito,Ucuncha,UCUNCHA,DISTRITO UCUNCHA,DISTRITO UCUNCHA,LA LIBERTAD|BOLIVAR|UCUNCHA,13,La Libertad,1303,Bolívar
130401,distrito,Chepen,CHEPEN,DISTRITO CHEPEN,DISTRITO CHEPEN,LA LIBERTAD|CHEPEN|CHEPEN,13,La Libertad,1304,Chepén
130402,distrito,Pacanga,PACANGA,DISTRITO PACANGA,DISTRITO PACANGA,LA LIBERTAD|CHEPEN|PACANGA,13,La Libertad,1304,Chepén
130403,distrito,Pueblo Nuevo,PUEBLO NUEVO,DISTRITO PUEBLO NUEVO,DISTRITO PUEBLO NUEVO,LA LIBERTAD|CHEPEN|PUEBLO NUEVO,13,La Libertad,1304,Chepén
130501,distrito,Julcan,JULCAN,DISTRITO JULCAN,DISTRITO JULCAN,LA LIBERTAD|JULCAN|JULCAN,13,La Libertad,1305,Julcán
130502,distrito,Calamarca,CALAMARCA,DISTRITO CALAMARCA,DISTRITO CALAMARCA,LA LIBERTAD|JULCAN|CALAMARCA,13,La Libertad,1305,Julcán
130503,distrito,Carabamba,CARABAMBA,DISTRITO CARABAMBA,DISTRITO CARABAMBA,LA LIBERTAD|JULCAN|CARABAMBA,13,La Libertad,1305,Julcán
130504,distrito,Huaso,HUASO,DISTRITO HUASO,DISTRITO HUASO,LA LIBERTAD|JULCAN|HUASO,13,La Libertad,1305,Julcán
130601,distrito,Otuzco,OTUZCO,DISTRITO OTUZCO,DISTRITO OTUZCO,LA LIBERTAD|OTUZCO|OTUZCO,13,La Libertad,1306,Otuzco
130602,distrito,Agallpampa,AGALLPAMPA,DISTRITO AGALLPAMPA,DISTRITO AGALLPAMPA,LA LIBERTAD|OTUZCO|AGALLPAMPA,13,La Libertad,1306,Otuzco
130604,distrito,Charat,CHARAT,DISTRITO CHARAT,DISTRITO CHARAT,LA LIBERTAD|OTUZCO|CHARAT,13,La Libertad,1306,Otuzco
130605,distrito,Huaranchal,HUARANCHAL,DISTRITO HUARANCHAL,DISTRITO HUARANCHAL,LA LIBERTAD|OTUZCO|HUARANCHAL,13,La Libertad,1306,Otuzco
130606,distrito,La Cuesta,LA CUESTA,DISTRITO LA CUESTA,DISTRITO LA CUESTA,LA LIBERTAD|OTUZCO|LA CUESTA,13,La Libertad,1306,Otuzco
130608,distrito,Mache,MACHE,DISTRITO MACHE,DISTRITO MACHE,LA LIBERTAD|OTUZCO|MACHE,13,La Libertad,1306,Otuzco
130610,distrito,Paranday,PARANDAY,DISTRITO PARANDAY,DISTRITO PARANDAY,LA LIBERTAD|OTUZCO|PARANDAY,13,La Libertad,1306,Otuzco
130611,distrito,Salpo,SALPO,DISTRITO SALPO,DISTRITO SALPO,LA LIBERTAD|OTUZCO|SALPO,13,La Libertad,1306,Otuzco
130613,distrito,Sinsicap,SINSICAP,DISTRITO SINSICAP,DISTRITO SINSICAP,LA LIBERTAD|OTUZCO|SINSICAP,13,La Libertad,1306,Otuzco
130614,distrito,Usquil,USQUIL,DISTRITO USQUIL,DISTRITO USQUIL,LA LIBERTAD|OTUZCO|USQUIL,13,La Libertad,1306,Otuzco
130701,distrito,San Pedro de Lloc,SAN PEDRO DE LLOC,DISTRITO SAN PEDRO DE LLOC,DISTRITO SAN PEDRO DE LLOC,LA LIBERTAD|PACASMAYO|SAN PEDRO DE LLOC,13,La Libertad,1307,Pacasmayo
130702,distrito,Guadalupe,GUADALUPE,DISTRITO GUADALUPE,DISTRITO GUADALUPE,LA LIBERTAD|PACASMAYO|GUADALUPE,13,La Libertad,1307,Pacasmayo
130703,distrito,Jequetepeque,JEQUETEPEQUE,DISTRITO JEQUETEPEQUE,DISTRITO JEQUETEPEQUE,LA LIBERTAD|PACASMAYO|JEQUETEPEQUE,13,La Libertad,1307,Pacasmayo
130704,distrito,Pacasmayo,PACASMAYO,DISTRITO PACASMAYO,DISTRITO PACASMAYO,LA LIBERTAD|PACASMAYO|PACASMAYO,13,La Libertad,1307,Pacasmayo
130705,distrito,San José,SAN JOSE,DISTRITO SAN JOSÉ,DISTRITO SAN JOSE,LA LIBERTAD|PACASMAYO|SAN JOSE,13,La Libertad,1307,Pacasmayo
130801,distrito,Tayabamba,TAYABAMBA,DISTRITO TAYABAMBA,DISTRITO TAYABAMBA,LA LIBERTAD|PATAZ|TAYABAMBA,13,La Libertad,1308,Pataz
130802,distrito,Buldibuyo,BULDIBUYO,DISTRITO BULDIBUYO,DISTRITO BULDIBUYO,LA LIBERTAD|PATAZ|BULDIBUYO,13,La Libertad,1308,Pataz
130803,distrito,Chillia,CHILLIA,DISTRITO CHILLIA,DISTRITO CHILLIA,LA LIBERTAD|PATAZ|CHILLIA,13,La Libertad,1308,Pataz
130804,distrito,Huancaspata,HUANCASPATA,DISTRITO HUANCASPATA,DISTRITO HUANCASPATA,LA LIBERTAD|PATAZ|HUANCASPATA,13,La Libertad,1308,Pataz
130805,distrito,Huaylillas,HUAYLILLAS,DISTRITO HUAYLILLAS,DISTRITO HUAYLILLAS,LA LIBERTAD|PATAZ|HUAYLILLAS,13,La Libertad,1308,Pataz
130806,distrito,Huayo,HUAYO,DISTRITO HUAYO,DISTRITO HUAYO,LA LIBERTAD|PATAZ|HUAYO,13,La Libertad,1308,Pataz
130807,distrito,Ongon,ONGON,DISTRITO ONGON,DISTRITO ONGON,LA LIBERTAD|PATAZ|ONGON,13,La Libertad,1308,Pataz
130808,distrito,Parcoy,PARCOY,DISTRITO PARCOY,DISTRITO PARCOY,LA LIBERTAD|PATAZ|PARCOY,13,La Libertad,1308,Pataz
130809,distrito,Pataz,PATAZ,DISTRITO PATAZ,DISTRITO PATAZ,LA LIBERTAD|PATAZ|PATAZ,13,La Libertad,1308,Pataz
130810,distrito,Pias,PIAS,DISTRITO PIAS,DISTRITO PIAS,LA LIBERTAD|PATAZ|PIAS,13,La Libertad,1308,Pataz
130811,distrito,Santiago de Challas,SANTIAGO DE CHALLAS,DISTRITO SANTIAGO DE CHALLAS,DISTRITO SANTIAGO DE CHALLAS,LA LIBERTAD|PATAZ|SANTIAGO DE CHALLAS,13,La Libertad,1308,Pataz
130812,distrito,Taurija,TAURIJA,DISTRITO TAURIJA,DISTRITO TAURIJA,LA LIBERTAD|PATAZ|TAURIJA,13,La Libertad,1308,Pataz
130813,distrito,Urpay,URPAY,DISTRITO URPAY,DISTRITO URPAY,LA LIBERTAD|PATAZ|URPAY,13,La Libertad,1308,Pataz
130901,distrito,Huamachuco,HUAMACHUCO,DISTRITO HUAMACHUCO,DISTRITO HUAMACHUCO,LA LIBERTAD|SANCHEZ CARRION|HUAMACHUCO,13,La Libertad,1309,Sánchez Carrión
130902,distrito,Chugay,CHUGAY,DISTRITO CHUGAY,DISTRITO CHUGAY,LA LIBERTAD|SANCHEZ CARRION|CHUGAY,13,La Libertad,1309,Sánchez Carrión
130903,distrito,Cochorco,COCHORCO,DISTRITO COCHORCO,DISTRITO COCHORCO,LA LIBERTAD|SANCHEZ CARRION|COCHORCO,13,La Libertad,1309,Sánchez Carrión
130904,distrito,Curgos,CURGOS,DISTRITO CURGOS,DISTRITO CURGOS,LA LIBERTAD|SANCHEZ CARRION|CURGOS,13,La Libertad,1309,Sánchez Carrión
130905,distrito,Marcabal,MARCABAL,DISTRITO MARCABAL,DISTRITO MARCABAL,LA LIBERTAD|SANCHEZ CARRION|MARCABAL,13,La Libertad,1309,Sánchez Carrión
130906,distrito,Sanagoran,SANAGORAN,DISTRITO SANAGORAN,DISTRITO SANAGORAN,LA LIBERTAD|SANCHEZ CARRION|SANAGORAN,13,La Libertad,1309,Sánchez Carrión
130907,distrito,Sarin,SARIN,DISTRITO SARIN,DISTRITO SARIN,LA LIBERTAD|SANCHEZ CARRION|SARIN,13,La Libertad,1309,Sánchez Carrión
130908,distrito,Sartimbamba,SARTIMBAMBA,DISTRITO SARTIMBAMBA,DISTRITO SARTIMBAMBA,LA LIBERTAD|SANCHEZ CARRION|SARTIMBAMBA,13,La Libertad,1309,Sánchez Carrión
131001,distrito,Santiago de Chuco,SANTIAGO DE CHUCO,DISTRITO SANTIAGO DE CHUCO,DISTRITO SANTIAGO DE CHUCO,LA LIBERTAD|SANTIAGO DE CHUCO|SANTIAGO DE CHUCO,13,La Libertad,1310,Santiago de Chuco
131002,distrito,Angasmarca,ANGASMARCA,DISTRITO ANGASMARCA,DISTRITO ANGASMARCA,LA LIBERTAD|SANTIAGO DE CHUCO|ANGASMARCA,13,La Libertad,1310,Santiago de Chuco
131003,distrito,Cachicadan,CACHICADAN,DISTRITO CACHICADAN,DISTRITO CACHICADAN,LA LIBERTAD|SANTIAGO DE CHUCO|CACHICADAN,13,La Libertad,1310,Santiago de Chuco
131004,distrito,Mollebamba,MOLLEBAMBA,DISTRITO MOLLEBAMBA,DISTRITO MOLLEBAMBA,LA LIBERTAD|SANTIAGO DE CHUCO|MOLLEBAMBA,13,La Libertad,1310,Santiago de Chuco
131005,distrito,Mollepata,MOLLEPATA,DISTRITO MOLLEPATA,DISTRITO MOLLEPATA,LA LIBERTAD|SANTIAGO DE CHUCO|MOLLEPATA,13,La Libertad,1310,Santiago de Chuco
131006,distrito,Quiruvilca,QUIRUVILCA,DISTRITO QUIRUVILCA,DISTRITO QUIRUVILCA,LA LIBERTAD|SANTIAGO DE CHUCO|QUIRUVILCA,13,La Libertad,1310,Santiago de Chuco
131007,distrito,Santa Cruz de Chuca,SANTA CRUZ DE CHUCA,DISTRITO SANTA CRUZ DE CHUCA,DISTRITO SANTA CRUZ DE CHUCA,LA LIBERTAD|SANTIAGO DE CHUCO|SANTA CRUZ DE CHUCA,13,La Libertad,1310,Santiago de Chuco
131008,distrito,Sitabamba,SITABAMBA,DISTRITO SITABAMBA,DISTRITO SITABAMBA,LA LIBERTAD|SANTIAGO DE CHUCO|SITABAMBA,13,La Libertad,1310,Santiago de Chuco
131101,distrito,Cascas,CASCAS,DISTRITO CASCAS,DISTRITO CASCAS,LA LIBERTAD|GRAN CHIMU|CASCAS,13,La Libertad,1311,Gran Chimú
131102,distrito,Lucma,LUCMA,DISTRITO LUCMA,DISTRITO LUCMA,LA LIBERTAD|GRAN CHIMU|LUCMA,13,La Libertad,1311,Gran Chimú
131103,distrito,Marmot,MARMOT,DISTRITO MARMOT,DISTRITO MARMOT,LA LIBERTAD|GRAN CHIMU|MARMOT,13,La Libertad,1311,Gran Chimú
131104,distrito,Sayapullo,SAYAPULLO,DISTRITO SAYAPULLO,DISTRITO SAYAPULLO,LA LIBERTAD|GRAN CHIMU|SAYAPULLO,13,La Libertad,1311,Gran Chimú
131201,distrito,Viru,VIRU,DISTRITO VIRU,DISTRITO VIRU,LA LIBERTAD|VIRU|VIRU,13,La Libertad,1312,Virú
131202,distrito,Chao,CHAO,DISTRITO CHAO,DISTRITO CHAO,LA LIBERTAD|VIRU|CHAO,13,La Libertad,1312,Virú
131203,distrito,Guadalupito,GUADALUPITO,DISTRITO GUADALUPITO,DISTRITO GUADALUPITO,LA LIBERTAD|VIRU|GUADALUPITO,13,La Libertad,1312,Virú
140101,distrito,Chiclayo,CHICLAYO,DISTRITO CHICLAYO,DISTRITO CHICLAYO,LAMBAYEQUE|CHICLAYO|CHICLAYO,14,Lambayeque,1401,Chiclayo
140102,distrito,Chongoyape,CHONGOYAPE,DISTRITO CHONGOYAPE,DISTRITO CHONGOYAPE,LAMBAYEQUE|CHICLAYO|CHONGOYAPE,14,Lambayeque,1401,Chiclayo
140103,distrito,Eten,ETEN,DISTRITO ETEN,DISTRITO ETEN,LAMBAYEQUE|CHICLAYO|ETEN,14,Lambayeque,1401,Chiclayo
140104,distrito,Eten Puerto,ETEN PUERTO,DISTRITO ETEN PUERTO,DISTRITO ETEN PUERTO,LAMBAYEQUE|CHICLAYO|ETEN PUERTO,14,Lambayeque,1401,Chiclayo
140105,distrito,José Leonardo Ortiz,JOSE LEONARDO ORTIZ,DISTRITO JOSÉ LEONARDO ORTIZ,DISTRITO JOSE LEONARDO ORTIZ,LAMBAYEQUE|CHICLAYO|JOSE LEONARDO ORTIZ,14,Lambayeque,1401,Chiclayo
140106,distrito,La Victoria,LA VICTORIA,DISTRITO LA VICTORIA,DISTRITO LA VICTORIA,LAMBAYEQUE|CHICLAYO|LA VICTORIA,14,Lambayeque,1401,Chiclayo
140107,distrito,Lagunas,LAGUNAS,DISTRITO LAGUNAS,DISTRITO LAGUNAS,LAMBAYEQUE|CHICLAYO|LAGUNAS,14,Lambayeque,1401,Chiclayo
140108,distrito,Monsefu,MONSEFU,DISTRITO MONSEFU,DISTRITO MONSEFU,LAMBAYEQUE|CHICLAYO|MONSEFU,14,Lambayeque,1401,Chiclayo
140109,distrito,Nueva Arica,NUEVA ARICA,DISTRITO NUEVA ARICA,DISTRITO NUEVA ARICA,LAMBAYEQUE|CHICLAYO|NUEVA ARICA,14,Lambayeque,1401,Chiclayo
140110,distrito,Oyotun,OYOTUN,DISTRITO OYOTUN,DISTRITO OYOTUN,LAMBAYEQUE|CHICLAYO|OYOTUN,14,Lambayeque,1401,Chiclayo
140111,distrito,Picsi,PICSI,DISTRITO PICSI,DISTRITO PICSI,LAMBAYEQUE|CHICLAYO|PICSI,14,Lambayeque,1401,Chiclayo
140112,distrito,Pimentel,PIMENTEL,DISTRITO PIMENTEL,DISTRITO PIMENTEL,LAMBAYEQUE|CHICLAYO|PIMENTEL,14,Lambayeque,1401,Chiclayo
140113,distrito,Reque,REQUE,DISTRITO REQUE,DISTRITO REQUE,LAMBAYEQUE|CHICLAYO|REQUE,14,Lambayeque,1401,Chiclayo
140114,distrito,Santa Rosa,SANTA ROSA,DISTRITO SANTA ROSA,DISTRITO SANTA ROSA,LAMBAYEQUE|CHICLAYO|SANTA ROSA,14,Lambayeque,1401,Chiclayo
140115,distrito,Saña,SANA,DISTRITO SAÑA,DISTRITO SANA,LAMBAYEQUE|CHICLAYO|SANA,14,Lambayeque,1401,Chiclayo
140116,distrito,Cayalti,CAYALTI,DISTRITO CAYALTI,DISTRITO CAYALTI,LAMBAYEQUE|CHICLAYO|CAYALTI,14,Lambayeque,1401,Chiclayo
140117,distrito,Patapo,PATAPO,DISTRITO PATAPO,DISTRITO PATAPO,LAMBAYEQUE|CHICLAYO|PATAPO,14,Lambayeque,1401,Chiclayo
140118,distrito,Pomalca,POMALCA,DISTRITO POMALCA,DISTRITO POMALCA,LAMBAYEQUE|CHICLAYO|POMALCA,14,Lambayeque,1401,Chiclayo
140119,distrito,Pucala,PUCALA,DISTRITO PUCALA,DISTRITO PUCALA,LAMBAYEQUE|CHICLAYO|PUCALA,14,Lambayeque,1401,Chiclayo
140120,distrito,Tuman,TUMAN,DISTRITO TUMAN,DISTRITO TUMAN,LAMBAYEQUE|CHICLAYO|TUMAN,14,Lambayeque,1401,Chiclayo
140201,distrito,Ferreñafe,FERRENAFE,DISTRITO FERREÑAFE,DISTRITO FERRENAFE,LAMBAYEQUE|FERRENAFE|FERRENAFE,14,Lambayeque,1402,Ferreñafe
140202,distrito,Cañaris,CANARIS,DISTRITO CAÑARIS,DISTRITO CANARIS,LAMBAYEQUE|FERRENAFE|CANARIS,14,Lambayeque,1402,Ferreñafe
140203,distrito,Incahuasi,INCAHUASI,DISTRITO INCAHUASI,DISTRITO INCAHUASI,LAMBAYEQUE|FERRENAFE|INCAHUASI,14,Lambayeque,1402,Ferreñafe
140204,distrito,Manuel Antonio Mesones Muro,MANUEL ANTONIO MESONES MURO,DISTRITO MANUEL ANTONIO MESONES MURO,DISTRITO MANUEL ANTONIO MESONES MURO,LAMBAYEQUE|FERRENAFE|MANUEL ANTONIO MESONES MURO,14,Lambayeque,1402,Ferreñafe
140205,distrito,Pitipo,PITIPO,DISTRITO PITIPO,DISTRITO PITIPO,LAMBAYEQUE|FERRENAFE|PITIPO,14,Lambayeque,1402,Ferreñafe
140206,distrito,Pueblo Nuevo,PUEBLO NUEVO,DISTRITO PUEBLO NUEVO,DISTRITO PUEBLO NUEVO,LAMBAYEQUE|FERRENAFE|PUEBLO NUEVO,14,Lambayeque,1402,Ferreñafe
140301,distrito,Lambayeque,LAMBAYEQUE,DISTRITO LAMBAYEQUE,DISTRITO LAMBAYEQUE,LAMBAYEQUE|LAMBAYEQUE|LAMBAYEQUE,14,Lambayeque,1403,Lambayeque
140302,distrito,Chochope,CHOCHOPE,DISTRITO CHOCHOPE,DISTRITO CHOCHOPE,LAMBAYEQUE|LAMBAYEQUE|CHOCHOPE,14,Lambayeque,1403,Lambayeque
140303,distrito,Illimo,ILLIMO,DISTRITO ILLIMO,DISTRITO ILLIMO,LAMBAYEQUE|LAMBAYEQUE|ILLIMO,14,Lambayeque,1403,Lambayeque
140304,distrito,Jayanca,JAYANCA,DISTRITO JAYANCA,DISTRITO JAYANCA,LAMBAYEQUE|LAMBAYEQUE|JAYANCA,14,Lambayeque,1403,Lambayeque
140305,distrito,Mochumi,MOCHUMI,DISTRITO MOCHUMI,DISTRITO MOCHUMI,LAMBAYEQUE|LAMBAYEQUE|MOCHUMI,14,Lambayeque,1403,Lambayeque
140306,distrito,Morrope,MORROPE,DISTRITO MORROPE,DISTRITO MORROPE,LAMBAYEQUE|LAMBAYEQUE|MORROPE,14,Lambayeque,1403,Lambayeque
140307,distrito,Motupe,MOTUPE,DISTRITO MOTUPE,DISTRITO MOTUPE,LAMBAYEQUE|LAMBAYEQUE|MOTUPE,14,Lambayeque,1403,Lambayeque
140308,distrito,Olmos,OLMOS,DISTRITO OLMOS,DISTRITO OLMOS,LAMBAYEQUE|LAMBAYEQUE|OLMOS,14,Lambayeque,1403,Lambayeque
140309,distrito,Pacora,PACORA,DISTRITO PACORA,DISTRITO PACORA,LAMBAYEQUE|LAMBAYEQUE|PACORA,14,Lambayeque,1403,Lambayeque
140310,distrito,Salas,SALAS,DISTRITO SALAS,DISTRITO SALAS,LAMBAYEQUE|LAMBAYEQUE|SALAS,14,Lambayeque,1403,Lambayeque
140311,distrito,San José,SAN JOSE,DISTRITO SAN JOSÉ,DISTRITO SAN JOSE,LAMBAYEQUE|LAMBAYEQUE|SAN JOSE,14,Lambayeque,1403,Lambayeque
140312,distrito,Tucume,TUCUME,DISTRITO TUCUME,DISTRITO TUCUME,LAMBAYEQUE|LAMBAYEQUE|TUCUME,14,Lambayeque,1403,Lambayeque
150101,distrito,Lima,LIMA,DISTRITO LIMA,DISTRITO LIMA,LIMA|LIMA|LIMA,15,Lima,1501,Lima
150102,distrito,Ancón,ANCON,DISTRITO ANCÓN,DISTRITO ANCON,LIMA|LIMA|ANCON,15,Lima,1501,Lima
150103,distrito,Ate,ATE,DISTRITO ATE,DISTRITO ATE,LIMA|LIMA|ATE,15,Lima,1501,Lima
150104,distrito,Barranco,BARRANCO,DISTRITO BARRANCO,DISTRITO BARRANCO,LIMA|LIMA|BARRANCO,15,Lima,1501,Lima
150105,distrito,Breña,BRENA,DISTRITO BREÑA,DISTRITO BRENA,LIMA|LIMA|BRENA,15,Lima,1501,Lima
150106,distrito,Carabayllo,CARABAYLLO,DISTRITO CARABAYLLO,DISTRITO CARABAYLLO,LIMA|LIMA|CARABAYLLO,15,Lima,1501,Lima
150107,distrito,Chaclacayo,CHACLACAYO,DISTRITO CHACLACAYO,DISTRITO CHACLACAYO,LIMA|LIMA|CHACLACAYO,15,Lima,1501,Lima
150108,distrito,Chorrillos,CHORRILLOS,DISTRITO CHORRILLOS,DISTRITO CHORRILLOS,LIMA|LIMA|CHORRILLOS,15,Lima,1501,Lima
150109,distrito,Cieneguilla,CIENEGUILLA,DISTRITO CIENEGUILLA,DISTRITO CIENEGUILLA,LIMA|LIMA|CIENEGUILLA,15,Lima,1501,Lima
150110,distrito,Comas,COMAS,DISTRITO COMAS,DISTRITO COMAS,LIMA|LIMA|COMAS,15,Lima,1501,Lima
150111,distrito,El Agustino,EL AGUSTINO,DISTRITO EL AGUSTINO,DISTRITO EL AGUSTINO,LIMA|LIMA|EL AGUSTINO,15,Lima,1501,Lima
150112,distrito,Independencia,INDEPENDENCIA,DISTRITO INDEPENDENCIA,DISTRITO INDEPENDENCIA,LIMA|LIMA|INDEPENDENCIA,15,Lima,1501,Lima
150113,distrito,Jesús María,JESUS MARIA,DISTRITO JESÚS MARÍA,DISTRITO JESUS MARIA,LIMA|LIMA|JESUS MARIA,15,Lima,1501,Lima
150114,distrito,La Molina,LA MOLINA,DISTRITO LA MOLINA,DISTRITO LA MOLINA,LIMA|LIMA|LA MOLINA,15,Lima,1501,Lima
150115,distrito,La Victoria,LA VICTORIA,DISTRITO LA VICTORIA,DISTRITO LA VICTORIA,LIMA|LIMA|LA VICTORIA,15,Lima,1501,Lima
150116,distrito,Lince,LINCE,DISTRITO LINCE,DISTRITO LINCE,LIMA|LIMA|LINCE,15,Lima,1501,Lima
150117,distrito,Los Olivos,LOS OLIVOS,DISTRITO LOS OLIVOS,DISTRITO LOS OLIVOS,LIMA|LIMA|LOS OLIVOS,15,Lima,1501,Lima
150118,distrito,Lurigancho,LURIGANCHO,DISTRITO LURIGANCHO,DISTRITO LURIGANCHO,LIMA|LIMA|LURIGANCHO,15,Lima,1501,Lima
150119,distrito,Lurin,LURIN,DISTRITO LURIN,DISTRITO LURIN,LIMA|LIMA|LURIN,15,Lima,1501,Lima
150120,distrito,Magdalena del Mar,MAGDALENA DEL MAR,DISTRITO MAGDALENA DEL MAR,DISTRITO MAGDALENA DEL MAR,LIMA|LIMA|MAGDALENA DEL MAR,15,Lima,1501,Lima
150121,distrito,Pueblo Libre,PUEBLO LIBRE,DISTRITO PUEBLO LIBRE,DISTRITO PUEBLO LIBRE,LIMA|LIMA|PUEBLO LIBRE,15,Lima,1501,Lima
150122,distrito,Miraflores,MIRAFLORES,DISTRITO MIRAFLORES,DISTRITO MIRAFLORES,LIMA|LIMA|MIRAFLORES,15,Lima,1501,Lima
150123,distrito,Pachacamac,PACHACAMAC,DISTRITO PACHACAMAC,DISTRITO PACHACAMAC,LIMA|LIMA|PACHACAMAC,15,Lima,1501,Lima
150124,distrito,Pucusana,PUCUSANA,DISTRITO PUCUSANA,DISTRITO PUCUSANA,LIMA|LIMA|PUCUSANA,15,Lima,1501,Lima
150125,distrito,Puente Piedra,PUENTE PIEDRA,DISTRITO PUENTE PIEDRA,DISTRITO PUENTE PIEDRA,LIMA|LIMA|PUENTE PIEDRA,15,Lima,1501,Lima
150126,distrito,Punta Hermosa,PUNTA HERMOSA,DISTRITO PUNTA HERMOSA,DISTRITO PUNTA HERMOSA,LIMA|LIMA|PUNTA HERMOSA,15,Lima,1501,Lima
150127,distrito,Punta Negra,PUNTA NEGRA,DISTRITO PUNTA NEGRA,DISTRITO PUNTA NEGRA,LIMA|LIMA|PUNTA NEGRA,15,Lima,1501,Lima
150128,distrito,Rímac,RIMAC,DISTRITO RÍMAC,DISTRITO RIMAC,LIMA|LIMA|RIMAC,15,Lima,1501,Lima
150129,distrito,San Bartolo,SAN BARTOLO,DISTRITO SAN BARTOLO,DISTRITO SAN BARTOLO,LIMA|LIMA|SAN BARTOLO,15,Lima,1501,Lima
150130,distrito,San Borja,SAN BORJA,DISTRITO SAN BORJA,DISTRITO SAN BORJA,LIMA|LIMA|SAN BORJA,15,Lima,1501,Lima
150131,distrito,San Isidro,SAN ISIDRO,DISTRITO SAN ISIDRO,DISTRITO SAN ISIDRO,LIMA|LIMA|SAN ISIDRO,15,Lima,1501,Lima
150132,distrito,San Juan de Lurigancho,SAN JUAN DE LURIGANCHO,DISTRITO SAN JUAN DE LURIGANCHO,DISTRITO SAN JUAN DE LURIGANCHO,LIMA|LIMA|SAN JUAN DE LURIGANCHO,15,Lima,1501,Lima
150133,distrito,San Juan de Miraflores,SAN JUAN DE MIRAFLORES,DISTRITO SAN JUAN DE MIRAFLORES,DISTRITO SAN JUAN DE MIRAFLORES,LIMA|LIMA|SAN JUAN DE MIRAFLORES,15,Lima,1501,Lima
150134,distrito,San Luis,SAN LUIS,DISTRITO SAN LUIS,DISTRITO SAN LUIS,LIMA|LIMA|SAN LUIS,15,Lima,1501,Lima
150135,distrito,San Martín de Porres,SAN MARTIN DE PORRES,DISTRITO SAN MARTÍN DE PORRES,DISTRITO SAN MARTIN DE PORRES,LIMA|LIMA|SAN MARTIN DE PORRES,15,Lima,1501,Lima
150136,distrito,San Miguel,SAN MIGUEL,DISTRITO SAN MIGUEL,DISTRITO SAN MIGUEL,LIMA|LIMA|SAN MIGUEL,15,Lima,1501,Lima
150137,distrito,Santa Anita,SANTA ANITA,DISTRITO SANTA ANITA,DISTRITO SANTA ANITA,LIMA|LIMA|SANTA ANITA,15,Lima,1501,Lima
150138,distrito,Santa María del Mar,SANTA MARIA DEL MAR,DISTRITO SANTA MARÍA DEL MAR,DISTRITO SANTA MARIA DEL MAR,LIMA|LIMA|SANTA MARIA DEL MAR,15,Lima,1501,Lima
150139,distrito,Santa Rosa,SANTA ROSA,DISTRITO SANTA ROSA,DISTRITO SANTA ROSA,LIMA|LIMA|SANTA ROSA,15,Lima,1501,Lima
150140,distrito,Santiago de Surco,SANTIAGO DE SURCO,DISTRITO SANTIAGO DE SURCO,DISTRITO SANTIAGO DE SURCO,LIMA|LIMA|SANTIAGO DE SURCO,15,Lima,1501,Lima
150141,distrito,Surquillo,SURQUILLO,DISTRITO SURQUILLO,DISTRITO SURQUILLO,LIMA|LIMA|SURQUILLO,15,Lima,1501,Lima
150142,distrito,Villa El Salvador,VILLA EL SALVADOR,DISTRITO VILLA EL SALVADOR,DISTRITO VILLA EL SALVADOR,LIMA|LIMA|VILLA EL SALVADOR,15,Lima,1501,Lima
150143,distrito,Villa María del Triunfo,VILLA MARIA DEL TRIUNFO,DISTRITO VILLA MARÍA DEL TRIUNFO,DISTRITO VILLA MARIA DEL TRIUNFO,LIMA|LIMA|VILLA MARIA DEL TRIUNFO,15,Lima,1501,Lima
150201,distrito,Barranca,BARRANCA,DISTRITO BARRANCA,DISTRITO BARRANCA,LIMA|BARRANCA|BARRANCA,15,Lima,1502,Barranca
150202,distrito,Paramonga,PARAMONGA,DISTRITO PARAMONGA,DISTRITO PARAMONGA,LIMA|BARRANCA|PARAMONGA,15,Lima,1502,Barranca
150203,distrito,Pativilca,PATIVILCA,DISTRITO PATIVILCA,DISTRITO PATIVILCA,LIMA|BARRANCA|PATIVILCA,15,Lima,1502,Barranca
150204,distrito,Supe,SUPE,DISTRITO SUPE,DISTRITO SUPE,LIMA|BARRANCA|SUPE,15,Lima,1502,Barranca
150205,distrito,Supe Puerto,SUPE PUERTO,DISTRITO SUPE PUERTO,DISTRITO SUPE PUERTO,LIMA|BARRANCA|SUPE PUERTO,15,Lima,1502,Barranca
150301,distrito,Cajatambo,CAJATAMBO,DISTRITO CAJATAMBO,DISTRITO CAJATAMBO,LIMA|CAJATAMBO|CAJATAMBO,15,Lima,1503,Cajatambo
150302,distrito,Copa,COPA,DISTRITO COPA,DISTRITO COPA,LIMA|CAJATAMBO|COPA,15,Lima,1503,Cajatambo
150303,distrito,Gorgor,GORGOR,DISTRITO GORGOR,DISTRITO GORGOR,LIMA|CAJATAMBO|GORGOR,15,Lima,1503,Cajatambo
150304,distrito,Huancapon,HUANCAPON,DISTRITO HUANCAPON,DISTRITO HUANCAPON,LIMA|CAJATAMBO|HUANCAPON,15,Lima,1503,Cajatambo
150305,distrito,Manas,MANAS,DISTRITO MANAS,DISTRITO MANAS,LIMA|CAJATAMBO|MANAS,15,Lima,1503,Cajatambo
150401,distrito,Canta,CANTA,DISTRITO CANTA,DISTRITO CANTA,LIMA|CANTA|CANTA,15,Lima,1504,Canta
150402,distrito,Arahuay,ARAHUAY,DISTRITO ARAHUAY,DISTRITO ARAHUAY,LIMA|CANTA|ARAHUAY,15,Lima,1504,Canta
150403,distrito,Huamantanga,HUAMANTANGA,DISTRITO HUAMANTANGA,DISTRITO HUAMANTANGA,LIMA|CANTA|HUAMANTANGA,15,Lima,1504,Canta
150404,distrito,Huaros,HUAROS,DISTRITO HUAROS,DISTRITO HUAROS,LIMA|CANTA|HUAROS,15,Lima,1504,Canta
150405,distrito,Lachaqui,LACHAQUI,DISTRITO LACHAQUI,DISTRITO LACHAQUI,LIMA|CANTA|LACHAQUI,15,Lima,1504,Canta
150406,distrito,San Buenaventura,SAN BUENAVENTURA,DISTRITO SAN BUENAVENTURA,DISTRITO SAN BUENAVENTURA,LIMA|CANTA|SAN BUENAVENTURA,15,Lima,1504,Canta
150407,distrito,Santa Rosa de Quives,SANTA ROSA DE QUIVES,DISTRITO SANTA ROSA DE QUIVES,DISTRITO SANTA ROSA DE QUIVES,LIMA|CANTA|SANTA ROSA DE QUIVES,15,Lima,1504,Canta
150501,distrito,San Vicente de Cañete,SAN VICENTE DE CANETE,DISTRITO SAN VICENTE DE CAÑETE,DISTRITO SAN VICENTE DE CANETE,LIMA|CANETE|SAN VICENTE DE CANETE,15,Lima,1505,Cañete
150502,distrito,Asia,ASIA,DISTRITO ASIA,DISTRITO ASIA,LIMA|CANETE|ASIA,15,Lima,1505,Cañete
150503,distrito,Calango,CALANGO,DISTRITO CALANGO,DISTRITO CALANGO,LIMA|CANETE|CALANGO,15,Lima,1505,Cañete
150504,distrito,Cerro Azul,CERRO AZUL,DISTRITO CERRO AZUL,DISTRITO CERRO AZUL,LIMA|CANETE|CERRO AZUL,15,Lima,1505,Cañete
150505,distrito,Chilca,CHILCA,DISTRITO CHILCA,DISTRITO CHILCA,LIMA|CANETE|CHILCA,15,Lima,1505,Cañete
150506,distrito,Coayllo,COAYLLO,DISTRITO COAYLLO,DISTRITO COAYLLO,LIMA|CANETE|COAYLLO,15,Lima,1505,Cañete
150507,distrito,Imperial,IMPERIAL,DISTRITO IMPERIAL,DISTRITO IMPERIAL,LIMA|CANETE|IMPERIAL,15,Lima,1505,Cañete
150508,distrito,Lunahuana,LUNAHUANA,DISTRITO LUNAHUANA,DISTRITO LUNAHUANA,LIMA|CANETE|LUNAHUANA,15,Lima,1505,Cañete
150509,distrito,Mala,MALA,DISTRITO MALA,DISTRITO MALA,LIMA|CANETE|MALA,15,Lima,1505,Cañete
150510,distrito,Nuevo Imperial,NUEVO IMPERIAL,DISTRITO NUEVO IMPERIAL,DISTRITO NUEVO IMPERIAL,LIMA|CANETE|NUEVO IMPERIAL,15,Lima,1505,Cañete
150511,distrito,Pacaran,PACARAN,DISTRITO PACARAN,DISTRITO PACARAN,LIMA|CANETE|PACARAN,15,Lima,1505,Cañete
150512,distrito,Quilmana,QUILMANA,DISTRITO QUILMANA,DISTRITO QUILMANA,LIMA|CANETE|QUILMANA,15,Lima,1505,Cañete
150513,distrito,San Antonio,SAN ANTONIO,DISTRITO SAN ANTONIO,DISTRITO SAN ANTONIO,LIMA|CANETE|SAN ANTONIO,15,Lima,1505,Cañete
150514,distrito,San Luis,SAN LUIS,DISTRITO SAN LUIS,DISTRITO SAN LUIS,LIMA|CANETE|SAN LUIS,15,Lima,1505,Cañete
150515,distrito,Santa Cruz de Flores,SANTA CRUZ DE FLORES,DISTRITO SANTA CRUZ DE FLORES,DISTRITO SANTA CRUZ DE FLORES,LIMA|CANETE|SANTA CRUZ DE FLORES,15,Lima,1505,Cañete
150516,distrito,Zúñiga,ZUNIGA,DISTRITO ZÚÑIGA,DISTRITO ZUNIGA,LIMA|CANETE|ZUNIGA,15,Lima,1505,Cañete
150601,distrito,Huaral,HUARAL,DISTRITO HUARAL,DISTRITO HUARAL,LIMA|HUARAL|HUARAL,15,Lima,1506,Huaral
150602,distrito,Atavillos Alto,ATAVILLOS ALTO,DISTRITO ATAVILLOS ALTO,DISTRITO ATAVILLOS ALTO,LIMA|HUARAL|ATAVILLOS ALTO,15,Lima,1506,Huaral
150603,distrito,Atavillos Bajo,ATAVILLOS BAJO,DISTRITO ATAVILLOS BAJO,DISTRITO ATAVILLOS BAJO,LIMA|HUARAL|ATAVILLOS BAJO,15,Lima,1506,Huaral
150604,distrito,Aucallama,AUCALLAMA,DISTRITO AUCALLAMA,DISTRITO AUCALLAMA,LIMA|HUARAL|AUCALLAMA,15,Lima,1506,Huaral
150605,distrito,Chancay,CHANCAY,DISTRITO CHANCAY,DISTRITO CHANCAY,LIMA|HUARAL|CHANCAY,15,Lima,1506,Huaral
150606,distrito,Ihuari,IHUARI,DISTRITO IHUARI,DISTRITO IHUARI,LIMA|HUARAL|IHUARI,15,Lima,1506,Huaral
150607,distrito,Lampian,LAMPIAN,DISTRITO LAMPIAN,DISTRITO LAMPIAN,LIMA|HUARAL|LAMPIAN,15,Lima,1506,Huaral
150608,distrito,Pacaraos,PACARAOS,DISTRITO PACARAOS,DISTRITO PACARAOS,LIMA|HUARAL|PACARAOS,15,Lima,1506,Huaral
150609,distrito,San Miguel de Acos,SAN MIGUEL DE ACOS,DISTRITO SAN MIGUEL DE ACOS,DISTRITO SAN MIGUEL DE ACOS,LIMA|HUARAL|SAN MIGUEL DE ACOS,15,Lima,1506,Huaral
150610,distrito,Santa Cruz de Andamarca,SANTA CRUZ DE ANDAMARCA,DISTRITO SANTA CRUZ DE ANDAMARCA,DISTRITO SANTA CRUZ DE ANDAMARCA,LIMA|HUARAL|SANTA CRUZ DE ANDAMARCA,15,Lima,1506,Huaral
150611,distrito,Sumbilca,SUMBILCA,DISTRITO SUMBILCA,DISTRITO SUMBILCA,LIMA|HUARAL|SUMBILCA,15,Lima,1506,Huaral
150612,distrito,Veintisiete de Noviembre,VEINTISIETE DE NOVIEMBRE,DISTRITO VEINTISIETE DE NOVIEMBRE,DISTRITO VEINTISIETE DE NOVIEMBRE,LIMA|HUARAL|VEINTISIETE DE NOVIEMBRE,15,Lima,1506,Huaral
150701,distrito,Matucana,MATUCANA,DISTRITO MATUCANA,DISTRITO MATUCANA,LIMA|HUAROCHIRI|MATUCANA,15,Lima,1507,Huarochirí
150702,distrito,Antioquia,ANTIOQUIA,DISTRITO ANTIOQUIA,DISTRITO ANTIOQUIA,LIMA|HUAROCHIRI|ANTIOQUIA,15,Lima,1507,Huarochirí
150703,distrito,Callahuanca,CALLAHUANCA,DISTRITO CALLAHUANCA,DISTRITO CALLAHUANCA,LIMA|HUAROCHIRI|CALLAHUANCA,15,Lima,1507,Huarochirí
150704,distrito,Carampoma,CARAMPOMA,DISTRITO CARAMPOMA,DISTRITO CARAMPOMA,LIMA|HUAROCHIRI|CARAMPOMA,15,Lima,1507,Huarochirí
150705,distrito,Chicla,CHICLA,DISTRITO CHICLA,DISTRITO CHICLA,LIMA|HUAROCHIRI|CHICLA,15,Lima,1507,Huarochirí
150706,distrito,Cuenca,CUENCA,DISTRITO CUENCA,DISTRITO CUENCA,LIMA|HUAROCHIRI|CUENCA,15,Lima,1507,Huarochirí
150707,distrito,Huachupampa,HUACHUPAMPA,DISTRITO HUACHUPAMPA,DISTRITO HUACHUPAMPA,LIMA|HUAROCHIRI|HUACHUPAMPA,15,Lima,1507,Huarochirí
150708,distrito,Huanza,HUANZA,DISTRITO HUANZA,DISTRITO HUANZA,LIMA|HUAROCHIRI|HUANZA,15,Lima,1507,Huarochirí
150709,distrito,Huarochiri,HUAROCHIRI,DISTRITO HUAROCHIRI,DISTRITO HUAROCHIRI,LIMA|HUAROCHIRI|HUAROCHIRI,15,Lima,1507,Huarochirí
150710,distrito,Lahuaytambo,LAHUAYTAMBO,DISTRITO LAHUAYTAMBO,DISTRITO LAHUAYTAMBO,LIMA|HUAROCHIRI|LAHUAYTAMBO,15,Lima,1507,Huarochirí
150711,distrito,Langa,LANGA,DISTRITO LANGA,DISTRITO LANGA,LIMA|HUAROCHIRI|LANGA,15,Lima,1507,Huarochirí
150712,distrito,Laraos,LARAOS,DISTRITO LARAOS,DISTRITO LARAOS,LIMA|HUAROCHIRI|LARAOS,15,Lima,1507,Huarochirí
150713,distrito,Mariatana,MARIATANA,DISTRITO MARIATANA,DISTRITO MARIATANA,LIMA|HUAROCHIRI|MARIATANA,15,Lima,1507,Huarochirí
150714,distrito,Ricardo Palma,RICARDO PALMA,DISTRITO RICARDO PALMA,DISTRITO RICARDO PALMA,LIMA|HUAROCHIRI|RICARDO PALMA,15,Lima,1507,Huarochirí
150715,distrito,San Andrés de Tupicocha,SAN ANDRES DE TUPICOCHA,DISTRITO SAN ANDRÉS DE TUPICOCHA,DISTRITO SAN ANDRES DE TUPICOCHA,LIMA|HUAROCHIRI|SAN ANDRES DE TUPICOCHA,15,Lima,1507,Huarochirí
150716,distrito,San Antonio,SAN ANTONIO,DISTRITO SAN ANTONIO,DISTRITO SAN ANTONIO,LIMA|HUAROCHIRI|SAN ANTONIO,15,Lima,1507,Huarochirí
150717,distrito,San Bartolomé,SAN BARTOLOME,DISTRITO SAN BARTOLOMÉ,DISTRITO SAN BARTOLOME,LIMA|HUAROCHIRI|SAN BARTOLOME,15,Lima,1507,Huarochirí
150718,distrito,San Damian,SAN DAMIAN,DISTRITO SAN DAMIAN,DISTRITO SAN DAMIAN,LIMA|HUAROCHIRI|SAN DAMIAN,15,Lima,1507,Huarochirí
150719,distrito,San Juan de Iris,SAN JUAN DE IRIS,DISTRITO SAN JUAN DE IRIS,DISTRITO SAN JUAN DE IRIS,LIMA|HUAROCHIRI|SAN JUAN DE IRIS,15,Lima,1507,Huarochirí
150720,distrito,San Juan de Tantaranche,SAN JUAN DE TANTARANCHE,DISTRITO SAN JUAN DE TANTARANCHE,DISTRITO SAN JUAN DE TANTARANCHE,LIMA|HUAROCHIRI|SAN JUAN DE TANTARANCHE,15,Lima,1507,Huarochirí
150721,distrito,San Lorenzo de Quinti,SAN LORENZO DE QUINTI,DISTRITO SAN LORENZO DE QUINTI,DISTRITO SAN LORENZO DE QUINTI,LIMA|HUAROCHIRI|SAN LORENZO DE QUINTI,15,Lima,1507,Huarochirí
150722,distrito,San Mateo,SAN MATEO,DISTRITO SAN MATEO,DISTRITO SAN MATEO,LIMA|HUAROCHIRI|SAN MATEO,15,Lima,1507,Huarochirí
150723,distrito,San Mateo de Otao,SAN MATEO DE OTAO,DISTRITO SAN MATEO DE OTAO,DISTRITO SAN MATEO DE OTAO,LIMA|HUAROCHIRI|SAN MATEO DE OTAO,15,Lima,1507,Huarochirí
150724,distrito,San Pedro de Casta,SAN PEDRO DE CASTA,DISTRITO SAN PEDRO DE CASTA,DISTRITO SAN PEDRO DE CASTA,LIMA|HUAROCHIRI|SAN PEDRO DE CASTA,15,Lima,1507,Huarochirí
150725,distrito,San Pedro de Huancayre,SAN PEDRO DE HUANCAYRE,DISTRITO SAN PEDRO DE HUANCAYRE,DISTRITO SAN PEDRO DE HUANCAYRE,LIMA|HUAROCHIRI|SAN PEDRO DE HUANCAYRE,15,Lima,1507,Huarochirí
150726,distrito,Sangallaya,SANGALLAYA,DISTRITO SANGALLAYA,DISTRITO SANGALLAYA,LIMA|HUAROCHIRI|SANGALLAYA,15,Lima,1507,Huarochirí
150727,distrito,Santa Cruz de Cocachacra,SANTA CRUZ DE COCACHACRA,DISTRITO SANTA CRUZ DE COCACHACRA,DISTRITO SANTA CRUZ DE COCACHACRA,LIMA|HUAROCHIRI|SANTA CRUZ DE COCACHACRA,15,Lima,1507,Huarochirí
150728,distrito,Santa Eulalia,SANTA EULALIA,DISTRITO SANTA EULALIA,DISTRITO SANTA EULALIA,LIMA|HUAROCHIRI|SANTA EULALIA,15,Lima,1507,Huarochirí
150729,distrito,Santiago de Anchucaya,SANTIAGO DE ANCHUCAYA,DISTRITO SANTIAGO DE ANCHUCAYA,DISTRITO SANTIAGO DE ANCHUCAYA,LIMA|HUAROCHIRI|SANTIAGO DE ANCHUCAYA,15,Lima,1507,Huarochirí
150730,distrito,Santiago de Tuna,SANTIAGO DE TUNA,DISTRITO SANTIAGO DE TUNA,DISTRITO SANTIAGO DE TUNA,LIMA|HUAROCHIRI|SANTIAGO DE TUNA,15,Lima,1507,Huarochirí
150731,distrito,Santo Domingo de Los Olleros,SANTO DOMINGO DE LOS OLLEROS,DISTRITO SANTO DOMINGO DE LOS OLLEROS,DISTRITO SANTO DOMINGO DE LOS OLLEROS,LIMA|HUAROCHIRI|SANTO DOMINGO DE LOS OLLEROS,15,Lima,1507,Huarochirí
150732,distrito,Surco,SURCO,DISTRITO SURCO,DISTRITO SURCO,LIMA|HUAROCHIRI|SURCO,15,Lima,1507,Huarochirí
150801,distrito,Huacho,HUACHO,DISTRITO HUACHO,DISTRITO HUACHO,LIMA|HUAURA|HUACHO,15,Lima,1508,Huaura
150802,distrito,Ambar,AMBAR,DISTRITO AMBAR,DISTRITO AMBAR,LIMA|HUAURA|AMBAR,15,Lima,1508,Huaura
150803,distrito,Caleta de Carquin,CALETA DE CARQUIN,DISTRITO CALETA DE CARQUIN,DISTRITO CALETA DE CARQUIN,LIMA|HUAURA|CALETA DE CARQUIN,15,Lima,1508,Huaura
150804,distrito,Checras,CHECRAS,DISTRITO CHECRAS,DISTRITO CHECRAS,LIMA|HUAURA|CHECRAS,15,Lima,1508,Huaura
150805,distrito,Hualmay,HUALMAY,DISTRITO HUALMAY,DISTRITO HUALMAY,LIMA|HUAURA|HUALMAY,15,Lima,1508,Huaura
150806,distrito,Huaura,HUAURA,DISTRITO HUAURA,DISTRITO HUAURA,LIMA|HUAURA|HUAURA,15,Lima,1508,Huaura
150807,distrito,Leoncio Prado,LEONCIO PRADO,DISTRITO LEONCIO PRADO,DISTRITO LEONCIO PRADO,LIMA|HUAURA|LEONCIO PRADO,15,Lima,1508,Huaura
150808,distrito,Paccho,PACCHO,DISTRITO PACCHO,DISTRITO PACCHO,LIMA|HUAURA|PACCHO,15,Lima,1508,Huaura
150809,distrito,Santa Leonor,SANTA LEONOR,DISTRITO SANTA LEONOR,DISTRITO SANTA LEONOR,LIMA|HUAURA|SANTA LEONOR,15,Lima,1508,Huaura
150810,distrito,Santa María,SANTA MARIA,DISTRITO SANTA MARÍA,DISTRITO SANTA MARIA,LIMA|HUAURA|SANTA MARIA,15,Lima,1508,Huaura
150811,distrito,Sayan,SAYAN,DISTRITO SAYAN,DISTRITO SAYAN,LIMA|HUAURA|SAYAN,15,Lima,1508,Huaura
150812,distrito,Vegueta,VEGUETA,DISTRITO VEGUETA,DISTRITO VEGUETA,LIMA|HUAURA|VEGUETA,15,Lima,1508,Huaura
150901,distrito,Oyon,OYON,DISTRITO OYON,DISTRITO OYON,LIMA|OYON|OYON,15,Lima,1509,Oyón
150902,distrito,Andajes,ANDAJES,DISTRITO ANDAJES,DISTRITO ANDAJES,LIMA|OYON|ANDAJES,15,Lima,1509,Oyón
150903,distrito,Caujul,CAUJUL,DISTRITO CAUJUL,DISTRITO CAUJUL,LIMA|OYON|CAUJUL,15,Lima,1509,Oyón
150904,distrito,Cochamarca,COCHAMARCA,DISTRITO COCHAMARCA,DISTRITO COCHAMARCA,LIMA|OYON|COCHAMARCA,15,Lima,1509,Oyón
150905,distrito,Navan,NAVAN,DISTRITO NAVAN,DISTRITO NAVAN,LIMA|OYON|NAVAN,15,Lima,1509,Oyón
150906,distrito,Pachangara,PACHANGARA,DISTRITO PACHANGARA,DISTRITO PACHANGARA,LIMA|OYON|PACHANGARA,15,Lima,1509,Oyón
151001,distrito,Yauyos,YAUYOS,DISTRITO YAUYOS,DISTRITO YAUYOS,LIMA|YAUYOS|YAUYOS,15,Lima,1510,Yauyos
151002,distrito,Alis,ALIS,DISTRITO ALIS,DISTRITO ALIS,LIMA|YAUYOS|ALIS,15,Lima,1510,Yauyos
151003,distrito,Allauca,ALLAUCA,DISTRITO ALLAUCA,DISTRITO ALLAUCA,LIMA|YAUYOS|ALLAUCA,15,Lima,1510,Yauyos
151004,distrito,Ayaviri,AYAVIRI,DISTRITO AYAVIRI,DISTRITO AYAVIRI,LIMA|YAUYOS|AYAVIRI,15,Lima,1510,Yauyos
151005,distrito,Azángaro,AZANGARO,DISTRITO AZÁNGARO,DISTRITO AZANGARO,LIMA|YAUYOS|AZANGARO,15,Lima,1510,Yauyos
151006,distrito,Cacra,CACRA,DISTRITO CACRA,DISTRITO CACRA,LIMA|YAUYOS|CACRA,15,Lima,1510,Yauyos
151007,distrito,Carania,CARANIA,DISTRITO CARANIA,DISTRITO CARANIA,LIMA|YAUYOS|CARANIA,15,Lima,1510,Yauyos
151008,distrito,Catahuasi,CATAHUASI,DISTRITO CATAHUASI,DISTRITO CATAHUASI,LIMA|YAUYOS|CATAHUASI,15,Lima,1510,Yauyos
151009,distrito,Chocos,CHOCOS,DISTRITO CHOCOS,DISTRITO CHOCOS,LIMA|YAUYOS|CHOCOS,15,Lima,1510,Yauyos
151010,distrito,Cochas,COCHAS,DISTRITO COCHAS,DISTRITO COCHAS,LIMA|YAUYOS|COCHAS,15,Lima,1510,Yauyos
151011,distrito,Colonia,COLONIA,DISTRITO COLONIA,DISTRITO COLONIA,LIMA|YAUYOS|COLONIA,15,Lima,1510,Yauyos
151012,distrito,Hongos,HONGOS,DISTRITO HONGOS,DISTRITO HONGOS,LIMA|YAUYOS|HONGOS,15,Lima,1510,Yauyos
151013,distrito,Huampara,HUAMPARA,DISTRITO HUAMPARA,DISTRITO HUAMPARA,LIMA|YAUYOS|HUAMPARA,15,Lima,1510,Yauyos
151014,distrito,Huancaya,HUANCAYA,DISTRITO HUANCAYA,DISTRITO HUANCAYA,LIMA|YAUYOS|HUANCAYA,15,Lima,1510,Yauyos
151015,distrito,Huangascar,HUANGASCAR,DISTRITO HUANGASCAR,DISTRITO HUANGASCAR,LIMA|YAUYOS|HUANGASCAR,15,Lima,1510,Yauyos
151016,distrito,Huantan,HUANTAN,DISTRITO HUANTAN,DISTRITO HUANTAN,LIMA|YAUYOS|HUANTAN,15,Lima,1510,Yauyos
151017,distrito,Huañec,HUANEC,DISTRITO HUAÑEC,DISTRITO HUANEC,LIMA|YAUYOS|HUANEC,15,Lima,1510,Yauyos
151018,distrito,Laraos,LARAOS,DISTRITO LARAOS,DISTRITO LARAOS,LIMA|YAUYOS|LARAOS,15,Lima,1510,Yauyos
151019,distrito,Lincha,LINCHA,DISTRITO LINCHA,DISTRITO LINCHA,LIMA|YAUYOS|LINCHA,15,Lima,1510,Yauyos
151020,distrito,Madean,MADEAN,DISTRITO MADEAN,DISTRITO MADEAN,LIMA|YAUYOS|MADEAN,15,Lima,1510,Yauyos
151021,distrito,Miraflores,MIRAFLORES,DISTRITO MIRAFLORES,DISTRITO MIRAFLORES,LIMA|YAUYOS|MIRAFLORES,15,Lima,1510,Yauyos
151022,distrito,Omas,OMAS,DISTRITO OMAS,DISTRITO OMAS,LIMA|YAUYOS|OMAS,15,Lima,1510,Yauyos
151023,distrito,Putinza,PUTINZA,DISTRITO PUTINZA,DISTRITO PUTINZA,LIMA|YAUYOS|PUTINZA,15,Lima,1510,Yauyos
151024,distrito,Quinches,QUINCHES,DISTRITO QUINCHES,DISTRITO QUINCHES,LIMA|YAUYOS|QUINCHES,15,Lima,1510,Yauyos
151025,distrito,Quinocay,QUINOCAY,DISTRITO QUINOCAY,DISTRITO QUINOCAY,LIMA|YAUYOS|QUINOCAY,15,Lima,1510,Yauyos
151026,distrito,San Joaquín,SAN JOAQUIN,DISTRITO SAN JOAQUÍN,DISTRITO SAN JOAQUIN,LIMA|YAUYOS|SAN JOAQUIN,15,Lima,1510,Yauyos
151027,distrito,San Pedro de Pilas,SAN PEDRO DE PILAS,DISTRITO SAN PEDRO DE PILAS,DISTRITO SAN PEDRO DE PILAS,LIMA|YAUYOS|SAN PEDRO DE PILAS,15,Lima,1510,Yauyos
151028,distrito,Tanta,TANTA,DISTRITO TANTA,DISTRITO TANTA,LIMA|YAUYOS|TANTA,15,Lima,1510,Yauyos
151029,distrito,Tauripampa,TAURIPAMPA,DISTRITO TAURIPAMPA,DISTRITO TAURIPAMPA,LIMA|YAUYOS|TAURIPAMPA,15,Lima,1510,Yauyos
151030,distrito,Tomas,TOMAS,DISTRITO TOMAS,DISTRITO TOMAS,LIMA|YAUYOS|TOMAS,15,Lima,1510,Yauyos
151031,distrito,Tupe,TUPE,DISTRITO TUPE,DISTRITO TUPE,LIMA|YAUYOS|TUPE,15,Lima,1510,Yauyos
151032,distrito,Viñac,VINAC,DISTRITO VIÑAC,DISTRITO VINAC,LIMA|YAUYOS|VINAC,15,Lima,1510,Yauyos
151033,distrito,Vitis,VITIS,DISTRITO VITIS,DISTRITO VITIS,LIMA|YAUYOS|VITIS,15,Lima,1510,Yauyos
160101,distrito,Iquitos,IQUITOS,DISTRITO IQUITOS,DISTRITO IQUITOS,LORETO|MAYNAS|IQUITOS,16,Loreto,1601,Maynas
160102,distrito,Alto Nanay,ALTO NANAY,DISTRITO ALTO NANAY,DISTRITO ALTO NANAY,LORETO|MAYNAS|ALTO NANAY,16,Loreto,1601,Maynas
160103,distrito,Fernando Lores,FERNANDO LORES,DISTRITO FERNANDO LORES,DISTRITO FERNANDO LORES,LORETO|MAYNAS|FERNANDO LORES,16,Loreto,1601,Maynas
160104,distrito,Indiana,INDIANA,DISTRITO INDIANA,DISTRITO INDIANA,LORETO|MAYNAS|INDIANA,16,Loreto,1601,Maynas
160105,distrito,Las Amazonas,LAS AMAZONAS,DISTRITO LAS AMAZONAS,DISTRITO LAS AMAZONAS,LORETO|MAYNAS|LAS AMAZONAS,16,Loreto,1601,Maynas
160106,distrito,Mazan,MAZAN,DISTRITO MAZAN,DISTRITO MAZAN,LORETO|MAYNAS|MAZAN,16,Loreto,1601,Maynas
160107,distrito,Napo,NAPO,DISTRITO NAPO,DISTRITO NAPO,LORETO|MAYNAS|NAPO,16,Loreto,1601,Maynas
160108,distrito,Punchana,PUNCHANA,DISTRITO PUNCHANA,DISTRITO PUNCHANA,LORETO|MAYNAS|PUNCHANA,16,Loreto,1601,Maynas
160110,distrito,Torres Causana,TORRES CAUSANA,DISTRITO TORRES CAUSANA,DISTRITO TORRES CAUSANA,LORETO|MAYNAS|TORRES CAUSANA,16,Loreto,1601,Maynas
160112,distrito,Belén,BELEN,DISTRITO BELÉN,DISTRITO BELEN,LORETO|MAYNAS|BELEN,16,Loreto,1601,Maynas
160113,distrito,San Juan Bautista,SAN JUAN BAUTISTA,DISTRITO SAN JUAN BAUTISTA,DISTRITO SAN JUAN BAUTISTA,LORETO|MAYNAS|SAN JUAN BAUTISTA,16,Loreto,1601,Maynas
160201,distrito,Yurimaguas,YURIMAGUAS,DISTRITO YURIMAGUAS,DISTRITO YURIMAGUAS,LORETO|ALTO AMAZONAS|YURIMAGUAS,16,Loreto,1602,Alto Amazonas
160202,distrito,Balsapuerto,BALSAPUERTO,DISTRITO BALSAPUERTO,DISTRITO BALSAPUERTO,LORETO|ALTO AMAZONAS|BALSAPUERTO,16,Loreto,1602,Alto Amazonas
160205,distrito,Jeberos,JEBEROS,DISTRITO JEBEROS,DISTRITO JEBEROS,LORETO|ALTO AMAZONAS|JEBEROS,16,Loreto,1602,Alto Amazonas
160206,distrito,Lagunas,LAGUNAS,DISTRITO LAGUNAS,DISTRITO LAGUNAS,LORETO|ALTO AMAZONAS|LAGUNAS,16,Loreto,1602,Alto Amazonas
160210,distrito,Santa Cruz,SANTA CRUZ,DISTRITO SANTA CRUZ,DISTRITO SANTA CRUZ,LORETO|ALTO AMAZONAS|SANTA CRUZ,16,Loreto,1602,Alto Amazonas
160211,distrito,Teniente Cesar López Rojas,TENIENTE CESAR LOPEZ ROJAS,DISTRITO TENIENTE CESAR LÓPEZ ROJAS,DISTRITO TENIENTE CESAR LOPEZ ROJAS,LORETO|ALTO AMAZONAS|TENIENTE CESAR LOPEZ ROJAS,16,Loreto,1602,Alto Amazonas
160301,distrito,Nauta,NAUTA,DISTRITO NAUTA,DISTRITO NAUTA,LORETO|LORETO|NAUTA,16,Loreto,1603,Loreto
160302,distrito,Parinari,PARINARI,DISTRITO PARINARI,DISTRITO PARINARI,LORETO|LORETO|PARINARI,16,Loreto,1603,Loreto
160303,distrito,Tigre,TIGRE,DISTRITO TIGRE,DISTRITO TIGRE,LORETO|LORETO|TIGRE,16,Loreto,1603,Loreto
160304,distrito,Trompeteros,TROMPETEROS,DISTRITO TROMPETEROS,DISTRITO TROMPETEROS,LORETO|LORETO|TROMPETEROS,16,Loreto,1603,Loreto
160305,distrito,Urarinas,URARINAS,DISTRITO URARINAS,DISTRITO URARINAS,LORETO|LORETO|URARINAS,16,Loreto,1603,Loreto
160401,distrito,Ramón Castilla,RAMON CASTILLA,DISTRITO RAMÓN CASTILLA,DISTRITO RAMON CASTILLA,LORETO|MARISCAL RAMON CASTILLA|RAMON CASTILLA,16,Loreto,1604,Mariscal Ramón Castilla
160402,distrito,Pebas,PEBAS,DISTRITO PEBAS,DISTRITO PEBAS,LORETO|MARISCAL RAMON CASTILLA|PEBAS,16,Loreto,1604,Mariscal Ramón Castilla
160403,distrito,Yavari,YAVARI,DISTRITO YAVARI,DISTRITO YAVARI,LORETO|MARISCAL RAMON CASTILLA|YAVARI,16,Loreto,1604,Mariscal Ramón Castilla
160404,distrito,San Pablo,SAN PABLO,DISTRITO SAN PABLO,DISTRITO SAN PABLO,LORETO|MARISCAL RAMON CASTILLA|SAN PABLO,16,Loreto,1604,Mariscal Ramón Castilla
160405,distrito,Santa Rosa de Loreto,SANTA ROSA DE LORETO,DISTRITO SANTA ROSA DE LORETO,DISTRITO SANTA ROSA DE LORETO,LORETO|MARISCAL RAMON CASTILLA|SANTA ROSA DE LORETO,16,Loreto,1604,Mariscal Ramón Castilla
160501,distrito,Requena,REQUENA,DISTRITO REQUENA,DISTRITO REQUENA,LORETO|REQUENA|REQUENA,16,Loreto,1605,Requena
160502,distrito,Alto Tapiche,ALTO TAPICHE,DISTRITO ALTO TAPICHE,DISTRITO ALTO TAPICHE,LORETO|REQUENA|ALTO TAPICHE,16,Loreto,1605,Requena
160503,distrito,Capelo,CAPELO,DISTRITO CAPELO,DISTRITO CAPELO,LORETO|REQUENA|CAPELO,16,Loreto,1605,Requena
160504,distrito,Emilio San Martín,EMILIO SAN MARTIN,DISTRITO EMILIO SAN MARTÍN,DISTRITO EMILIO SAN MARTIN,LORETO|REQUENA|EMILIO SAN MARTIN,16,Loreto,1605,Requena
160505,distrito,Maquia,MAQUIA,DISTRITO MAQUIA,DISTRITO MAQUIA,LORETO|REQUENA|MAQUIA,16,Loreto,1605,Requena
160506,distrito,Puinahua,PUINAHUA,DISTRITO PUINAHUA,DISTRITO PUINAHUA,LORETO|REQUENA|PUINAHUA,16,Loreto,1605,Requena
160507,distrito,Saquena,SAQUENA,DISTRITO SAQUENA,DISTRITO SAQUENA,LORETO|REQUENA|SAQUENA,16,Loreto,1605,Requena
160508,distrito,Soplin,SOPLIN,DISTRITO SOPLIN,DISTRITO SOPLIN,LORETO|REQUENA|SOPLIN,16,Loreto,1605,Requena
160509,distrito,Tapiche,TAPICHE,DISTRITO TAPICHE,DISTRITO TAPICHE,LORETO|REQUENA|TAPICHE,16,Loreto,1605,Requena
160510,distrito,Jenaro Herrera,JENARO HERRERA,DISTRITO JENARO HERRERA,DISTRITO JENARO HERRERA,LORETO|REQUENA|JENARO HERRERA,16,Loreto,1605,Requena
160511,distrito,Yaquerana,YAQUERANA,DISTRITO YAQUERANA,DISTRITO YAQUERANA,LORETO|REQUENA|YAQUERANA,16,Loreto,1605,Requena
160601,distrito,Contamana,CONTAMANA,DISTRITO CONTAMANA,DISTRITO CONTAMANA,LORETO|UCAYALI|CONTAMANA,16,Loreto,1606,Ucayali
160602,distrito,Inahuaya,INAHUAYA,DISTRITO INAHUAYA,DISTRITO INAHUAYA,LORETO|UCAYALI|INAHUAYA,16,Loreto,1606,Ucayali
160603,distrito,Padre Márquez,PADRE MARQUEZ,DISTRITO PADRE MÁRQUEZ,DISTRITO PADRE MARQUEZ,LORETO|UCAYALI|PADRE MARQUEZ,16,Loreto,1606,Ucayali
160604,distrito,Pampa Hermosa,PAMPA HERMOSA,DISTRITO PAMPA HERMOSA,DISTRITO PAMPA HERMOSA,LORETO|UCAYALI|PAMPA HERMOSA,16,Loreto,1606,Ucayali
160605,distrito,Sarayacu,SARAYACU,DISTRITO SARAYACU,DISTRITO SARAYACU,LORETO|UCAYALI|SARAYACU,16,Loreto,1606,Ucayali
160606,distrito,Vargas Guerra,VARGAS GUERRA,DISTRITO VARGAS GUERRA,DISTRITO VARGAS GUERRA,LORETO|UCAYALI|VARGAS GUERRA,16,Loreto,1606,Ucayali
160701,distrito,Barranca,BARRANCA,DISTRITO BARRANCA,DISTRITO BARRANCA,LORETO|DATEM DEL MARANON|BARRANCA,16,Loreto,1607,Datem del Marañón
160702,distrito,Cahuapanas,CAHUAPANAS,DISTRITO CAHUAPANAS,DISTRITO CAHUAPANAS,LORETO|DATEM DEL MARANON|CAHUAPANAS,16,Loreto,1607,Datem del Marañón
160703,distrito,Manseriche,MANSERICHE,DISTRITO MANSERICHE,DISTRITO MANSERICHE,LORETO|DATEM DEL MARANON|MANSERICHE,16,Loreto,1607,Datem del Marañón
160704,distrito,Morona,MORONA,DISTRITO MORONA,DISTRITO MORONA,LORETO|DATEM DEL MARANON|MORONA,16,Loreto,1607,Datem del Marañón
160705,distrito,Pastaza,PASTAZA,DISTRITO PASTAZA,DISTRITO PASTAZA,LORETO|DATEM DEL MARANON|PASTAZA,16,Loreto,1607,Datem del Marañón
160706,distrito,Andoas,ANDOAS,DISTRITO ANDOAS,DISTRITO ANDOAS,LORETO|DATEM DEL MARANON|ANDOAS,16,Loreto,1607,Datem del Marañón
160801,distrito,Putumayo,PUTUMAYO,DISTRITO PUTUMAYO,DISTRITO PUTUMAYO,LORETO|PUTUMAYO|PUTUMAYO,16,Loreto,1608,Putumayo
160802,distrito,Rosa Panduro,ROSA PANDURO,DISTRITO ROSA PANDURO,DISTRITO ROSA PANDURO,LORETO|PUTUMAYO|ROSA PANDURO,16,Loreto,1608,Putumayo
160803,distrito,Teniente Manuel Clavero,TENIENTE MANUEL CLAVERO,DISTRITO TENIENTE MANUEL CLAVERO,DISTRITO TENIENTE MANUEL CLAVERO,LORETO|PUTUMAYO|TENIENTE MANUEL CLAVERO,16,Loreto,1608,Putumayo
160804,distrito,Yaguas,YAGUAS,DISTRITO YAGUAS,DISTRITO YAGUAS,LORETO|PUTUMAYO|YAGUAS,16,Loreto,1608,Putumayo
170101,distrito,Tambopata,TAMBOPATA,DISTRITO TAMBOPATA,DISTRITO TAMBOPATA,MADRE DE DIOS|TAMBOPATA|TAMBOPATA,17,Madre de Dios,1701,Tambopata
170102,distrito,Inambari,INAMBARI,DISTRITO INAMBARI,DISTRITO INAMBARI,MADRE DE DIOS|TAMBOPATA|INAMBARI,17,Madre de Dios,1701,Tambopata
170103,distrito,Las Piedras,LAS PIEDRAS,DISTRITO LAS PIEDRAS,DISTRITO LAS PIEDRAS,MADRE DE DIOS|TAMBOPATA|LAS PIEDRAS,17,Madre de Dios,1701,Tambopata
170104,distrito,Laberinto,LABERINTO,DISTRITO LABERINTO,DISTRITO LABERINTO,MADRE DE DIOS|TAMBOPATA|LABERINTO,17,Madre de Dios,1701,Tambopata
170201,distrito,Manu,MANU,DISTRITO MANU,DISTRITO MANU,MADRE DE DIOS|MANU|MANU,17,Madre de Dios,1702,Manu
170202,distrito,Fitzcarrald,FITZCARRALD,DISTRITO FITZCARRALD,DISTRITO FITZCARRALD,MADRE DE DIOS|MANU|FITZCARRALD,17,Madre de Dios,1702,Manu
170203,distrito,Madre de Dios,MADRE DE DIOS,DISTRITO MADRE DE DIOS,DISTRITO MADRE DE DIOS,MADRE DE DIOS|MANU|MADRE DE DIOS,17,Madre de Dios,1702,Manu
170204,distrito,Huepetuhe,HUEPETUHE,DISTRITO HUEPETUHE,DISTRITO HUEPETUHE,MADRE DE DIOS|MANU|HUEPETUHE,17,Madre de Dios,1702,Manu
170301,distrito,Iñapari,INAPARI,DISTRITO IÑAPARI,DISTRITO INAPARI,MADRE DE DIOS|TAHUAMANU|INAPARI,17,Madre de Dios,1703,Tahuamanu
170302,distrito,Iberia,IBERIA,DISTRITO IBERIA,DISTRITO IBERIA,MADRE DE DIOS|TAHUAMANU|IBERIA,17,Madre de Dios,1703,Tahuamanu
170303,distrito,Tahuamanu,TAHUAMANU,DISTRITO TAHUAMANU,DISTRITO TAHUAMANU,MADRE DE DIOS|TAHUAMANU|TAHUAMANU,17,Madre de Dios,1703,Tahuamanu
180101,distrito,Moquegua,MOQUEGUA,DISTRITO MOQUEGUA,DISTRITO MOQUEGUA,MOQUEGUA|MARISCAL NIETO|MOQUEGUA,18,Moquegua,1801,Mariscal Nieto
180102,distrito,Carumas,CARUMAS,DISTRITO CARUMAS,DISTRITO CARUMAS,MOQUEGUA|MARISCAL NIETO|CARUMAS,18,Moquegua,1801,Mariscal Nieto
180103,distrito,Cuchumbaya,CUCHUMBAYA,DISTRITO CUCHUMBAYA,DISTRITO CUCHUMBAYA,MOQUEGUA|MARISCAL NIETO|CUCHUMBAYA,18,Moquegua,1801,Mariscal Nieto
180104,distrito,Samegua,SAMEGUA,DISTRITO SAMEGUA,DISTRITO SAMEGUA,MOQUEGUA|MARISCAL NIETO|SAMEGUA,18,Moquegua,1801,Mariscal Nieto
180105,distrito,San Cristóbal,SAN CRISTOBAL,DISTRITO SAN CRISTÓBAL,DISTRITO SAN CRISTOBAL,MOQUEGUA|MARISCAL NIETO|SAN CRISTOBAL,18,Moquegua,1801,Mariscal Nieto
180106,distrito,Torata,TORATA,DISTRITO TORATA,DISTRITO TORATA,MOQUEGUA|MARISCAL NIETO|TORATA,18,Moquegua,1801,Mariscal Nieto
180107,distrito,San Antonio,SAN ANTONIO,DISTRITO SAN ANTONIO,DISTRITO SAN ANTONIO,MOQUEGUA|MARISCAL NIETO|SAN ANTONIO,18,Moquegua,1801,Mariscal Nieto
180201,distrito,Omate,OMATE,DISTRITO OMATE,DISTRITO OMATE,MOQUEGUA|GENERAL SANCHEZ CERRO|OMATE,18,Moquegua,1802,General Sánchez Cerro
180202,distrito,Chojata,CHOJATA,DISTRITO CHOJATA,DISTRITO CHOJATA,MOQUEGUA|GENERAL SANCHEZ CERRO|CHOJATA,18,Moquegua,1802,General Sánchez Cerro
180203,distrito,Coalaque,COALAQUE,DISTRITO COALAQUE,DISTRITO COALAQUE,MOQUEGUA|GENERAL SANCHEZ CERRO|COALAQUE,18,Moquegua,1802,General Sánchez Cerro
180204,distrito,Ichuña,ICHUNA,DISTRITO ICHUÑA,DISTRITO ICHUNA,MOQUEGUA|GENERAL SANCHEZ CERRO|ICHUNA,18,Moquegua,1802,General Sánchez Cerro
180205,distrito,La Capilla,LA CAPILLA,DISTRITO LA CAPILLA,DISTRITO LA CAPILLA,MOQUEGUA|GENERAL SANCHEZ CERRO|LA CAPILLA,18,Moquegua,1802,General Sánchez Cerro
180206,distrito,Lloque,LLOQUE,DISTRITO LLOQUE,DISTRITO LLOQUE,MOQUEGUA|GENERAL SANCHEZ CERRO|LLOQUE,18,Moquegua,1802,General Sánchez Cerro
180207,distrito,Matalaque,MATALAQUE,DISTRITO MATALAQUE,DISTRITO MATALAQUE,MOQUEGUA|GENERAL SANCHEZ CERRO|MATALAQUE,18,Moquegua,1802,General Sánchez Cerro
180208,distrito,Puquina,PUQUINA,DISTRITO PUQUINA,DISTRITO PUQUINA,MOQUEGUA|GENERAL SANCHEZ CERRO|PUQUINA,18,Moquegua,1802,General Sánchez Cerro
180209,distrito,Quinistaquillas,QUINISTAQUILLAS,DISTRITO QUINISTAQUILLAS,DISTRITO QUINISTAQUILLAS,MOQUEGUA|GENERAL SANCHEZ CERRO|QUINISTAQUILLAS,18,Moquegua,1802,General Sánchez Cerro
180210,distrito,Ubinas,UBINAS,DISTRITO UBINAS,DISTRITO UBINAS,MOQUEGUA|GENERAL SANCHEZ CERRO|UBINAS,18,Moquegua,1802,General Sánchez Cerro
180211,distrito,Yunga,YUNGA,DISTRITO YUNGA,DISTRITO YUNGA,MOQUEGUA|GENERAL SANCHEZ CERRO|YUNGA,18,Moquegua,1802,General Sánchez Cerro
180301,distrito,Ilo,ILO,DISTRITO ILO,DISTRITO ILO,MOQUEGUA|ILO|ILO,18,Moquegua,1803,Ilo
180302,distrito,El Algarrobal,EL ALGARROBAL,DISTRITO EL ALGARROBAL,DISTRITO EL ALGARROBAL,MOQUEGUA|ILO|EL ALGARROBAL,18,Moquegua,1803,Ilo
180303,distrito,Pacocha,PACOCHA,DISTRITO PACOCHA,DISTRITO PACOCHA,MOQUEGUA|ILO|PACOCHA,18,Moquegua,1803,Ilo
190101,distrito,Chaupimarca,CHAUPIMARCA,DISTRITO CHAUPIMARCA,DISTRITO CHAUPIMARCA,PASCO|PASCO|CHAUPIMARCA,19,Pasco,1901,Pasco
190102,distrito,Huachon,HUACHON,DISTRITO HUACHON,DISTRITO HUACHON,PASCO|PASCO|HUACHON,19,Pasco,1901,Pasco
190103,distrito,Huariaca,HUARIACA,DISTRITO HUARIACA,DISTRITO HUARIACA,PASCO|PASCO|HUARIACA,19,Pasco,1901,Pasco
190104,distrito,Huayllay,HUAYLLAY,DISTRITO HUAYLLAY,DISTRITO HUAYLLAY,PASCO|PASCO|HUAYLLAY,19,Pasco,1901,Pasco
190105,distrito,Ninacaca,NINACACA,DISTRITO NINACACA,DISTRITO NINACACA,PASCO|PASCO|NINACACA,19,Pasco,1901,Pasco
190106,distrito,Pallanchacra,PALLANCHACRA,DISTRITO PALLANCHACRA,DISTRITO PALLANCHACRA,PASCO|PASCO|PALLANCHACRA,19,Pasco,1901,Pasco
190107,distrito,Paucartambo,PAUCARTAMBO,DISTRITO PAUCARTAMBO,DISTRITO PAUCARTAMBO,PASCO|PASCO|PAUCARTAMBO,19,Pasco,1901,Pasco
190108,distrito,San Francisco de Asís de Yarusyacan,SAN FRANCISCO DE ASIS DE YARUSYACAN,DISTRITO SAN FRANCISCO DE ASÍS DE YARUSYACAN,DISTRITO SAN FRANCISCO DE ASIS DE YARUSYACAN,PASCO|PASCO|SAN FRANCISCO DE ASIS DE YARUSYACAN,19,Pasco,1901,Pasco
190109,distrito,Simon Bolívar,SIMON BOLIVAR,DISTRITO SIMON BOLÍVAR,DISTRITO SIMON BOLIVAR,PASCO|PASCO|SIMON BOLIVAR,19,Pasco,1901,Pasco
190110,distrito,Ticlacayan,TICLACAYAN,DISTRITO TICLACAYAN,DISTRITO TICLACAYAN,PASCO|PASCO|TICLACAYAN,19,Pasco,1901,Pasco
190111,distrito,Tinyahuarco,TINYAHUARCO,DISTRITO TINYAHUARCO,DISTRITO TINYAHUARCO,PASCO|PASCO|TINYAHUARCO,19,Pasco,1901,Pasco
190112,distrito,Vicco,VICCO,DISTRITO VICCO,DISTRITO VICCO,PASCO|PASCO|VICCO,19,Pasco,1901,Pasco
190113,distrito,Yanacancha,YANACANCHA,DISTRITO YANACANCHA,DISTRITO YANACANCHA,PASCO|PASCO|YANACANCHA,19,Pasco,1901,Pasco
190201,distrito,Yanahuanca,YANAHUANCA,DISTRITO YANAHUANCA,DISTRITO YANAHUANCA,PASCO|DANIEL ALCIDES CARRION|YANAHUANCA,19,Pasco,1902,Daniel Alcides Carrión
190202,distrito,Chacayan,CHACAYAN,DISTRITO CHACAYAN,DISTRITO CHACAYAN,PASCO|DANIEL ALCIDES CARRION|CHACAYAN,19,Pasco,1902,Daniel Alcides Carrión
190203,distrito,Goyllarisquizga,GOYLLARISQUIZGA,DISTRITO GOYLLARISQUIZGA,DISTRITO GOYLLARISQUIZGA,PASCO|DANIEL ALCIDES CARRION|GOYLLARISQUIZGA,19,Pasco,1902,Daniel Alcides Carrión
190204,distrito,Paucar,PAUCAR,DISTRITO PAUCAR,DISTRITO PAUCAR,PASCO|DANIEL ALCIDES CARRION|PAUCAR,19,Pasco,1902,Daniel Alcides Carrión
190205,distrito,San Pedro de Pillao,SAN PEDRO DE PILLAO,DISTRITO SAN PEDRO DE PILLAO,DISTRITO SAN PEDRO DE PILLAO,PASCO|DANIEL ALCIDES CARRION|SAN PEDRO DE PILLAO,19,Pasco,1902,Daniel Alcides Carrión
190206,distrito,Santa Ana de Tusi,SANTA ANA DE TUSI,DISTRITO SANTA ANA DE TUSI,DISTRITO SANTA ANA DE TUSI,PASCO|DANIEL ALCIDES CARRION|SANTA ANA DE TUSI,19,Pasco,1902,Daniel Alcides Carrión
190207,distrito,Tapuc,TAPUC,DISTRITO TAPUC,DISTRITO TAPUC,PASCO|DANIEL ALCIDES CARRION|TAPUC,19,Pasco,1902,Daniel Alcides Carrión
190208,distrito,Vilcabamba,VILCABAMBA,DISTRITO VILCABAMBA,DISTRITO VILCABAMBA,PASCO|DANIEL ALCIDES CARRION|VILCABAMBA,19,Pasco,1902,Daniel Alcides Carrión
190301,distrito,Oxapampa,OXAPAMPA,DISTRITO OXAPAMPA,DISTRITO OXAPAMPA,PASCO|OXAPAMPA|OXAPAMPA,19,Pasco,1903,Oxapampa
190302,distrito,Chontabamba,CHONTABAMBA,DISTRITO CHONTABAMBA,DISTRITO CHONTABAMBA,PASCO|OXAPAMPA|CHONTABAMBA,19,Pasco,1903,Oxapampa
190303,distrito,Huancabamba,HUANCABAMBA,DISTRITO HUANCABAMBA,DISTRITO HUANCABAMBA,PASCO|OXAPAMPA|HUANCABAMBA,19,Pasco,1903,Oxapampa
190304,distrito,Palcazu,PALCAZU,DISTRITO PALCAZU,DISTRITO PALCAZU,PASCO|OXAPAMPA|PALCAZU,19,Pasco,1903,Oxapampa
190305,distrito,Pozuzo,POZUZO,DISTRITO POZUZO,DISTRITO POZUZO,PASCO|OXAPAMPA|POZUZO,19,Pasco,1903,Oxapampa
190306,distrito,Puerto Bermúdez,PUERTO BERMUDEZ,DISTRITO PUERTO BERMÚDEZ,DISTRITO PUERTO BERMUDEZ,PASCO|OXAPAMPA|PUERTO BERMUDEZ,19,Pasco,1903,Oxapampa
190307,distrito,Villa Rica,VILLA RICA,DISTRITO VILLA RICA,DISTRITO VILLA RICA,PASCO|OXAPAMPA|VILLA RICA,19,Pasco,1903,Oxapampa
190308,distrito,Constitución,CONSTITUCION,DISTRITO CONSTITUCIÓN,DISTRITO CONSTITUCION,PASCO|OXAPAMPA|CONSTITUCION,19,Pasco,1903,Oxapampa
200101,distrito,Piura,PIURA,DISTRITO PIURA,DISTRITO PIURA,PIURA|PIURA|PIURA,20,Piura,2001,Piura
200104,distrito,Castilla,CASTILLA,DISTRITO CASTILLA,DISTRITO CASTILLA,PIURA|PIURA|CASTILLA,20,Piura,2001,Piura
200105,distrito,Catacaos,CATACAOS,DISTRITO CATACAOS,DISTRITO CATACAOS,PIURA|PIURA|CATACAOS,20,Piura,2001,Piura
200107,distrito,Cura Mori,CURA MORI,DISTRITO CURA MORI,DISTRITO CURA MORI,PIURA|PIURA|CURA MORI,20,Piura,2001,Piura
200108,distrito,El Tallan,EL TALLAN,DISTRITO EL TALLAN,DISTRITO EL TALLAN,PIURA|PIURA|EL TALLAN,20,Piura,2001,Piura
200109,distrito,La Arena,LA ARENA,DISTRITO LA ARENA,DISTRITO LA ARENA,PIURA|PIURA|LA ARENA,20,Piura,2001,Piura
200110,distrito,La Unión,LA UNION,DISTRITO LA UNIÓN,DISTRITO LA UNION,PIURA|PIURA|LA UNION,20,Piura,2001,Piura
200111,distrito,Las Lomas,LAS LOMAS,DISTRITO LAS LOMAS,DISTRITO LAS LOMAS,PIURA|PIURA|LAS LOMAS,20,Piura,2001,Piura
200114,distrito,Tambo Grande,TAMBO GRANDE,DISTRITO TAMBO GRANDE,DISTRITO TAMBO GRANDE,PIURA|PIURA|TAMBO GRANDE,20,Piura,2001,Piura
200115,distrito,Veintiseis de Octubre,VEINTISEIS DE OCTUBRE,DISTRITO VEINTISEIS DE OCTUBRE,DISTRITO VEINTISEIS DE OCTUBRE,PIURA|PIURA|VEINTISEIS DE OCTUBRE,20,Piura,2001,Piura
200201,distrito,Ayabaca,AYABACA,DISTRITO AYABACA,DISTRITO AYABACA,PIURA|AYABACA|AYABACA,20,Piura,2002,Ayabaca
200202,distrito,Frias,FRIAS,DISTRITO FRIAS,DISTRITO FRIAS,PIURA|AYABACA|FRIAS,20,Piura,2002,Ayabaca
200203,distrito,Jilili,JILILI,DISTRITO JILILI,DISTRITO JILILI,PIURA|AYABACA|JILILI,20,Piura,2002,Ayabaca
200204,distrito,Lagunas,LAGUNAS,DISTRITO LAGUNAS,DISTRITO LAGUNAS,PIURA|AYABACA|LAGUNAS,20,Piura,2002,Ayabaca
200205,distrito,Montero,MONTERO,DISTRITO MONTERO,DISTRITO MONTERO,PIURA|AYABACA|MONTERO,20,Piura,2002,Ayabaca
200206,distrito,Pacaipampa,PACAIPAMPA,DISTRITO PACAIPAMPA,DISTRITO PACAIPAMPA,PIURA|AYABACA|PACAIPAMPA,20,Piura,2002,Ayabaca
200207,distrito,Paimas,PAIMAS,DISTRITO PAIMAS,DISTRITO PAIMAS,PIURA|AYABACA|PAIMAS,20,Piura,2002,Ayabaca
200208,distrito,Sapillica,SAPILLICA,DISTRITO SAPILLICA,DISTRITO SAPILLICA,PIURA|AYABACA|SAPILLICA,20,Piura,2002,Ayabaca
200209,distrito,Sicchez,SICCHEZ,DISTRITO SICCHEZ,DISTRITO SICCHEZ,PIURA|AYABACA|SICCHEZ,20,Piura,2002,Ayabaca
200210,distrito,Suyo,SUYO,DISTRITO SUYO,DISTRITO SUYO,PIURA|AYABACA|SUYO,20,Piura,2002,Ayabaca
200301,distrito,Huancabamba,HUANCABAMBA,DISTRITO HUANCABAMBA,DISTRITO HUANCABAMBA,PIURA|HUANCABAMBA|HUANCABAMBA,20,Piura,2003,Huancabamba
200302,distrito,Canchaque,CANCHAQUE,DISTRITO CANCHAQUE,DISTRITO CANCHAQUE,PIURA|HUANCABAMBA|CANCHAQUE,20,Piura,2003,Huancabamba
200303,distrito,El Carmen de la Frontera,EL CARMEN DE LA FRONTERA,DISTRITO EL CARMEN DE LA FRONTERA,DISTRITO EL CARMEN DE LA FRONTERA,PIURA|HUANCABAMBA|EL CARMEN DE LA FRONTERA,20,Piura,2003,Huancabamba
200304,distrito,Huarmaca,HUARMACA,DISTRITO HUARMACA,DISTRITO HUARMACA,PIURA|HUANCABAMBA|HUARMACA,20,Piura,2003,Huancabamba
200305,distrito,Lalaquiz,LALAQUIZ,DISTRITO LALAQUIZ,DISTRITO LALAQUIZ,PIURA|HUANCABAMBA|LALAQUIZ,20,Piura,2003,Huancabamba
200306,distrito,San Miguel de El Faique,SAN MIGUEL DE EL FAIQUE,DISTRITO SAN MIGUEL DE EL FAIQUE,DISTRITO SAN MIGUEL DE EL FAIQUE,PIURA|HUANCABAMBA|SAN MIGUEL DE EL FAIQUE,20,Piura,2003,Huancabamba
200307,distrito,Sondor,SONDOR,DISTRITO SONDOR,DISTRITO SONDOR,PIURA|HUANCABAMBA|SONDOR,20,Piura,2003,Huancabamba
200308,distrito,Sondorillo,SONDORILLO,DISTRITO SONDORILLO,DISTRITO SONDORILLO,PIURA|HUANCABAMBA|SONDORILLO,20,Piura,2003,Huancabamba
200401,distrito,Chulucanas,CHULUCANAS,DISTRITO CHULUCANAS,DISTRITO CHULUCANAS,PIURA|MORROPON|CHULUCANAS,20,Piura,2004,Morropón
200402,distrito,Buenos Aires,BUENOS AIRES,DISTRITO BUENOS AIRES,DISTRITO BUENOS AIRES,PIURA|MORROPON|BUENOS AIRES,20,Piura,2004,Morropón
200403,distrito,Chalaco,CHALACO,DISTRITO CHALACO,DISTRITO CHALACO,PIURA|MORROPON|CHALACO,20,Piura,2004,Morropón
200404,distrito,La Matanza,LA MATANZA,DISTRITO LA MATANZA,DISTRITO LA MATANZA,PIURA|MORROPON|LA MATANZA,20,Piura,2004,Morropón
200405,distrito,Morropon,MORROPON,DISTRITO MORROPON,DISTRITO MORROPON,PIURA|MORROPON|MORROPON,20,Piura,2004,Morropón
200406,distrito,Salitral,SALITRAL,DISTRITO SALITRAL,DISTRITO SALITRAL,PIURA|MORROPON|SALITRAL,20,Piura,2004,Morropón
200407,distrito,San Juan de Bigote,SAN JUAN DE BIGOTE,DISTRITO SAN JUAN DE BIGOTE,DISTRITO SAN JUAN DE BIGOTE,PIURA|MORROPON|SAN JUAN DE BIGOTE,20,Piura,2004,Morropón
200408,distrito,Santa Catalina de Mossa,SANTA CATALINA DE MOSSA,DISTRITO SANTA CATALINA DE MOSSA,DISTRITO SANTA CATALINA DE MOSSA,PIURA|MORROPON|SANTA CATALINA DE MOSSA,20,Piura,2004,Morropón
200409,distrito,Santo Domingo,SANTO DOMINGO,DISTRITO SANTO DOMINGO,DISTRITO SANTO DOMINGO,PIURA|MORROPON|SANTO DOMINGO,20,Piura,2004,Morropón
200410,distrito,Yamango,YAMANGO,DISTRITO YAMANGO,DISTRITO YAMANGO,PIURA|MORROPON|YAMANGO,20,Piura,2004,Morropón
200501,distrito,Paita,PAITA,DISTRITO PAITA,DISTRITO PAITA,PIURA|PAITA|PAITA,20,Piura,2005,Paita
200502,distrito,Amotape,AMOTAPE,DISTRITO AMOTAPE,DISTRITO AMOTAPE,PIURA|PAITA|AMOTAPE,20,Piura,2005,Paita
200503,distrito,Arenal,ARENAL,DISTRITO ARENAL,DISTRITO ARENAL,PIURA|PAITA|ARENAL,20,Piura,2005,Paita
200504,distrito,Colan,COLAN,DISTRITO COLAN,DISTRITO COLAN,PIURA|PAITA|COLAN,20,Piura,2005,Paita
200505,distrito,La Huaca,LA HUACA,DISTRITO LA HUACA,DISTRITO LA HUACA,PIURA|PAITA|LA HUACA,20,Piura,2005,Paita
200506,distrito,Tamarindo,TAMARINDO,DISTRITO TAMARINDO,DISTRITO TAMARINDO,PIURA|PAITA|TAMARINDO,20,Piura,2005,Paita
200507,distrito,Vichayal,VICHAYAL,DISTRITO VICHAYAL,DISTRITO VICHAYAL,PIURA|PAITA|VICHAYAL,20,Piura,2005,Paita
200601,distrito,Sullana,SULLANA,DISTRITO SULLANA,DISTRITO SULLANA,PIURA|SULLANA|SULLANA,20,Piura,2006,Sullana
200602,distrito,Bellavista,BELLAVISTA,DISTRITO BELLAVISTA,DISTRITO BELLAVISTA,PIURA|SULLANA|BELLAVISTA,20,Piura,2006,Sullana
200603,distrito,Ignacio Escudero,IGNACIO ESCUDERO,DISTRITO IGNACIO ESCUDERO,DISTRITO IGNACIO ESCUDERO,PIURA|SULLANA|IGNACIO ESCUDERO,20,Piura,2006,Sullana
200604,distrito,Lancones,LANCONES,DISTRITO LANCONES,DISTRITO LANCONES,PIURA|SULLANA|LANCONES,20,Piura,2006,Sullana
200605,distrito,Marcavelica,MARCAVELICA,DISTRITO MARCAVELICA,DISTRITO MARCAVELICA,PIURA|SULLANA|MARCAVELICA,20,Piura,2006,Sullana
200606,distrito,Miguel Checa,MIGUEL CHECA,DISTRITO MIGUEL CHECA,DISTRITO MIGUEL CHECA,PIURA|SULLANA|MIGUEL CHECA,20,Piura,2006,Sullana
200607,distrito,Querecotillo,QUERECOTILLO,DISTRITO QUERECOTILLO,DISTRITO QUERECOTILLO,PIURA|SULLANA|QUERECOTILLO,20,Piura,2006,Sullana
200608,distrito,Salitral,SALITRAL,DISTRITO SALITRAL,DISTRITO SALITRAL,PIURA|SULLANA|SALITRAL,20,Piura,2006,Sullana
200701,distrito,Pariñas,PARINAS,DISTRITO PARIÑAS,DISTRITO PARINAS,PIURA|TALARA|PARINAS,20,Piura,2007,Talara
200702,distrito,El Alto,EL ALTO,DISTRITO EL ALTO,DISTRITO EL ALTO,PIURA|TALARA|EL ALTO,20,Piura,2007,Talara
200703,distrito,La Brea,LA BREA,DISTRITO LA BREA,DISTRITO LA BREA,PIURA|TALARA|LA BREA,20,Piura,2007,Talara
200704,distrito,Lobitos,LOBITOS,DISTRITO LOBITOS,DISTRITO LOBITOS,PIURA|TALARA|LOBITOS,20,Piura,2007,Talara
200705,distrito,Los Organos,LOS ORGANOS,DISTRITO LOS ORGANOS,DISTRITO LOS ORGANOS,PIURA|TALARA|LOS ORGANOS,20,Piura,2007,Talara
200706,distrito,Mancora,MANCORA,DISTRITO MANCORA,DISTRITO MANCORA,PIURA|TALARA|MANCORA,20,Piura,2007,Talara
200801,distrito,Sechura,SECHURA,DISTRITO SECHURA,DISTRITO SECHURA,PIURA|SECHURA|SECHURA,20,Piura,2008,Sechura
200802,distrito,Bellavista de la Unión,BELLAVISTA DE LA UNION,DISTRITO BELLAVISTA DE LA UNIÓN,DISTRITO BELLAVISTA DE LA UNION,PIURA|SECHURA|BELLAVISTA DE LA UNION,20,Piura,2008,Sechura
200803,distrito,Bernal,BERNAL,DISTRITO BERNAL,DISTRITO BERNAL,PIURA|SECHURA|BERNAL,20,Piura,2008,Sechura
200804,distrito,Cristo Nos Valga,CRISTO NOS VALGA,DISTRITO CRISTO NOS VALGA,DISTRITO CRISTO NOS VALGA,PIURA|SECHURA|CRISTO NOS VALGA,20,Piura,2008,Sechura
200805,distrito,Vice,VICE,DISTRITO VICE,DISTRITO VICE,PIURA|SECHURA|VICE,20,Piura,2008,Sechura
200806,distrito,Rinconada Llicuar,RINCONADA LLICUAR,DISTRITO RINCONADA LLICUAR,DISTRITO RINCONADA LLICUAR,PIURA|SECHURA|RINCONADA LLICUAR,20,Piura,2008,Sechura
210101,distrito,Puno,PUNO,DISTRITO PUNO,DISTRITO PUNO,PUNO|PUNO|PUNO,21,Puno,2101,Puno
210102,distrito,Acora,ACORA,DISTRITO ACORA,DISTRITO ACORA,PUNO|PUNO|ACORA,21,Puno,2101,Puno
210103,distrito,Amantani,AMANTANI,DISTRITO AMANTANI,DISTRITO AMANTANI,PUNO|PUNO|AMANTANI,21,Puno,2101,Puno
210104,distrito,Atuncolla,ATUNCOLLA,DISTRITO ATUNCOLLA,DISTRITO ATUNCOLLA,PUNO|PUNO|ATUNCOLLA,21,Puno,2101,Puno
210105,distrito,Capachica,CAPACHICA,DISTRITO CAPACHICA,DISTRITO CAPACHICA,PUNO|PUNO|CAPACHICA,21,Puno,2101,Puno
210106,distrito,Chucuito,CHUCUITO,DISTRITO CHUCUITO,DISTRITO CHUCUITO,PUNO|PUNO|CHUCUITO,21,Puno,2101,Puno
210107,distrito,Coata,COATA,DISTRITO COATA,DISTRITO COATA,PUNO|PUNO|COATA,21,Puno,2101,Puno
210108,distrito,Huata,HUATA,DISTRITO HUATA,DISTRITO HUATA,PUNO|PUNO|HUATA,21,Puno,2101,Puno
210109,distrito,Mañazo,MANAZO,DISTRITO MAÑAZO,DISTRITO MANAZO,PUNO|PUNO|MANAZO,21,Puno,2101,Puno
210110,distrito,Paucarcolla,PAUCARCOLLA,DISTRITO PAUCARCOLLA,DISTRITO PAUCARCOLLA,PUNO|PUNO|PAUCARCOLLA,21,Puno,2101,Puno
210111,distrito,Pichacani,PICHACANI,DISTRITO PICHACANI,DISTRITO PICHACANI,PUNO|PUNO|PICHACANI,21,Puno,2101,Puno
210112,distrito,Plateria,PLATERIA,DISTRITO PLATERIA,DISTRITO PLATERIA,PUNO|PUNO|PLATERIA,21,Puno,2101,Puno
210113,distrito,San Antonio,SAN ANTONIO,DISTRITO SAN ANTONIO,DISTRITO SAN ANTONIO,PUNO|PUNO|SAN ANTONIO,21,Puno,2101,Puno
210114,distrito,Tiquillaca,TIQUILLACA,DISTRITO TIQUILLACA,DISTRITO TIQUILLACA,PUNO|PUNO|TIQUILLACA,21,Puno,2101,Puno
210115,distrito,Vilque,VILQUE,DISTRITO VILQUE,DISTRITO VILQUE,PUNO|PUNO|VILQUE,21,Puno,2101,Puno
210201,distrito,Azángaro,AZANGARO,DISTRITO AZÁNGARO,DISTRITO AZANGARO,PUNO|AZANGARO|AZANGARO,21,Puno,2102,Azángaro
210202,distrito,Achaya,ACHAYA,DISTRITO ACHAYA,DISTRITO ACHAYA,PUNO|AZANGARO|ACHAYA,21,Puno,2102,Azángaro
210203,distrito,Arapa,ARAPA,DISTRITO ARAPA,DISTRITO ARAPA,PUNO|AZANGARO|ARAPA,21,Puno,2102,Azángaro
210204,distrito,Asillo,ASILLO,DISTRITO ASILLO,DISTRITO ASILLO,PUNO|AZANGARO|ASILLO,21,Puno,2102,Azángaro
210205,distrito,Caminaca,CAMINACA,DISTRITO CAMINACA,DISTRITO CAMINACA,PUNO|AZANGARO|CAMINACA,21,Puno,2102,Azángaro
210206,distrito,Chupa,CHUPA,DISTRITO CHUPA,DISTRITO CHUPA,PUNO|AZANGARO|CHUPA,21,Puno,2102,Azángaro
210207,distrito,José Domingo Choquehuanca,JOSE DOMINGO CHOQUEHUANCA,DISTRITO JOSÉ DOMINGO CHOQUEHUANCA,DISTRITO JOSE DOMINGO CHOQUEHUANCA,PUNO|AZANGARO|JOSE DOMINGO CHOQUEHUANCA,21,Puno,2102,Azángaro
210208,distrito,Muñani,MUNANI,DISTRITO MUÑANI,DISTRITO MUNANI,PUNO|AZANGARO|MUNANI,21,Puno,2102,Azángaro
210209,distrito,Potoni,POTONI,DISTRITO POTONI,DISTRITO POTONI,PUNO|AZANGARO|POTONI,21,Puno,2102,Azángaro
210210,distrito,Saman,SAMAN,DISTRITO SAMAN,DISTRITO SAMAN,PUNO|AZANGARO|SAMAN,21,Puno,2102,Azángaro
210211,distrito,San Anton,SAN ANTON,DISTRITO SAN ANTON,DISTRITO SAN ANTON,PUNO|AZANGARO|SAN ANTON,21,Puno,2102,Azángaro
210212,distrito,San José,SAN JOSE,DISTRITO SAN JOSÉ,DISTRITO SAN JOSE,PUNO|AZANGARO|SAN JOSE,21,Puno,2102,Azángaro
210213,distrito,San Juan de Salinas,SAN JUAN DE SALINAS,DISTRITO SAN JUAN DE SALINAS,DISTRITO SAN JUAN DE SALINAS,PUNO|AZANGARO|SAN JUAN DE SALINAS,21,Puno,2102,Azángaro
210214,distrito,Santiago de Pupuja,SANTIAGO DE PUPUJA,DISTRITO SANTIAGO DE PUPUJA,DISTRITO SANTIAGO DE PUPUJA,PUNO|AZANGARO|SANTIAGO DE PUPUJA,21,Puno,2102,Azángaro
210215,distrito,Tirapata,TIRAPATA,DISTRITO TIRAPATA,DISTRITO TIRAPATA,PUNO|AZANGARO|TIRAPATA,21,Puno,2102,Azángaro
210301,distrito,Macusani,MACUSANI,DISTRITO MACUSANI,DISTRITO MACUSANI,PUNO|CARABAYA|MACUSANI,21,Puno,2103,Carabaya
210302,distrito,Ajoyani,AJOYANI,DISTRITO AJOYANI,DISTRITO AJOYANI,PUNO|CARABAYA|AJOYANI,21,Puno,2103,Carabaya
210303,distrito,Ayapata,AYAPATA,DISTRITO AYAPATA,DISTRITO AYAPATA,PUNO|CARABAYA|AYAPATA,21,Puno,2103,Carabaya
210304,distrito,Coasa,COASA,DISTRITO COASA,DISTRITO COASA,PUNO|CARABAYA|COASA,21,Puno,2103,Carabaya
210305,distrito,Corani,CORANI,DISTRITO CORANI,DISTRITO CORANI,PUNO|CARABAYA|CORANI,21,Puno,2103,Carabaya
210306,distrito,Crucero,CRUCERO,DISTRITO CRUCERO,DISTRITO CRUCERO,PUNO|CARABAYA|CRUCERO,21,Puno,2103,Carabaya
210307,distrito,Ituata,ITUATA,DISTRITO ITUATA,DISTRITO ITUATA,PUNO|CARABAYA|ITUATA,21,Puno,2103,Carabaya
210308,distrito,Ollachea,OLLACHEA,DISTRITO OLLACHEA,DISTRITO OLLACHEA,PUNO|CARABAYA|OLLACHEA,21,Puno,2103,Carabaya
210309,distrito,San Gaban,SAN GABAN,DISTRITO SAN GABAN,DISTRITO SAN GABAN,PUNO|CARABAYA|SAN GABAN,21,Puno,2103,Carabaya
210310,distrito,Usicayos,USICAYOS,DISTRITO USICAYOS,DISTRITO USICAYOS,PUNO|CARABAYA|USICAYOS,21,Puno,2103,Carabaya
210401,distrito,Juli,JULI,DISTRITO JULI,DISTRITO JULI,PUNO|CHUCUITO|JULI,21,Puno,2104,Chucuito
210402,distrito,Desaguadero,DESAGUADERO,DISTRITO DESAGUADERO,DISTRITO DESAGUADERO,PUNO|CHUCUITO|DESAGUADERO,21,Puno,2104,Chucuito
210403,distrito,Huacullani,HUACULLANI,DISTRITO HUACULLANI,DISTRITO HUACULLANI,PUNO|CHUCUITO|HUACULLANI,21,Puno,2104,Chucuito
210404,distrito,Kelluyo,KELLUYO,DISTRITO KELLUYO,DISTRITO KELLUYO,PUNO|CHUCUITO|KELLUYO,21,Puno,2104,Chucuito
210405,distrito,Pisacoma,PISACOMA,DISTRITO PISACOMA,DISTRITO PISACOMA,PUNO|CHUCUITO|PISACOMA,21,Puno,2104,Chucuito
210406,distrito,Pomata,POMATA,DISTRITO POMATA,DISTRITO POMATA,PUNO|CHUCUITO|POMATA,21,Puno,2104,Chucuito
210407,distrito,Zepita,ZEPITA,DISTRITO ZEPITA,DISTRITO ZEPITA,PUNO|CHUCUITO|ZEPITA,21,Puno,2104,Chucuito
210501,distrito,Ilave,ILAVE,DISTRITO ILAVE,DISTRITO ILAVE,PUNO|EL COLLAO|ILAVE,21,Puno,2105,El Collao
210502,distrito,Capazo,CAPAZO,DISTRITO CAPAZO,DISTRITO CAPAZO,PUNO|EL COLLAO|CAPAZO,21,Puno,2105,El Collao
210503,distrito,Pilcuyo,PILCUYO,DISTRITO PILCUYO,DISTRITO PILCUYO,PUNO|EL COLLAO|PILCUYO,21,Puno,2105,El Collao
210504,distrito,Santa Rosa,SANTA ROSA,DISTRITO SANTA ROSA,DISTRITO SANTA ROSA,PUNO|EL COLLAO|SANTA ROSA,21,Puno,2105,El Collao
210505,distrito,Conduriri,CONDURIRI,DISTRITO CONDURIRI,DISTRITO CONDURIRI,PUNO|EL COLLAO|CONDURIRI,21,Puno,2105,El Collao
210601,distrito,Huancane,HUANCANE,DISTRITO HUANCANE,DISTRITO HUANCANE,PUNO|HUANCANE|HUANCANE,21,Puno,2106,Huancané
210602,distrito,Cojata,COJATA,DISTRITO COJATA,DISTRITO COJATA,PUNO|HUANCANE|COJATA,21,Puno,2106,Huancané
210603,distrito,Huatasani,HUATASANI,DISTRITO HUATASANI,DISTRITO HUATASANI,PUNO|HUANCANE|HUATASANI,21,Puno,2106,Huancané
210604,distrito,Inchupalla,INCHUPALLA,DISTRITO INCHUPALLA,DISTRITO INCHUPALLA,PUNO|HUANCANE|INCHUPALLA,21,Puno,2106,Huancané
210605,distrito,Pusi,PUSI,DISTRITO PUSI,DISTRITO PUSI,PUNO|HUANCANE|PUSI,21,Puno,2106,Huancané
210606,distrito,Rosaspata,ROSASPATA,DISTRITO ROSASPATA,DISTRITO ROSASPATA,PUNO|HUANCANE|ROSASPATA,21,Puno,2106,Huancané
210607,distrito,Taraco,TARACO,DISTRITO TARACO,DISTRITO TARACO,PUNO|HUANCANE|TARACO,21,Puno,2106,Huancané
210608,distrito,Vilque Chico,VILQUE CHICO,DISTRITO VILQUE CHICO,DISTRITO VILQUE CHICO,PUNO|HUANCANE|VILQUE CHICO,21,Puno,2106,Huancané
210701,distrito,Lampa,LAMPA,DISTRITO LAMPA,DISTRITO LAMPA,PUNO|LAMPA|LAMPA,21,Puno,2107,Lampa
210702,distrito,Cabanilla,CABANILLA,DISTRITO CABANILLA,DISTRITO CABANILLA,PUNO|LAMPA|CABANILLA,21,Puno,2107,Lampa
210703,distrito,Calapuja,CALAPUJA,DISTRITO CALAPUJA,DISTRITO CALAPUJA,PUNO|LAMPA|CALAPUJA,21,Puno,2107,Lampa
210704,distrito,Nicasio,NICASIO,DISTRITO NICASIO,DISTRITO NICASIO,PUNO|LAMPA|NICASIO,21,Puno,2107,Lampa
210705,distrito,Ocuviri,OCUVIRI,DISTRITO OCUVIRI,DISTRITO OCUVIRI,PUNO|LAMPA|OCUVIRI,21,Puno,2107,Lampa
210706,distrito,Palca,PALCA,DISTRITO PALCA,DISTRITO PALCA,PUNO|LAMPA|PALCA,21,Puno,2107,Lampa
210707,distrito,Paratia,PARATIA,DISTRITO PARATIA,DISTRITO PARATIA,PUNO|LAMPA|PARATIA,21,Puno,2107,Lampa
210708,distrito,Pucara,PUCARA,DISTRITO PUCARA,DISTRITO PUCARA,PUNO|LAMPA|PUCARA,21,Puno,2107,Lampa
210709,distrito,Santa Lucia,SANTA LUCIA,DISTRITO SANTA LUCIA,DISTRITO SANTA LUCIA,PUNO|LAMPA|SANTA LUCIA,21,Puno,2107,Lampa
210710,distrito,Vilavila,VILAVILA,DISTRITO VILAVILA,DISTRITO VILAVILA,PUNO|LAMPA|VILAVILA,21,Puno,2107,Lampa
210801,distrito,Ayaviri,AYAVIRI,DISTRITO AYAVIRI,DISTRITO AYAVIRI,PUNO|MELGAR|AYAVIRI,21,Puno,2108,Melgar
210802,distrito,Antauta,ANTAUTA,DISTRITO ANTAUTA,DISTRITO ANTAUTA,PUNO|MELGAR|ANTAUTA,21,Puno,2108,Melgar
210803,distrito,Cupi,CUPI,DISTRITO CUPI,DISTRITO CUPI,PUNO|MELGAR|CUPI,21,Puno,2108,Melgar
210804,distrito,Llalli,LLALLI,DISTRITO LLALLI,DISTRITO LLALLI,PUNO|MELGAR|LLALLI,21,Puno,2108,Melgar
210805,distrito,Macari,MACARI,DISTRITO MACARI,DISTRITO MACARI,PUNO|MELGAR|MACARI,21,Puno,2108,Melgar
210806,distrito,Nuñoa,NUNOA,DISTRITO NUÑOA,DISTRITO NUNOA,PUNO|MELGAR|NUNOA,21,Puno,2108,Melgar
210807,distrito,Orurillo,ORURILLO,DISTRITO ORURILLO,DISTRITO ORURILLO,PUNO|MELGAR|ORURILLO,21,Puno,2108,Melgar
210808,distrito,Santa Rosa,SANTA ROSA,DISTRITO SANTA ROSA,DISTRITO SANTA ROSA,PUNO|MELGAR|SANTA ROSA,21,Puno,2108,Melgar
210809,distrito,Umachiri,UMACHIRI,DISTRITO UMACHIRI,DISTRITO UMACHIRI,PUNO|MELGAR|UMACHIRI,21,Puno,2108,Melgar
210901,distrito,Moho,MOHO,DISTRITO MOHO,DISTRITO MOHO,PUNO|MOHO|MOHO,21,Puno,2109,Moho
210902,distrito,Conima,CONIMA,DISTRITO CONIMA,DISTRITO CONIMA,PUNO|MOHO|CONIMA,21,Puno,2109,Moho
210903,distrito,Huayrapata,HUAYRAPATA,DISTRITO HUAYRAPATA,DISTRITO HUAYRAPATA,PUNO|MOHO|HUAYRAPATA,21,Puno,2109,Moho
210904,distrito,Tilali,TILALI,DISTRITO TILALI,DISTRITO TILALI,PUNO|MOHO|TILALI,21,Puno,2109,Moho
211001,distrito,Putina,PUTINA,DISTRITO PUTINA,DISTRITO PUTINA,PUNO|SAN ANTONIO DE PUTINA|PUTINA,21,Puno,2110,San Antonio de Putina
211002,distrito,Ananea,ANANEA,DISTRITO ANANEA,DISTRITO ANANEA,PUNO|SAN ANTONIO DE PUTINA|ANANEA,21,Puno,2110,San Antonio de Putina
211003,distrito,Pedro Vilca Apaza,PEDRO VILCA APAZA,DISTRITO PEDRO VILCA APAZA,DISTRITO PEDRO VILCA APAZA,PUNO|SAN ANTONIO DE PUTINA|PEDRO VILCA APAZA,21,Puno,2110,San Antonio de Putina
211004,distrito,Quilcapuncu,QUILCAPUNCU,DISTRITO QUILCAPUNCU,DISTRITO QUILCAPUNCU,PUNO|SAN ANTONIO DE PUTINA|QUILCAPUNCU,21,Puno,2110,San Antonio de Putina
211005,distrito,Sina,SINA,DISTRITO SINA,DISTRITO SINA,PUNO|SAN ANTONIO DE PUTINA|SINA,21,Puno,2110,San Antonio de Putina
211101,distrito,Juliaca,JULIACA,DISTRITO JULIACA,DISTRITO JULIACA,PUNO|SAN ROMAN|JULIACA,21,Puno,2111,San Román
211102,distrito,Cabana,CABANA,DISTRITO CABANA,DISTRITO CABANA,PUNO|SAN ROMAN|CABANA,21,Puno,2111,San Román
211103,distrito,Cabanillas,CABANILLAS,DISTRITO CABANILLAS,DISTRITO CABANILLAS,PUNO|SAN ROMAN|CABANILLAS,21,Puno,2111,San Román
211104,distrito,Caracoto,CARACOTO,DISTRITO CARACOTO,DISTRITO CARACOTO,PUNO|SAN ROMAN|CARACOTO,21,Puno,2111,San Román
211105,distrito,San Miguel,SAN MIGUEL,DISTRITO SAN MIGUEL,DISTRITO SAN MIGUEL,PUNO|SAN ROMAN|SAN MIGUEL,21,Puno,2111,San Román
211201,distrito,Sandia,SANDIA,DISTRITO SANDIA,DISTRITO SANDIA,PUNO|SANDIA|SANDIA,21,Puno,2112,Sandia
211202,distrito,Cuyocuyo,CUYOCUYO,DISTRITO CUYOCUYO,DISTRITO CUYOCUYO,PUNO|SANDIA|CUYOCUYO,21,Puno,2112,Sandia
211203,distrito,Limbani,LIMBANI,DISTRITO LIMBANI,DISTRITO LIMBANI,PUNO|SANDIA|LIMBANI,21,Puno,2112,Sandia
211204,distrito,Patambuco,PATAMBUCO,DISTRITO PATAMBUCO,DISTRITO PATAMBUCO,PUNO|SANDIA|PATAMBUCO,21,Puno,2112,Sandia
211205,distrito,Phara,PHARA,DISTRITO PHARA,DISTRITO PHARA,PUNO|SANDIA|PHARA,21,Puno,2112,Sandia
211206,distrito,Quiaca,QUIACA,DISTRITO QUIACA,DISTRITO QUIACA,PUNO|SANDIA|QUIACA,21,Puno,2112,Sandia
211207,distrito,San Juan del Oro,SAN JUAN DEL ORO,DISTRITO SAN JUAN DEL ORO,DISTRITO SAN JUAN DEL ORO,PUNO|SANDIA|SAN JUAN DEL ORO,21,Puno,2112,Sandia
211208,distrito,Yanahuaya,YANAHUAYA,DISTRITO YANAHUAYA,DISTRITO YANAHUAYA,PUNO|SANDIA|YANAHUAYA,21,Puno,2112,Sandia
211209,distrito,Alto Inambari,ALTO INAMBARI,DISTRITO ALTO INAMBARI,DISTRITO ALTO INAMBARI,PUNO|SANDIA|ALTO INAMBARI,21,Puno,2112,Sandia
211210,distrito,San Pedro de Putina Punco,SAN PEDRO DE PUTINA PUNCO,DISTRITO SAN PEDRO DE PUTINA PUNCO,DISTRITO SAN PEDRO DE PUTINA PUNCO,PUNO|SANDIA|SAN PEDRO DE PUTINA PUNCO,21,Puno,2112,Sandia
211301,distrito,Yunguyo,YUNGUYO,DISTRITO YUNGUYO,DISTRITO YUNGUYO,PUNO|YUNGUYO|YUNGUYO,21,Puno,2113,Yunguyo
211302,distrito,Anapia,ANAPIA,DISTRITO ANAPIA,DISTRITO ANAPIA,PUNO|YUNGUYO|ANAPIA,21,Puno,2113,Yunguyo
211303,distrito,Copani,COPANI,DISTRITO COPANI,DISTRITO COPANI,PUNO|YUNGUYO|COPANI,21,Puno,2113,Yunguyo
211304,distrito,Cuturapi,CUTURAPI,DISTRITO CUTURAPI,DISTRITO CUTURAPI,PUNO|YUNGUYO|CUTURAPI,21,Puno,2113,Yunguyo
211305,distrito,Ollaraya,OLLARAYA,DISTRITO OLLARAYA,DISTRITO OLLARAYA,PUNO|YUNGUYO|OLLARAYA,21,Puno,2113,Yunguyo
211306,distrito,Tinicachi,TINICACHI,DISTRITO TINICACHI,DISTRITO TINICACHI,PUNO|YUNGUYO|TINICACHI,21,Puno,2113,Yunguyo
211307,distrito,Unicachi,UNICACHI,DISTRITO UNICACHI,DISTRITO UNICACHI,PUNO|YUNGUYO|UNICACHI,21,Puno,2113,Yunguyo
220101,distrito,Moyobamba,MOYOBAMBA,DISTRITO MOYOBAMBA,DISTRITO MOYOBAMBA,SAN MARTIN|MOYOBAMBA|MOYOBAMBA,22,San Martín,2201,Moyobamba
220102,distrito,Calzada,CALZADA,DISTRITO CALZADA,DISTRITO CALZADA,SAN MARTIN|MOYOBAMBA|CALZADA,22,San Martín,2201,Moyobamba
220103,distrito,Habana,HABANA,DISTRITO HABANA,DISTRITO HABANA,SAN MARTIN|MOYOBAMBA|HABANA,22,San Martín,2201,Moyobamba
220104,distrito,Jepelacio,JEPELACIO,DISTRITO JEPELACIO,DISTRITO JEPELACIO,SAN MARTIN|MOYOBAMBA|JEPELACIO,22,San Martín,2201,Moyobamba
220105,distrito,Soritor,SORITOR,DISTRITO SORITOR,DISTRITO SORITOR,SAN MARTIN|MOYOBAMBA|SORITOR,22,San Martín,2201,Moyobamba
220106,distrito,Yantalo,YANTALO,DISTRITO YANTALO,DISTRITO YANTALO,SAN MARTIN|MOYOBAMBA|YANTALO,22,San Martín,2201,Moyobamba
220201,distrito,Bellavista,BELLAVISTA,DISTRITO BELLAVISTA,DISTRITO BELLAVISTA,SAN MARTIN|BELLAVISTA|BELLAVISTA,22,San Martín,2202,Bellavista
220202,distrito,Alto Biavo,ALTO BIAVO,DISTRITO ALTO BIAVO,DISTRITO ALTO BIAVO,SAN MARTIN|BELLAVISTA|ALTO BIAVO,22,San Martín,2202,Bellavista
220203,distrito,Bajo Biavo,BAJO BIAVO,DISTRITO BAJO BIAVO,DISTRITO BAJO BIAVO,SAN MARTIN|BELLAVISTA|BAJO BIAVO,22,San Martín,2202,Bellavista
220204,distrito,Huallaga,HUALLAGA,DISTRITO HUALLAGA,DISTRITO HUALLAGA,SAN MARTIN|BELLAVISTA|HUALLAGA,22,San Martín,2202,Bellavista
220205,distrito,San Pablo,SAN PABLO,DISTRITO SAN PABLO,DISTRITO SAN PABLO,SAN MARTIN|BELLAVISTA|SAN PABLO,22,San Martín,2202,Bellavista
220206,distrito,San Rafael,SAN RAFAEL,DISTRITO SAN RAFAEL,DISTRITO SAN RAFAEL,SAN MARTIN|BELLAVISTA|SAN RAFAEL,22,San Martín,2202,Bellavista
220301,distrito,San José de Sisa,SAN JOSE DE SISA,DISTRITO SAN JOSÉ DE SISA,DISTRITO SAN JOSE DE SISA,SAN MARTIN|EL DORADO|SAN JOSE DE SISA,22,San Martín,2203,El Dorado
220302,distrito,Agua Blanca,AGUA BLANCA,DISTRITO AGUA BLANCA,DISTRITO AGUA BLANCA,SAN MARTIN|EL DORADO|AGUA BLANCA,22,San Martín,2203,El Dorado
220303,distrito,San Martín,SAN MARTIN,DISTRITO SAN MARTÍN,DISTRITO SAN MARTIN,SAN MARTIN|EL DORADO|SAN MARTIN,22,San Martín,2203,El Dorado
220304,distrito,Santa Rosa,SANTA ROSA,DISTRITO SANTA ROSA,DISTRITO SANTA ROSA,SAN MARTIN|EL DORADO|SANTA ROSA,22,San Martín,2203,El Dorado
220305,distrito,Shatoja,SHATOJA,DISTRITO SHATOJA,DISTRITO SHATOJA,SAN MARTIN|EL DORADO|SHATOJA,22,San Martín,2203,El Dorado
220401,distrito,Saposoa,SAPOSOA,DISTRITO SAPOSOA,DISTRITO SAPOSOA,SAN MARTIN|HUALLAGA|SAPOSOA,22,San Martín,2204,Huallaga
220402,distrito,Alto Saposoa,ALTO SAPOSOA,DISTRITO ALTO SAPOSOA,DISTRITO ALTO SAPOSOA,SAN MARTIN|HUALLAGA|ALTO SAPOSOA,22,San Martín,2204,Huallaga
220403,distrito,El Eslabón,EL ESLABON,DISTRITO EL ESLABÓN,DISTRITO EL ESLABON,SAN MARTIN|HUALLAGA|EL ESLABON,22,San Martín,2204,Huallaga
220404,distrito,Piscoyacu,PISCOYACU,DISTRITO PISCOYACU,DISTRITO PISCOYACU,SAN MARTIN|HUALLAGA|PISCOYACU,22,San Martín,2204,Huallaga
220405,distrito,Sacanche,SACANCHE,DISTRITO SACANCHE,DISTRITO SACANCHE,SAN MARTIN|HUALLAGA|SACANCHE,22,San Martín,2204,Huallaga
220406,distrito,Tingo de Saposoa,TINGO DE SAPOSOA,DISTRITO TINGO DE SAPOSOA,DISTRITO TINGO DE SAPOSOA,SAN MARTIN|HUALLAGA|TINGO DE SAPOSOA,22,San Martín,2204,Huallaga
220501,distrito,Lamas,LAMAS,DISTRITO LAMAS,DISTRITO LAMAS,SAN MARTIN|LAMAS|LAMAS,22,San Martín,2205,Lamas
220502,distrito,Alonso de Alvarado,ALONSO DE ALVARADO,DISTRITO ALONSO DE ALVARADO,DISTRITO ALONSO DE ALVARADO,SAN MARTIN|LAMAS|ALONSO DE ALVARADO,22,San Martín,2205,Lamas
220503,distrito,Barranquita,BARRANQUITA,DISTRITO BARRANQUITA,DISTRITO BARRANQUITA,SAN MARTIN|LAMAS|BARRANQUITA,22,San Martín,2205,Lamas
220504,distrito,Caynarachi,CAYNARACHI,DISTRITO CAYNARACHI,DISTRITO CAYNARACHI,SAN MARTIN|LAMAS|CAYNARACHI,22,San Martín,2205,Lamas
220505,distrito,Cuñumbuqui,CUNUMBUQUI,DISTRITO CUÑUMBUQUI,DISTRITO CUNUMBUQUI,SAN MARTIN|LAMAS|CUNUMBUQUI,22,San Martín,2205,Lamas
220506,distrito,Pinto Recodo,PINTO RECODO,DISTRITO PINTO RECODO,DISTRITO PINTO RECODO,SAN MARTIN|LAMAS|PINTO RECODO,22,San Martín,2205,Lamas
220507,distrito,Rumisapa,RUMISAPA,DISTRITO RUMISAPA,DISTRITO RUMISAPA,SAN MARTIN|LAMAS|RUMISAPA,22,San Martín,2205,Lamas
220508,distrito,San Roque de Cumbaza,SAN ROQUE DE CUMBAZA,DISTRITO SAN ROQUE DE CUMBAZA,DISTRITO SAN ROQUE DE CUMBAZA,SAN MARTIN|LAMAS|SAN ROQUE DE CUMBAZA,22,San Martín,2205,Lamas
220509,distrito,Shanao,SHANAO,DISTRITO SHANAO,DISTRITO SHANAO,SAN MARTIN|LAMAS|SHANAO,22,San Martín,2205,Lamas
220510,distrito,Tabalosos,TABALOSOS,DISTRITO TABALOSOS,DISTRITO TABALOSOS,SAN MARTIN|LAMAS|TABALOSOS,22,San Martín,2205,Lamas
220511,distrito,Zapatero,ZAPATERO,DISTRITO ZAPATERO,DISTRITO ZAPATERO,SAN MARTIN|LAMAS|ZAPATERO,22,San Martín,2205,Lamas
220601,distrito,Juanjuí,JUANJUI,DISTRITO JUANJUÍ,DISTRITO JUANJUI,SAN MARTIN|MARISCAL CACERES|JUANJUI,22,San Martín,2206,Mariscal Cáceres
220602,distrito,Campanilla,CAMPANILLA,DISTRITO CAMPANILLA,DISTRITO CAMPANILLA,SAN MARTIN|MARISCAL CACERES|CAMPANILLA,22,San Martín,2206,Mariscal Cáceres
220603,distrito,Huicungo,HUICUNGO,DISTRITO HUICUNGO,DISTRITO HUICUNGO,SAN MARTIN|MARISCAL CACERES|HUICUNGO,22,San Martín,2206,Mariscal Cáceres
220604,distrito,Pachiza,PACHIZA,DISTRITO PACHIZA,DISTRITO PACHIZA,SAN MARTIN|MARISCAL CACERES|PACHIZA,22,San Martín,2206,Mariscal Cáceres
220605,distrito,Pajarillo,PAJARILLO,DISTRITO PAJARILLO,DISTRITO PAJARILLO,SAN MARTIN|MARISCAL CACERES|PAJARILLO,22,San Martín,2206,Mariscal Cáceres
220701,distrito,Picota,PICOTA,DISTRITO PICOTA,DISTRITO PICOTA,SAN MARTIN|PICOTA|PICOTA,22,San Martín,2207,Picota
220702,distrito,Buenos Aires,BUENOS AIRES,DISTRITO BUENOS AIRES,DISTRITO BUENOS AIRES,SAN MARTIN|PICOTA|BUENOS AIRES,22,San Martín,2207,Picota
220703,distrito,Caspisapa,CASPISAPA,DISTRITO CASPISAPA,DISTRITO CASPISAPA,SAN MARTIN|PICOTA|CASPISAPA,22,San Martín,2207,Picota
220704,distrito,Pilluana,PILLUANA,DISTRITO PILLUANA,DISTRITO PILLUANA,SAN MARTIN|PICOTA|PILLUANA,22,San Martín,2207,Picota
220705,distrito,Pucacaca,PUCACACA,DISTRITO PUCACACA,DISTRITO PUCACACA,SAN MARTIN|PICOTA|PUCACACA,22,San Martín,2207,Picota
220706,distrito,San Cristóbal,SAN CRISTOBAL,DISTRITO SAN CRISTÓBAL,DISTRITO SAN CRISTOBAL,SAN MARTIN|PICOTA|SAN CRISTOBAL,22,San Martín,2207,Picota
220707,distrito,San Hilarión,SAN HILARION,DISTRITO SAN HILARIÓN,DISTRITO SAN HILARION,SAN MARTIN|PICOTA|SAN HILARION,22,San Martín,2207,Picota
220708,distrito,Shamboyacu,SHAMBOYACU,DISTRITO SHAMBOYACU,DISTRITO SHAMBOYACU,SAN MARTIN|PICOTA|SHAMBOYACU,22,San Martín,2207,Picota
220709,distrito,Tingo de Ponasa,TINGO DE PONASA,DISTRITO TINGO DE PONASA,DISTRITO TINGO DE PONASA,SAN MARTIN|PICOTA|TINGO DE PONASA,22,San Martín,2207,Picota
220710,distrito,Tres Unidos,TRES UNIDOS,DISTRITO TRES UNIDOS,DISTRITO TRES UNIDOS,SAN MARTIN|PICOTA|TRES UNIDOS,22,San Martín,2207,Picota
220801,distrito,Rioja,RIOJA,DISTRITO RIOJA,DISTRITO RIOJA,SAN MARTIN|RIOJA|RIOJA,22,San Martín,2208,Rioja
220802,distrito,Awajun,AWAJUN,DISTRITO AWAJUN,DISTRITO AWAJUN,SAN MARTIN|RIOJA|AWAJUN,22,San Martín,2208,Rioja
220803,distrito,Elías Soplin Vargas,ELIAS SOPLIN VARGAS,DISTRITO ELÍAS SOPLIN VARGAS,DISTRITO ELIAS SOPLIN VARGAS,SAN MARTIN|RIOJA|ELIAS SOPLIN VARGAS,22,San Martín,2208,Rioja
220804,distrito,Nueva Cajamarca,NUEVA CAJAMARCA,DISTRITO NUEVA CAJAMARCA,DISTRITO NUEVA CAJAMARCA,SAN MARTIN|RIOJA|NUEVA CAJAMARCA,22,San Martín,2208,Rioja
220805,distrito,Pardo Miguel,PARDO MIGUEL,DISTRITO PARDO MIGUEL,DISTRITO PARDO MIGUEL,SAN MARTIN|RIOJA|PARDO MIGUEL,22,San Martín,2208,Rioja
220806,distrito,Posic,POSIC,DISTRITO POSIC,DISTRITO POSIC,SAN MARTIN|RIOJA|POSIC,22,San Martín,2208,Rioja
220807,distrito,San Fernando,SAN FERNANDO,DISTRITO SAN FERNANDO,DISTRITO SAN FERNANDO,SAN MARTIN|RIOJA|SAN FERNANDO,22,San Martín,2208,Rioja
220808,distrito,Yorongos,YORONGOS,DISTRITO YORONGOS,DISTRITO YORONGOS,SAN MARTIN|RIOJA|YORONGOS,22,San Martín,2208,Rioja
220809,distrito,Yuracyacu,YURACYACU,DISTRITO YURACYACU,DISTRITO YURACYACU,SAN MARTIN|RIOJA|YURACYACU,22,San Martín,2208,Rioja
220901,distrito,Tarapoto,TARAPOTO,DISTRITO TARAPOTO,DISTRITO TARAPOTO,SAN MARTIN|SAN MARTIN|TARAPOTO,22,San Martín,2209,San Martín
220902,distrito,Alberto Leveau,ALBERTO LEVEAU,DISTRITO ALBERTO LEVEAU,DISTRITO ALBERTO LEVEAU,SAN MARTIN|SAN MARTIN|ALBERTO LEVEAU,22,San Martín,2209,San Martín
220903,distrito,Cacatachi,CACATACHI,DISTRITO CACATACHI,DISTRITO CACATACHI,SAN MARTIN|SAN MARTIN|CACATACHI,22,San Martín,2209,San Martín
220904,distrito,Chazuta,CHAZUTA,DISTRITO CHAZUTA,DISTRITO CHAZUTA,SAN MARTIN|SAN MARTIN|CHAZUTA,22,San Martín,2209,San Martín
220905,distrito,Chipurana,CHIPURANA,DISTRITO CHIPURANA,DISTRITO CHIPURANA,SAN MARTIN|SAN MARTIN|CHIPURANA,22,San Martín,2209,San Martín
220906,distrito,El Porvenir,EL PORVENIR,DISTRITO EL PORVENIR,DISTRITO EL PORVENIR,SAN MARTIN|SAN MARTIN|EL PORVENIR,22,San Martín,2209,San Martín
220907,distrito,Huimbayoc,HUIMBAYOC,DISTRITO HUIMBAYOC,DISTRITO HUIMBAYOC,SAN MARTIN|SAN MARTIN|HUIMBAYOC,22,San Martín,2209,San Martín
220908,distrito,Juan Guerra,JUAN GUERRA,DISTRITO JUAN GUERRA,DISTRITO JUAN GUERRA,SAN MARTIN|SAN MARTIN|JUAN GUERRA,22,San Martín,2209,San Martín
220909,distrito,La Banda de Shilcayo,LA BANDA DE SHILCAYO,DISTRITO LA BANDA DE SHILCAYO,DISTRITO LA BANDA DE SHILCAYO,SAN MARTIN|SAN MARTIN|LA BANDA DE SHILCAYO,22,San Martín,2209,San Martín
220910,distrito,Morales,MORALES,DISTRITO MORALES,DISTRITO MORALES,SAN MARTIN|SAN MARTIN|MORALES,22,San Martín,2209,San Martín
220911,distrito,Papaplaya,PAPAPLAYA,DISTRITO PAPAPLAYA,DISTRITO PAPAPLAYA,SAN MARTIN|SAN MARTIN|PAPAPLAYA,22,San Martín,2209,San Martín
220912,distrito,San Antonio,SAN ANTONIO,DISTRITO SAN ANTONIO,DISTRITO SAN ANTONIO,SAN MARTIN|SAN MARTIN|SAN ANTONIO,22,San Martín,2209,San Martín
220913,distrito,Sauce,SAUCE,DISTRITO SAUCE,DISTRITO SAUCE,SAN MARTIN|SAN MARTIN|SAUCE,22,San Martín,2209,San Martín
220914,distrito,Shapaja,SHAPAJA,DISTRITO SHAPAJA,DISTRITO SHAPAJA,SAN MARTIN|SAN MARTIN|SHAPAJA,22,San Martín,2209,San Martín
221001,distrito,Tocache,TOCACHE,DISTRITO TOCACHE,DISTRITO TOCACHE,SAN MARTIN|TOCACHE|TOCACHE,22,San Martín,2210,Tocache
221002,distrito,Nuevo Progreso,NUEVO PROGRESO,DISTRITO NUEVO PROGRESO,DISTRITO NUEVO PROGRESO,SAN MARTIN|TOCACHE|NUEVO PROGRESO,22,San Martín,2210,Tocache
221003,distrito,Polvora,POLVORA,DISTRITO POLVORA,DISTRITO POLVORA,SAN MARTIN|TOCACHE|POLVORA,22,San Martín,2210,Tocache
221004,distrito,Shunte,SHUNTE,DISTRITO SHUNTE,DISTRITO SHUNTE,SAN MARTIN|TOCACHE|SHUNTE,22,San Martín,2210,Tocache
221005,distrito,Uchiza,UCHIZA,DISTRITO UCHIZA,DISTRITO UCHIZA,SAN MARTIN|TOCACHE|UCHIZA,22,San Martín,2210,Tocache
221006,distrito,Santa Lucia,SANTA LUCIA,DISTRITO SANTA LUCIA,DISTRITO SANTA LUCIA,SAN MARTIN|TOCACHE|SANTA LUCIA,22,San Martín,2210,Tocache
230101,distrito,Tacna,TACNA,DISTRITO TACNA,DISTRITO TACNA,TACNA|TACNA|TACNA,23,Tacna,2301,Tacna
230102,distrito,Alto de la Alianza,ALTO DE LA ALIANZA,DISTRITO ALTO DE LA ALIANZA,DISTRITO ALTO DE LA ALIANZA,TACNA|TACNA|ALTO DE LA ALIANZA,23,Tacna,2301,Tacna
230103,distrito,Calana,CALANA,DISTRITO CALANA,DISTRITO CALANA,TACNA|TACNA|CALANA,23,Tacna,2301,Tacna
230104,distrito,Ciudad Nueva,CIUDAD NUEVA,DISTRITO CIUDAD NUEVA,DISTRITO CIUDAD NUEVA,TACNA|TACNA|CIUDAD NUEVA,23,Tacna,2301,Tacna
230105,distrito,Inclan,INCLAN,DISTRITO INCLAN,DISTRITO INCLAN,TACNA|TACNA|INCLAN,23,Tacna,2301,Tacna
230106,distrito,Pachia,PACHIA,DISTRITO PACHIA,DISTRITO PACHIA,TACNA|TACNA|PACHIA,23,Tacna,2301,Tacna
230107,distrito,Palca,PALCA,DISTRITO PALCA,DISTRITO PALCA,TACNA|TACNA|PALCA,23,Tacna,2301,Tacna
230108,distrito,Pocollay,POCOLLAY,DISTRITO POCOLLAY,DISTRITO POCOLLAY,TACNA|TACNA|POCOLLAY,23,Tacna,2301,Tacna
230109,distrito,Sama,SAMA,DISTRITO SAMA,DISTRITO SAMA,TACNA|TACNA|SAMA,23,Tacna,2301,Tacna
230110,distrito,Coronel Gregorio Albarracín Lanchipa,CORONEL GREGORIO ALBARRACIN LANCHIPA,DISTRITO CORONEL GREGORIO ALBARRACÍN LANCHIPA,DISTRITO CORONEL GREGORIO ALBARRACIN LANCHIPA,TACNA|TACNA|CORONEL GREGORIO ALBARRACIN LANCHIPA,23,Tacna,2301,Tacna
230111,distrito,La Yarada los Palos,LA YARADA LOS PALOS,DISTRITO LA YARADA LOS PALOS,DISTRITO LA YARADA LOS PALOS,TACNA|TACNA|LA YARADA LOS PALOS,23,Tacna,2301,Tacna
230201,distrito,Candarave,CANDARAVE,DISTRITO CANDARAVE,DISTRITO CANDARAVE,TACNA|CANDARAVE|CANDARAVE,23,Tacna,2302,Candarave
230202,distrito,Cairani,CAIRANI,DISTRITO CAIRANI,DISTRITO CAIRANI,TACNA|CANDARAVE|CAIRANI,23,Tacna,2302,Candarave
230203,distrito,Camilaca,CAMILACA,DISTRITO CAMILACA,DISTRITO CAMILACA,TACNA|CANDARAVE|CAMILACA,23,Tacna,2302,Candarave
230204,distrito,Curibaya,CURIBAYA,DISTRITO CURIBAYA,DISTRITO CURIBAYA,TACNA|CANDARAVE|CURIBAYA,23,Tacna,2302,Candarave
230205,distrito,Huanuara,HUANUARA,DISTRITO HUANUARA,DISTRITO HUANUARA,TACNA|CANDARAVE|HUANUARA,23,Tacna,2302,Candarave
230206,distrito,Quilahuani,QUILAHUANI,DISTRITO QUILAHUANI,DISTRITO QUILAHUANI,TACNA|CANDARAVE|QUILAHUANI,23,Tacna,2302,Candarave
230301,distrito,Locumba,LOCUMBA,DISTRITO LOCUMBA,DISTRITO LOCUMBA,TACNA|JORGE BASADRE|LOCUMBA,23,Tacna,2303,Jorge Basadre
230302,distrito,Ilabaya,ILABAYA,DISTRITO ILABAYA,DISTRITO ILABAYA,TACNA|JORGE BASADRE|ILABAYA,23,Tacna,2303,Jorge Basadre
230303,distrito,Ite,ITE,DISTRITO ITE,DISTRITO ITE,TACNA|JORGE BASADRE|ITE,23,Tacna,2303,Jorge Basadre
230401,distrito,Tarata,TARATA,DISTRITO TARATA,DISTRITO TARATA,TACNA|TARATA|TARATA,23,Tacna,2304,Tarata
230402,distrito,Héroes Albarracín,HEROES ALBARRACIN,DISTRITO HÉROES ALBARRACÍN,DISTRITO HEROES ALBARRACIN,TACNA|TARATA|HEROES ALBARRACIN,23,Tacna,2304,Tarata
230403,distrito,Estique,ESTIQUE,DISTRITO ESTIQUE,DISTRITO ESTIQUE,TACNA|TARATA|ESTIQUE,23,Tacna,2304,Tarata
230404,distrito,Estique-Pampa,ESTIQUE-PAMPA,DISTRITO ESTIQUE-PAMPA,DISTRITO ESTIQUE-PAMPA,TACNA|TARATA|ESTIQUE-PAMPA,23,Tacna,2304,Tarata
230405,distrito,Sitajara,SITAJARA,DISTRITO SITAJARA,DISTRITO SITAJARA,TACNA|TARATA|SITAJARA,23,Tacna,2304,Tarata
230406,distrito,Susapaya,SUSAPAYA,DISTRITO SUSAPAYA,DISTRITO SUSAPAYA,TACNA|TARATA|SUSAPAYA,23,Tacna,2304,Tarata
230407,distrito,Tarucachi,TARUCACHI,DISTRITO TARUCACHI,DISTRITO TARUCACHI,TACNA|TARATA|TARUCACHI,23,Tacna,2304,Tarata
230408,distrito,Ticaco,TICACO,DISTRITO TICACO,DISTRITO TICACO,TACNA|TARATA|TICACO,23,Tacna,2304,Tarata
240101,distrito,Tumbes,TUMBES,DISTRITO TUMBES,DISTRITO TUMBES,TUMBES|TUMBES|TUMBES,24,Tumbes,2401,Tumbes
240102,distrito,Corrales,CORRALES,DISTRITO CORRALES,DISTRITO CORRALES,TUMBES|TUMBES|CORRALES,24,Tumbes,2401,Tumbes
240103,distrito,La Cruz,LA CRUZ,DISTRITO LA CRUZ,DISTRITO LA CRUZ,TUMBES|TUMBES|LA CRUZ,24,Tumbes,2401,Tumbes
240104,distrito,Pampas de Hospital,PAMPAS DE HOSPITAL,DISTRITO PAMPAS DE HOSPITAL,DISTRITO PAMPAS DE HOSPITAL,TUMBES|TUMBES|PAMPAS DE HOSPITAL,24,Tumbes,2401,Tumbes
240105,distrito,San Jacinto,SAN JACINTO,DISTRITO SAN JACINTO,DISTRITO SAN JACINTO,TUMBES|TUMBES|SAN JACINTO,24,Tumbes,2401,Tumbes
240106,distrito,San Juan de la Virgen,SAN JUAN DE LA VIRGEN,DISTRITO SAN JUAN DE LA VIRGEN,DISTRITO SAN JUAN DE LA VIRGEN,TUMBES|TUMBES|SAN JUAN DE LA VIRGEN,24,Tumbes,2401,Tumbes
240201,distrito,Zorritos,ZORRITOS,DISTRITO ZORRITOS,DISTRITO ZORRITOS,TUMBES|CONTRALMIRANTE VILLAR|ZORRITOS,24,Tumbes,2402,Contralmirante Villar
240202,distrito,Casitas,CASITAS,DISTRITO CASITAS,DISTRITO CASITAS,TUMBES|CONTRALMIRANTE VILLAR|CASITAS,24,Tumbes,2402,Contralmirante Villar
240203,distrito,Canoas de Punta Sal,CANOAS DE PUNTA SAL,DISTRITO CANOAS DE PUNTA SAL,DISTRITO CANOAS DE PUNTA SAL,TUMBES|CONTRALMIRANTE VILLAR|CANOAS DE PUNTA SAL,24,Tumbes,2402,Contralmirante Villar
240301,distrito,Zarumilla,ZARUMILLA,DISTRITO ZARUMILLA,DISTRITO ZARUMILLA,TUMBES|ZARUMILLA|ZARUMILLA,24,Tumbes,2403,Zarumilla
240302,distrito,Aguas Verdes,AGUAS VERDES,DISTRITO AGUAS VERDES,DISTRITO AGUAS VERDES,TUMBES|ZARUMILLA|AGUAS VERDES,24,Tumbes,2403,Zarumilla
240303,distrito,Matapalo,MATAPALO,DISTRITO MATAPALO,DISTRITO MATAPALO,TUMBES|ZARUMILLA|MATAPALO,24,Tumbes,2403,Zarumilla
240304,distrito,Papayal,PAPAYAL,DISTRITO PAPAYAL,DISTRITO PAPAYAL,TUMBES|ZARUMILLA|PAPAYAL,24,Tumbes,2403,Zarumilla
250101,distrito,Calleria,CALLERIA,DISTRITO CALLERIA,DISTRITO CALLERIA,UCAYALI|CORONEL PORTILLO|CALLERIA,25,Ucayali,2501,Coronel Portillo
250102,distrito,Campoverde,CAMPOVERDE,DISTRITO CAMPOVERDE,DISTRITO CAMPOVERDE,UCAYALI|CORONEL PORTILLO|CAMPOVERDE,25,Ucayali,2501,Coronel Portillo
250103,distrito,Iparia,IPARIA,DISTRITO IPARIA,DISTRITO IPARIA,UCAYALI|CORONEL PORTILLO|IPARIA,25,Ucayali,2501,Coronel Portillo
250104,distrito,Masisea,MASISEA,DISTRITO MASISEA,DISTRITO MASISEA,UCAYALI|CORONEL PORTILLO|MASISEA,25,Ucayali,2501,Coronel Portillo
250105,distrito,Yarinacocha,YARINACOCHA,DISTRITO YARINACOCHA,DISTRITO YARINACOCHA,UCAYALI|CORONEL PORTILLO|YARINACOCHA,25,Ucayali,2501,Coronel Portillo
250106,distrito,Nueva Requena,NUEVA REQUENA,DISTRITO NUEVA REQUENA,DISTRITO NUEVA REQUENA,UCAYALI|CORONEL PORTILLO|NUEVA REQUENA,25,Ucayali,2501,Coronel Portillo
250107,distrito,Manantay,MANANTAY,DISTRITO MANANTAY,DISTRITO MANANTAY,UCAYALI|CORONEL PORTILLO|MANANTAY,25,Ucayali,2501,Coronel Portillo
250201,distrito,Raymondi,RAYMONDI,DISTRITO RAYMONDI,DISTRITO RAYMONDI,UCAYALI|ATALAYA|RAYMONDI,25,Ucayali,2502,Atalaya
250202,distrito,Sepahua,SEPAHUA,DISTRITO SEPAHUA,DISTRITO SEPAHUA,UCAYALI|ATALAYA|SEPAHUA,25,Ucayali,2502,Atalaya
250203,distrito,Tahuania,TAHUANIA,DISTRITO TAHUANIA,DISTRITO TAHUANIA,UCAYALI|ATALAYA|TAHUANIA,25,Ucayali,2502,Atalaya
250204,distrito,Yurua,YURUA,DISTRITO YURUA,DISTRITO YURUA,UCAYALI|ATALAYA|YURUA,25,Ucayali,2502,Atalaya
250301,distrito,Padre Abad,PADRE ABAD,DISTRITO PADRE ABAD,DISTRITO PADRE ABAD,UCAYALI|PADRE ABAD|PADRE ABAD,25,Ucayali,2503,Padre Abad
250302,distrito,Irazola,IRAZOLA,DISTRITO IRAZOLA,DISTRITO IRAZOLA,UCAYALI|PADRE ABAD|IRAZOLA,25,Ucayali,2503,Padre Abad
250303,distrito,Curimana,CURIMANA,DISTRITO CURIMANA,DISTRITO CURIMANA,UCAYALI|PADRE ABAD|CURIMANA,25,Ucayali,2503,Padre Abad
250304,distrito,Neshuya,NESHUYA,DISTRITO NESHUYA,DISTRITO NESHUYA,UCAYALI|PADRE ABAD|NESHUYA,25,Ucayali,2503,Padre Abad
250305,distrito,Alexander Von Humboldt,ALEXANDER VON HUMBOLDT,DISTRITO ALEXANDER VON HUMBOLDT,DISTRITO ALEXANDER VON HUMBOLDT,UCAYALI|PADRE ABAD|ALEXANDER VON HUMBOLDT,25,Ucayali,2503,Padre Abad
250306,distrito,Huipoca,HUIPOCA,DISTRITO HUIPOCA,DISTRITO HUIPOCA,UCAYALI|PADRE ABAD|HUIPOCA,25,Ucayali,2503,Padre Abad
250307,distrito,Boqueron,BOQUERON,DISTRITO BOQUERON,DISTRITO BOQUERON,UCAYALI|PADRE ABAD|BOQUERON,25,Ucayali,2503,Padre Abad
250401,distrito,Purus,PURUS,DISTRITO PURUS,DISTRITO PURUS,UCAYALI|PURUS|PURUS,25,Ucayali,2504,Purús
