ubigeo,nivel,nombre,clave_censo,total,hombre,mujer
01,departamento,AMAZONAS,AMAZONAS,467688.0,234677.0,233011.0
02,departamento,ANCASH,ANCASH,1205923.0,593989.0,611934.0
03,departamento,APURIMAC,APURIMAC,467513.0,229404.0,238109.0
04,departamento,AREQUIPA,AREQUIPA,1814554.0,905335.0,909219.0
05,departamento,AYACUCHO,AYACUCHO,709026.0,350154.0,358872.0
06,departamento,CAJAMARCA,CAJAMARCA,1490732.0,729627.0,761105.0
07,departamento,,,1093495.0,537606.0,555889.0
08,departamento,CUSCO,CUSCO,1379167.0,681322.0,697845.0
09,departamento,HUANCAVELICA,HUANCAVELICA,372158.0,182430.0,189728.0
10,departamento,HUANUCO,HUANUCO,807393.0,398921.0,408472.0
11,departamento,ICA,ICA,1033084.0,513760.0,519324.0
12,departamento,JUNIN,JUNIN,1422780.0,698853.0,723927.0
13,departamento,LA LIBERTAD,LA LIBERTAD,2056445.0,1010716.0,1045729.0
14,departamento,LAMBAYEQUE,LAMBAYEQUE,1404643.0,684913.0,719730.0
15,departamento,,,11157400.0,5478393.0,5679007.0
16,departamento,LORETO,LORETO,1032771.0,519330.0,513441.0
17,departamento,MADRE DE DIOS,MADRE DE DIOS,208667.0,107850.0,100817.0
18,departamento,MOQUEGUA,MOQUEGUA,194828.0,97592.0,97236.0
19,departamento,PASCO,PASCO,253549.0,126132.0,127417.0
20,departamento,PIURA,PIURA,2115215.0,1050000.0,1065215.0
21,departamento,PUNO,PUNO,1232993.0,606762.0,626231.0
22,departamento,SAN MARTIN,SAN MARTIN,967923.0,490040.0,477883.0
23,departamento,TACNA,TACNA,389226.0,192445.0,196781.0
24,departamento,TUMBES,TUMBES,256691.0,129181.0,127510.0
25,departamento,UCAYALI,UCAYALI,623868.0,316226.0,307642.0
0101,provincia,CHACHAPOYAS,AMAZONAS|CHACHAPOYAS,65527.0,32258.0,33269.0
0102,provincia,BAGUA,AMAZONAS|BAGUA,95858.0,47510.0,48348.0
0103,provincia,BONGARA,AMAZONAS|BONGARA,26784.0,13162.0,13622.0
0104,provincia,CONDORCANQUI,AMAZONAS|CONDORCANQUI,82415.0,41299.0,41116.0
0105,provincia,LUYA,AMAZONAS|LUYA,48323.0,24835.0,23488.0
0106,provincia,RODRIGUEZ DE MENDOZA,AMAZONAS|RODRIGUEZ DE MENDOZA,33853.0,17539.0,16314.0
0107,provincia,UTCUBAMBA,AMAZONAS|UTCUBAMBA,114928.0,58074.0,56854.0
0201,provincia,HUARAZ,ANCASH|HUARAZ,184354.0,90278.0,94076.0
0202,provincia,AIJA,ANCASH|AIJA,5855.0,2936.0,2919.0
0203,provincia,ANTONIO RAYMONDI,ANCASH|ANTONIO RAYMONDI,12541.0,6203.0,6338.0
0204,provincia,ASUNCION,ANCASH|ASUNCION,6459.0,3057.0,3402.0
0205,provincia,BOLOGNESI,ANCASH|BOLOGNESI,22610.0,11108.0,11502.0
0206,provincia,CARHUAZ,ANCASH|CARHUAZ,50100.0,24214.0,25886.0
0207,provincia,CARLOS FERMIN FITZCARRALD,ANCASH|CARLOS FERMIN FITZCARRALD,15392.0,7339.0,8053.0
0208,provincia,CASMA,ANCASH|CASMA,61015.0,30542.0,30473.0
0209,provincia,CORONGO,ANCASH|CORONGO,7458.0,3720.0,3738.0
0210,provincia,HUARI,ANCASH|HUARI,64926.0,31794.0,33132.0
0211,provincia,HUARMEY,ANCASH|HUARMEY,38155.0,18866.0,19289.0
0212,provincia,HUAYLAS,ANCASH|HUAYLAS,57882.0,28517.0,29365.0
0213,provincia,MARISCAL LUZURIAGA,ANCASH|MARISCAL LUZURIAGA,20224.0,9747.0,10477.0
0214,provincia,OCROS,ANCASH|OCROS,6779.0,3430.0,3349.0
0215,provincia,PALLASCA,ANCASH|PALLASCA,24227.0,12016.0,12211.0
0216,provincia,POMABAMBA,ANCASH|POMABAMBA,24769.0,11905.0,12864.0
0217,provincia,RECUAY,ANCASH|RECUAY,16853.0,8186.0,8667.0
0218,provincia,SANTA,ANCASH|SANTA,500517.0,248030.0,252487.0
0219,provincia,SIHUAS,ANCASH|SIHUAS,26635.0,12956.0,13679.0
0220,provincia,YUNGAY,ANCASH|YUNGAY,59172.0,29145.0,30027.0
0301,provincia,ABANCAY,APURIMAC|ABANCAY,123483.0,60169.0,63314.0
0302,provincia,ANDAHUAYLAS,APURIMAC|ANDAHUAYLAS,160165.0,77712.0,82453.0
0303,provincia,ANTABAMBA,APURIMAC|ANTABAMBA,14364.0,7124.0,7240.0
0304,provincia,AYMARAES,APURIMAC|AYMARAES,30038.0,14985.0,15053.0
0305,provincia,COTABAMBAS,APURIMAC|COTABAMBAS,58750.0,29288.0,29462.0
0306,provincia,CHINCHEROS,APURIMAC|CHINCHEROS,56458.0,28056.0,28402.0
0307,provincia,GRAU,APURIMAC|GRAU,24255.0,12070.0,12185.0
0401,provincia,AREQUIPA,AREQUIPA|AREQUIPA,1382326.0,680027.0,702299.0
0402,provincia,CAMANA,AREQUIPA|CAMANA,77222.0,39545.0,37677.0
0403,provincia,CARAVELI,AREQUIPA|CARAVELI,59568.0,31264.0,28304.0
0404,provincia,CASTILLA,AREQUIPA|CASTILLA,35259.0,17887.0,17372.0
0405,provincia,CAYLLOMA,AREQUIPA|CAYLLOMA,161663.0,86889.0,74774.0
0406,provincia,CONDESUYOS,AREQUIPA|CONDESUYOS,20917.0,10882.0,10035.0
0407,provincia,ISLAY,AREQUIPA|ISLAY,63150.0,31612.0,31538.0
0408,provincia,LA UNION,AREQUIPA|LA UNION,14449.0,7229.0,7220.0
0501,provincia,HUAMANGA,AYACUCHO|HUAMANGA,318112.0,155976.0,162136.0
0502,provincia,CANGALLO,AYACUCHO|CANGALLO,41199.0,20175.0,21024.0
0503,provincia,HUANCA SANCOS,AYACUCHO|HUANCA SANCOS,8489.0,3985.0,4504.0
0504,provincia,HUANTA,AYACUCHO|HUANTA,110068.0,54233.0,55835.0
0505,provincia,LA MAR,AYACUCHO|LA MAR,82285.0,41993.0,40292.0
0506,provincia,LUCANAS,AYACUCHO|LUCANAS,51121.0,25946.0,25175.0
0507,provincia,PARINACOCHAS,AYACUCHO|PARINACOCHAS,31103.0,15339.0,15764.0
0508,provincia,PAUCAR DEL SARA SARA,AYACUCHO|PAUCAR DEL SARA SARA,11408.0,5766.0,5642.0
0509,provincia,SUCRE,AYACUCHO|SUCRE,10632.0,5208.0,5424.0
0510,provincia,VICTOR FAJARDO,AYACUCHO|VICTOR FAJARDO,22607.0,10807.0,11800.0
0511,provincia,VILCAS HUAMAN,AYACUCHO|VILCAS HUAMAN,22002.0,10726.0,11276.0
0601,provincia,CAJAMARCA,CAJAMARCA|CAJAMARCA,398064.0,191197.0,206867.0
0602,provincia,CAJABAMBA,CAJAMARCA|CAJABAMBA,89617.0,44151.0,45466.0
0603,provincia,CELENDIN,CAJAMARCA|CELENDIN,88439.0,43026.0,45413.0
0604,provincia,CHOTA,CAJAMARCA|CHOTA,152852.0,73362.0,79490.0
0605,provincia,CONTUMAZA,CAJAMARCA|CONTUMAZA,29655.0,14761.0,14894.0
0606,provincia,CUTERVO,CAJAMARCA|CUTERVO,126940.0,62274.0,64666.0
0607,provincia,HUALGAYOC,CAJAMARCA|HUALGAYOC,84419.0,40046.0,44373.0
0608,provincia,JAEN,CAJAMARCA|JAEN,211413.0,105890.0,105523.0
0609,provincia,SAN IGNACIO,CAJAMARCA|SAN IGNACIO,150670.0,77879.0,72791.0
0610,provincia,SAN MARCOS,CAJAMARCA|SAN MARCOS,54540.0,26745.0,27795.0
0611,provincia,SAN MIGUEL,CAJAMARCA|SAN MIGUEL,47011.0,22742.0,24269.0
0612,provincia,SAN PABLO,CAJAMARCA|SAN PABLO,21511.0,10260.0,11251.0
0613,provincia,SANTA CRUZ,CAJAMARCA|SANTA CRUZ,35601.0,17294.0,18307.0
0701,provincia,,,1093495.0,537606.0,555889.0
0801,provincia,CUSCO,CUSCO|CUSCO,495077.0,241533.0,253544.0
0802,provincia,ACOMAYO,CUSCO|ACOMAYO,23081.0,11282.0,11799.0
0803,provincia,ANTA,CUSCO|ANTA,62019.0,30412.0,31607.0
0804,provincia,CALCA,CUSCO|CALCA,70620.0,34716.0,35904.0
0805,provincia,CANAS,CUSCO|CANAS,33748.0,16668.0,17080.0
0806,provincia,CANCHIS,CUSCO|CANCHIS,98756.0,47456.0,51300.0
0807,provincia,CHUMBIVILCAS,CUSCO|CHUMBIVILCAS,79122.0,40215.0,38907.0
0808,provincia,ESPINAR,CUSCO|ESPINAR,67186.0,33317.0,33869.0
0809,provincia,LA CONVENCION,CUSCO|LA CONVENCION,204044.0,103847.0,100197.0
0810,provincia,PARURO,CUSCO|PARURO,27210.0,13470.0,13740.0
0811,provincia,PAUCARTAMBO,CUSCO|PAUCARTAMBO,47692.0,23938.0,23754.0
0812,provincia,QUISPICANCHI,CUSCO|QUISPICANCHI,99354.0,49134.0,50220.0
0813,provincia,URUBAMBA,CUSCO|URUBAMBA,71258.0,35334.0,35924.0
0901,provincia,HUANCAVELICA,HUANCAVELICA|HUANCAVELICA,120160.0,58424.0,61736.0
0902,provincia,ACOBAMBA,HUANCAVELICA|ACOBAMBA,42902.0,20966.0,21936.0
0903,provincia,ANGARAES,HUANCAVELICA|ANGARAES,57736.0,28563.0,29173.0
0904,provincia,CASTROVIRREYNA,HUANCAVELICA|CASTROVIRREYNA,14077.0,6905.0,7172.0
0905,provincia,CHURCAMPA,HUANCAVELICA|CHURCAMPA,34756.0,16957.0,17799.0
0906,provincia,HUAYTARA,HUANCAVELICA|HUAYTARA,17533.0,8851.0,8682.0
0907,provincia,TAYACAJA,HUANCAVELICA|TAYACAJA,84994.0,41764.0,43230.0
1001,provincia,HUANUCO,HUANUCO|HUANUCO,339220.0,167043.0,172177.0
1002,provincia,AMBO,HUANUCO|AMBO,58368.0,28889.0,29479.0
1003,provincia,DOS DE MAYO,HUANUCO|DOS DE MAYO,34200.0,16618.0,17582.0
1004,provincia,HUACAYBAMBA,HUANUCO|HUACAYBAMBA,15393.0,7678.0,7715.0
1005,provincia,HUAMALIES,HUANUCO|HUAMALIES,52229.0,25513.0,26716.0
1006,provincia,LEONCIO PRADO,HUANUCO|LEONCIO PRADO,136262.0,67368.0,68894.0
1007,provincia,MARANON,HUANUCO|MARANON,30393.0,15389.0,15004.0
1008,provincia,PACHITEA,HUANUCO|PACHITEA,57267.0,28197.0,29070.0
1009,provincia,PUERTO INCA,HUANUCO|PUERTO INCA,42690.0,22243.0,20447.0
1010,provincia,LAURICOCHA,HUANUCO|LAURICOCHA,19443.0,9467.0,9976.0
1011,provincia,YAROWILCA,HUANUCO|YAROWILCA,21928.0,10516.0,11412.0
1101,provincia,ICA,ICA|ICA,475737.0,235953.0,239784.0
1102,provincia,CHINCHA,ICA|CHINCHA,271203.0,134651.0,136552.0
1103,provincia,NASCA,ICA|NASCA,94114.0,48275.0,45839.0
1104,provincia,PALPA,ICA|PALPA,16023.0,8036.0,7987.0
1105,provincia,PISCO,ICA|PISCO,176007.0,86845.0,89162.0
1201,provincia,HUANCAYO,JUNIN|HUANCAYO,626279.0,300181.0,326098.0
1202,provincia,CONCEPCION,JUNIN|CONCEPCION,62357.0,30125.0,32232.0
1203,provincia,CHANCHAMAYO,JUNIN|CHANCHAMAYO,180266.0,91887.0,88379.0
1204,provincia,JAUJA,JUNIN|JAUJA,86885.0,41712.0,45173.0
1205,provincia,JUNIN,JUNIN|JUNIN,25655.0,12293.0,13362.0
1206,provincia,SATIPO,JUNIN|SATIPO,245761.0,126915.0,118846.0
1207,provincia,TARMA,JUNIN|TARMA,96575.0,46750.0,49825.0
1208,provincia,YAULI,JUNIN|YAULI,32536.0,16104.0,16432.0
1209,provincia,CHUPACA,JUNIN|CHUPACA,66466.0,32886.0,33580.0
1301,provincia,TRUJILLO,LA LIBERTAD|TRUJILLO,1090007.0,530174.0,559833.0
1302,provincia,ASCOPE,LA LIBERTAD|ASCOPE,127621.0,63348.0,64273.0
1303,provincia,BOLIVAR,LA LIBERTAD|BOLIVAR,16128.0,8246.0,7882.0
1304,provincia,CHEPEN,LA LIBERTAD|CHEPEN,96337.0,47840.0,48497.0
1305,provincia,JULCAN,LA LIBERTAD|JULCAN,29980.0,15153.0,14827.0
1306,provincia,OTUZCO,LA LIBERTAD|OTUZCO,92560.0,46749.0,45811.0
1307,provincia,PACASMAYO,LA LIBERTAD|PACASMAYO,123507.0,60535.0,62972.0
1308,provincia,PATAZ,LA LIBERTAD|PATAZ,84290.0,42606.0,41684.0
1309,provincia,SANCHEZ CARRION,LA LIBERTAD|SANCHEZ CARRION,173503.0,84248.0,89255.0
1310,provincia,SANTIAGO DE CHUCO,LA LIBERTAD|SANTIAGO DE CHUCO,58137.0,29129.0,29008.0
1311,provincia,GRAN CHIMU,LA LIBERTAD|GRAN CHIMU,30354.0,15764.0,14590.0
1312,provincia,VIRU,LA LIBERTAD|VIRU,134021.0,66924.0,67097.0
1401,provincia,CHICLAYO,LAMBAYEQUE|CHICLAYO,893697.0,432213.0,461484.0
1402,provincia,FERRENAFE,LAMBAYEQUE|FERRENAFE,115880.0,57127.0,58753.0
1403,provincia,LAMBAYEQUE,LAMBAYEQUE|LAMBAYEQUE,395066.0,195573.0,199493.0
1501,provincia,,,10142492.0,4971418.0,5171074.0
1502,provincia,BARRANCA,LIMA|BARRANCA,153257.0,75255.0,78002.0
1503,provincia,CAJATAMBO,LIMA|CAJATAMBO,6398.0,3261.0,3137.0
1504,provincia,CANTA,LIMA|CANTA,14579.0,7458.0,7121.0
1505,provincia,CANETE,LIMA|CANETE,270011.0,134744.0,135267.0
1506,provincia,HUARAL,LIMA|HUARAL,213503.0,107923.0,105580.0
1507,provincia,HUAROCHIRI,LIMA|HUAROCHIRI,61713.0,31115.0,30598.0
1508,provincia,HUAURA,LIMA|HUAURA,261942.0,130476.0,131466.0
1509,provincia,OYON,LIMA|OYON,15188.0,7542.0,7646.0
1510,provincia,YAUYOS,LIMA|YAUYOS,18317.0,9201.0,9116.0
1601,provincia,MAYNAS,LORETO|MAYNAS,500477.0,249233.0,251244.0
1602,provincia,ALTO AMAZONAS,LORETO|ALTO AMAZONAS,159656.0,80202.0,79454.0
1603,provincia,LORETO,LORETO|LORETO,79927.0,40465.0,39462.0
1604,provincia,MARISCAL RAMON CASTILLA,LORETO|MARISCAL RAMON CASTILLA,63962.0,32870.0,31092.0
1605,provincia,REQUENA,LORETO|REQUENA,65140.0,33376.0,31764.0
1606,provincia,UCAYALI,LORETO|UCAYALI,67586.0,34745.0,32841.0
1607,provincia,DATEM DEL MARANON,LORETO|DATEM DEL MARANON,87433.0,43970.0,43463.0
1608,provincia,PUTUMAYO,LORETO|PUTUMAYO,8590.0,4469.0,4121.0
1701,provincia,TAMBOPATA,MADRE DE DIOS|TAMBOPATA,170763.0,87998.0,82765.0
1702,provincia,MANU,MADRE DE DIOS|MANU,25196.0,13120.0,12076.0
1703,provincia,TAHUAMANU,MADRE DE DIOS|TAHUAMANU,12708.0,6732.0,5976.0
1801,provincia,MARISCAL NIETO,MOQUEGUA|MARISCAL NIETO,98727.0,49582.0,49145.0
1802,provincia,GENERAL SANCHEZ CERRO,MOQUEGUA|GENERAL SANCHEZ CERRO,15776.0,8077.0,7699.0
1803,provincia,ILO,MOQUEGUA|ILO,80325.0,39933.0,40392.0
1901,provincia,PASCO,PASCO|PASCO,119680.0,59167.0,60513.0
1902,provincia,DANIEL ALCIDES CARRION,PASCO|DANIEL ALCIDES CARRION,37243.0,18115.0,19128.0
1903,provincia,OXAPAMPA,PASCO|OXAPAMPA,96626.0,48850.0,47776.0
2001,provincia,PIURA,PIURA|PIURA,934249.0,461690.0,472559.0
2002,provincia,AYABACA,PIURA|AYABACA,128042.0,64793.0,63249.0
2003,provincia,HUANCABAMBA,PIURA|HUANCABAMBA,124000.0,61353.0,62647.0
2004,provincia,MORROPON,PIURA|MORROPON,180392.0,90648.0,89744.0
2005,provincia,PAITA,PIURA|PAITA,153654.0,76889.0,76765.0
2006,provincia,SULLANA,PIURA|SULLANA,350949.0,173794.0,177155.0
2007,provincia,TALARA,PIURA|TALARA,150033.0,73922.0,76111.0
2008,provincia,SECHURA,PIURA|SECHURA,93896.0,46911.0,46985.0
2101,provincia,PUNO,PUNO|PUNO,219267.0,106582.0,112685.0
2102,provincia,AZANGARO,PUNO|AZANGARO,120982.0,57982.0,63000.0
2103,provincia,CARABAYA,PUNO|CARABAYA,76742.0,39016.0,37726.0
2104,provincia,CHUCUITO,PUNO|CHUCUITO,99814.0,50883.0,48931.0
2105,provincia,EL COLLAO,PUNO|EL COLLAO,73980.0,37034.0,36946.0
2106,provincia,HUANCANE,PUNO|HUANCANE,61981.0,30146.0,31835.0
2107,provincia,LAMPA,PUNO|LAMPA,47938.0,22917.0,25021.0
2108,provincia,MELGAR,PUNO|MELGAR,72911.0,35291.0,37620.0
2109,provincia,MOHO,PUNO|MOHO,21402.0,10316.0,11086.0
2110,provincia,SAN ANTONIO DE PUTINA,PUNO|SAN ANTONIO DE PUTINA,33333.0,16755.0,16578.0
2111,provincia,SAN ROMAN,PUNO|SAN ROMAN,314679.0,153691.0,160988.0
2112,provincia,SANDIA,PUNO|SANDIA,52499.0,27739.0,24760.0
2113,provincia,YUNGUYO,PUNO|YUNGUYO,37465.0,18410.0,19055.0
2201,provincia,MOYOBAMBA,SAN MARTIN|MOYOBAMBA,138325.0,69376.0,68949.0
2202,provincia,BELLAVISTA,SAN MARTIN|BELLAVISTA,70990.0,36500.0,34490.0
2203,provincia,EL DORADO,SAN MARTIN|EL DORADO,43014.0,22169.0,20845.0
2204,provincia,HUALLAGA,SAN MARTIN|HUALLAGA,31313.0,16077.0,15236.0
2205,provincia,LAMAS,SAN MARTIN|LAMAS,97450.0,50003.0,47447.0
2206,provincia,MARISCAL CACERES,SAN MARTIN|MARISCAL CACERES,76773.0,39714.0,37059.0
2207,provincia,PICOTA,SAN MARTIN|PICOTA,44448.0,22912.0,21536.0
2208,provincia,RIOJA,SAN MARTIN|RIOJA,146055.0,72543.0,73512.0
2209,provincia,SAN MARTIN,SAN MARTIN|SAN MARTIN,231719.0,115755.0,115964.0
2210,provincia,TOCACHE,SAN MARTIN|TOCACHE,87836.0,44991.0,42845.0
2301,provincia,TACNA,TACNA|TACNA,367436.0,181152.0,186284.0
2302,provincia,CANDARAVE,TACNA|CANDARAVE,5798.0,2911.0,2887.0
2303,provincia,JORGE BASADRE,TACNA|JORGE BASADRE,10262.0,5338.0,4924.0
2304,provincia,TARATA,TACNA|TARATA,5730.0,3044.0,2686.0
2401,provincia,TUMBES,TUMBES|TUMBES,175134.0,87959.0,87175.0
2402,provincia,CONTRALMIRANTE VILLAR,TUMBES|CONTRALMIRANTE VILLAR,24340.0,12496.0,11844.0
2403,provincia,ZARUMILLA,TUMBES|ZARUMILLA,57217.0,28726.0,28491.0
2501,provincia,CORONEL PORTILLO,UCAYALI|CORONEL PORTILLO,470211.0,237051.0,233160.0
2502,provincia,ATALAYA,UCAYALI|ATALAYA,64077.0,32671.0,31406.0
2503,provincia,PADRE ABAD,UCAYALI|PADRE ABAD,86687.0,45013.0,41674.0
2504,provincia,PURUS,UCAYALI|PURUS,2893.0,1491.0,1402.0
010101,distrito,CHACHAPOYAS,AMAZONAS|CHACHAPOYAS|CHACHAPOYAS,40953.0,19388.0,21565.0
010102,distrito,ASUNCION,AMAZONAS|CHACHAPOYAS|ASUNCION,222.0,107.0,115.0
010103,distrito,BALSAS,AMAZONAS|CHACHAPOYAS|BALSAS,1488.0,807.0,681.0
010104,distrito,CHETO,AMAZONAS|CHACHAPOYAS|CHETO,618.0,323.0,295.0
010105,distrito,CHILIQUIN,AMAZONAS|CHACHAPOYAS|CHILIQUIN,605.0,318.0,287.0
010106,distrito,CHUQUIBAMBA,AMAZONAS|CHACHAPOYAS|CHUQUIBAMBA,2047.0,1085.0,962.0
010107,distrito,GRANADA,AMAZONAS|CHACHAPOYAS|GRANADA,424.0,208.0,216.0
010108,distrito,HUANCAS,AMAZONAS|CHACHAPOYAS|HUANCAS,1324.0,1034.0,290.0
010109,distrito,LA JALCA,AMAZONAS|CHACHAPOYAS|LA JALCA,4783.0,2423.0,2360.0
010110,distrito,LEIMEBAMBA,AMAZONAS|CHACHAPOYAS|LEIMEBAMBA,3091.0,1516.0,1575.0
010111,distrito,LEVANTO,AMAZONAS|CHACHAPOYAS|LEVANTO,806.0,427.0,379.0
010112,distrito,MAGDALENA,AMAZONAS|CHACHAPOYAS|MAGDALENA,918.0,453.0,465.0
010113,distrito,MARISCAL CASTILLA,AMAZONAS|CHACHAPOYAS|MARISCAL CASTILLA,1462.0,712.0,750.0
010114,distrito,MOLINOPAMPA,AMAZONAS|CHACHAPOYAS|MOLINOPAMPA,2565.0,1277.0,1288.0
010115,distrito,MONTEVIDEO,AMAZONAS|CHACHAPOYAS|MONTEVIDEO,524.0,259.0,265.0
010116,distrito,OLLEROS,AMAZONAS|CHACHAPOYAS|OLLEROS,406.0,193.0,213.0
010117,distrito,QUINJALCA,AMAZONAS|CHACHAPOYAS|QUINJALCA,883.0,429.0,454.0
010118,distrito,SAN FRANCISCO DE DAGUAS,AMAZONAS|CHACHAPOYAS|SAN FRANCISCO DE DAGUAS,250.0,122.0,128.0
010119,distrito,SAN ISIDRO DE MAINO,AMAZONAS|CHACHAPOYAS|SAN ISIDRO DE MAINO,733.0,426.0,307.0
010120,distrito,SOLOCO,AMAZONAS|CHACHAPOYAS|SOLOCO,1175.0,618.0,557.0
010121,distrito,SONCHE,AMAZONAS|CHACHAPOYAS|SONCHE,250.0,133.0,117.0
010201,distrito,BAGUA,AMAZONAS|BAGUA|BAGUA,28596.0,13789.0,14807.0
010202,distrito,ARAMANGO,AMAZONAS|BAGUA|ARAMANGO,9709.0,4985.0,4724.0
010203,distrito,COPALLIN,AMAZONAS|BAGUA|COPALLIN,4725.0,2423.0,2302.0
010204,distrito,EL PARCO,AMAZONAS|BAGUA|EL PARCO,1221.0,604.0,617.0
010205,distrito,IMAZA,AMAZONAS|BAGUA|IMAZA,45504.0,22681.0,22823.0
010206,distrito,LA PECA,AMAZONAS|BAGUA|LA PECA,6103.0,3028.0,3075.0
010301,distrito,JUMBILLA,AMAZONAS|BONGARA|JUMBILLA,1492.0,736.0,756.0
010302,distrito,CHISQUILLA,AMAZONAS|BONGARA|CHISQUILLA,366.0,198.0,168.0
010303,distrito,CHURUJA,AMAZONAS|BONGARA|CHURUJA,236.0,122.0,114.0
010304,distrito,COROSHA,AMAZONAS|BONGARA|COROSHA,725.0,356.0,369.0
010305,distrito,CUISPES,AMAZONAS|BONGARA|CUISPES,721.0,358.0,363.0
010306,distrito,FLORIDA,AMAZONAS|BONGARA|FLORIDA,6462.0,3159.0,3303.0
010307,distrito,JAZAN,AMAZONAS|BONGARA|JAZAN,7535.0,3577.0,3958.0
010308,distrito,RECTA,AMAZONAS|BONGARA|RECTA,164.0,74.0,90.0
010309,distrito,SAN CARLOS,AMAZONAS|BONGARA|SAN CARLOS,357.0,194.0,163.0
010310,distrito,SHIPASBAMBA,AMAZONAS|BONGARA|SHIPASBAMBA,1503.0,774.0,729.0
010311,distrito,VALERA,AMAZONAS|BONGARA|VALERA,1039.0,529.0,510.0
010312,distrito,YAMBRASBAMBA,AMAZONAS|BONGARA|YAMBRASBAMBA,6184.0,3085.0,3099.0
010401,distrito,NIEVA,AMAZONAS|CONDORCANQUI|NIEVA,42522.0,21390.0,21132.0
010402,distrito,EL CENEPA,AMAZONAS|CONDORCANQUI|EL CENEPA,17190.0,8601.0,8589.0
010403,distrito,RIO SANTIAGO,AMAZONAS|CONDORCANQUI|RIO SANTIAGO,22703.0,11308.0,11395.0
010501,distrito,LAMUD,AMAZONAS|LUYA|LAMUD,2461.0,1181.0,1280.0
010502,distrito,CAMPORREDONDO,AMAZONAS|LUYA|CAMPORREDONDO,7809.0,4079.0,3730.0
010503,distrito,COCABAMBA,AMAZONAS|LUYA|COCABAMBA,2052.0,1131.0,921.0
010504,distrito,COLCAMAR,AMAZONAS|LUYA|COLCAMAR,1941.0,937.0,1004.0
010505,distrito,CONILA,AMAZONAS|LUYA|CONILA,1721.0,849.0,872.0
010506,distrito,INGUILPATA,AMAZONAS|LUYA|INGUILPATA,400.0,214.0,186.0
010507,distrito,LONGUITA,AMAZONAS|LUYA|LONGUITA,898.0,451.0,447.0
010508,distrito,LONYA CHICO,AMAZONAS|LUYA|LONYA CHICO,785.0,409.0,376.0
010509,distrito,LUYA,AMAZONAS|LUYA|LUYA,4410.0,2110.0,2300.0
010510,distrito,LUYA VIEJO,AMAZONAS|LUYA|LUYA VIEJO,373.0,189.0,184.0
010511,distrito,MARIA,AMAZONAS|LUYA|MARIA,738.0,396.0,342.0
010512,distrito,OCALLI,AMAZONAS|LUYA|OCALLI,4108.0,2145.0,1963.0
010513,distrito,OCUMAL,AMAZONAS|LUYA|OCUMAL,3773.0,2006.0,1767.0
010514,distrito,PISUQUIA,AMAZONAS|LUYA|PISUQUIA,5284.0,2882.0,2402.0
010515,distrito,PROVIDENCIA,AMAZONAS|LUYA|PROVIDENCIA,1478.0,808.0,670.0
010516,distrito,SAN CRISTOBAL,AMAZONAS|LUYA|SAN CRISTOBAL,634.0,304.0,330.0
010517,distrito,SAN FRANCISCO DE YESO,AMAZONAS|LUYA|SAN FRANCISCO DE YESO,686.0,359.0,327.0
010518,distrito,SAN JERONIMO,AMAZONAS|LUYA|SAN JERONIMO,735.0,367.0,368.0
010519,distrito,SAN JUAN DE LOPECANCHA,AMAZONAS|LUYA|SAN JUAN DE LOPECANCHA,422.0,218.0,204.0
010520,distrito,SANTA CATALINA,AMAZONAS|LUYA|SANTA CATALINA,2044.0,1015.0,1029.0
010521,distrito,SANTO TOMAS,AMAZONAS|LUYA|SANTO TOMAS,2892.0,1472.0,1420.0
010522,distrito,TINGO,AMAZONAS|LUYA|TINGO,1357.0,678.0,679.0
010523,distrito,TRITA,AMAZONAS|LUYA|TRITA,1322.0,635.0,687.0
010601,distrito,SAN NICOLAS,AMAZONAS|RODRIGUEZ DE MENDOZA|SAN NICOLAS,6481.0,3146.0,3335.0
010602,distrito,CHIRIMOTO,AMAZONAS|RODRIGUEZ DE MENDOZA|CHIRIMOTO,2721.0,1458.0,1263.0
010603,distrito,COCHAMAL,AMAZONAS|RODRIGUEZ DE MENDOZA|COCHAMAL,613.0,325.0,288.0
010604,distrito,HUAMBO,AMAZONAS|RODRIGUEZ DE MENDOZA|HUAMBO,2641.0,1360.0,1281.0
010605,distrito,LIMABAMBA,AMAZONAS|RODRIGUEZ DE MENDOZA|LIMABAMBA,2714.0,1438.0,1276.0
010606,distrito,LONGAR,AMAZONAS|RODRIGUEZ DE MENDOZA|LONGAR,1562.0,805.0,757.0
010607,distrito,MARISCAL BENAVIDES,AMAZONAS|RODRIGUEZ DE MENDOZA|MARISCAL BENAVIDES,2055.0,1027.0,1028.0
010608,distrito,MILPUC,AMAZONAS|RODRIGUEZ DE MENDOZA|MILPUC,473.0,241.0,232.0
010609,distrito,OMIA,AMAZONAS|RODRIGUEZ DE MENDOZA|OMIA,10671.0,5723.0,4948.0
010610,distrito,SANTA ROSA,AMAZONAS|RODRIGUEZ DE MENDOZA|SANTA ROSA,510.0,261.0,249.0
010611,distrito,TOTORA,AMAZONAS|RODRIGUEZ DE MENDOZA|TOTORA,261.0,134.0,127.0
010612,distrito,VISTA ALEGRE,AMAZONAS|RODRIGUEZ DE MENDOZA|VISTA ALEGRE,3151.0,1621.0,1530.0
010701,distrito,BAGUA GRANDE,AMAZONAS|UTCUBAMBA|BAGUA GRANDE,55619.0,27580.0,28039.0
010702,distrito,CAJARURO,AMAZONAS|UTCUBAMBA|CAJARURO,24194.0,12348.0,11846.0
010703,distrito,CUMBA,AMAZONAS|UTCUBAMBA|CUMBA,7956.0,4077.0,3879.0
010704,distrito,EL MILAGRO,AMAZONAS|UTCUBAMBA|EL MILAGRO,6504.0,3381.0,3123.0
010705,distrito,JAMALCA,AMAZONAS|UTCUBAMBA|JAMALCA,7185.0,3710.0,3475.0
010706,distrito,LONYA GRANDE,AMAZONAS|UTCUBAMBA|LONYA GRANDE,10381.0,5335.0,5046.0
010707,distrito,YAMON,AMAZONAS|UTCUBAMBA|YAMON,3089.0,1643.0,1446.0
020101,distrito,HUARAZ,ANCASH|HUARAZ|HUARAZ,66236.0,32648.0,33588.0
020102,distrito,COCHABAMBA,ANCASH|HUARAZ|COCHABAMBA,1649.0,858.0,791.0
020103,distrito,COLCABAMBA,ANCASH|HUARAZ|COLCABAMBA,409.0,221.0,188.0
020104,distrito,HUANCHAY,ANCASH|HUARAZ|HUANCHAY,1498.0,754.0,744.0
020105,distrito,INDEPENDENCIA,ANCASH|HUARAZ|INDEPENDENCIA,88999.0,43140.0,45859.0
020106,distrito,JANGAS,ANCASH|HUARAZ|JANGAS,5050.0,2512.0,2538.0
020107,distrito,LA LIBERTAD,ANCASH|HUARAZ|LA LIBERTAD,1067.0,519.0,548.0
020108,distrito,OLLEROS,ANCASH|HUARAZ|OLLEROS,2671.0,1311.0,1360.0
020109,distrito,PAMPAS GRANDE,ANCASH|HUARAZ|PAMPAS GRANDE,1222.0,640.0,582.0
020110,distrito,PARIACOTO,ANCASH|HUARAZ|PARIACOTO,5131.0,2598.0,2533.0
020111,distrito,PIRA,ANCASH|HUARAZ|PIRA,2958.0,1467.0,1491.0
020112,distrito,TARICA,ANCASH|HUARAZ|TARICA,7464.0,3610.0,3854.0
020201,distrito,AIJA,ANCASH|AIJA|AIJA,1567.0,796.0,771.0
020202,distrito,CORIS,ANCASH|AIJA|CORIS,1814.0,918.0,896.0
020203,distrito,HUACLLAN,ANCASH|AIJA|HUACLLAN,279.0,131.0,148.0
020204,distrito,LA MERCED,ANCASH|AIJA|LA MERCED,1546.0,762.0,784.0
020205,distrito,SUCCHA,ANCASH|AIJA|SUCCHA,649.0,329.0,320.0
020301,distrito,LLAMELLIN,ANCASH|ANTONIO RAYMONDI|LLAMELLIN,3029.0,1482.0,1547.0
020302,distrito,ACZO,ANCASH|ANTONIO RAYMONDI|ACZO,1865.0,937.0,928.0
020303,distrito,CHACCHO,ANCASH|ANTONIO RAYMONDI|CHACCHO,1010.0,500.0,510.0
020304,distrito,CHINGAS,ANCASH|ANTONIO RAYMONDI|CHINGAS,1727.0,848.0,879.0
020305,distrito,MIRGAS,ANCASH|ANTONIO RAYMONDI|MIRGAS,3951.0,1959.0,1992.0
020306,distrito,SAN JUAN DE RONTOY,ANCASH|ANTONIO RAYMONDI|SAN JUAN DE RONTOY,959.0,477.0,482.0
020401,distrito,CHACAS,ANCASH|ASUNCION|CHACAS,3991.0,1903.0,2088.0
020402,distrito,ACOCHACA,ANCASH|ASUNCION|ACOCHACA,2468.0,1154.0,1314.0
020501,distrito,CHIQUIAN,ANCASH|BOLOGNESI|CHIQUIAN,3421.0,1621.0,1800.0
020502,distrito,ABELARDO PARDO LEZAMETA,ANCASH|BOLOGNESI|ABELARDO PARDO LEZAMETA,279.0,150.0,129.0
020503,distrito,ANTONIO RAYMONDI,ANCASH|BOLOGNESI|ANTONIO RAYMONDI,871.0,410.0,461.0
020504,distrito,AQUIA,ANCASH|BOLOGNESI|AQUIA,2008.0,975.0,1033.0
020505,distrito,CAJACAY,ANCASH|BOLOGNESI|CAJACAY,1408.0,717.0,691.0
020506,distrito,CANIS,ANCASH|BOLOGNESI|CANIS,567.0,308.0,259.0
020507,distrito,COLQUIOC,ANCASH|BOLOGNESI|COLQUIOC,1926.0,929.0,997.0
020508,distrito,HUALLANCA,ANCASH|BOLOGNESI|HUALLANCA,7089.0,3511.0,3578.0
020509,distrito,HUASTA,ANCASH|BOLOGNESI|HUASTA,1520.0,792.0,728.0
020510,distrito,HUAYLLACAYAN,ANCASH|BOLOGNESI|HUAYLLACAYAN,901.0,443.0,458.0
020511,distrito,LA PRIMAVERA,ANCASH|BOLOGNESI|LA PRIMAVERA,316.0,154.0,162.0
020512,distrito,MANGAS,ANCASH|BOLOGNESI|MANGAS,421.0,192.0,229.0
020513,distrito,PACLLON,ANCASH|BOLOGNESI|PACLLON,792.0,390.0,402.0
020514,distrito,SAN MIGUEL DE CORPANQUI,ANCASH|BOLOGNESI|SAN MIGUEL DE CORPANQUI,524.0,246.0,278.0
020515,distrito,TICLLOS,ANCASH|BOLOGNESI|TICLLOS,567.0,270.0,297.0
020601,distrito,CARHUAZ,ANCASH|CARHUAZ|CARHUAZ,17005.0,8267.0,8738.0
020602,distrito,ACOPAMPA,ANCASH|CARHUAZ|ACOPAMPA,3099.0,1538.0,1561.0
020603,distrito,AMASHCA,ANCASH|CARHUAZ|AMASHCA,1384.0,653.0,731.0
020604,distrito,ANTA,ANCASH|CARHUAZ|ANTA,2756.0,1346.0,1410.0
020605,distrito,ATAQUERO,ANCASH|CARHUAZ|ATAQUERO,1502.0,738.0,764.0
020606,distrito,MARCARA,ANCASH|CARHUAZ|MARCARA,10317.0,4899.0,5418.0
020607,distrito,PARIAHUANCA,ANCASH|CARHUAZ|PARIAHUANCA,1494.0,729.0,765.0
020608,distrito,SAN MIGUEL DE ACO,ANCASH|CARHUAZ|SAN MIGUEL DE ACO,2383.0,1137.0,1246.0
020609,distrito,SHILLA,ANCASH|CARHUAZ|SHILLA,2680.0,1267.0,1413.0
020610,distrito,TINCO,ANCASH|CARHUAZ|TINCO,3921.0,1917.0,2004.0
020611,distrito,YUNGAR,ANCASH|CARHUAZ|YUNGAR,3559.0,1723.0,1836.0
020701,distrito,SAN LUIS,ANCASH|CARLOS FERMIN FITZCARRALD|SAN LUIS,8949.0,4250.0,4699.0
020702,distrito,SAN NICOLAS,ANCASH|CARLOS FERMIN FITZCARRALD|SAN NICOLAS,2657.0,1290.0,1367.0
020703,distrito,YAUYA,ANCASH|CARLOS FERMIN FITZCARRALD|YAUYA,3786.0,1799.0,1987.0
020801,distrito,CASMA,ANCASH|CASMA|CASMA,43039.0,21382.0,21657.0
020802,distrito,BUENA VISTA ALTA,ANCASH|CASMA|BUENA VISTA ALTA,5432.0,2718.0,2714.0
020803,distrito,COMANDANTE NOEL,ANCASH|CASMA|COMANDANTE NOEL,2761.0,1431.0,1330.0
020804,distrito,YAUTAN,ANCASH|CASMA|YAUTAN,9783.0,5011.0,4772.0
020901,distrito,CORONGO,ANCASH|CORONGO|CORONGO,1545.0,775.0,770.0
020902,distrito,ACO,ANCASH|CORONGO|ACO,391.0,183.0,208.0
020903,distrito,BAMBAS,ANCASH|CORONGO|BAMBAS,410.0,211.0,199.0
020904,distrito,CUSCA,ANCASH|CORONGO|CUSCA,3110.0,1532.0,1578.0
020905,distrito,LA PAMPA,ANCASH|CORONGO|LA PAMPA,1046.0,513.0,533.0
020906,distrito,YANAC,ANCASH|CORONGO|YANAC,603.0,314.0,289.0
020907,distrito,YUPAN,ANCASH|CORONGO|YUPAN,353.0,192.0,161.0
021001,distrito,HUARI,ANCASH|HUARI|HUARI,10690.0,5163.0,5527.0
021002,distrito,ANRA,ANCASH|HUARI|ANRA,1411.0,715.0,696.0
021003,distrito,CAJAY,ANCASH|HUARI|CAJAY,2476.0,1205.0,1271.0
021004,distrito,CHAVIN DE HUANTAR,ANCASH|HUARI|CHAVIN DE HUANTAR,8286.0,3976.0,4310.0
021005,distrito,HUACACHI,ANCASH|HUARI|HUACACHI,1876.0,937.0,939.0
021006,distrito,HUACCHIS,ANCASH|HUARI|HUACCHIS,1355.0,667.0,688.0
021007,distrito,HUACHIS,ANCASH|HUARI|HUACHIS,3655.0,1834.0,1821.0
021008,distrito,HUANTAR,ANCASH|HUARI|HUANTAR,2710.0,1351.0,1359.0
021009,distrito,MASIN,ANCASH|HUARI|MASIN,1292.0,647.0,645.0
021010,distrito,PAUCAS,ANCASH|HUARI|PAUCAS,1460.0,732.0,728.0
021011,distrito,PONTO,ANCASH|HUARI|PONTO,2527.0,1217.0,1310.0
021012,distrito,RAHUAPAMPA,ANCASH|HUARI|RAHUAPAMPA,680.0,340.0,340.0
021013,distrito,RAPAYAN,ANCASH|HUARI|RAPAYAN,1225.0,599.0,626.0
021014,distrito,SAN MARCOS,ANCASH|HUARI|SAN MARCOS,20826.0,10177.0,10649.0
021015,distrito,SAN PEDRO DE CHANA,ANCASH|HUARI|SAN PEDRO DE CHANA,3079.0,1540.0,1539.0
021016,distrito,UCO,ANCASH|HUARI|UCO,1378.0,694.0,684.0
021101,distrito,HUARMEY,ANCASH|HUARMEY|HUARMEY,32875.0,16152.0,16723.0
021102,distrito,COCHAPETI,ANCASH|HUARMEY|COCHAPETI,746.0,374.0,372.0
021103,distrito,CULEBRAS,ANCASH|HUARMEY|CULEBRAS,3062.0,1563.0,1499.0
021104,distrito,HUAYAN,ANCASH|HUARMEY|HUAYAN,716.0,390.0,326.0
021105,distrito,MALVAS,ANCASH|HUARMEY|MALVAS,756.0,387.0,369.0
021201,distrito,CARAZ,ANCASH|HUAYLAS|CARAZ,29834.0,14628.0,15206.0
021202,distrito,HUALLANCA,ANCASH|HUAYLAS|HUALLANCA,1012.0,506.0,506.0
021203,distrito,HUATA,ANCASH|HUAYLAS|HUATA,1288.0,635.0,653.0
021204,distrito,HUAYLAS,ANCASH|HUAYLAS|HUAYLAS,1434.0,712.0,722.0
021205,distrito,MATO,ANCASH|HUAYLAS|MATO,1941.0,1007.0,934.0
021206,distrito,PAMPAROMAS,ANCASH|HUAYLAS|PAMPAROMAS,8282.0,4131.0,4151.0
021207,distrito,PUEBLO LIBRE,ANCASH|HUAYLAS|PUEBLO LIBRE,5933.0,2861.0,3072.0
021208,distrito,SANTA CRUZ,ANCASH|HUAYLAS|SANTA CRUZ,4825.0,2400.0,2425.0
021209,distrito,SANTO TORIBIO,ANCASH|HUAYLAS|SANTO TORIBIO,1246.0,596.0,650.0
021210,distrito,YURACMARCA,ANCASH|HUAYLAS|YURACMARCA,2087.0,1041.0,1046.0
021301,distrito,PISCOBAMBA,ANCASH|MARISCAL LUZURIAGA|PISCOBAMBA,3309.0,1528.0,1781.0
021302,distrito,CASCA,ANCASH|MARISCAL LUZURIAGA|CASCA,3848.0,1821.0,2027.0
021303,distrito,ELEAZAR GUZMAN BARRON,ANCASH|MARISCAL LUZURIAGA|ELEAZAR GUZMAN BARRON,1159.0,565.0,594.0
021304,distrito,FIDEL OLIVAS ESCUDERO,ANCASH|MARISCAL LUZURIAGA|FIDEL OLIVAS ESCUDERO,1730.0,845.0,885.0
021305,distrito,LLAMA,ANCASH|MARISCAL LUZURIAGA|LLAMA,950.0,474.0,476.0
021306,distrito,LLUMPA,ANCASH|MARISCAL LUZURIAGA|LLUMPA,5642.0,2778.0,2864.0
021307,distrito,LUCMA,ANCASH|MARISCAL LUZURIAGA|LUCMA,2677.0,1285.0,1392.0
021308,distrito,MUSGA,ANCASH|MARISCAL LUZURIAGA|MUSGA,909.0,451.0,458.0
021401,distrito,OCROS,ANCASH|OCROS|OCROS,1075.0,549.0,526.0
021402,distrito,ACAS,ANCASH|OCROS|ACAS,404.0,195.0,209.0
021403,distrito,CAJAMARQUILLA,ANCASH|OCROS|CAJAMARQUILLA,149.0,73.0,76.0
021404,distrito,CARHUAPAMPA,ANCASH|OCROS|CARHUAPAMPA,726.0,370.0,356.0
021405,distrito,COCHAS,ANCASH|OCROS|COCHAS,1949.0,984.0,965.0
021406,distrito,CONGAS,ANCASH|OCROS|CONGAS,841.0,440.0,401.0
021407,distrito,LLIPA,ANCASH|OCROS|LLIPA,285.0,142.0,143.0
021408,distrito,SAN CRISTOBAL DE RAJAN,ANCASH|OCROS|SAN CRISTOBAL DE RAJAN,417.0,177.0,240.0
021409,distrito,SAN PEDRO,ANCASH|OCROS|SAN PEDRO,617.0,340.0,277.0
021410,distrito,SANTIAGO DE CHILCAS,ANCASH|OCROS|SANTIAGO DE CHILCAS,316.0,160.0,156.0
021501,distrito,CABANA,ANCASH|PALLASCA|CABANA,2574.0,1236.0,1338.0
021502,distrito,BOLOGNESI,ANCASH|PALLASCA|BOLOGNESI,1181.0,619.0,562.0
021503,distrito,CONCHUCOS,ANCASH|PALLASCA|CONCHUCOS,7477.0,3743.0,3734.0
021504,distrito,HUACASCHUQUE,ANCASH|PALLASCA|HUACASCHUQUE,537.0,267.0,270.0
021505,distrito,HUANDOVAL,ANCASH|PALLASCA|HUANDOVAL,882.0,451.0,431.0
021506,distrito,LACABAMBA,ANCASH|PALLASCA|LACABAMBA,554.0,287.0,267.0
021507,distrito,LLAPO,ANCASH|PALLASCA|LLAPO,516.0,262.0,254.0
021508,distrito,PALLASCA,ANCASH|PALLASCA|PALLASCA,2483.0,1237.0,1246.0
021509,distrito,PAMPAS,ANCASH|PALLASCA|PAMPAS,4284.0,2054.0,2230.0
021510,distrito,SANTA ROSA,ANCASH|PALLASCA|SANTA ROSA,1047.0,564.0,483.0
021511,distrito,TAUCA,ANCASH|PALLASCA|TAUCA,2692.0,1296.0,1396.0
021601,distrito,POMABAMBA,ANCASH|POMABAMBA|POMABAMBA,14649.0,6993.0,7656.0
021602,distrito,HUAYLLAN,ANCASH|POMABAMBA|HUAYLLAN,2747.0,1309.0,1438.0
021603,distrito,PAROBAMBA,ANCASH|POMABAMBA|PAROBAMBA,5479.0,2667.0,2812.0
021604,distrito,QUINUABAMBA,ANCASH|POMABAMBA|QUINUABAMBA,1894.0,936.0,958.0
021701,distrito,RECUAY,ANCASH|RECUAY|RECUAY,4875.0,2341.0,2534.0
021702,distrito,CATAC,ANCASH|RECUAY|CATAC,4596.0,2251.0,2345.0
021703,distrito,COTAPARACO,ANCASH|RECUAY|COTAPARACO,468.0,230.0,238.0
021704,distrito,HUAYLLAPAMPA,ANCASH|RECUAY|HUAYLLAPAMPA,612.0,291.0,321.0
021705,distrito,LLACLLIN,ANCASH|RECUAY|LLACLLIN,894.0,447.0,447.0
021706,distrito,MARCA,ANCASH|RECUAY|MARCA,934.0,458.0,476.0
021707,distrito,PAMPAS CHICO,ANCASH|RECUAY|PAMPAS CHICO,726.0,349.0,377.0
021708,distrito,PARARIN,ANCASH|RECUAY|PARARIN,738.0,365.0,373.0
021709,distrito,TAPACOCHA,ANCASH|RECUAY|TAPACOCHA,408.0,205.0,203.0
021710,distrito,TICAPAMPA,ANCASH|RECUAY|TICAPAMPA,2602.0,1249.0,1353.0
021801,distrito,CHIMBOTE,ANCASH|SANTA|CHIMBOTE,229246.0,114384.0,114862.0
021802,distrito,CACERES DEL PERU,ANCASH|SANTA|CACERES DEL PERU,4859.0,2562.0,2297.0
021803,distrito,COISHCO,ANCASH|SANTA|COISHCO,18182.0,8999.0,9183.0
021804,distrito,MACATE,ANCASH|SANTA|MACATE,3002.0,1620.0,1382.0
021805,distrito,MORO,ANCASH|SANTA|MORO,10247.0,5240.0,5007.0
021806,distrito,NEPENA,ANCASH|SANTA|NEPENA,15828.0,7905.0,7923.0
021807,distrito,SAMANCO,ANCASH|SANTA|SAMANCO,5224.0,2634.0,2590.0
021808,distrito,SANTA,ANCASH|SANTA|SANTA,22780.0,11372.0,11408.0
021809,distrito,NUEVO CHIMBOTE,ANCASH|SANTA|NUEVO CHIMBOTE,191149.0,93314.0,97835.0
021901,distrito,SIHUAS,ANCASH|SIHUAS|SIHUAS,6102.0,2940.0,3162.0
021902,distrito,ACOBAMBA,ANCASH|SIHUAS|ACOBAMBA,1643.0,795.0,848.0
021903,distrito,ALFONSO UGARTE,ANCASH|SIHUAS|ALFONSO UGARTE,407.0,210.0,197.0
021904,distrito,CASHAPAMPA,ANCASH|SIHUAS|CASHAPAMPA,2663.0,1303.0,1360.0
021905,distrito,CHINGALPO,ANCASH|SIHUAS|CHINGALPO,860.0,418.0,442.0
021906,distrito,HUAYLLABAMBA,ANCASH|SIHUAS|HUAYLLABAMBA,3195.0,1532.0,1663.0
021907,distrito,QUICHES,ANCASH|SIHUAS|QUICHES,2285.0,1140.0,1145.0
021908,distrito,RAGASH,ANCASH|SIHUAS|RAGASH,2135.0,1083.0,1052.0
021909,distrito,SAN JUAN,ANCASH|SIHUAS|SAN JUAN,5979.0,2882.0,3097.0
021910,distrito,SICSIBAMBA,ANCASH|SIHUAS|SICSIBAMBA,1366.0,653.0,713.0
022001,distrito,YUNGAY,ANCASH|YUNGAY|YUNGAY,25974.0,12789.0,13185.0
022002,distrito,CASCAPARA,ANCASH|YUNGAY|CASCAPARA,1521.0,744.0,777.0
022003,distrito,MANCOS,ANCASH|YUNGAY|MANCOS,7754.0,3814.0,3940.0
022004,distrito,MATACOTO,ANCASH|YUNGAY|MATACOTO,1488.0,754.0,734.0
022005,distrito,QUILLO,ANCASH|YUNGAY|QUILLO,12626.0,6238.0,6388.0
022006,distrito,RANRAHIRCA,ANCASH|YUNGAY|RANRAHIRCA,3117.0,1554.0,1563.0
022007,distrito,SHUPLUY,ANCASH|YUNGAY|SHUPLUY,1816.0,878.0,938.0
022008,distrito,YANAMA,ANCASH|YUNGAY|YANAMA,4876.0,2374.0,2502.0
030101,distrito,ABANCAY,APURIMAC|ABANCAY|ABANCAY,76290.0,37039.0,39251.0
030102,distrito,CHACOCHE,APURIMAC|ABANCAY|CHACOCHE,1379.0,658.0,721.0
030103,distrito,CIRCA,APURIMAC|ABANCAY|CIRCA,2060.0,1032.0,1028.0
030104,distrito,CURAHUASI,APURIMAC|ABANCAY|CURAHUASI,18648.0,9098.0,9550.0
030105,distrito,HUANIPACA,APURIMAC|ABANCAY|HUANIPACA,3480.0,1806.0,1674.0
030106,distrito,LAMBRAMA,APURIMAC|ABANCAY|LAMBRAMA,2665.0,1299.0,1366.0
030107,distrito,PICHIRHUA,APURIMAC|ABANCAY|PICHIRHUA,3410.0,1696.0,1714.0
030108,distrito,SAN PEDRO DE CACHORA,APURIMAC|ABANCAY|SAN PEDRO DE CACHORA,2252.0,1132.0,1120.0
030109,distrito,TAMBURCO,APURIMAC|ABANCAY|TAMBURCO,13299.0,6409.0,6890.0
030201,distrito,ANDAHUAYLAS,APURIMAC|ANDAHUAYLAS|ANDAHUAYLAS,50012.0,24340.0,25672.0
030202,distrito,ANDARAPA,APURIMAC|ANDAHUAYLAS|ANDARAPA,5536.0,2686.0,2850.0
030203,distrito,CHIARA,APURIMAC|ANDAHUAYLAS|CHIARA,1277.0,641.0,636.0
030204,distrito,HUANCARAMA,APURIMAC|ANDAHUAYLAS|HUANCARAMA,5318.0,2484.0,2834.0
030205,distrito,HUANCARAY,APURIMAC|ANDAHUAYLAS|HUANCARAY,3758.0,1836.0,1922.0
030206,distrito,HUAYANA,APURIMAC|ANDAHUAYLAS|HUAYANA,760.0,377.0,383.0
030207,distrito,KISHUARA,APURIMAC|ANDAHUAYLAS|KISHUARA,6100.0,2956.0,3144.0
030208,distrito,PACOBAMBA,APURIMAC|ANDAHUAYLAS|PACOBAMBA,3952.0,1907.0,2045.0
030209,distrito,PACUCHA,APURIMAC|ANDAHUAYLAS|PACUCHA,7910.0,3788.0,4122.0
030210,distrito,PAMPACHIRI,APURIMAC|ANDAHUAYLAS|PAMPACHIRI,3029.0,1512.0,1517.0
030211,distrito,POMACOCHA,APURIMAC|ANDAHUAYLAS|POMACOCHA,932.0,428.0,504.0
030212,distrito,SAN ANTONIO DE CACHI,APURIMAC|ANDAHUAYLAS|SAN ANTONIO DE CACHI,2486.0,1232.0,1254.0
030213,distrito,SAN JERONIMO,APURIMAC|ANDAHUAYLAS|SAN JERONIMO,25140.0,12189.0,12951.0
030214,distrito,SAN MIGUEL DE CHACCRAMPA,APURIMAC|ANDAHUAYLAS|SAN MIGUEL DE CHACCRAMPA,1745.0,872.0,873.0
030215,distrito,SANTA MARIA DE CHICMO,APURIMAC|ANDAHUAYLAS|SANTA MARIA DE CHICMO,8765.0,4306.0,4459.0
030216,distrito,TALAVERA,APURIMAC|ANDAHUAYLAS|TALAVERA,22063.0,10715.0,11348.0
030217,distrito,TUMAY HUARACA,APURIMAC|ANDAHUAYLAS|TUMAY HUARACA,1585.0,762.0,823.0
030218,distrito,TURPO,APURIMAC|ANDAHUAYLAS|TURPO,3644.0,1782.0,1862.0
030219,distrito,KAQUIABAMBA,APURIMAC|ANDAHUAYLAS|KAQUIABAMBA,1493.0,695.0,798.0
030220,distrito,JOSE MARIA ARGUEDAS,APURIMAC|ANDAHUAYLAS|JOSE MARIA ARGUEDAS,4660.0,2204.0,2456.0
030301,distrito,ANTABAMBA,APURIMAC|ANTABAMBA|ANTABAMBA,3837.0,1893.0,1944.0
030302,distrito,EL ORO,APURIMAC|ANTABAMBA|EL ORO,663.0,340.0,323.0
030303,distrito,HUAQUIRCA,APURIMAC|ANTABAMBA|HUAQUIRCA,1774.0,901.0,873.0
030304,distrito,JUAN ESPINOZA MEDRANO,APURIMAC|ANTABAMBA|JUAN ESPINOZA MEDRANO,2989.0,1422.0,1567.0
030305,distrito,OROPESA,APURIMAC|ANTABAMBA|OROPESA,2146.0,1089.0,1057.0
030306,distrito,PACHACONAS,APURIMAC|ANTABAMBA|PACHACONAS,1357.0,677.0,680.0
030307,distrito,SABAINO,APURIMAC|ANTABAMBA|SABAINO,1598.0,802.0,796.0
030401,distrito,CHALHUANCA,APURIMAC|AYMARAES|CHALHUANCA,5411.0,2629.0,2782.0
030402,distrito,CAPAYA,APURIMAC|AYMARAES|CAPAYA,660.0,347.0,313.0
030403,distrito,CARAYBAMBA,APURIMAC|AYMARAES|CARAYBAMBA,1043.0,547.0,496.0
030404,distrito,CHAPIMARCA,APURIMAC|AYMARAES|CHAPIMARCA,2199.0,1075.0,1124.0
030405,distrito,COLCABAMBA,APURIMAC|AYMARAES|COLCABAMBA,795.0,398.0,397.0
030406,distrito,COTARUSE,APURIMAC|AYMARAES|COTARUSE,4197.0,2070.0,2127.0
030407,distrito,IHUAYLLO,APURIMAC|AYMARAES|IHUAYLLO,517.0,273.0,244.0
030408,distrito,JUSTO APU SAHUARAURA,APURIMAC|AYMARAES|JUSTO APU SAHUARAURA,865.0,439.0,426.0
030409,distrito,LUCRE,APURIMAC|AYMARAES|LUCRE,1908.0,950.0,958.0
030410,distrito,POCOHUANCA,APURIMAC|AYMARAES|POCOHUANCA,1407.0,725.0,682.0
030411,distrito,SAN JUAN DE CHACNA,APURIMAC|AYMARAES|SAN JUAN DE CHACNA,938.0,473.0,465.0
030412,distrito,SANAYCA,APURIMAC|AYMARAES|SANAYCA,1211.0,619.0,592.0
030413,distrito,SORAYA,APURIMAC|AYMARAES|SORAYA,790.0,382.0,408.0
030414,distrito,TAPAIRIHUA,APURIMAC|AYMARAES|TAPAIRIHUA,2415.0,1220.0,1195.0
030415,distrito,TINTAY,APURIMAC|AYMARAES|TINTAY,3121.0,1541.0,1580.0
030416,distrito,TORAYA,APURIMAC|AYMARAES|TORAYA,1407.0,726.0,681.0
030417,distrito,YANACA,APURIMAC|AYMARAES|YANACA,1154.0,571.0,583.0
030501,distrito,TAMBOBAMBA,APURIMAC|COTABAMBAS|TAMBOBAMBA,12535.0,6118.0,6417.0
030502,distrito,COTABAMBAS,APURIMAC|COTABAMBAS|COTABAMBAS,3940.0,1928.0,2012.0
030503,distrito,COYLLURQUI,APURIMAC|COTABAMBAS|COYLLURQUI,8978.0,4462.0,4516.0
030504,distrito,HAQUIRA,APURIMAC|COTABAMBAS|HAQUIRA,10254.0,5132.0,5122.0
030505,distrito,MARA,APURIMAC|COTABAMBAS|MARA,6743.0,3381.0,3362.0
030506,distrito,CHALLHUAHUACHO,APURIMAC|COTABAMBAS|CHALLHUAHUACHO,16300.0,8267.0,8033.0
030601,distrito,CHINCHEROS,APURIMAC|CHINCHEROS|CHINCHEROS,7456.0,3741.0,3715.0
030602,distrito,ANCO_HUALLO,APURIMAC|CHINCHEROS|ANCO_HUALLO,12651.0,6117.0,6534.0
030603,distrito,COCHARCAS,APURIMAC|CHINCHEROS|COCHARCAS,2452.0,1287.0,1165.0
030604,distrito,HUACCANA,APURIMAC|CHINCHEROS|HUACCANA,6274.0,3156.0,3118.0
030605,distrito,OCOBAMBA,APURIMAC|CHINCHEROS|OCOBAMBA,8472.0,4182.0,4290.0
030606,distrito,ONGOY,APURIMAC|CHINCHEROS|ONGOY,3199.0,1608.0,1591.0
030607,distrito,URANMARCA,APURIMAC|CHINCHEROS|URANMARCA,2781.0,1382.0,1399.0
030608,distrito,RANRACANCHA,APURIMAC|CHINCHEROS|RANRACANCHA,4373.0,2157.0,2216.0
030609,distrito,ROCCHACC,APURIMAC|CHINCHEROS|ROCCHACC,3688.0,1891.0,1797.0
030610,distrito,EL PORVENIR,APURIMAC|CHINCHEROS|EL PORVENIR,1943.0,969.0,974.0
030611,distrito,LOS CHANKAS,APURIMAC|CHINCHEROS|LOS CHANKAS,1587.0,807.0,780.0
030612,distrito,AHUAYRO,APURIMAC|CHINCHEROS|AHUAYRO,1582.0,759.0,823.0
030701,distrito,CHUQUIBAMBILLA,APURIMAC|GRAU|CHUQUIBAMBILLA,5647.0,2773.0,2874.0
030702,distrito,CURPAHUASI,APURIMAC|GRAU|CURPAHUASI,2182.0,1072.0,1110.0
030703,distrito,GAMARRA,APURIMAC|GRAU|GAMARRA,3128.0,1595.0,1533.0
030704,distrito,HUAYLLATI,APURIMAC|GRAU|HUAYLLATI,1542.0,759.0,783.0
030705,distrito,MAMARA,APURIMAC|GRAU|MAMARA,853.0,421.0,432.0
030706,distrito,MICAELA BASTIDAS,APURIMAC|GRAU|MICAELA BASTIDAS,881.0,426.0,455.0
030707,distrito,PATAYPAMPA,APURIMAC|GRAU|PATAYPAMPA,874.0,457.0,417.0
030708,distrito,PROGRESO,APURIMAC|GRAU|PROGRESO,3728.0,1864.0,1864.0
030709,distrito,SAN ANTONIO,APURIMAC|GRAU|SAN ANTONIO,357.0,185.0,172.0
030710,distrito,SANTA ROSA,APURIMAC|GRAU|SANTA ROSA,631.0,297.0,334.0
030711,distrito,TURPAY,APURIMAC|GRAU|TURPAY,712.0,364.0,348.0
030712,distrito,VILCABAMBA,APURIMAC|GRAU|VILCABAMBA,1460.0,689.0,771.0
030713,distrito,VIRUNDO,APURIMAC|GRAU|VIRUNDO,920.0,488.0,432.0
030714,distrito,CURASCO,APURIMAC|GRAU|CURASCO,1340.0,680.0,660.0
040101,distrito,AREQUIPA,AREQUIPA|AREQUIPA|AREQUIPA,56148.0,26984.0,29164.0
040102,distrito,ALTO SELVA ALEGRE,AREQUIPA|AREQUIPA|ALTO SELVA ALEGRE,105592.0,51611.0,53981.0
040103,distrito,CAYMA,AREQUIPA|AREQUIPA|CAYMA,111190.0,53968.0,57222.0
040104,distrito,CERRO COLORADO,AREQUIPA|AREQUIPA|CERRO COLORADO,273339.0,135017.0,138322.0
040105,distrito,CHARACATO,AREQUIPA|AREQUIPA|CHARACATO,20346.0,10235.0,10111.0
040106,distrito,CHIGUATA,AREQUIPA|AREQUIPA|CHIGUATA,4467.0,2338.0,2129.0
040107,distrito,JACOBO HUNTER,AREQUIPA|AREQUIPA|JACOBO HUNTER,55833.0,27187.0,28646.0
040108,distrito,LA JOYA,AREQUIPA|AREQUIPA|LA JOYA,58535.0,29161.0,29374.0
040109,distrito,MARIANO MELGAR,AREQUIPA|AREQUIPA|MARIANO MELGAR,73969.0,36203.0,37766.0
040110,distrito,MIRAFLORES,AREQUIPA|AREQUIPA|MIRAFLORES,75843.0,37289.0,38554.0
040111,distrito,MOLLEBAYA,AREQUIPA|AREQUIPA|MOLLEBAYA,8621.0,4347.0,4274.0
040112,distrito,PAUCARPATA,AREQUIPA|AREQUIPA|PAUCARPATA,153023.0,75333.0,77690.0
040113,distrito,POCSI,AREQUIPA|AREQUIPA|POCSI,862.0,432.0,430.0
040114,distrito,POLOBAYA,AREQUIPA|AREQUIPA|POLOBAYA,1567.0,784.0,783.0
040115,distrito,QUEQUENA,AREQUIPA|AREQUIPA|QUEQUENA,7150.0,3571.0,3579.0
040116,distrito,SABANDIA,AREQUIPA|AREQUIPA|SABANDIA,9674.0,4881.0,4793.0
040117,distrito,SACHACA,AREQUIPA|AREQUIPA|SACHACA,29617.0,14441.0,15176.0
040118,distrito,SAN JUAN DE SIGUAS,AREQUIPA|AREQUIPA|SAN JUAN DE SIGUAS,737.0,347.0,390.0
040119,distrito,SAN JUAN DE TARUCANI,AREQUIPA|AREQUIPA|SAN JUAN DE TARUCANI,2518.0,1314.0,1204.0
040120,distrito,SANTA ISABEL DE SIGUAS,AREQUIPA|AREQUIPA|SANTA ISABEL DE SIGUAS,1016.0,545.0,471.0
040121,distrito,SANTA RITA DE SIGUAS,AREQUIPA|AREQUIPA|SANTA RITA DE SIGUAS,7456.0,3708.0,3748.0
040122,distrito,SOCABAYA,AREQUIPA|AREQUIPA|SOCABAYA,86855.0,43617.0,43238.0
040123,distrito,TIABAYA,AREQUIPA|AREQUIPA|TIABAYA,18166.0,8799.0,9367.0
040124,distrito,UCHUMAYO,AREQUIPA|AREQUIPA|UCHUMAYO,17988.0,8901.0,9087.0
040125,distrito,VITOR,AREQUIPA|AREQUIPA|VITOR,6374.0,3278.0,3096.0
040126,distrito,YANAHUARA,AREQUIPA|AREQUIPA|YANAHUARA,28846.0,13621.0,15225.0
040127,distrito,YARABAMBA,AREQUIPA|AREQUIPA|YARABAMBA,3120.0,1621.0,1499.0
040128,distrito,YURA,AREQUIPA|AREQUIPA|YURA,61231.0,30795.0,30436.0
040129,distrito,JOSE LUIS BUSTAMANTE Y RIVERO,AREQUIPA|AREQUIPA|JOSE LUIS BUSTAMANTE Y RIVERO,102243.0,49699.0,52544.0
040201,distrito,CAMANA,AREQUIPA|CAMANA|CAMANA,13623.0,6679.0,6944.0
040202,distrito,JOSE MARIA QUIMPER,AREQUIPA|CAMANA|JOSE MARIA QUIMPER,6272.0,3068.0,3204.0
040203,distrito,MARIANO NICOLAS VALCARCEL,AREQUIPA|CAMANA|MARIANO NICOLAS VALCARCEL,14715.0,8069.0,6646.0
040204,distrito,MARISCAL CACERES,AREQUIPA|CAMANA|MARISCAL CACERES,8085.0,4231.0,3854.0
040205,distrito,NICOLAS DE PIEROLA,AREQUIPA|CAMANA|NICOLAS DE PIEROLA,9148.0,4638.0,4510.0
040206,distrito,OCONA,AREQUIPA|CAMANA|OCONA,4568.0,2398.0,2170.0
040207,distrito,QUILCA,AREQUIPA|CAMANA|QUILCA,1107.0,599.0,508.0
040208,distrito,SAMUEL PASTOR,AREQUIPA|CAMANA|SAMUEL PASTOR,19704.0,9863.0,9841.0
040301,distrito,CARAVELI,AREQUIPA|CARAVELI|CARAVELI,6613.0,3428.0,3185.0
040302,distrito,ACARI,AREQUIPA|CARAVELI|ACARI,3366.0,1760.0,1606.0
040303,distrito,ATICO,AREQUIPA|CARAVELI|ATICO,6358.0,3381.0,2977.0
040304,distrito,ATIQUIPA,AREQUIPA|CARAVELI|ATIQUIPA,863.0,407.0,456.0
040305,distrito,BELLA UNION,AREQUIPA|CARAVELI|BELLA UNION,6043.0,3259.0,2784.0
040306,distrito,CAHUACHO,AREQUIPA|CARAVELI|CAHUACHO,765.0,370.0,395.0
040307,distrito,CHALA,AREQUIPA|CARAVELI|CHALA,15728.0,8221.0,7507.0
040308,distrito,CHAPARRA,AREQUIPA|CARAVELI|CHAPARRA,4873.0,2601.0,2272.0
040309,distrito,HUANUHUANU,AREQUIPA|CARAVELI|HUANUHUANU,4365.0,2361.0,2004.0
040310,distrito,JAQUI,AREQUIPA|CARAVELI|JAQUI,2285.0,1185.0,1100.0
040311,distrito,LOMAS,AREQUIPA|CARAVELI|LOMAS,2472.0,1288.0,1184.0
040312,distrito,QUICACHA,AREQUIPA|CARAVELI|QUICACHA,2402.0,1253.0,1149.0
040313,distrito,YAUCA,AREQUIPA|CARAVELI|YAUCA,3435.0,1750.0,1685.0
040401,distrito,APLAO,AREQUIPA|CASTILLA|APLAO,10244.0,5108.0,5136.0
040402,distrito,ANDAGUA,AREQUIPA|CASTILLA|ANDAGUA,1227.0,613.0,614.0
040403,distrito,AYO,AREQUIPA|CASTILLA|AYO,563.0,279.0,284.0
040404,distrito,CHACHAS,AREQUIPA|CASTILLA|CHACHAS,1487.0,786.0,701.0
040405,distrito,CHILCAYMARCA,AREQUIPA|CASTILLA|CHILCAYMARCA,1196.0,602.0,594.0
040406,distrito,CHOCO,AREQUIPA|CASTILLA|CHOCO,1476.0,837.0,639.0
040407,distrito,HUANCARQUI,AREQUIPA|CASTILLA|HUANCARQUI,1624.0,833.0,791.0
040408,distrito,MACHAGUAY,AREQUIPA|CASTILLA|MACHAGUAY,700.0,374.0,326.0
040409,distrito,ORCOPAMPA,AREQUIPA|CASTILLA|ORCOPAMPA,5321.0,2642.0,2679.0
040410,distrito,PAMPACOLCA,AREQUIPA|CASTILLA|PAMPACOLCA,2068.0,1035.0,1033.0
040411,distrito,TIPAN,AREQUIPA|CASTILLA|TIPAN,514.0,272.0,242.0
040412,distrito,UNON,AREQUIPA|CASTILLA|UNON,234.0,125.0,109.0
040413,distrito,URACA,AREQUIPA|CASTILLA|URACA,7066.0,3579.0,3487.0
040414,distrito,VIRACO,AREQUIPA|CASTILLA|VIRACO,1539.0,802.0,737.0
040501,distrito,CHIVAY,AREQUIPA|CAYLLOMA|CHIVAY,7399.0,3973.0,3426.0
040502,distrito,ACHOMA,AREQUIPA|CAYLLOMA|ACHOMA,1287.0,674.0,613.0
040503,distrito,CABANACONDE,AREQUIPA|CAYLLOMA|CABANACONDE,3113.0,1670.0,1443.0
040504,distrito,CALLALLI,AREQUIPA|CAYLLOMA|CALLALLI,2921.0,1580.0,1341.0
040505,distrito,CAYLLOMA,AREQUIPA|CAYLLOMA|CAYLLOMA,5577.0,3093.0,2484.0
040506,distrito,COPORAQUE,AREQUIPA|CAYLLOMA|COPORAQUE,2187.0,1120.0,1067.0
040507,distrito,HUAMBO,AREQUIPA|CAYLLOMA|HUAMBO,1442.0,838.0,604.0
040508,distrito,HUANCA,AREQUIPA|CAYLLOMA|HUANCA,1310.0,702.0,608.0
040509,distrito,ICHUPAMPA,AREQUIPA|CAYLLOMA|ICHUPAMPA,1012.0,547.0,465.0
040510,distrito,LARI,AREQUIPA|CAYLLOMA|LARI,1246.0,684.0,562.0
040511,distrito,LLUTA,AREQUIPA|CAYLLOMA|LLUTA,1107.0,620.0,487.0
040512,distrito,MACA,AREQUIPA|CAYLLOMA|MACA,1072.0,541.0,531.0
040513,distrito,MADRIGAL,AREQUIPA|CAYLLOMA|MADRIGAL,909.0,453.0,456.0
040514,distrito,SAN ANTONIO DE CHUCA,AREQUIPA|CAYLLOMA|SAN ANTONIO DE CHUCA,1719.0,921.0,798.0
040515,distrito,SIBAYO,AREQUIPA|CAYLLOMA|SIBAYO,1234.0,661.0,573.0
040516,distrito,TAPAY,AREQUIPA|CAYLLOMA|TAPAY,1134.0,662.0,472.0
040517,distrito,TISCO,AREQUIPA|CAYLLOMA|TISCO,2994.0,1642.0,1352.0
040518,distrito,TUTI,AREQUIPA|CAYLLOMA|TUTI,1019.0,562.0,457.0
040519,distrito,YANQUE,AREQUIPA|CAYLLOMA|YANQUE,3365.0,1879.0,1486.0
040520,distrito,MAJES,AREQUIPA|CAYLLOMA|MAJES,119616.0,64067.0,55549.0
040601,distrito,CHUQUIBAMBA,AREQUIPA|CONDESUYOS|CHUQUIBAMBA,3941.0,1895.0,2046.0
040602,distrito,ANDARAY,AREQUIPA|CONDESUYOS|ANDARAY,520.0,241.0,279.0
040603,distrito,CAYARANI,AREQUIPA|CONDESUYOS|CAYARANI,3195.0,1675.0,1520.0
040604,distrito,CHICHAS,AREQUIPA|CONDESUYOS|CHICHAS,519.0,282.0,237.0
040605,distrito,IRAY,AREQUIPA|CONDESUYOS|IRAY,729.0,384.0,345.0
040606,distrito,RIO GRANDE,AREQUIPA|CONDESUYOS|RIO GRANDE,5315.0,2927.0,2388.0
040607,distrito,SALAMANCA,AREQUIPA|CONDESUYOS|SALAMANCA,506.0,241.0,265.0
040608,distrito,YANAQUIHUA,AREQUIPA|CONDESUYOS|YANAQUIHUA,6192.0,3237.0,2955.0
040701,distrito,MOLLENDO,AREQUIPA|ISLAY|MOLLENDO,29504.0,14677.0,14827.0
040702,distrito,COCACHACRA,AREQUIPA|ISLAY|COCACHACRA,11040.0,5570.0,5470.0
040703,distrito,DEAN VALDIVIA,AREQUIPA|ISLAY|DEAN VALDIVIA,7211.0,3582.0,3629.0
040704,distrito,ISLAY,AREQUIPA|ISLAY|ISLAY,6285.0,3195.0,3090.0
040705,distrito,MEJIA,AREQUIPA|ISLAY|MEJIA,1735.0,896.0,839.0
040706,distrito,PUNTA DE BOMBON,AREQUIPA|ISLAY|PUNTA DE BOMBON,7375.0,3692.0,3683.0
040801,distrito,COTAHUASI,AREQUIPA|LA UNION|COTAHUASI,3479.0,1738.0,1741.0
040802,distrito,ALCA,AREQUIPA|LA UNION|ALCA,1862.0,904.0,958.0
040803,distrito,CHARCANA,AREQUIPA|LA UNION|CHARCANA,635.0,317.0,318.0
040804,distrito,HUAYNACOTAS,AREQUIPA|LA UNION|HUAYNACOTAS,1771.0,879.0,892.0
040805,distrito,PAMPAMARCA,AREQUIPA|LA UNION|PAMPAMARCA,1867.0,934.0,933.0
040806,distrito,PUYCA,AREQUIPA|LA UNION|PUYCA,2534.0,1295.0,1239.0
040807,distrito,QUECHUALLA,AREQUIPA|LA UNION|QUECHUALLA,264.0,147.0,117.0
040808,distrito,SAYLA,AREQUIPA|LA UNION|SAYLA,412.0,213.0,199.0
040809,distrito,TAURIA,AREQUIPA|LA UNION|TAURIA,294.0,146.0,148.0
040810,distrito,TOMEPAMPA,AREQUIPA|LA UNION|TOMEPAMPA,689.0,338.0,351.0
040811,distrito,TORO,AREQUIPA|LA UNION|TORO,642.0,318.0,324.0
050101,distrito,AYACUCHO,AYACUCHO|HUAMANGA|AYACUCHO,102170.0,49169.0,53001.0
050102,distrito,ACOCRO,AYACUCHO|HUAMANGA|ACOCRO,10227.0,5221.0,5006.0
050103,distrito,ACOS VINCHOS,AYACUCHO|HUAMANGA|ACOS VINCHOS,5552.0,2773.0,2779.0
050104,distrito,CARMEN ALTO,AYACUCHO|HUAMANGA|CARMEN ALTO,34649.0,16745.0,17904.0
050105,distrito,CHIARA,AYACUCHO|HUAMANGA|CHIARA,7032.0,3497.0,3535.0
050106,distrito,OCROS,AYACUCHO|HUAMANGA|OCROS,6914.0,3559.0,3355.0
050107,distrito,PACAYCASA,AYACUCHO|HUAMANGA|PACAYCASA,3507.0,1771.0,1736.0
050108,distrito,QUINUA,AYACUCHO|HUAMANGA|QUINUA,5802.0,2851.0,2951.0
050109,distrito,SAN JOSE DE TICLLAS,AYACUCHO|HUAMANGA|SAN JOSE DE TICLLAS,2086.0,1030.0,1056.0
050110,distrito,SAN JUAN BAUTISTA,AYACUCHO|HUAMANGA|SAN JUAN BAUTISTA,53979.0,26025.0,27954.0
050111,distrito,SANTIAGO DE PISCHA,AYACUCHO|HUAMANGA|SANTIAGO DE PISCHA,1803.0,869.0,934.0
050112,distrito,SOCOS,AYACUCHO|HUAMANGA|SOCOS,6659.0,3274.0,3385.0
050113,distrito,TAMBILLO,AYACUCHO|HUAMANGA|TAMBILLO,8169.0,4154.0,4015.0
050114,distrito,VINCHOS,AYACUCHO|HUAMANGA|VINCHOS,16139.0,7957.0,8182.0
050115,distrito,JESUS NAZARENO,AYACUCHO|HUAMANGA|JESUS NAZARENO,21823.0,10569.0,11254.0
050116,distrito,ANDRES AVELINO CACERES DORREGARAY,AYACUCHO|HUAMANGA|ANDRES AVELINO CACERES DORREGARAY,31601.0,16512.0,15089.0
050201,distrito,CANGALLO,AYACUCHO|CANGALLO|CANGALLO,7742.0,3637.0,4105.0
050202,distrito,CHUSCHI,AYACUCHO|CANGALLO|CHUSCHI,10429.0,5331.0,5098.0
050203,distrito,LOS MOROCHUCOS,AYACUCHO|CANGALLO|LOS MOROCHUCOS,10307.0,5056.0,5251.0
050204,distrito,MARIA PARADO DE BELLIDO,AYACUCHO|CANGALLO|MARIA PARADO DE BELLIDO,3427.0,1674.0,1753.0
050205,distrito,PARAS,AYACUCHO|CANGALLO|PARAS,5767.0,2793.0,2974.0
050206,distrito,TOTOS,AYACUCHO|CANGALLO|TOTOS,3527.0,1684.0,1843.0
050301,distrito,SANCOS,AYACUCHO|HUANCA SANCOS|SANCOS,3252.0,1547.0,1705.0
050302,distrito,CARAPO,AYACUCHO|HUANCA SANCOS|CARAPO,1814.0,830.0,984.0
050303,distrito,SACSAMARCA,AYACUCHO|HUANCA SANCOS|SACSAMARCA,1223.0,580.0,643.0
050304,distrito,SANTIAGO DE LUCANAMARCA,AYACUCHO|HUANCA SANCOS|SANTIAGO DE LUCANAMARCA,2200.0,1028.0,1172.0
050401,distrito,HUANTA,AYACUCHO|HUANTA|HUANTA,44462.0,20882.0,23580.0
050402,distrito,AYAHUANCO,AYACUCHO|HUANTA|AYAHUANCO,1775.0,881.0,894.0
050403,distrito,HUAMANGUILLA,AYACUCHO|HUANTA|HUAMANGUILLA,4727.0,2219.0,2508.0
050404,distrito,IGUAIN,AYACUCHO|HUANTA|IGUAIN,3291.0,1576.0,1715.0
050405,distrito,LURICOCHA,AYACUCHO|HUANTA|LURICOCHA,8159.0,3929.0,4230.0
050406,distrito,SANTILLANA,AYACUCHO|HUANTA|SANTILLANA,5165.0,2634.0,2531.0
050407,distrito,SIVIA,AYACUCHO|HUANTA|SIVIA,14285.0,7540.0,6745.0
050408,distrito,LLOCHEGUA,AYACUCHO|HUANTA|LLOCHEGUA,11800.0,6065.0,5735.0
050409,distrito,CANAYRE,AYACUCHO|HUANTA|CANAYRE,5063.0,2742.0,2321.0
050410,distrito,UCHURACCAY,AYACUCHO|HUANTA|UCHURACCAY,4692.0,2395.0,2297.0
050411,distrito,PUCACOLPA,AYACUCHO|HUANTA|PUCACOLPA,3281.0,1679.0,1602.0
050412,distrito,CHACA,AYACUCHO|HUANTA|CHACA,3059.0,1518.0,1541.0
050413,distrito,PUTIS,AYACUCHO|HUANTA|PUTIS,309.0,173.0,136.0
050501,distrito,SAN MIGUEL,AYACUCHO|LA MAR|SAN MIGUEL,8493.0,4160.0,4333.0
050502,distrito,ANCO,AYACUCHO|LA MAR|ANCO,8849.0,4599.0,4250.0
050503,distrito,AYNA,AYACUCHO|LA MAR|AYNA,10275.0,5300.0,4975.0
050504,distrito,CHILCAS,AYACUCHO|LA MAR|CHILCAS,1649.0,831.0,818.0
050505,distrito,CHUNGUI,AYACUCHO|LA MAR|CHUNGUI,3395.0,1736.0,1659.0
050506,distrito,LUIS CARRANZA,AYACUCHO|LA MAR|LUIS CARRANZA,1457.0,743.0,714.0
050507,distrito,SANTA ROSA,AYACUCHO|LA MAR|SANTA ROSA,12901.0,6681.0,6220.0
050508,distrito,TAMBO,AYACUCHO|LA MAR|TAMBO,11656.0,5720.0,5936.0
050509,distrito,SAMUGARI,AYACUCHO|LA MAR|SAMUGARI,8388.0,4351.0,4037.0
050510,distrito,ANCHIHUAY,AYACUCHO|LA MAR|ANCHIHUAY,4698.0,2468.0,2230.0
050511,distrito,ORONCCOY,AYACUCHO|LA MAR|ORONCCOY,1206.0,630.0,576.0
050512,distrito,UNION PROGRESO,AYACUCHO|LA MAR|UNION PROGRESO,2663.0,1361.0,1302.0
050513,distrito,RIO MAGDALENA,AYACUCHO|LA MAR|RIO MAGDALENA,2172.0,1122.0,1050.0
050514,distrito,NINABAMBA,AYACUCHO|LA MAR|NINABAMBA,2197.0,1123.0,1074.0
050515,distrito,PATIBAMBA,AYACUCHO|LA MAR|PATIBAMBA,2286.0,1168.0,1118.0
050601,distrito,PUQUIO,AYACUCHO|LUCANAS|PUQUIO,13640.0,6548.0,7092.0
050602,distrito,AUCARA,AYACUCHO|LUCANAS|AUCARA,2486.0,1190.0,1296.0
050603,distrito,CABANA,AYACUCHO|LUCANAS|CABANA,1380.0,654.0,726.0
050604,distrito,CARMEN SALCEDO,AYACUCHO|LUCANAS|CARMEN SALCEDO,1232.0,582.0,650.0
050605,distrito,CHAVINA,AYACUCHO|LUCANAS|CHAVINA,2085.0,1039.0,1046.0
050606,distrito,CHIPAO,AYACUCHO|LUCANAS|CHIPAO,2529.0,1245.0,1284.0
050607,distrito,HUAC-HUAS,AYACUCHO|LUCANAS|HUAC-HUAS,1771.0,938.0,833.0
050608,distrito,LARAMATE,AYACUCHO|LUCANAS|LARAMATE,1625.0,884.0,741.0
050609,distrito,LEONCIO PRADO,AYACUCHO|LUCANAS|LEONCIO PRADO,1583.0,856.0,727.0
050610,distrito,LLAUTA,AYACUCHO|LUCANAS|LLAUTA,1208.0,702.0,506.0
050611,distrito,LUCANAS,AYACUCHO|LUCANAS|LUCANAS,2824.0,1423.0,1401.0
050612,distrito,OCANA,AYACUCHO|LUCANAS|OCANA,2565.0,1311.0,1254.0
050613,distrito,OTOCA,AYACUCHO|LUCANAS|OTOCA,2060.0,1160.0,900.0
050614,distrito,SAISA,AYACUCHO|LUCANAS|SAISA,473.0,270.0,203.0
050615,distrito,SAN CRISTOBAL,AYACUCHO|LUCANAS|SAN CRISTOBAL,1379.0,678.0,701.0
050616,distrito,SAN JUAN,AYACUCHO|LUCANAS|SAN JUAN,558.0,286.0,272.0
050617,distrito,SAN PEDRO,AYACUCHO|LUCANAS|SAN PEDRO,2336.0,1150.0,1186.0
050618,distrito,SAN PEDRO DE PALCO,AYACUCHO|LUCANAS|SAN PEDRO DE PALCO,1259.0,662.0,597.0
050619,distrito,SANCOS,AYACUCHO|LUCANAS|SANCOS,6017.0,3309.0,2708.0
050620,distrito,SANTA ANA DE HUAYCAHUACHO,AYACUCHO|LUCANAS|SANTA ANA DE HUAYCAHUACHO,700.0,333.0,367.0
050621,distrito,SANTA LUCIA,AYACUCHO|LUCANAS|SANTA LUCIA,1411.0,726.0,685.0
050701,distrito,CORACORA,AYACUCHO|PARINACOCHAS|CORACORA,13645.0,6523.0,7122.0
050702,distrito,CHUMPI,AYACUCHO|PARINACOCHAS|CHUMPI,2122.0,1019.0,1103.0
050703,distrito,CORONEL CASTANEDA,AYACUCHO|PARINACOCHAS|CORONEL CASTANEDA,1397.0,711.0,686.0
050704,distrito,PACAPAUSA,AYACUCHO|PARINACOCHAS|PACAPAUSA,693.0,329.0,364.0
050705,distrito,PULLO,AYACUCHO|PARINACOCHAS|PULLO,8969.0,4646.0,4323.0
050706,distrito,PUYUSCA,AYACUCHO|PARINACOCHAS|PUYUSCA,2445.0,1201.0,1244.0
050707,distrito,SAN FRANCISCO DE RIVACAYCO,AYACUCHO|PARINACOCHAS|SAN FRANCISCO DE RIVACAYCO,600.0,308.0,292.0
050708,distrito,UPAHUACHO,AYACUCHO|PARINACOCHAS|UPAHUACHO,1232.0,602.0,630.0
050801,distrito,PAUSA,AYACUCHO|PAUCAR DEL SARA SARA|PAUSA,3993.0,1975.0,2018.0
050802,distrito,COLTA,AYACUCHO|PAUCAR DEL SARA SARA|COLTA,932.0,577.0,355.0
050803,distrito,CORCULLA,AYACUCHO|PAUCAR DEL SARA SARA|CORCULLA,548.0,252.0,296.0
050804,distrito,LAMPA,AYACUCHO|PAUCAR DEL SARA SARA|LAMPA,2455.0,1222.0,1233.0
050805,distrito,MARCABAMBA,AYACUCHO|PAUCAR DEL SARA SARA|MARCABAMBA,643.0,315.0,328.0
050806,distrito,OYOLO,AYACUCHO|PAUCAR DEL SARA SARA|OYOLO,1100.0,541.0,559.0
050807,distrito,PARARCA,AYACUCHO|PAUCAR DEL SARA SARA|PARARCA,484.0,261.0,223.0
050808,distrito,SAN JAVIER DE ALPABAMBA,AYACUCHO|PAUCAR DEL SARA SARA|SAN JAVIER DE ALPABAMBA,485.0,249.0,236.0
050809,distrito,SAN JOSE DE USHUA,AYACUCHO|PAUCAR DEL SARA SARA|SAN JOSE DE USHUA,263.0,134.0,129.0
050810,distrito,SARA SARA,AYACUCHO|PAUCAR DEL SARA SARA|SARA SARA,505.0,240.0,265.0
050901,distrito,QUEROBAMBA,AYACUCHO|SUCRE|QUEROBAMBA,2857.0,1375.0,1482.0
050902,distrito,BELEN,AYACUCHO|SUCRE|BELEN,340.0,176.0,164.0
050903,distrito,CHALCOS,AYACUCHO|SUCRE|CHALCOS,671.0,333.0,338.0
050904,distrito,CHILCAYOC,AYACUCHO|SUCRE|CHILCAYOC,832.0,439.0,393.0
050905,distrito,HUACANA,AYACUCHO|SUCRE|HUACANA,387.0,197.0,190.0
050906,distrito,MORCOLLA,AYACUCHO|SUCRE|MORCOLLA,1178.0,574.0,604.0
050907,distrito,PAICO,AYACUCHO|SUCRE|PAICO,616.0,311.0,305.0
050908,distrito,SAN PEDRO DE LARCAY,AYACUCHO|SUCRE|SAN PEDRO DE LARCAY,972.0,473.0,499.0
050909,distrito,SAN SALVADOR DE QUIJE,AYACUCHO|SUCRE|SAN SALVADOR DE QUIJE,1134.0,567.0,567.0
050910,distrito,SANTIAGO DE PAUCARAY,AYACUCHO|SUCRE|SANTIAGO DE PAUCARAY,589.0,268.0,321.0
050911,distrito,SORAS,AYACUCHO|SUCRE|SORAS,1056.0,495.0,561.0
051001,distrito,HUANCAPI,AYACUCHO|VICTOR FAJARDO|HUANCAPI,1702.0,789.0,913.0
051002,distrito,ALCAMENCA,AYACUCHO|VICTOR FAJARDO|ALCAMENCA,2101.0,1043.0,1058.0
051003,distrito,APONGO,AYACUCHO|VICTOR FAJARDO|APONGO,778.0,353.0,425.0
051004,distrito,ASQUIPATA,AYACUCHO|VICTOR FAJARDO|ASQUIPATA,432.0,218.0,214.0
051005,distrito,CANARIA,AYACUCHO|VICTOR FAJARDO|CANARIA,3638.0,1790.0,1848.0
051006,distrito,CAYARA,AYACUCHO|VICTOR FAJARDO|CAYARA,1443.0,687.0,756.0
051007,distrito,COLCA,AYACUCHO|VICTOR FAJARDO|COLCA,1402.0,650.0,752.0
051008,distrito,HUAMANQUIQUIA,AYACUCHO|VICTOR FAJARDO|HUAMANQUIQUIA,1260.0,608.0,652.0
051009,distrito,HUANCARAYLLA,AYACUCHO|VICTOR FAJARDO|HUANCARAYLLA,1618.0,732.0,886.0
051010,distrito,HUALLA,AYACUCHO|VICTOR FAJARDO|HUALLA,2440.0,1159.0,1281.0
051011,distrito,SARHUA,AYACUCHO|VICTOR FAJARDO|SARHUA,2838.0,1376.0,1462.0
051012,distrito,VILCANCHOS,AYACUCHO|VICTOR FAJARDO|VILCANCHOS,2955.0,1402.0,1553.0
051101,distrito,VILCAS HUAMAN,AYACUCHO|VILCAS HUAMAN|VILCAS HUAMAN,7827.0,3811.0,4016.0
051102,distrito,ACCOMARCA,AYACUCHO|VILCAS HUAMAN|ACCOMARCA,1249.0,594.0,655.0
051103,distrito,CARHUANCA,AYACUCHO|VILCAS HUAMAN|CARHUANCA,1150.0,556.0,594.0
051104,distrito,CONCEPCION,AYACUCHO|VILCAS HUAMAN|CONCEPCION,2267.0,1117.0,1150.0
051105,distrito,HUAMBALPA,AYACUCHO|VILCAS HUAMAN|HUAMBALPA,2121.0,1053.0,1068.0
051106,distrito,INDEPENDENCIA,AYACUCHO|VILCAS HUAMAN|INDEPENDENCIA,1092.0,523.0,569.0
051107,distrito,SAURAMA,AYACUCHO|VILCAS HUAMAN|SAURAMA,1166.0,547.0,619.0
051108,distrito,VISCHONGO,AYACUCHO|VILCAS HUAMAN|VISCHONGO,5130.0,2525.0,2605.0
060101,distrito,CAJAMARCA,CAJAMARCA|CAJAMARCA|CAJAMARCA,242285.0,116262.0,126023.0
060102,distrito,ASUNCION,CAJAMARCA|CAJAMARCA|ASUNCION,7544.0,3583.0,3961.0
060103,distrito,CHETILLA,CAJAMARCA|CAJAMARCA|CHETILLA,3340.0,1507.0,1833.0
060104,distrito,COSPAN,CAJAMARCA|CAJAMARCA|COSPAN,6809.0,3424.0,3385.0
060105,distrito,ENCANADA,CAJAMARCA|CAJAMARCA|ENCANADA,21697.0,10350.0,11347.0
060106,distrito,JESUS,CAJAMARCA|CAJAMARCA|JESUS,17951.0,8613.0,9338.0
060107,distrito,LLACANORA,CAJAMARCA|CAJAMARCA|LLACANORA,7178.0,3469.0,3709.0
060108,distrito,LOS BANOS DEL INCA,CAJAMARCA|CAJAMARCA|LOS BANOS DEL INCA,63555.0,30585.0,32970.0
060109,distrito,MAGDALENA,CAJAMARCA|CAJAMARCA|MAGDALENA,8598.0,4174.0,4424.0
060110,distrito,MATARA,CAJAMARCA|CAJAMARCA|MATARA,3852.0,1856.0,1996.0
060111,distrito,NAMORA,CAJAMARCA|CAJAMARCA|NAMORA,10856.0,5218.0,5638.0
060112,distrito,SAN JUAN,CAJAMARCA|CAJAMARCA|SAN JUAN,4399.0,2156.0,2243.0
060201,distrito,CAJABAMBA,CAJAMARCA|CAJABAMBA|CAJABAMBA,37190.0,17832.0,19358.0
060202,distrito,CACHACHI,CAJAMARCA|CAJABAMBA|CACHACHI,27662.0,13970.0,13692.0
060203,distrito,CONDEBAMBA,CAJAMARCA|CAJABAMBA|CONDEBAMBA,15670.0,7693.0,7977.0
060204,distrito,SITACOCHA,CAJAMARCA|CAJABAMBA|SITACOCHA,9095.0,4656.0,4439.0
060301,distrito,CELENDIN,CAJAMARCA|CELENDIN|CELENDIN,32528.0,15425.0,17103.0
060302,distrito,CHUMUCH,CAJAMARCA|CELENDIN|CHUMUCH,2584.0,1324.0,1260.0
060303,distrito,CORTEGANA,CAJAMARCA|CELENDIN|CORTEGANA,6659.0,3315.0,3344.0
060304,distrito,HUASMIN,CAJAMARCA|CELENDIN|HUASMIN,11278.0,5528.0,5750.0
060305,distrito,JORGE CHAVEZ,CAJAMARCA|CELENDIN|JORGE CHAVEZ,574.0,316.0,258.0
060306,distrito,JOSE GALVEZ,CAJAMARCA|CELENDIN|JOSE GALVEZ,3298.0,1605.0,1693.0
060307,distrito,MIGUEL IGLESIAS,CAJAMARCA|CELENDIN|MIGUEL IGLESIAS,3898.0,1897.0,2001.0
060308,distrito,OXAMARCA,CAJAMARCA|CELENDIN|OXAMARCA,6029.0,2981.0,3048.0
060309,distrito,SOROCHUCO,CAJAMARCA|CELENDIN|SOROCHUCO,8348.0,4057.0,4291.0
060310,distrito,SUCRE,CAJAMARCA|CELENDIN|SUCRE,5581.0,2765.0,2816.0
060311,distrito,UTCO,CAJAMARCA|CELENDIN|UTCO,1177.0,604.0,573.0
060312,distrito,LA LIBERTAD DE PALLAN,CAJAMARCA|CELENDIN|LA LIBERTAD DE PALLAN,6485.0,3209.0,3276.0
060401,distrito,CHOTA,CAJAMARCA|CHOTA|CHOTA,55215.0,25655.0,29560.0
060402,distrito,ANGUIA,CAJAMARCA|CHOTA|ANGUIA,3104.0,1515.0,1589.0
060403,distrito,CHADIN,CAJAMARCA|CHOTA|CHADIN,3415.0,1704.0,1711.0
060404,distrito,CHIGUIRIP,CAJAMARCA|CHOTA|CHIGUIRIP,4116.0,2041.0,2075.0
060405,distrito,CHIMBAN,CAJAMARCA|CHOTA|CHIMBAN,2333.0,1185.0,1148.0
060406,distrito,CHOROPAMPA,CAJAMARCA|CHOTA|CHOROPAMPA,2390.0,1217.0,1173.0
060407,distrito,COCHABAMBA,CAJAMARCA|CHOTA|COCHABAMBA,5750.0,2745.0,3005.0
060408,distrito,CONCHAN,CAJAMARCA|CHOTA|CONCHAN,5786.0,2821.0,2965.0
060409,distrito,HUAMBOS,CAJAMARCA|CHOTA|HUAMBOS,7931.0,3789.0,4142.0
060410,distrito,LAJAS,CAJAMARCA|CHOTA|LAJAS,11331.0,5378.0,5953.0
060411,distrito,LLAMA,CAJAMARCA|CHOTA|LLAMA,7458.0,3609.0,3849.0
060412,distrito,MIRACOSTA,CAJAMARCA|CHOTA|MIRACOSTA,2866.0,1454.0,1412.0
060413,distrito,PACCHA,CAJAMARCA|CHOTA|PACCHA,4445.0,2130.0,2315.0
060414,distrito,PION,CAJAMARCA|CHOTA|PION,1345.0,690.0,655.0
060415,distrito,QUEROCOTO,CAJAMARCA|CHOTA|QUEROCOTO,8001.0,4048.0,3953.0
060416,distrito,SAN JUAN DE LICUPIS,CAJAMARCA|CHOTA|SAN JUAN DE LICUPIS,863.0,434.0,429.0
060417,distrito,TACABAMBA,CAJAMARCA|CHOTA|TACABAMBA,15672.0,7696.0,7976.0
060418,distrito,TOCMOCHE,CAJAMARCA|CHOTA|TOCMOCHE,811.0,442.0,369.0
060419,distrito,CHALAMARCA,CAJAMARCA|CHOTA|CHALAMARCA,10020.0,4809.0,5211.0
060501,distrito,CONTUMAZA,CAJAMARCA|CONTUMAZA|CONTUMAZA,8123.0,4039.0,4084.0
060502,distrito,CHILETE,CAJAMARCA|CONTUMAZA|CHILETE,3121.0,1489.0,1632.0
060503,distrito,CUPISNIQUE,CAJAMARCA|CONTUMAZA|CUPISNIQUE,1466.0,757.0,709.0
060504,distrito,GUZMANGO,CAJAMARCA|CONTUMAZA|GUZMANGO,2715.0,1338.0,1377.0
060505,distrito,SAN BENITO,CAJAMARCA|CONTUMAZA|SAN BENITO,3482.0,1766.0,1716.0
060506,distrito,SANTA CRUZ DE TOLEDO,CAJAMARCA|CONTUMAZA|SANTA CRUZ DE TOLEDO,1038.0,542.0,496.0
060507,distrito,TANTARICA,CAJAMARCA|CONTUMAZA|TANTARICA,2173.0,1108.0,1065.0
060508,distrito,YONAN,CAJAMARCA|CONTUMAZA|YONAN,7537.0,3722.0,3815.0
060601,distrito,CUTERVO,CAJAMARCA|CUTERVO|CUTERVO,54939.0,26085.0,28854.0
060602,distrito,CALLAYUC,CAJAMARCA|CUTERVO|CALLAYUC,9928.0,5036.0,4892.0
060603,distrito,CHOROS,CAJAMARCA|CUTERVO|CHOROS,3213.0,1633.0,1580.0
060604,distrito,CUJILLO,CAJAMARCA|CUTERVO|CUJILLO,2341.0,1200.0,1141.0
060605,distrito,LA RAMADA,CAJAMARCA|CUTERVO|LA RAMADA,3479.0,1726.0,1753.0
060606,distrito,PIMPINGOS,CAJAMARCA|CUTERVO|PIMPINGOS,5497.0,2841.0,2656.0
060607,distrito,QUEROCOTILLO,CAJAMARCA|CUTERVO|QUEROCOTILLO,13147.0,6505.0,6642.0
060608,distrito,SAN ANDRES DE CUTERVO,CAJAMARCA|CUTERVO|SAN ANDRES DE CUTERVO,4142.0,2087.0,2055.0
060609,distrito,SAN JUAN DE CUTERVO,CAJAMARCA|CUTERVO|SAN JUAN DE CUTERVO,2181.0,1128.0,1053.0
060610,distrito,SAN LUIS DE LUCMA,CAJAMARCA|CUTERVO|SAN LUIS DE LUCMA,2737.0,1356.0,1381.0
060611,distrito,SANTA CRUZ,CAJAMARCA|CUTERVO|SANTA CRUZ,2757.0,1386.0,1371.0
060612,distrito,SANTO DOMINGO DE LA CAPILLA,CAJAMARCA|CUTERVO|SANTO DOMINGO DE LA CAPILLA,4687.0,2352.0,2335.0
060613,distrito,SANTO TOMAS,CAJAMARCA|CUTERVO|SANTO TOMAS,7576.0,3872.0,3704.0
060614,distrito,SOCOTA,CAJAMARCA|CUTERVO|SOCOTA,9071.0,4442.0,4629.0
060615,distrito,TORIBIO CASANOVA,CAJAMARCA|CUTERVO|TORIBIO CASANOVA,1245.0,625.0,620.0
060701,distrito,BAMBAMARCA,CAJAMARCA|HUALGAYOC|BAMBAMARCA,69146.0,32794.0,36352.0
060702,distrito,CHUGUR,CAJAMARCA|HUALGAYOC|CHUGUR,2881.0,1417.0,1464.0
060703,distrito,HUALGAYOC,CAJAMARCA|HUALGAYOC|HUALGAYOC,12392.0,5835.0,6557.0
060801,distrito,JAEN,CAJAMARCA|JAEN|JAEN,112826.0,55239.0,57587.0
060802,distrito,BELLAVISTA,CAJAMARCA|JAEN|BELLAVISTA,17452.0,9002.0,8450.0
060803,distrito,CHONTALI,CAJAMARCA|JAEN|CHONTALI,10481.0,5448.0,5033.0
060804,distrito,COLASAY,CAJAMARCA|JAEN|COLASAY,10847.0,5558.0,5289.0
060805,distrito,HUABAL,CAJAMARCA|JAEN|HUABAL,7910.0,4055.0,3855.0
060806,distrito,LAS PIRIAS,CAJAMARCA|JAEN|LAS PIRIAS,4428.0,2290.0,2138.0
060807,distrito,POMAHUACA,CAJAMARCA|JAEN|POMAHUACA,9588.0,4858.0,4730.0
060808,distrito,PUCARA,CAJAMARCA|JAEN|PUCARA,7115.0,3504.0,3611.0
060809,distrito,SALLIQUE,CAJAMARCA|JAEN|SALLIQUE,7345.0,3764.0,3581.0
060810,distrito,SAN FELIPE,CAJAMARCA|JAEN|SAN FELIPE,4906.0,2541.0,2365.0
060811,distrito,SAN JOSE DEL ALTO,CAJAMARCA|JAEN|SAN JOSE DEL ALTO,7663.0,3993.0,3670.0
060812,distrito,SANTA ROSA,CAJAMARCA|JAEN|SANTA ROSA,10852.0,5638.0,5214.0
060901,distrito,SAN IGNACIO,CAJAMARCA|SAN IGNACIO|SAN IGNACIO,41116.0,20922.0,20194.0
060902,distrito,CHIRINOS,CAJAMARCA|SAN IGNACIO|CHIRINOS,16703.0,8709.0,7994.0
060903,distrito,HUARANGO,CAJAMARCA|SAN IGNACIO|HUARANGO,19619.0,10190.0,9429.0
060904,distrito,LA COIPA,CAJAMARCA|SAN IGNACIO|LA COIPA,22450.0,11729.0,10721.0
060905,distrito,NAMBALLE,CAJAMARCA|SAN IGNACIO|NAMBALLE,10492.0,5463.0,5029.0
060906,distrito,SAN JOSE DE LOURDES,CAJAMARCA|SAN IGNACIO|SAN JOSE DE LOURDES,19209.0,10079.0,9130.0
060907,distrito,TABACONAS,CAJAMARCA|SAN IGNACIO|TABACONAS,21081.0,10787.0,10294.0
061001,distrito,PEDRO GALVEZ,CAJAMARCA|SAN MARCOS|PEDRO GALVEZ,21816.0,10559.0,11257.0
061002,distrito,CHANCAY,CAJAMARCA|SAN MARCOS|CHANCAY,3189.0,1592.0,1597.0
061003,distrito,EDUARDO VILLANUEVA,CAJAMARCA|SAN MARCOS|EDUARDO VILLANUEVA,3392.0,1647.0,1745.0
061004,distrito,GREGORIO PITA,CAJAMARCA|SAN MARCOS|GREGORIO PITA,5492.0,2707.0,2785.0
061005,distrito,ICHOCAN,CAJAMARCA|SAN MARCOS|ICHOCAN,1895.0,885.0,1010.0
061006,distrito,JOSE MANUEL QUIROZ,CAJAMARCA|SAN MARCOS|JOSE MANUEL QUIROZ,3666.0,1802.0,1864.0
061007,distrito,JOSE SABOGAL,CAJAMARCA|SAN MARCOS|JOSE SABOGAL,15090.0,7553.0,7537.0
061101,distrito,SAN MIGUEL,CAJAMARCA|SAN MIGUEL|SAN MIGUEL,13907.0,6568.0,7339.0
061102,distrito,BOLIVAR,CAJAMARCA|SAN MIGUEL|BOLIVAR,1353.0,689.0,664.0
061103,distrito,CALQUIS,CAJAMARCA|SAN MIGUEL|CALQUIS,4097.0,1946.0,2151.0
061104,distrito,CATILLUC,CAJAMARCA|SAN MIGUEL|CATILLUC,2970.0,1468.0,1502.0
061105,distrito,EL PRADO,CAJAMARCA|SAN MIGUEL|EL PRADO,1601.0,790.0,811.0
061106,distrito,LA FLORIDA,CAJAMARCA|SAN MIGUEL|LA FLORIDA,2062.0,982.0,1080.0
061107,distrito,LLAPA,CAJAMARCA|SAN MIGUEL|LLAPA,4144.0,1969.0,2175.0
061108,distrito,NANCHOC,CAJAMARCA|SAN MIGUEL|NANCHOC,1333.0,674.0,659.0
061109,distrito,NIEPOS,CAJAMARCA|SAN MIGUEL|NIEPOS,3254.0,1552.0,1702.0
061110,distrito,SAN GREGORIO,CAJAMARCA|SAN MIGUEL|SAN GREGORIO,2403.0,1216.0,1187.0
061111,distrito,SAN SILVESTRE DE COCHAN,CAJAMARCA|SAN MIGUEL|SAN SILVESTRE DE COCHAN,3802.0,1852.0,1950.0
061112,distrito,TONGOD,CAJAMARCA|SAN MIGUEL|TONGOD,3010.0,1510.0,1500.0
061113,distrito,UNION AGUA BLANCA,CAJAMARCA|SAN MIGUEL|UNION AGUA BLANCA,3075.0,1526.0,1549.0
061201,distrito,SAN PABLO,CAJAMARCA|SAN PABLO|SAN PABLO,13157.0,6235.0,6922.0
061202,distrito,SAN BERNARDINO,CAJAMARCA|SAN PABLO|SAN BERNARDINO,4100.0,2035.0,2065.0
061203,distrito,SAN LUIS,CAJAMARCA|SAN PABLO|SAN LUIS,905.0,451.0,454.0
061204,distrito,TUMBADEN,CAJAMARCA|SAN PABLO|TUMBADEN,3349.0,1539.0,1810.0
061301,distrito,SANTA CRUZ,CAJAMARCA|SANTA CRUZ|SANTA CRUZ,9664.0,4576.0,5088.0
061302,distrito,ANDABAMBA,CAJAMARCA|SANTA CRUZ|ANDABAMBA,1237.0,578.0,659.0
061303,distrito,CATACHE,CAJAMARCA|SANTA CRUZ|CATACHE,8629.0,4283.0,4346.0
061304,distrito,CHANCAYBANOS,CAJAMARCA|SANTA CRUZ|CHANCAYBANOS,3270.0,1572.0,1698.0
061305,distrito,LA ESPERANZA,CAJAMARCA|SANTA CRUZ|LA ESPERANZA,2124.0,1053.0,1071.0
061306,distrito,NINABAMBA,CAJAMARCA|SANTA CRUZ|NINABAMBA,1996.0,959.0,1037.0
061307,distrito,PULAN,CAJAMARCA|SANTA CRUZ|PULAN,3432.0,1674.0,1758.0
061308,distrito,SAUCEPAMPA,CAJAMARCA|SANTA CRUZ|SAUCEPAMPA,1286.0,615.0,671.0
061309,distrito,SEXI,CAJAMARCA|SANTA CRUZ|SEXI,312.0,163.0,149.0
061310,distrito,UTICYACU,CAJAMARCA|SANTA CRUZ|UTICYACU,1200.0,621.0,579.0
061311,distrito,YAUYUCAN,CAJAMARCA|SANTA CRUZ|YAUYUCAN,2451.0,1200.0,1251.0
070101,distrito,CALLAO,CALLAO|PROV. CONST. DEL CALLAO|CALLAO,487919.0,241130.0,246789.0
070102,distrito,BELLAVISTA,CALLAO|PROV. CONST. DEL CALLAO|BELLAVISTA,80954.0,38604.0,42350.0
070103,distrito,CARMEN DE LA LEGUA REYNOSO,CALLAO|PROV. CONST. DEL CALLAO|CARMEN DE LA LEGUA REYNOSO,45667.0,22416.0,23251.0
070104,distrito,LA PERLA,CALLAO|PROV. CONST. DEL CALLAO|LA PERLA,68082.0,32529.0,35553.0
070105,distrito,LA PUNTA,CALLAO|PROV. CONST. DEL CALLAO|LA PUNTA,3763.0,1700.0,2063.0
070106,distrito,VENTANILLA,CALLAO|PROV. CONST. DEL CALLAO|VENTANILLA,355008.0,175661.0,179347.0
070107,distrito,MI PERU,CALLAO|PROV. CONST. DEL CALLAO|MI PERU,52102.0,25566.0,26536.0
080101,distrito,CUSCO,CUSCO|CUSCO|CUSCO,102110.0,49457.0,52653.0
080102,distrito,CCORCA,CUSCO|CUSCO|CCORCA,2344.0,1171.0,1173.0
080103,distrito,POROY,CUSCO|CUSCO|POROY,14043.0,6896.0,7147.0
080104,distrito,SAN JERONIMO,CUSCO|CUSCO|SAN JERONIMO,75158.0,38150.0,37008.0
080105,distrito,SAN SEBASTIAN,CUSCO|CUSCO|SAN SEBASTIAN,134218.0,65199.0,69019.0
080106,distrito,SANTIAGO,CUSCO|CUSCO|SANTIAGO,99470.0,48508.0,50962.0
080107,distrito,SAYLLA,CUSCO|CUSCO|SAYLLA,8549.0,4277.0,4272.0
080108,distrito,WANCHAQ,CUSCO|CUSCO|WANCHAQ,59185.0,27875.0,31310.0
080201,distrito,ACOMAYO,CUSCO|ACOMAYO|ACOMAYO,4824.0,2352.0,2472.0
080202,distrito,ACOPIA,CUSCO|ACOMAYO|ACOPIA,2409.0,1133.0,1276.0
080203,distrito,ACOS,CUSCO|ACOMAYO|ACOS,2032.0,1031.0,1001.0
080204,distrito,MOSOC LLACTA,CUSCO|ACOMAYO|MOSOC LLACTA,1016.0,501.0,515.0
080205,distrito,POMACANCHI,CUSCO|ACOMAYO|POMACANCHI,7534.0,3673.0,3861.0
080206,distrito,RONDOCAN,CUSCO|ACOMAYO|RONDOCAN,1900.0,946.0,954.0
080207,distrito,SANGARARA,CUSCO|ACOMAYO|SANGARARA,3366.0,1646.0,1720.0
080301,distrito,ANTA,CUSCO|ANTA|ANTA,24787.0,12000.0,12787.0
080302,distrito,ANCAHUASI,CUSCO|ANTA|ANCAHUASI,7340.0,3550.0,3790.0
080303,distrito,CACHIMAYO,CUSCO|ANTA|CACHIMAYO,2608.0,1279.0,1329.0
080304,distrito,CHINCHAYPUJIO,CUSCO|ANTA|CHINCHAYPUJIO,4200.0,2137.0,2063.0
080305,distrito,HUAROCONDO,CUSCO|ANTA|HUAROCONDO,4388.0,2184.0,2204.0
080306,distrito,LIMATAMBO,CUSCO|ANTA|LIMATAMBO,8464.0,4182.0,4282.0
080307,distrito,MOLLEPATA,CUSCO|ANTA|MOLLEPATA,3304.0,1672.0,1632.0
080308,distrito,PUCYURA,CUSCO|ANTA|PUCYURA,3287.0,1609.0,1678.0
080309,distrito,ZURITE,CUSCO|ANTA|ZURITE,3641.0,1799.0,1842.0
080401,distrito,CALCA,CUSCO|CALCA|CALCA,25157.0,12138.0,13019.0
080402,distrito,COYA,CUSCO|CALCA|COYA,3919.0,1915.0,2004.0
080403,distrito,LAMAY,CUSCO|CALCA|LAMAY,5599.0,2778.0,2821.0
080404,distrito,LARES,CUSCO|CALCA|LARES,7457.0,3737.0,3720.0
080405,distrito,PISAC,CUSCO|CALCA|PISAC,10269.0,5069.0,5200.0
080406,distrito,SAN SALVADOR,CUSCO|CALCA|SAN SALVADOR,5397.0,2626.0,2771.0
080407,distrito,TARAY,CUSCO|CALCA|TARAY,5010.0,2431.0,2579.0
080408,distrito,YANATILE,CUSCO|CALCA|YANATILE,7812.0,4022.0,3790.0
080501,distrito,YANAOCA,CUSCO|CANAS|YANAOCA,8960.0,4385.0,4575.0
080502,distrito,CHECCA,CUSCO|CANAS|CHECCA,5330.0,2665.0,2665.0
080503,distrito,KUNTURKANKI,CUSCO|CANAS|KUNTURKANKI,4654.0,2319.0,2335.0
080504,distrito,LANGUI,CUSCO|CANAS|LANGUI,2396.0,1159.0,1237.0
080505,distrito,LAYO,CUSCO|CANAS|LAYO,5697.0,2830.0,2867.0
080506,distrito,PAMPAMARCA,CUSCO|CANAS|PAMPAMARCA,1760.0,857.0,903.0
080507,distrito,QUEHUE,CUSCO|CANAS|QUEHUE,2713.0,1340.0,1373.0
080508,distrito,TUPAC AMARU,CUSCO|CANAS|TUPAC AMARU,2238.0,1113.0,1125.0
080601,distrito,SICUANI,CUSCO|CANCHIS|SICUANI,60033.0,28953.0,31080.0
080602,distrito,CHECACUPE,CUSCO|CANCHIS|CHECACUPE,4915.0,2383.0,2532.0
080603,distrito,COMBAPATA,CUSCO|CANCHIS|COMBAPATA,4487.0,2126.0,2361.0
080604,distrito,MARANGANI,CUSCO|CANCHIS|MARANGANI,9886.0,4710.0,5176.0
080605,distrito,PITUMARCA,CUSCO|CANCHIS|PITUMARCA,7608.0,3663.0,3945.0
080606,distrito,SAN PABLO,CUSCO|CANCHIS|SAN PABLO,4339.0,2100.0,2239.0
080607,distrito,SAN PEDRO,CUSCO|CANCHIS|SAN PEDRO,2534.0,1198.0,1336.0
080608,distrito,TINTA,CUSCO|CANCHIS|TINTA,4954.0,2323.0,2631.0
080701,distrito,SANTO TOMAS,CUSCO|CHUMBIVILCAS|SANTO TOMAS,28358.0,14336.0,14022.0
080702,distrito,CAPACMARCA,CUSCO|CHUMBIVILCAS|CAPACMARCA,5231.0,2742.0,2489.0
080703,distrito,CHAMACA,CUSCO|CHUMBIVILCAS|CHAMACA,7848.0,4051.0,3797.0
080704,distrito,COLQUEMARCA,CUSCO|CHUMBIVILCAS|COLQUEMARCA,8843.0,4438.0,4405.0
080705,distrito,LIVITACA,CUSCO|CHUMBIVILCAS|LIVITACA,13055.0,6590.0,6465.0
080706,distrito,LLUSCO,CUSCO|CHUMBIVILCAS|LLUSCO,4396.0,2244.0,2152.0
080707,distrito,QUINOTA,CUSCO|CHUMBIVILCAS|QUINOTA,4191.0,2182.0,2009.0
080708,distrito,VELILLE,CUSCO|CHUMBIVILCAS|VELILLE,7200.0,3632.0,3568.0
080801,distrito,ESPINAR,CUSCO|ESPINAR|ESPINAR,41587.0,20307.0,21280.0
080802,distrito,CONDOROMA,CUSCO|ESPINAR|CONDOROMA,944.0,483.0,461.0
080803,distrito,COPORAQUE,CUSCO|ESPINAR|COPORAQUE,9900.0,5139.0,4761.0
080804,distrito,OCORURO,CUSCO|ESPINAR|OCORURO,1594.0,779.0,815.0
080805,distrito,PALLPATA,CUSCO|ESPINAR|PALLPATA,6459.0,3206.0,3253.0
080806,distrito,PICHIGUA,CUSCO|ESPINAR|PICHIGUA,2569.0,1278.0,1291.0
080807,distrito,SUYCKUTAMBO,CUSCO|ESPINAR|SUYCKUTAMBO,2172.0,1183.0,989.0
080808,distrito,ALTO PICHIGUA,CUSCO|ESPINAR|ALTO PICHIGUA,1961.0,942.0,1019.0
080901,distrito,SANTA ANA,CUSCO|LA CONVENCION|SANTA ANA,42588.0,20928.0,21660.0
080902,distrito,ECHARATE,CUSCO|LA CONVENCION|ECHARATE,24309.0,12832.0,11477.0
080903,distrito,HUAYOPATA,CUSCO|LA CONVENCION|HUAYOPATA,4518.0,2315.0,2203.0
080904,distrito,MARANURA,CUSCO|LA CONVENCION|MARANURA,4908.0,2422.0,2486.0
080905,distrito,OCOBAMBA,CUSCO|LA CONVENCION|OCOBAMBA,4544.0,2374.0,2170.0
080906,distrito,QUELLOUNO,CUSCO|LA CONVENCION|QUELLOUNO,12967.0,6717.0,6250.0
080907,distrito,KIMBIRI,CUSCO|LA CONVENCION|KIMBIRI,16516.0,8305.0,8211.0
080908,distrito,SANTA TERESA,CUSCO|LA CONVENCION|SANTA TERESA,6714.0,3437.0,3277.0
080909,distrito,VILCABAMBA,CUSCO|LA CONVENCION|VILCABAMBA,9158.0,4690.0,4468.0
080910,distrito,PICHARI,CUSCO|LA CONVENCION|PICHARI,30852.0,15726.0,15126.0
080911,distrito,INKAWASI,CUSCO|LA CONVENCION|INKAWASI,4546.0,2304.0,2242.0
080912,distrito,VILLA VIRGEN,CUSCO|LA CONVENCION|VILLA VIRGEN,2300.0,1177.0,1123.0
080913,distrito,VILLA KINTIARINA,CUSCO|LA CONVENCION|VILLA KINTIARINA,3130.0,1612.0,1518.0
080914,distrito,MEGANTONI,CUSCO|LA CONVENCION|MEGANTONI,16943.0,8623.0,8320.0
080915,distrito,KUMPIRUSHIATO,CUSCO|LA CONVENCION|KUMPIRUSHIATO,6247.0,3383.0,2864.0
080916,distrito,CIELO PUNCO,CUSCO|LA CONVENCION|CIELO PUNCO,2376.0,1190.0,1186.0
080917,distrito,MANITEA,CUSCO|LA CONVENCION|MANITEA,3777.0,1888.0,1889.0
080918,distrito,UNION ASHANINKA,CUSCO|LA CONVENCION|UNION ASHANINKA,7651.0,3924.0,3727.0
081001,distrito,PARURO,CUSCO|PARURO|PARURO,3641.0,1812.0,1829.0
081002,distrito,ACCHA,CUSCO|PARURO|ACCHA,3382.0,1702.0,1680.0
081003,distrito,CCAPI,CUSCO|PARURO|CCAPI,3229.0,1578.0,1651.0
081004,distrito,COLCHA,CUSCO|PARURO|COLCHA,944.0,475.0,469.0
081005,distrito,HUANOQUITE,CUSCO|PARURO|HUANOQUITE,5226.0,2582.0,2644.0
081006,distrito,OMACHA,CUSCO|PARURO|OMACHA,5610.0,2778.0,2832.0
081007,distrito,PACCARITAMBO,CUSCO|PARURO|PACCARITAMBO,1650.0,806.0,844.0
081008,distrito,PILLPINTO,CUSCO|PARURO|PILLPINTO,925.0,449.0,476.0
081009,distrito,YAURISQUE,CUSCO|PARURO|YAURISQUE,2603.0,1288.0,1315.0
081101,distrito,PAUCARTAMBO,CUSCO|PAUCARTAMBO|PAUCARTAMBO,13630.0,6820.0,6810.0
081102,distrito,CAICAY,CUSCO|PAUCARTAMBO|CAICAY,2484.0,1259.0,1225.0
081103,distrito,CHALLABAMBA,CUSCO|PAUCARTAMBO|CHALLABAMBA,8787.0,4418.0,4369.0
081104,distrito,COLQUEPATA,CUSCO|PAUCARTAMBO|COLQUEPATA,7876.0,3907.0,3969.0
081105,distrito,HUANCARANI,CUSCO|PAUCARTAMBO|HUANCARANI,7178.0,3550.0,3628.0
081106,distrito,KOSNIPATA,CUSCO|PAUCARTAMBO|KOSNIPATA,7737.0,3984.0,3753.0
081201,distrito,URCOS,CUSCO|QUISPICANCHI|URCOS,10873.0,5256.0,5617.0
081202,distrito,ANDAHUAYLILLAS,CUSCO|QUISPICANCHI|ANDAHUAYLILLAS,6054.0,2980.0,3074.0
081203,distrito,CAMANTI,CUSCO|QUISPICANCHI|CAMANTI,2669.0,1380.0,1289.0
081204,distrito,CCARHUAYO,CUSCO|QUISPICANCHI|CCARHUAYO,3057.0,1547.0,1510.0
081205,distrito,CCATCA,CUSCO|QUISPICANCHI|CCATCA,14128.0,6856.0,7272.0
081206,distrito,CUSIPATA,CUSCO|QUISPICANCHI|CUSIPATA,5002.0,2468.0,2534.0
081207,distrito,HUARO,CUSCO|QUISPICANCHI|HUARO,4812.0,2342.0,2470.0
081208,distrito,LUCRE,CUSCO|QUISPICANCHI|LUCRE,5521.0,2712.0,2809.0
081209,distrito,MARCAPATA,CUSCO|QUISPICANCHI|MARCAPATA,4960.0,2597.0,2363.0
081210,distrito,OCONGATE,CUSCO|QUISPICANCHI|OCONGATE,18931.0,9426.0,9505.0
081211,distrito,OROPESA,CUSCO|QUISPICANCHI|OROPESA,12846.0,6281.0,6565.0
081212,distrito,QUIQUIJANA,CUSCO|QUISPICANCHI|QUIQUIJANA,10501.0,5289.0,5212.0
081301,distrito,URUBAMBA,CUSCO|URUBAMBA|URUBAMBA,24213.0,11919.0,12294.0
081302,distrito,CHINCHERO,CUSCO|URUBAMBA|CHINCHERO,12876.0,6404.0,6472.0
081303,distrito,HUAYLLABAMBA,CUSCO|URUBAMBA|HUAYLLABAMBA,5823.0,2897.0,2926.0
081304,distrito,MACHUPICCHU,CUSCO|URUBAMBA|MACHUPICCHU,5078.0,2528.0,2550.0
081305,distrito,MARAS,CUSCO|URUBAMBA|MARAS,8624.0,4282.0,4342.0
081306,distrito,OLLANTAYTAMBO,CUSCO|URUBAMBA|OLLANTAYTAMBO,11279.0,5666.0,5613.0
081307,distrito,YUCAY,CUSCO|URUBAMBA|YUCAY,3365.0,1638.0,1727.0
090101,distrito,HUANCAVELICA,HUANCAVELICA|HUANCAVELICA|HUANCAVELICA,40240.0,19272.0,20968.0
090102,distrito,ACOBAMBILLA,HUANCAVELICA|HUANCAVELICA|ACOBAMBILLA,2287.0,1140.0,1147.0
090103,distrito,ACORIA,HUANCAVELICA|HUANCAVELICA|ACORIA,18774.0,9207.0,9567.0
090104,distrito,CONAYCA,HUANCAVELICA|HUANCAVELICA|CONAYCA,715.0,349.0,366.0
090105,distrito,CUENCA,HUANCAVELICA|HUANCAVELICA|CUENCA,1274.0,612.0,662.0
090106,distrito,HUACHOCOLPA,HUANCAVELICA|HUANCAVELICA|HUACHOCOLPA,2259.0,1156.0,1103.0
090107,distrito,HUAYLLAHUARA,HUANCAVELICA|HUANCAVELICA|HUAYLLAHUARA,539.0,232.0,307.0
090108,distrito,IZCUCHACA,HUANCAVELICA|HUANCAVELICA|IZCUCHACA,973.0,460.0,513.0
090109,distrito,LARIA,HUANCAVELICA|HUANCAVELICA|LARIA,905.0,451.0,454.0
090110,distrito,MANTA,HUANCAVELICA|HUANCAVELICA|MANTA,902.0,424.0,478.0
090111,distrito,MARISCAL CACERES,HUANCAVELICA|HUANCAVELICA|MARISCAL CACERES,327.0,149.0,178.0
090112,distrito,MOYA,HUANCAVELICA|HUANCAVELICA|MOYA,1245.0,581.0,664.0
090113,distrito,NUEVO OCCORO,HUANCAVELICA|HUANCAVELICA|NUEVO OCCORO,2009.0,992.0,1017.0
090114,distrito,PALCA,HUANCAVELICA|HUANCAVELICA|PALCA,2341.0,1151.0,1190.0
090115,distrito,PILCHACA,HUANCAVELICA|HUANCAVELICA|PILCHACA,695.0,322.0,373.0
090116,distrito,VILCA,HUANCAVELICA|HUANCAVELICA|VILCA,1935.0,900.0,1035.0
090117,distrito,YAULI,HUANCAVELICA|HUANCAVELICA|YAULI,22244.0,11021.0,11223.0
090118,distrito,ASCENSION,HUANCAVELICA|HUANCAVELICA|ASCENSION,14436.0,7018.0,7418.0
090119,distrito,HUANDO,HUANCAVELICA|HUANCAVELICA|HUANDO,6060.0,2987.0,3073.0
090201,distrito,ACOBAMBA,HUANCAVELICA|ACOBAMBA|ACOBAMBA,9613.0,4633.0,4980.0
090202,distrito,ANDABAMBA,HUANCAVELICA|ACOBAMBA|ANDABAMBA,3732.0,1848.0,1884.0
090203,distrito,ANTA,HUANCAVELICA|ACOBAMBA|ANTA,4431.0,2116.0,2315.0
090204,distrito,CAJA,HUANCAVELICA|ACOBAMBA|CAJA,1995.0,1002.0,993.0
090205,distrito,MARCAS,HUANCAVELICA|ACOBAMBA|MARCAS,1476.0,747.0,729.0
090206,distrito,PAUCARA,HUANCAVELICA|ACOBAMBA|PAUCARA,12967.0,6345.0,6622.0
090207,distrito,POMACOCHA,HUANCAVELICA|ACOBAMBA|POMACOCHA,3095.0,1507.0,1588.0
090208,distrito,ROSARIO,HUANCAVELICA|ACOBAMBA|ROSARIO,5593.0,2768.0,2825.0
090301,distrito,LIRCAY,HUANCAVELICA|ANGARAES|LIRCAY,29001.0,14239.0,14762.0
090302,distrito,ANCHONGA,HUANCAVELICA|ANGARAES|ANCHONGA,7882.0,3941.0,3941.0
090303,distrito,CALLANMARCA,HUANCAVELICA|ANGARAES|CALLANMARCA,679.0,334.0,345.0
090304,distrito,CCOCHACCASA,HUANCAVELICA|ANGARAES|CCOCHACCASA,3758.0,1912.0,1846.0
090305,distrito,CHINCHO,HUANCAVELICA|ANGARAES|CHINCHO,1528.0,767.0,761.0
090306,distrito,CONGALLA,HUANCAVELICA|ANGARAES|CONGALLA,5098.0,2539.0,2559.0
090307,distrito,HUANCA-HUANCA,HUANCAVELICA|ANGARAES|HUANCA-HUANCA,1281.0,614.0,667.0
090308,distrito,HUAYLLAY GRANDE,HUANCAVELICA|ANGARAES|HUAYLLAY GRANDE,1133.0,545.0,588.0
090309,distrito,JULCAMARCA,HUANCAVELICA|ANGARAES|JULCAMARCA,1475.0,724.0,751.0
090310,distrito,SAN ANTONIO DE ANTAPARCO,HUANCAVELICA|ANGARAES|SAN ANTONIO DE ANTAPARCO,1067.0,535.0,532.0
090311,distrito,SANTO TOMAS DE PATA,HUANCAVELICA|ANGARAES|SANTO TOMAS DE PATA,1631.0,798.0,833.0
090312,distrito,SECCLLA,HUANCAVELICA|ANGARAES|SECCLLA,3203.0,1615.0,1588.0
090401,distrito,CASTROVIRREYNA,HUANCAVELICA|CASTROVIRREYNA|CASTROVIRREYNA,2964.0,1403.0,1561.0
090402,distrito,ARMA,HUANCAVELICA|CASTROVIRREYNA|ARMA,789.0,373.0,416.0
090403,distrito,AURAHUA,HUANCAVELICA|CASTROVIRREYNA|AURAHUA,1298.0,635.0,663.0
090404,distrito,CAPILLAS,HUANCAVELICA|CASTROVIRREYNA|CAPILLAS,1064.0,544.0,520.0
090405,distrito,CHUPAMARCA,HUANCAVELICA|CASTROVIRREYNA|CHUPAMARCA,780.0,379.0,401.0
090406,distrito,COCAS,HUANCAVELICA|CASTROVIRREYNA|COCAS,694.0,342.0,352.0
090407,distrito,HUACHOS,HUANCAVELICA|CASTROVIRREYNA|HUACHOS,1398.0,684.0,714.0
090408,distrito,HUAMATAMBO,HUANCAVELICA|CASTROVIRREYNA|HUAMATAMBO,394.0,207.0,187.0
090409,distrito,MOLLEPAMPA,HUANCAVELICA|CASTROVIRREYNA|MOLLEPAMPA,815.0,398.0,417.0
090410,distrito,SAN JUAN,HUANCAVELICA|CASTROVIRREYNA|SAN JUAN,665.0,338.0,327.0
090411,distrito,SANTA ANA,HUANCAVELICA|CASTROVIRREYNA|SANTA ANA,855.0,423.0,432.0
090412,distrito,TANTARA,HUANCAVELICA|CASTROVIRREYNA|TANTARA,607.0,307.0,300.0
090413,distrito,TICRAPO,HUANCAVELICA|CASTROVIRREYNA|TICRAPO,1754.0,872.0,882.0
090501,distrito,CHURCAMPA,HUANCAVELICA|CHURCAMPA|CHURCAMPA,4875.0,2285.0,2590.0
090502,distrito,ANCO,HUANCAVELICA|CHURCAMPA|ANCO,5560.0,2786.0,2774.0
090503,distrito,CHINCHIHUASI,HUANCAVELICA|CHURCAMPA|CHINCHIHUASI,2238.0,1084.0,1154.0
090504,distrito,EL CARMEN,HUANCAVELICA|CHURCAMPA|EL CARMEN,2631.0,1269.0,1362.0
090505,distrito,LA MERCED,HUANCAVELICA|CHURCAMPA|LA MERCED,1041.0,506.0,535.0
090506,distrito,LOCROJA,HUANCAVELICA|CHURCAMPA|LOCROJA,3259.0,1537.0,1722.0
090507,distrito,PAUCARBAMBA,HUANCAVELICA|CHURCAMPA|PAUCARBAMBA,5360.0,2630.0,2730.0
090508,distrito,SAN MIGUEL DE MAYOCC,HUANCAVELICA|CHURCAMPA|SAN MIGUEL DE MAYOCC,931.0,451.0,480.0
090509,distrito,SAN PEDRO DE CORIS,HUANCAVELICA|CHURCAMPA|SAN PEDRO DE CORIS,3105.0,1482.0,1623.0
090510,distrito,PACHAMARCA,HUANCAVELICA|CHURCAMPA|PACHAMARCA,1973.0,1024.0,949.0
090511,distrito,COSME,HUANCAVELICA|CHURCAMPA|COSME,3783.0,1903.0,1880.0
090601,distrito,HUAYTARA,HUANCAVELICA|HUAYTARA|HUAYTARA,2450.0,1213.0,1237.0
090602,distrito,AYAVI,HUANCAVELICA|HUAYTARA|AYAVI,767.0,389.0,378.0
090603,distrito,CORDOVA,HUANCAVELICA|HUAYTARA|CORDOVA,864.0,417.0,447.0
090604,distrito,HUAYACUNDO ARMA,HUANCAVELICA|HUAYTARA|HUAYACUNDO ARMA,318.0,136.0,182.0
090605,distrito,LARAMARCA,HUANCAVELICA|HUAYTARA|LARAMARCA,638.0,315.0,323.0
090606,distrito,OCOYO,HUANCAVELICA|HUAYTARA|OCOYO,862.0,457.0,405.0
090607,distrito,PILPICHACA,HUANCAVELICA|HUAYTARA|PILPICHACA,3522.0,1766.0,1756.0
090608,distrito,QUERCO,HUANCAVELICA|HUAYTARA|QUERCO,773.0,385.0,388.0
090609,distrito,QUITO-ARMA,HUANCAVELICA|HUAYTARA|QUITO-ARMA,734.0,371.0,363.0
090610,distrito,SAN ANTONIO DE CUSICANCHA,HUANCAVELICA|HUAYTARA|SAN ANTONIO DE CUSICANCHA,1292.0,653.0,639.0
090611,distrito,SAN FRANCISCO DE SANGAYAICO,HUANCAVELICA|HUAYTARA|SAN FRANCISCO DE SANGAYAICO,756.0,386.0,370.0
090612,distrito,SAN ISIDRO,HUANCAVELICA|HUAYTARA|SAN ISIDRO,717.0,373.0,344.0
090613,distrito,SANTIAGO DE CHOCORVOS,HUANCAVELICA|HUAYTARA|SANTIAGO DE CHOCORVOS,2218.0,1153.0,1065.0
090614,distrito,SANTIAGO DE QUIRAHUARA,HUANCAVELICA|HUAYTARA|SANTIAGO DE QUIRAHUARA,406.0,216.0,190.0
090615,distrito,SANTO DOMINGO DE CAPILLAS,HUANCAVELICA|HUAYTARA|SANTO DOMINGO DE CAPILLAS,657.0,327.0,330.0
090616,distrito,TAMBO,HUANCAVELICA|HUAYTARA|TAMBO,559.0,294.0,265.0
090701,distrito,PAMPAS,HUANCAVELICA|TAYACAJA|PAMPAS,9895.0,4690.0,5205.0
090702,distrito,ACOSTAMBO,HUANCAVELICA|TAYACAJA|ACOSTAMBO,3020.0,1476.0,1544.0
090703,distrito,ACRAQUIA,HUANCAVELICA|TAYACAJA|ACRAQUIA,3575.0,1736.0,1839.0
090704,distrito,AHUAYCHA,HUANCAVELICA|TAYACAJA|AHUAYCHA,4541.0,2198.0,2343.0
090705,distrito,COLCABAMBA,HUANCAVELICA|TAYACAJA|COLCABAMBA,11800.0,5864.0,5936.0
090706,distrito,DANIEL HERNANDEZ,HUANCAVELICA|TAYACAJA|DANIEL HERNANDEZ,9980.0,4841.0,5139.0
090707,distrito,HUACHOCOLPA,HUANCAVELICA|TAYACAJA|HUACHOCOLPA,2082.0,1031.0,1051.0
090709,distrito,HUARIBAMBA,HUANCAVELICA|TAYACAJA|HUARIBAMBA,3148.0,1545.0,1603.0
090710,distrito,NAHUIMPUQUIO,HUANCAVELICA|TAYACAJA|NAHUIMPUQUIO,1549.0,762.0,787.0
090711,distrito,PAZOS,HUANCAVELICA|TAYACAJA|PAZOS,4679.0,2275.0,2404.0
090713,distrito,QUISHUAR,HUANCAVELICA|TAYACAJA|QUISHUAR,695.0,326.0,369.0
090714,distrito,SALCABAMBA,HUANCAVELICA|TAYACAJA|SALCABAMBA,4332.0,2200.0,2132.0
090715,distrito,SALCAHUASI,HUANCAVELICA|TAYACAJA|SALCAHUASI,3099.0,1550.0,1549.0
090716,distrito,SAN MARCOS DE ROCCHAC,HUANCAVELICA|TAYACAJA|SAN MARCOS DE ROCCHAC,2272.0,1120.0,1152.0
090717,distrito,SURCUBAMBA,HUANCAVELICA|TAYACAJA|SURCUBAMBA,3898.0,1934.0,1964.0
090718,distrito,TINTAY PUNCU,HUANCAVELICA|TAYACAJA|TINTAY PUNCU,1854.0,936.0,918.0
090719,distrito,QUICHUAS,HUANCAVELICA|TAYACAJA|QUICHUAS,4618.0,2350.0,2268.0
090720,distrito,ANDAYMARCA,HUANCAVELICA|TAYACAJA|ANDAYMARCA,2413.0,1179.0,1234.0
090721,distrito,ROBLE,HUANCAVELICA|TAYACAJA|ROBLE,1298.0,664.0,634.0
090722,distrito,PICHOS,HUANCAVELICA|TAYACAJA|PICHOS,2130.0,1032.0,1098.0
090723,distrito,SANTIAGO DE TUCUMA,HUANCAVELICA|TAYACAJA|SANTIAGO DE TUCUMA,1397.0,687.0,710.0
090724,distrito,LAMBRAS,HUANCAVELICA|TAYACAJA|LAMBRAS,1703.0,860.0,843.0
090725,distrito,COCHABAMBA,HUANCAVELICA|TAYACAJA|COCHABAMBA,1016.0,508.0,508.0
100101,distrito,HUANUCO,HUANUCO|HUANUCO|HUANUCO,96568.0,46581.0,49987.0
100102,distrito,AMARILIS,HUANUCO|HUANUCO|AMARILIS,93466.0,45216.0,48250.0
100103,distrito,CHINCHAO,HUANUCO|HUANUCO|CHINCHAO,15323.0,7691.0,7632.0
100104,distrito,CHURUBAMBA,HUANUCO|HUANUCO|CHURUBAMBA,19556.0,9679.0,9877.0
100105,distrito,MARGOS,HUANUCO|HUANUCO|MARGOS,5024.0,2425.0,2599.0
100106,distrito,QUISQUI (KICHKI),HUANUCO|HUANUCO|QUISQUI (KICHKI),3928.0,2002.0,1926.0
100107,distrito,SAN FRANCISCO DE CAYRAN,HUANUCO|HUANUCO|SAN FRANCISCO DE CAYRAN,5528.0,2766.0,2762.0
100108,distrito,SAN PEDRO DE CHAULAN,HUANUCO|HUANUCO|SAN PEDRO DE CHAULAN,3320.0,1660.0,1660.0
100109,distrito,SANTA MARIA DEL VALLE,HUANUCO|HUANUCO|SANTA MARIA DEL VALLE,23919.0,11923.0,11996.0
100110,distrito,YARUMAYO,HUANUCO|HUANUCO|YARUMAYO,2276.0,1147.0,1129.0
100111,distrito,PILLCO MARCA,HUANUCO|HUANUCO|PILLCO MARCA,58023.0,29813.0,28210.0
100112,distrito,YACUS,HUANUCO|HUANUCO|YACUS,2519.0,1247.0,1272.0
100113,distrito,SAN PABLO DE PILLAO,HUANUCO|HUANUCO|SAN PABLO DE PILLAO,9770.0,4893.0,4877.0
100201,distrito,AMBO,HUANUCO|AMBO|AMBO,26325.0,12846.0,13479.0
100202,distrito,CAYNA,HUANUCO|AMBO|CAYNA,2468.0,1222.0,1246.0
100203,distrito,COLPAS,HUANUCO|AMBO|COLPAS,1589.0,794.0,795.0
100204,distrito,CONCHAMARCA,HUANUCO|AMBO|CONCHAMARCA,6311.0,3096.0,3215.0
100205,distrito,HUACAR,HUANUCO|AMBO|HUACAR,7152.0,3679.0,3473.0
100206,distrito,SAN FRANCISCO,HUANUCO|AMBO|SAN FRANCISCO,1484.0,722.0,762.0
100207,distrito,SAN RAFAEL,HUANUCO|AMBO|SAN RAFAEL,9719.0,4914.0,4805.0
100208,distrito,TOMAY KICHWA,HUANUCO|AMBO|TOMAY KICHWA,3320.0,1616.0,1704.0
100301,distrito,LA UNION,HUANUCO|DOS DE MAYO|LA UNION,6923.0,3260.0,3663.0
100307,distrito,CHUQUIS,HUANUCO|DOS DE MAYO|CHUQUIS,3336.0,1597.0,1739.0
100311,distrito,MARIAS,HUANUCO|DOS DE MAYO|MARIAS,6444.0,3168.0,3276.0
100313,distrito,PACHAS,HUANUCO|DOS DE MAYO|PACHAS,5927.0,2921.0,3006.0
100316,distrito,QUIVILLA,HUANUCO|DOS DE MAYO|QUIVILLA,892.0,445.0,447.0
100317,distrito,RIPAN,HUANUCO|DOS DE MAYO|RIPAN,5587.0,2710.0,2877.0
100321,distrito,SHUNQUI,HUANUCO|DOS DE MAYO|SHUNQUI,1514.0,728.0,786.0
100322,distrito,SILLAPATA,HUANUCO|DOS DE MAYO|SILLAPATA,1626.0,835.0,791.0
100323,distrito,YANAS,HUANUCO|DOS DE MAYO|YANAS,1951.0,954.0,997.0
100401,distrito,HUACAYBAMBA,HUANUCO|HUACAYBAMBA|HUACAYBAMBA,5444.0,2669.0,2775.0
100402,distrito,CANCHABAMBA,HUANUCO|HUACAYBAMBA|CANCHABAMBA,2730.0,1316.0,1414.0
100403,distrito,COCHABAMBA,HUANUCO|HUACAYBAMBA|COCHABAMBA,1701.0,927.0,774.0
100404,distrito,PINRA,HUANUCO|HUACAYBAMBA|PINRA,5518.0,2766.0,2752.0
100501,distrito,LLATA,HUANUCO|HUAMALIES|LLATA,14213.0,6821.0,7392.0
100502,distrito,ARANCAY,HUANUCO|HUAMALIES|ARANCAY,1247.0,622.0,625.0
100503,distrito,CHAVIN DE PARIARCA,HUANUCO|HUAMALIES|CHAVIN DE PARIARCA,3869.0,1904.0,1965.0
100504,distrito,JACAS GRANDE,HUANUCO|HUAMALIES|JACAS GRANDE,5122.0,2436.0,2686.0
100505,distrito,JIRCAN,HUANUCO|HUAMALIES|JIRCAN,1288.0,621.0,667.0
100506,distrito,MIRAFLORES,HUANUCO|HUAMALIES|MIRAFLORES,3116.0,1539.0,1577.0
100507,distrito,MONZON,HUANUCO|HUAMALIES|MONZON,13570.0,6854.0,6716.0
100508,distrito,PUNCHAO,HUANUCO|HUAMALIES|PUNCHAO,1778.0,855.0,923.0
100509,distrito,PUNOS,HUANUCO|HUAMALIES|PUNOS,3947.0,1898.0,2049.0
100510,distrito,SINGA,HUANUCO|HUAMALIES|SINGA,2489.0,1164.0,1325.0
100511,distrito,TANTAMAYO,HUANUCO|HUAMALIES|TANTAMAYO,1590.0,799.0,791.0
100601,distrito,RUPA-RUPA,HUANUCO|LEONCIO PRADO|RUPA-RUPA,53022.0,25625.0,27397.0
100602,distrito,DANIEL ALOMIA ROBLES,HUANUCO|LEONCIO PRADO|DANIEL ALOMIA ROBLES,5066.0,2532.0,2534.0
100603,distrito,HERMILIO VALDIZAN,HUANUCO|LEONCIO PRADO|HERMILIO VALDIZAN,3542.0,1839.0,1703.0
100604,distrito,JOSE CRESPO Y CASTILLO,HUANUCO|LEONCIO PRADO|JOSE CRESPO Y CASTILLO,23899.0,11930.0,11969.0
100605,distrito,LUYANDO,HUANUCO|LEONCIO PRADO|LUYANDO,11640.0,5816.0,5824.0
100606,distrito,MARIANO DAMASO BERAUN,HUANUCO|LEONCIO PRADO|MARIANO DAMASO BERAUN,12115.0,5978.0,6137.0
100607,distrito,PUCAYACU,HUANUCO|LEONCIO PRADO|PUCAYACU,4121.0,2128.0,1993.0
100608,distrito,CASTILLO GRANDE,HUANUCO|LEONCIO PRADO|CASTILLO GRANDE,15372.0,7588.0,7784.0
100609,distrito,PUEBLO NUEVO,HUANUCO|LEONCIO PRADO|PUEBLO NUEVO,4463.0,2355.0,2108.0
100610,distrito,SANTO DOMINGO DE ANDA,HUANUCO|LEONCIO PRADO|SANTO DOMINGO DE ANDA,3022.0,1577.0,1445.0
100701,distrito,HUACRACHUCO,HUANUCO|MARANON|HUACRACHUCO,13507.0,6549.0,6958.0
100702,distrito,CHOLON,HUANUCO|MARANON|CHOLON,7042.0,3675.0,3367.0
100703,distrito,SAN BUENAVENTURA,HUANUCO|MARANON|SAN BUENAVENTURA,2042.0,996.0,1046.0
100704,distrito,LA MORADA,HUANUCO|MARANON|LA MORADA,4635.0,2460.0,2175.0
100705,distrito,SANTA ROSA DE ALTO YANAJANCA,HUANUCO|MARANON|SANTA ROSA DE ALTO YANAJANCA,3167.0,1709.0,1458.0
100801,distrito,PANAO,HUANUCO|PACHITEA|PANAO,20672.0,10096.0,10576.0
100802,distrito,CHAGLLA,HUANUCO|PACHITEA|CHAGLLA,13295.0,6766.0,6529.0
100803,distrito,MOLINO,HUANUCO|PACHITEA|MOLINO,12269.0,5987.0,6282.0
100804,distrito,UMARI,HUANUCO|PACHITEA|UMARI,11031.0,5348.0,5683.0
100901,distrito,PUERTO INCA,HUANUCO|PUERTO INCA|PUERTO INCA,13606.0,6993.0,6613.0
100902,distrito,CODO DEL POZUZO,HUANUCO|PUERTO INCA|CODO DEL POZUZO,9325.0,4894.0,4431.0
100903,distrito,HONORIA,HUANUCO|PUERTO INCA|HONORIA,5621.0,3021.0,2600.0
100904,distrito,TOURNAVISTA,HUANUCO|PUERTO INCA|TOURNAVISTA,6481.0,3398.0,3083.0
100905,distrito,YUYAPICHIS,HUANUCO|PUERTO INCA|YUYAPICHIS,7657.0,3937.0,3720.0
101001,distrito,JESUS,HUANUCO|LAURICOCHA|JESUS,4591.0,2232.0,2359.0
101002,distrito,BANOS,HUANUCO|LAURICOCHA|BANOS,2001.0,1003.0,998.0
101003,distrito,JIVIA,HUANUCO|LAURICOCHA|JIVIA,1017.0,490.0,527.0
101004,distrito,QUEROPALCA,HUANUCO|LAURICOCHA|QUEROPALCA,655.0,330.0,325.0
101005,distrito,RONDOS,HUANUCO|LAURICOCHA|RONDOS,3602.0,1739.0,1863.0
101006,distrito,SAN FRANCISCO DE ASIS,HUANUCO|LAURICOCHA|SAN FRANCISCO DE ASIS,1325.0,621.0,704.0
101007,distrito,SAN MIGUEL DE CAURI,HUANUCO|LAURICOCHA|SAN MIGUEL DE CAURI,6252.0,3052.0,3200.0
101101,distrito,CHAVINILLO,HUANUCO|YAROWILCA|CHAVINILLO,5619.0,2754.0,2865.0
101102,distrito,CAHUAC,HUANUCO|YAROWILCA|CAHUAC,1458.0,702.0,756.0
101103,distrito,CHACABAMBA,HUANUCO|YAROWILCA|CHACABAMBA,966.0,440.0,526.0
101104,distrito,APARICIO POMARES,HUANUCO|YAROWILCA|APARICIO POMARES,4901.0,2377.0,2524.0
101105,distrito,JACAS CHICO,HUANUCO|YAROWILCA|JACAS CHICO,858.0,419.0,439.0
101106,distrito,OBAS,HUANUCO|YAROWILCA|OBAS,4605.0,2176.0,2429.0
101107,distrito,PAMPAMARCA,HUANUCO|YAROWILCA|PAMPAMARCA,1539.0,704.0,835.0
101108,distrito,CHORAS,HUANUCO|YAROWILCA|CHORAS,1982.0,944.0,1038.0
110101,distrito,ICA,ICA|ICA|ICA,172313.0,86113.0,86200.0
110102,distrito,LA TINGUINA,ICA|ICA|LA TINGUINA,48511.0,23939.0,24572.0
110103,distrito,LOS AQUIJES,ICA|ICA|LOS AQUIJES,29598.0,14603.0,14995.0
110104,distrito,OCUCAJE,ICA|ICA|OCUCAJE,7230.0,3671.0,3559.0
110105,distrito,PACHACUTEC,ICA|ICA|PACHACUTEC,8916.0,4365.0,4551.0
110106,distrito,PARCONA,ICA|ICA|PARCONA,60816.0,30028.0,30788.0
110107,distrito,PUEBLO NUEVO,ICA|ICA|PUEBLO NUEVO,7737.0,3825.0,3912.0
110108,distrito,SALAS,ICA|ICA|SALAS,41885.0,20933.0,20952.0
110109,distrito,SAN JOSE DE LOS MOLINOS,ICA|ICA|SAN JOSE DE LOS MOLINOS,8940.0,4413.0,4527.0
110110,distrito,SAN JUAN BAUTISTA,ICA|ICA|SAN JUAN BAUTISTA,14938.0,7307.0,7631.0
110111,distrito,SANTIAGO,ICA|ICA|SANTIAGO,31999.0,15858.0,16141.0
110112,distrito,SUBTANJALLA,ICA|ICA|SUBTANJALLA,34886.0,16937.0,17949.0
110113,distrito,TATE,ICA|ICA|TATE,6235.0,3059.0,3176.0
110114,distrito,YAUCA DEL ROSARIO,ICA|ICA|YAUCA DEL ROSARIO,1733.0,902.0,831.0
110201,distrito,CHINCHA ALTA,ICA|CHINCHA|CHINCHA ALTA,81334.0,41407.0,39927.0
110202,distrito,ALTO LARAN,ICA|CHINCHA|ALTO LARAN,10908.0,5496.0,5412.0
110203,distrito,CHAVIN,ICA|CHINCHA|CHAVIN,940.0,493.0,447.0
110204,distrito,CHINCHA BAJA,ICA|CHINCHA|CHINCHA BAJA,16537.0,8146.0,8391.0
110205,distrito,EL CARMEN,ICA|CHINCHA|EL CARMEN,16560.0,8249.0,8311.0
110206,distrito,GROCIO PRADO,ICA|CHINCHA|GROCIO PRADO,33420.0,16452.0,16968.0
110207,distrito,PUEBLO NUEVO,ICA|CHINCHA|PUEBLO NUEVO,60557.0,29446.0,31111.0
110208,distrito,SAN JUAN DE YANAC,ICA|CHINCHA|SAN JUAN DE YANAC,1205.0,600.0,605.0
110209,distrito,SAN PEDRO DE HUACARPANA,ICA|CHINCHA|SAN PEDRO DE HUACARPANA,1126.0,568.0,558.0
110210,distrito,SUNAMPE,ICA|CHINCHA|SUNAMPE,41816.0,20425.0,21391.0
110211,distrito,TAMBO DE MORA,ICA|CHINCHA|TAMBO DE MORA,6800.0,3369.0,3431.0
110301,distrito,NASCA,ICA|NASCA|NASCA,33259.0,16529.0,16730.0
110302,distrito,CHANGUILLO,ICA|NASCA|CHANGUILLO,2911.0,1557.0,1354.0
110303,distrito,EL INGENIO,ICA|NASCA|EL INGENIO,4580.0,2356.0,2224.0
110304,distrito,MARCONA,ICA|NASCA|MARCONA,23161.0,12642.0,10519.0
110305,distrito,VISTA ALEGRE,ICA|NASCA|VISTA ALEGRE,30203.0,15191.0,15012.0
110401,distrito,PALPA,ICA|PALPA|PALPA,8660.0,4334.0,4326.0
110402,distrito,LLIPATA,ICA|PALPA|LLIPATA,2048.0,1018.0,1030.0
110403,distrito,RIO GRANDE,ICA|PALPA|RIO GRANDE,3420.0,1727.0,1693.0
110404,distrito,SANTA CRUZ,ICA|PALPA|SANTA CRUZ,1341.0,655.0,686.0
110405,distrito,TIBILLO,ICA|PALPA|TIBILLO,554.0,302.0,252.0
110501,distrito,PISCO,ICA|PISCO|PISCO,76127.0,37306.0,38821.0
110502,distrito,HUANCANO,ICA|PISCO|HUANCANO,1849.0,929.0,920.0
110503,distrito,HUMAY,ICA|PISCO|HUMAY,7258.0,3606.0,3652.0
110504,distrito,INDEPENDENCIA,ICA|PISCO|INDEPENDENCIA,16811.0,8424.0,8387.0
110505,distrito,PARACAS,ICA|PISCO|PARACAS,5799.0,2931.0,2868.0
110506,distrito,SAN ANDRES,ICA|PISCO|SAN ANDRES,18886.0,9431.0,9455.0
110507,distrito,SAN CLEMENTE,ICA|PISCO|SAN CLEMENTE,28447.0,14035.0,14412.0
110508,distrito,TUPAC AMARU INCA,ICA|PISCO|TUPAC AMARU INCA,20830.0,10183.0,10647.0
120101,distrito,HUANCAYO,JUNIN|HUANCAYO|HUANCAYO,124453.0,59173.0,65280.0
120104,distrito,CARHUACALLANGA,JUNIN|HUANCAYO|CARHUACALLANGA,530.0,275.0,255.0
120105,distrito,CHACAPAMPA,JUNIN|HUANCAYO|CHACAPAMPA,1002.0,477.0,525.0
120106,distrito,CHICCHE,JUNIN|HUANCAYO|CHICCHE,876.0,383.0,493.0
120107,distrito,CHILCA,JUNIN|HUANCAYO|CHILCA,106396.0,51027.0,55369.0
120108,distrito,CHONGOS ALTO,JUNIN|HUANCAYO|CHONGOS ALTO,1455.0,691.0,764.0
120111,distrito,CHUPURO,JUNIN|HUANCAYO|CHUPURO,2971.0,1369.0,1602.0
120112,distrito,COLCA,JUNIN|HUANCAYO|COLCA,1436.0,691.0,745.0
120113,distrito,CULLHUAS,JUNIN|HUANCAYO|CULLHUAS,1471.0,726.0,745.0
120114,distrito,EL TAMBO,JUNIN|HUANCAYO|EL TAMBO,175415.0,84019.0,91396.0
120116,distrito,HUACRAPUQUIO,JUNIN|HUANCAYO|HUACRAPUQUIO,1814.0,824.0,990.0
120117,distrito,HUALHUAS,JUNIN|HUANCAYO|HUALHUAS,8703.0,4197.0,4506.0
120119,distrito,HUANCAN,JUNIN|HUANCAYO|HUANCAN,24302.0,11714.0,12588.0
120120,distrito,HUASICANCHA,JUNIN|HUANCAYO|HUASICANCHA,875.0,443.0,432.0
120121,distrito,HUAYUCACHI,JUNIN|HUANCAYO|HUAYUCACHI,13829.0,6569.0,7260.0
120122,distrito,INGENIO,JUNIN|HUANCAYO|INGENIO,2821.0,1366.0,1455.0
120124,distrito,PARIAHUANCA,JUNIN|HUANCAYO|PARIAHUANCA,5651.0,2851.0,2800.0
120125,distrito,PILCOMAYO,JUNIN|HUANCAYO|PILCOMAYO,26817.0,12903.0,13914.0
120126,distrito,PUCARA,JUNIN|HUANCAYO|PUCARA,5096.0,2390.0,2706.0
120127,distrito,QUICHUAY,JUNIN|HUANCAYO|QUICHUAY,2216.0,1064.0,1152.0
120128,distrito,QUILCAS,JUNIN|HUANCAYO|QUILCAS,5203.0,2448.0,2755.0
120129,distrito,SAN AGUSTIN,JUNIN|HUANCAYO|SAN AGUSTIN,20797.0,10057.0,10740.0
120130,distrito,SAN JERONIMO DE TUNAN,JUNIN|HUANCAYO|SAN JERONIMO DE TUNAN,15485.0,7266.0,8219.0
120132,distrito,SANO,JUNIN|HUANCAYO|SANO,7142.0,3448.0,3694.0
120133,distrito,SAPALLANGA,JUNIN|HUANCAYO|SAPALLANGA,35934.0,17451.0,18483.0
120134,distrito,SICAYA,JUNIN|HUANCAYO|SICAYA,24646.0,11842.0,12804.0
120135,distrito,SANTO DOMINGO DE ACOBAMBA,JUNIN|HUANCAYO|SANTO DOMINGO DE ACOBAMBA,5439.0,2838.0,2601.0
120136,distrito,VIQUES,JUNIN|HUANCAYO|VIQUES,3504.0,1679.0,1825.0
120201,distrito,CONCEPCION,JUNIN|CONCEPCION|CONCEPCION,17411.0,8309.0,9102.0
120202,distrito,ACO,JUNIN|CONCEPCION|ACO,1739.0,865.0,874.0
120203,distrito,ANDAMARCA,JUNIN|CONCEPCION|ANDAMARCA,4224.0,2087.0,2137.0
120204,distrito,CHAMBARA,JUNIN|CONCEPCION|CHAMBARA,2722.0,1264.0,1458.0
120205,distrito,COCHAS,JUNIN|CONCEPCION|COCHAS,1988.0,1031.0,957.0
120206,distrito,COMAS,JUNIN|CONCEPCION|COMAS,5174.0,2509.0,2665.0
120207,distrito,HEROINAS TOLEDO,JUNIN|CONCEPCION|HEROINAS TOLEDO,1073.0,527.0,546.0
120208,distrito,MANZANARES,JUNIN|CONCEPCION|MANZANARES,1601.0,757.0,844.0
120209,distrito,MARISCAL CASTILLA,JUNIN|CONCEPCION|MARISCAL CASTILLA,1541.0,781.0,760.0
120210,distrito,MATAHUASI,JUNIN|CONCEPCION|MATAHUASI,6530.0,3138.0,3392.0
120211,distrito,MITO,JUNIN|CONCEPCION|MITO,1787.0,845.0,942.0
120212,distrito,NUEVE DE JULIO,JUNIN|CONCEPCION|NUEVE DE JULIO,3915.0,1887.0,2028.0
120213,distrito,ORCOTUNA,JUNIN|CONCEPCION|ORCOTUNA,6016.0,2994.0,3022.0
120214,distrito,SAN JOSE DE QUERO,JUNIN|CONCEPCION|SAN JOSE DE QUERO,4544.0,2143.0,2401.0
120215,distrito,SANTA ROSA DE OCOPA,JUNIN|CONCEPCION|SANTA ROSA DE OCOPA,2092.0,988.0,1104.0
120301,distrito,CHANCHAMAYO,JUNIN|CHANCHAMAYO|CHANCHAMAYO,31089.0,15694.0,15395.0
120302,distrito,PERENE,JUNIN|CHANCHAMAYO|PERENE,65996.0,33738.0,32258.0
120303,distrito,PICHANAQUI,JUNIN|CHANCHAMAYO|PICHANAQUI,43749.0,22511.0,21238.0
120304,distrito,SAN LUIS DE SHUARO,JUNIN|CHANCHAMAYO|SAN LUIS DE SHUARO,5057.0,2754.0,2303.0
120305,distrito,SAN RAMON,JUNIN|CHANCHAMAYO|SAN RAMON,32165.0,16017.0,16148.0
120306,distrito,VITOC,JUNIN|CHANCHAMAYO|VITOC,2210.0,1173.0,1037.0
120401,distrito,JAUJA,JUNIN|JAUJA|JAUJA,16148.0,7630.0,8518.0
120402,distrito,ACOLLA,JUNIN|JAUJA|ACOLLA,6045.0,2913.0,3132.0
120403,distrito,APATA,JUNIN|JAUJA|APATA,5906.0,2878.0,3028.0
120404,distrito,ATAURA,JUNIN|JAUJA|ATAURA,1426.0,674.0,752.0
120405,distrito,CANCHAYLLO,JUNIN|JAUJA|CANCHAYLLO,1786.0,900.0,886.0
120406,distrito,CURICACA,JUNIN|JAUJA|CURICACA,1322.0,636.0,686.0
120407,distrito,EL MANTARO,JUNIN|JAUJA|EL MANTARO,2832.0,1347.0,1485.0
120408,distrito,HUAMALI,JUNIN|JAUJA|HUAMALI,1799.0,878.0,921.0
120409,distrito,HUARIPAMPA,JUNIN|JAUJA|HUARIPAMPA,1129.0,548.0,581.0
120410,distrito,HUERTAS,JUNIN|JAUJA|HUERTAS,2588.0,1259.0,1329.0
120411,distrito,JANJAILLO,JUNIN|JAUJA|JANJAILLO,457.0,207.0,250.0
120412,distrito,JULCAN,JUNIN|JAUJA|JULCAN,767.0,361.0,406.0
120413,distrito,LEONOR ORDONEZ,JUNIN|JAUJA|LEONOR ORDONEZ,1706.0,848.0,858.0
120414,distrito,LLOCLLAPAMPA,JUNIN|JAUJA|LLOCLLAPAMPA,1230.0,621.0,609.0
120415,distrito,MARCO,JUNIN|JAUJA|MARCO,1535.0,706.0,829.0
120416,distrito,MASMA,JUNIN|JAUJA|MASMA,1253.0,594.0,659.0
120417,distrito,MASMA CHICCHE,JUNIN|JAUJA|MASMA CHICCHE,677.0,334.0,343.0
120418,distrito,MOLINOS,JUNIN|JAUJA|MOLINOS,1372.0,678.0,694.0
120419,distrito,MONOBAMBA,JUNIN|JAUJA|MONOBAMBA,2244.0,1189.0,1055.0
120420,distrito,MUQUI,JUNIN|JAUJA|MUQUI,1080.0,505.0,575.0
120421,distrito,MUQUIYAUYO,JUNIN|JAUJA|MUQUIYAUYO,2498.0,1167.0,1331.0
120422,distrito,PACA,JUNIN|JAUJA|PACA,935.0,453.0,482.0
120423,distrito,PACCHA,JUNIN|JAUJA|PACCHA,1414.0,694.0,720.0
120424,distrito,PANCAN,JUNIN|JAUJA|PANCAN,2657.0,1287.0,1370.0
120425,distrito,PARCO,JUNIN|JAUJA|PARCO,1160.0,544.0,616.0
120426,distrito,POMACANCHA,JUNIN|JAUJA|POMACANCHA,1380.0,676.0,704.0
120427,distrito,RICRAN,JUNIN|JAUJA|RICRAN,1055.0,491.0,564.0
120428,distrito,SAN LORENZO,JUNIN|JAUJA|SAN LORENZO,2998.0,1402.0,1596.0
120429,distrito,SAN PEDRO DE CHUNAN,JUNIN|JAUJA|SAN PEDRO DE CHUNAN,599.0,283.0,316.0
120430,distrito,SAUSA,JUNIN|JAUJA|SAUSA,3978.0,1884.0,2094.0
120431,distrito,SINCOS,JUNIN|JAUJA|SINCOS,3783.0,1792.0,1991.0
120432,distrito,TUNAN MARCA,JUNIN|JAUJA|TUNAN MARCA,1078.0,542.0,536.0
120433,distrito,YAULI,JUNIN|JAUJA|YAULI,1121.0,556.0,565.0
120434,distrito,YAUYOS,JUNIN|JAUJA|YAUYOS,8927.0,4235.0,4692.0
120501,distrito,JUNIN,JUNIN|JUNIN|JUNIN,11663.0,5474.0,6189.0
120502,distrito,CARHUAMAYO,JUNIN|JUNIN|CARHUAMAYO,6896.0,3223.0,3673.0
120503,distrito,ONDORES,JUNIN|JUNIN|ONDORES,1453.0,708.0,745.0
120504,distrito,ULCUMAYO,JUNIN|JUNIN|ULCUMAYO,5643.0,2888.0,2755.0
120601,distrito,SATIPO,JUNIN|SATIPO|SATIPO,49068.0,24426.0,24642.0
120602,distrito,COVIRIALI,JUNIN|SATIPO|COVIRIALI,6168.0,3229.0,2939.0
120603,distrito,LLAYLLA,JUNIN|SATIPO|LLAYLLA,5716.0,2955.0,2761.0
120604,distrito,MAZAMARI,JUNIN|SATIPO|MAZAMARI,36889.0,18806.0,18083.0
120605,distrito,PAMPA HERMOSA,JUNIN|SATIPO|PAMPA HERMOSA,5648.0,3002.0,2646.0
120606,distrito,PANGOA,JUNIN|SATIPO|PANGOA,70782.0,36808.0,33974.0
120607,distrito,RIO NEGRO,JUNIN|SATIPO|RIO NEGRO,23717.0,12886.0,10831.0
120608,distrito,RIO TAMBO,JUNIN|SATIPO|RIO TAMBO,41247.0,21187.0,20060.0
120609,distrito,VIZCATAN DEL ENE,JUNIN|SATIPO|VIZCATAN DEL ENE,6526.0,3616.0,2910.0
120701,distrito,TARMA,JUNIN|TARMA|TARMA,52426.0,24984.0,27442.0
120702,distrito,ACOBAMBA,JUNIN|TARMA|ACOBAMBA,10230.0,4989.0,5241.0
120703,distrito,HUARICOLCA,JUNIN|TARMA|HUARICOLCA,2319.0,1131.0,1188.0
120704,distrito,HUASAHUASI,JUNIN|TARMA|HUASAHUASI,9950.0,4961.0,4989.0
120705,distrito,LA UNION,JUNIN|TARMA|LA UNION,3438.0,1676.0,1762.0
120706,distrito,PALCA,JUNIN|TARMA|PALCA,6153.0,3095.0,3058.0
120707,distrito,PALCAMAYO,JUNIN|TARMA|PALCAMAYO,3830.0,1837.0,1993.0
120708,distrito,SAN PEDRO DE CAJAS,JUNIN|TARMA|SAN PEDRO DE CAJAS,2974.0,1410.0,1564.0
120709,distrito,TAPO,JUNIN|TARMA|TAPO,5255.0,2667.0,2588.0
120801,distrito,LA OROYA,JUNIN|YAULI|LA OROYA,11336.0,5547.0,5789.0
120802,distrito,CHACAPALPA,JUNIN|YAULI|CHACAPALPA,844.0,408.0,436.0
120803,distrito,HUAY-HUAY,JUNIN|YAULI|HUAY-HUAY,1237.0,605.0,632.0
120804,distrito,MARCAPOMACOCHA,JUNIN|YAULI|MARCAPOMACOCHA,814.0,423.0,391.0
120805,distrito,MOROCOCHA,JUNIN|YAULI|MOROCOCHA,3131.0,1585.0,1546.0
120806,distrito,PACCHA,JUNIN|YAULI|PACCHA,1736.0,844.0,892.0
120807,distrito,SANTA BARBARA DE CARHUACAYAN,JUNIN|YAULI|SANTA BARBARA DE CARHUACAYAN,1020.0,507.0,513.0
120808,distrito,SANTA ROSA DE SACCO,JUNIN|YAULI|SANTA ROSA DE SACCO,8042.0,3973.0,4069.0
120809,distrito,SUITUCANCHA,JUNIN|YAULI|SUITUCANCHA,1158.0,593.0,565.0
120810,distrito,YAULI,JUNIN|YAULI|YAULI,3218.0,1619.0,1599.0
120901,distrito,CHUPACA,JUNIN|CHUPACA|CHUPACA,23007.0,10838.0,12169.0
120902,distrito,AHUAC,JUNIN|CHUPACA|AHUAC,8084.0,3868.0,4216.0
120903,distrito,CHONGOS BAJO,JUNIN|CHUPACA|CHONGOS BAJO,4474.0,2150.0,2324.0
120904,distrito,HUACHAC,JUNIN|CHUPACA|HUACHAC,4049.0,1933.0,2116.0
120905,distrito,HUAMANCACA CHICO,JUNIN|CHUPACA|HUAMANCACA CHICO,14047.0,8008.0,6039.0
120906,distrito,SAN JUAN DE ISCOS,JUNIN|CHUPACA|SAN JUAN DE ISCOS,3217.0,1529.0,1688.0
120907,distrito,SAN JUAN DE JARPA,JUNIN|CHUPACA|SAN JUAN DE JARPA,2460.0,1123.0,1337.0
120908,distrito,TRES DE DICIEMBRE,JUNIN|CHUPACA|TRES DE DICIEMBRE,4734.0,2294.0,2440.0
120909,distrito,YANACANCHA,JUNIN|CHUPACA|YANACANCHA,2394.0,1143.0,1251.0
130101,distrito,TRUJILLO,LA LIBERTAD|TRUJILLO|TRUJILLO,307045.0,145229.0,161816.0
130102,distrito,EL PORVENIR,LA LIBERTAD|TRUJILLO|EL PORVENIR,113343.0,55121.0,58222.0
130103,distrito,FLORENCIA DE MORA,LA LIBERTAD|TRUJILLO|FLORENCIA DE MORA,57225.0,28046.0,29179.0
130104,distrito,HUANCHACO,LA LIBERTAD|TRUJILLO|HUANCHACO,99367.0,51883.0,47484.0
130105,distrito,LA ESPERANZA,LA LIBERTAD|TRUJILLO|LA ESPERANZA,204746.0,99756.0,104990.0
130106,distrito,LAREDO,LA LIBERTAD|TRUJILLO|LAREDO,52834.0,26059.0,26775.0
130107,distrito,MOCHE,LA LIBERTAD|TRUJILLO|MOCHE,49917.0,24331.0,25586.0
130108,distrito,POROTO,LA LIBERTAD|TRUJILLO|POROTO,4403.0,2232.0,2171.0
130109,distrito,SALAVERRY,LA LIBERTAD|TRUJILLO|SALAVERRY,29110.0,14203.0,14907.0
130110,distrito,SIMBAL,LA LIBERTAD|TRUJILLO|SIMBAL,4793.0,2434.0,2359.0
130111,distrito,VICTOR LARCO HERRERA,LA LIBERTAD|TRUJILLO|VICTOR LARCO HERRERA,81901.0,39038.0,42863.0
130112,distrito,ALTO TRUJILLO,LA LIBERTAD|TRUJILLO|ALTO TRUJILLO,85323.0,41842.0,43481.0
130201,distrito,ASCOPE,LA LIBERTAD|ASCOPE|ASCOPE,7123.0,3503.0,3620.0
130202,distrito,CHICAMA,LA LIBERTAD|ASCOPE|CHICAMA,18132.0,9093.0,9039.0
130203,distrito,CHOCOPE,LA LIBERTAD|ASCOPE|CHOCOPE,10024.0,4992.0,5032.0
130204,distrito,MAGDALENA DE CAO,LA LIBERTAD|ASCOPE|MAGDALENA DE CAO,2621.0,1345.0,1276.0
130205,distrito,PAIJAN,LA LIBERTAD|ASCOPE|PAIJAN,30002.0,14700.0,15302.0
130206,distrito,RAZURI,LA LIBERTAD|ASCOPE|RAZURI,10136.0,5070.0,5066.0
130207,distrito,SANTIAGO DE CAO,LA LIBERTAD|ASCOPE|SANTIAGO DE CAO,20075.0,10045.0,10030.0
130208,distrito,CASA GRANDE,LA LIBERTAD|ASCOPE|CASA GRANDE,29508.0,14600.0,14908.0
130301,distrito,BOLIVAR,LA LIBERTAD|BOLIVAR|BOLIVAR,3987.0,2041.0,1946.0
130302,distrito,BAMBAMARCA,LA LIBERTAD|BOLIVAR|BAMBAMARCA,3853.0,1943.0,1910.0
130303,distrito,CONDORMARCA,LA LIBERTAD|BOLIVAR|CONDORMARCA,2091.0,1051.0,1040.0
130304,distrito,LONGOTEA,LA LIBERTAD|BOLIVAR|LONGOTEA,2801.0,1451.0,1350.0
130305,distrito,UCHUMARCA,LA LIBERTAD|BOLIVAR|UCHUMARCA,2511.0,1304.0,1207.0
130306,distrito,UCUNCHA,LA LIBERTAD|BOLIVAR|UCUNCHA,885.0,456.0,429.0
130401,distrito,CHEPEN,LA LIBERTAD|CHEPEN|CHEPEN,52459.0,25676.0,26783.0
130402,distrito,PACANGA,LA LIBERTAD|CHEPEN|PACANGA,30671.0,15518.0,15153.0
130403,distrito,PUEBLO NUEVO,LA LIBERTAD|CHEPEN|PUEBLO NUEVO,13207.0,6646.0,6561.0
130501,distrito,JULCAN,LA LIBERTAD|JULCAN|JULCAN,11791.0,5904.0,5887.0
130502,distrito,CALAMARCA,LA LIBERTAD|JULCAN|CALAMARCA,5389.0,2763.0,2626.0
130503,distrito,CARABAMBA,LA LIBERTAD|JULCAN|CARABAMBA,7091.0,3546.0,3545.0
130504,distrito,HUASO,LA LIBERTAD|JULCAN|HUASO,5709.0,2940.0,2769.0
130601,distrito,OTUZCO,LA LIBERTAD|OTUZCO|OTUZCO,27975.0,13737.0,14238.0
130602,distrito,AGALLPAMPA,LA LIBERTAD|OTUZCO|AGALLPAMPA,10210.0,5074.0,5136.0
130604,distrito,CHARAT,LA LIBERTAD|OTUZCO|CHARAT,3108.0,1627.0,1481.0
130605,distrito,HUARANCHAL,LA LIBERTAD|OTUZCO|HUARANCHAL,5250.0,2818.0,2432.0
130606,distrito,LA CUESTA,LA LIBERTAD|OTUZCO|LA CUESTA,604.0,314.0,290.0
130608,distrito,MACHE,LA LIBERTAD|OTUZCO|MACHE,2988.0,1490.0,1498.0
130610,distrito,PARANDAY,LA LIBERTAD|OTUZCO|PARANDAY,501.0,263.0,238.0
130611,distrito,SALPO,LA LIBERTAD|OTUZCO|SALPO,5641.0,2913.0,2728.0
130613,distrito,SINSICAP,LA LIBERTAD|OTUZCO|SINSICAP,7260.0,3676.0,3584.0
130614,distrito,USQUIL,LA LIBERTAD|OTUZCO|USQUIL,29023.0,14837.0,14186.0
130701,distrito,SAN PEDRO DE LLOC,LA LIBERTAD|PACASMAYO|SAN PEDRO DE LLOC,20790.0,10226.0,10564.0
130702,distrito,GUADALUPE,LA LIBERTAD|PACASMAYO|GUADALUPE,47067.0,22956.0,24111.0
130703,distrito,JEQUETEPEQUE,LA LIBERTAD|PACASMAYO|JEQUETEPEQUE,4866.0,2436.0,2430.0
130704,distrito,PACASMAYO,LA LIBERTAD|PACASMAYO|PACASMAYO,35381.0,17176.0,18205.0
130705,distrito,SAN JOSE,LA LIBERTAD|PACASMAYO|SAN JOSE,15403.0,7741.0,7662.0
130801,distrito,TAYABAMBA,LA LIBERTAD|PATAZ|TAYABAMBA,15542.0,7615.0,7927.0
130802,distrito,BULDIBUYO,LA LIBERTAD|PATAZ|BULDIBUYO,4471.0,2302.0,2169.0
130803,distrito,CHILLIA,LA LIBERTAD|PATAZ|CHILLIA,14247.0,7163.0,7084.0
130804,distrito,HUANCASPATA,LA LIBERTAD|PATAZ|HUANCASPATA,5943.0,2897.0,3046.0
130805,distrito,HUAYLILLAS,LA LIBERTAD|PATAZ|HUAYLILLAS,1223.0,671.0,552.0
130806,distrito,HUAYO,LA LIBERTAD|PATAZ|HUAYO,3555.0,1809.0,1746.0
130807,distrito,ONGON,LA LIBERTAD|PATAZ|ONGON,1288.0,653.0,635.0
130808,distrito,PARCOY,LA LIBERTAD|PATAZ|PARCOY,20285.0,10528.0,9757.0
130809,distrito,PATAZ,LA LIBERTAD|PATAZ|PATAZ,8144.0,4145.0,3999.0
130810,distrito,PIAS,LA LIBERTAD|PATAZ|PIAS,1696.0,878.0,818.0
130811,distrito,SANTIAGO DE CHALLAS,LA LIBERTAD|PATAZ|SANTIAGO DE CHALLAS,2066.0,1015.0,1051.0
130812,distrito,TAURIJA,LA LIBERTAD|PATAZ|TAURIJA,3118.0,1557.0,1561.0
130813,distrito,URPAY,LA LIBERTAD|PATAZ|URPAY,2712.0,1373.0,1339.0
130901,distrito,HUAMACHUCO,LA LIBERTAD|SANCHEZ CARRION|HUAMACHUCO,82038.0,39195.0,42843.0
130902,distrito,CHUGAY,LA LIBERTAD|SANCHEZ CARRION|CHUGAY,20413.0,10061.0,10352.0
130903,distrito,COCHORCO,LA LIBERTAD|SANCHEZ CARRION|COCHORCO,10423.0,5246.0,5177.0
130904,distrito,CURGOS,LA LIBERTAD|SANCHEZ CARRION|CURGOS,9477.0,4564.0,4913.0
130905,distrito,MARCABAL,LA LIBERTAD|SANCHEZ CARRION|MARCABAL,11630.0,5594.0,6036.0
130906,distrito,SANAGORAN,LA LIBERTAD|SANCHEZ CARRION|SANAGORAN,15128.0,7429.0,7699.0
130907,distrito,SARIN,LA LIBERTAD|SANCHEZ CARRION|SARIN,9949.0,4923.0,5026.0
130908,distrito,SARTIMBAMBA,LA LIBERTAD|SANCHEZ CARRION|SARTIMBAMBA,14445.0,7236.0,7209.0
131001,distrito,SANTIAGO DE CHUCO,LA LIBERTAD|SANTIAGO DE CHUCO|SANTIAGO DE CHUCO,23545.0,11803.0,11742.0
131002,distrito,ANGASMARCA,LA LIBERTAD|SANTIAGO DE CHUCO|ANGASMARCA,4783.0,2309.0,2474.0
131003,distrito,CACHICADAN,LA LIBERTAD|SANTIAGO DE CHUCO|CACHICADAN,5831.0,2912.0,2919.0
131004,distrito,MOLLEBAMBA,LA LIBERTAD|SANTIAGO DE CHUCO|MOLLEBAMBA,2016.0,983.0,1033.0
131005,distrito,MOLLEPATA,LA LIBERTAD|SANTIAGO DE CHUCO|MOLLEPATA,2909.0,1440.0,1469.0
131006,distrito,QUIRUVILCA,LA LIBERTAD|SANTIAGO DE CHUCO|QUIRUVILCA,12455.0,6321.0,6134.0
131007,distrito,SANTA CRUZ DE CHUCA,LA LIBERTAD|SANTIAGO DE CHUCO|SANTA CRUZ DE CHUCA,2750.0,1393.0,1357.0
131008,distrito,SITABAMBA,LA LIBERTAD|SANTIAGO DE CHUCO|SITABAMBA,3848.0,1968.0,1880.0
131101,distrito,CASCAS,LA LIBERTAD|GRAN CHIMU|CASCAS,15155.0,7786.0,7369.0
131102,distrito,LUCMA,LA LIBERTAD|GRAN CHIMU|LUCMA,4626.0,2444.0,2182.0
131103,distrito,MARMOT,LA LIBERTAD|GRAN CHIMU|MARMOT,2367.0,1238.0,1129.0
131104,distrito,SAYAPULLO,LA LIBERTAD|GRAN CHIMU|SAYAPULLO,8206.0,4296.0,3910.0
131201,distrito,VIRU,LA LIBERTAD|VIRU|VIRU,70491.0,34995.0,35496.0
131202,distrito,CHAO,LA LIBERTAD|VIRU|CHAO,55343.0,27810.0,27533.0
131203,distrito,GUADALUPITO,LA LIBERTAD|VIRU|GUADALUPITO,8187.0,4119.0,4068.0
140101,distrito,CHICLAYO,LAMBAYEQUE|CHICLAYO|CHICLAYO,274487.0,129560.0,144927.0
140102,distrito,CHONGOYAPE,LAMBAYEQUE|CHICLAYO|CHONGOYAPE,20760.0,10268.0,10492.0
140103,distrito,ETEN,LAMBAYEQUE|CHICLAYO|ETEN,14416.0,6950.0,7466.0
140104,distrito,ETEN PUERTO,LAMBAYEQUE|CHICLAYO|ETEN PUERTO,2528.0,1259.0,1269.0
140105,distrito,JOSE LEONARDO ORTIZ,LAMBAYEQUE|CHICLAYO|JOSE LEONARDO ORTIZ,173853.0,83708.0,90145.0
140106,distrito,LA VICTORIA,LAMBAYEQUE|CHICLAYO|LA VICTORIA,106970.0,51418.0,55552.0
140107,distrito,LAGUNAS,LAMBAYEQUE|CHICLAYO|LAGUNAS,12768.0,6391.0,6377.0
140108,distrito,MONSEFU,LAMBAYEQUE|CHICLAYO|MONSEFU,39468.0,19136.0,20332.0
140109,distrito,NUEVA ARICA,LAMBAYEQUE|CHICLAYO|NUEVA ARICA,3111.0,1533.0,1578.0
140110,distrito,OYOTUN,LAMBAYEQUE|CHICLAYO|OYOTUN,10575.0,5331.0,5244.0
140111,distrito,PICSI,LAMBAYEQUE|CHICLAYO|PICSI,14847.0,9329.0,5518.0
140112,distrito,PIMENTEL,LAMBAYEQUE|CHICLAYO|PIMENTEL,57736.0,27852.0,29884.0
140113,distrito,REQUE,LAMBAYEQUE|CHICLAYO|REQUE,21065.0,10194.0,10871.0
140114,distrito,SANTA ROSA,LAMBAYEQUE|CHICLAYO|SANTA ROSA,13861.0,6869.0,6992.0
140115,distrito,SANA,LAMBAYEQUE|CHICLAYO|SANA,14132.0,7038.0,7094.0
140116,distrito,CAYALTI,LAMBAYEQUE|CHICLAYO|CAYALTI,18051.0,8830.0,9221.0
140117,distrito,PATAPO,LAMBAYEQUE|CHICLAYO|PATAPO,23793.0,11709.0,12084.0
140118,distrito,POMALCA,LAMBAYEQUE|CHICLAYO|POMALCA,31588.0,15402.0,16186.0
140119,distrito,PUCALA,LAMBAYEQUE|CHICLAYO|PUCALA,9189.0,4514.0,4675.0
140120,distrito,TUMAN,LAMBAYEQUE|CHICLAYO|TUMAN,30499.0,14922.0,15577.0
140201,distrito,FERRENAFE,LAMBAYEQUE|FERRENAFE|FERRENAFE,38562.0,18510.0,20052.0
140202,distrito,CANARIS,LAMBAYEQUE|FERRENAFE|CANARIS,14125.0,7220.0,6905.0
140203,distrito,INCAHUASI,LAMBAYEQUE|FERRENAFE|INCAHUASI,14198.0,7070.0,7128.0
140204,distrito,MANUEL ANTONIO MESONES MURO,LAMBAYEQUE|FERRENAFE|MANUEL ANTONIO MESONES MURO,5468.0,2811.0,2657.0
140205,distrito,PITIPO,LAMBAYEQUE|FERRENAFE|PITIPO,26491.0,13201.0,13290.0
140206,distrito,PUEBLO NUEVO,LAMBAYEQUE|FERRENAFE|PUEBLO NUEVO,17036.0,8315.0,8721.0
140301,distrito,LAMBAYEQUE,LAMBAYEQUE|LAMBAYEQUE|LAMBAYEQUE,91664.0,44406.0,47258.0
140302,distrito,CHOCHOPE,LAMBAYEQUE|LAMBAYEQUE|CHOCHOPE,1947.0,987.0,960.0
140303,distrito,ILLIMO,LAMBAYEQUE|LAMBAYEQUE|ILLIMO,11284.0,5522.0,5762.0
140304,distrito,JAYANCA,LAMBAYEQUE|LAMBAYEQUE|JAYANCA,26959.0,13327.0,13632.0
140305,distrito,MOCHUMI,LAMBAYEQUE|LAMBAYEQUE|MOCHUMI,23000.0,11315.0,11685.0
140306,distrito,MORROPE,LAMBAYEQUE|LAMBAYEQUE|MORROPE,62139.0,30890.0,31249.0
140307,distrito,MOTUPE,LAMBAYEQUE|LAMBAYEQUE|MOTUPE,40906.0,20369.0,20537.0
140308,distrito,OLMOS,LAMBAYEQUE|LAMBAYEQUE|OLMOS,66507.0,33711.0,32796.0
140309,distrito,PACORA,LAMBAYEQUE|LAMBAYEQUE|PACORA,9825.0,4850.0,4975.0
140310,distrito,SALAS,LAMBAYEQUE|LAMBAYEQUE|SALAS,14946.0,7610.0,7336.0
140311,distrito,SAN JOSE,LAMBAYEQUE|LAMBAYEQUE|SAN JOSE,20963.0,10303.0,10660.0
140312,distrito,TUCUME,LAMBAYEQUE|LAMBAYEQUE|TUCUME,24926.0,12283.0,12643.0
150101,distrito,LIMA,LIMA|LIMA|LIMA,314869.0,153962.0,160907.0
150102,distrito,ANCON,LIMA|LIMA|ANCON,78256.0,41323.0,36933.0
150103,distrito,ATE,LIMA|LIMA|ATE,703028.0,347255.0,355773.0
150104,distrito,BARRANCO,LIMA|LIMA|BARRANCO,42986.0,20490.0,22496.0
150105,distrito,BRENA,LIMA|LIMA|BRENA,104888.0,49847.0,55041.0
150106,distrito,CARABAYLLO,LIMA|LIMA|CARABAYLLO,430807.0,213702.0,217105.0
150107,distrito,CHACLACAYO,LIMA|LIMA|CHACLACAYO,45670.0,22262.0,23408.0
150108,distrito,CHORRILLOS,LIMA|LIMA|CHORRILLOS,377175.0,184272.0,192903.0
150109,distrito,CIENEGUILLA,LIMA|LIMA|CIENEGUILLA,50393.0,24936.0,25457.0
150110,distrito,COMAS,LIMA|LIMA|COMAS,578818.0,284378.0,294440.0
150111,distrito,EL AGUSTINO,LIMA|LIMA|EL AGUSTINO,231424.0,114499.0,116925.0
150112,distrito,INDEPENDENCIA,LIMA|LIMA|INDEPENDENCIA,225078.0,111160.0,113918.0
150113,distrito,JESUS MARIA,LIMA|LIMA|JESUS MARIA,105776.0,48042.0,57734.0
150114,distrito,LA MOLINA,LIMA|LIMA|LA MOLINA,151360.0,71577.0,79783.0
150115,distrito,LA VICTORIA,LIMA|LIMA|LA VICTORIA,192325.0,94424.0,97901.0
150116,distrito,LINCE,LIMA|LIMA|LINCE,72911.0,33968.0,38943.0
150117,distrito,LOS OLIVOS,LIMA|LIMA|LOS OLIVOS,362039.0,176325.0,185714.0
150118,distrito,LURIGANCHO,LIMA|LIMA|LURIGANCHO,308451.0,153894.0,154557.0
150119,distrito,LURIN,LIMA|LIMA|LURIN,132149.0,66210.0,65939.0
150120,distrito,MAGDALENA DEL MAR,LIMA|LIMA|MAGDALENA DEL MAR,82146.0,37864.0,44282.0
150121,distrito,PUEBLO LIBRE,LIMA|LIMA|PUEBLO LIBRE,99936.0,45839.0,54097.0
150122,distrito,MIRAFLORES,LIMA|LIMA|MIRAFLORES,126049.0,58214.0,67835.0
150123,distrito,PACHACAMAC,LIMA|LIMA|PACHACAMAC,141104.0,70075.0,71029.0
150124,distrito,PUCUSANA,LIMA|LIMA|PUCUSANA,19758.0,9856.0,9902.0
150125,distrito,PUENTE PIEDRA,LIMA|LIMA|PUENTE PIEDRA,398975.0,197778.0,201197.0
150126,distrito,PUNTA HERMOSA,LIMA|LIMA|PUNTA HERMOSA,16482.0,8266.0,8216.0
150127,distrito,PUNTA NEGRA,LIMA|LIMA|PUNTA NEGRA,11241.0,5590.0,5651.0
150128,distrito,RIMAC,LIMA|LIMA|RIMAC,197361.0,96959.0,100402.0
150129,distrito,SAN BARTOLO,LIMA|LIMA|SAN BARTOLO,7408.0,3632.0,3776.0
150130,distrito,SAN BORJA,LIMA|LIMA|SAN BORJA,126125.0,58131.0,67994.0
150131,distrito,SAN ISIDRO,LIMA|LIMA|SAN ISIDRO,73401.0,33337.0,40064.0
150132,distrito,SAN JUAN DE LURIGANCHO,LIMA|LIMA|SAN JUAN DE LURIGANCHO,1176583.0,589601.0,586982.0
150133,distrito,SAN JUAN DE MIRAFLORES,LIMA|LIMA|SAN JUAN DE MIRAFLORES,417763.0,206920.0,210843.0
150134,distrito,SAN LUIS,LIMA|LIMA|SAN LUIS,61773.0,29945.0,31828.0
150135,distrito,SAN MARTIN DE PORRES,LIMA|LIMA|SAN MARTIN DE PORRES,764012.0,375380.0,388632.0
150136,distrito,SAN MIGUEL,LIMA|LIMA|SAN MIGUEL,189301.0,89783.0,99518.0
150137,distrito,SANTA ANITA,LIMA|LIMA|SANTA ANITA,224675.0,110968.0,113707.0
150138,distrito,SANTA MARIA DEL MAR,LIMA|LIMA|SANTA MARIA DEL MAR,994.0,509.0,485.0
150139,distrito,SANTA ROSA,LIMA|LIMA|SANTA ROSA,38377.0,19081.0,19296.0
150140,distrito,SANTIAGO DE SURCO,LIMA|LIMA|SANTIAGO DE SURCO,401980.0,188599.0,213381.0
150141,distrito,SURQUILLO,LIMA|LIMA|SURQUILLO,119236.0,56141.0,63095.0
150142,distrito,VILLA EL SALVADOR,LIMA|LIMA|VILLA EL SALVADOR,451546.0,224558.0,226988.0
150143,distrito,VILLA MARIA DEL TRIUNFO,LIMA|LIMA|VILLA MARIA DEL TRIUNFO,487863.0,241866.0,245997.0
150201,distrito,BARRANCA,LIMA|BARRANCA|BARRANCA,71192.0,34764.0,36428.0
150202,distrito,PARAMONGA,LIMA|BARRANCA|PARAMONGA,20909.0,10314.0,10595.0
150203,distrito,PATIVILCA,LIMA|BARRANCA|PATIVILCA,18165.0,8887.0,9278.0
150204,distrito,SUPE,LIMA|BARRANCA|SUPE,27890.0,13940.0,13950.0
150205,distrito,SUPE PUERTO,LIMA|BARRANCA|SUPE PUERTO,15101.0,7350.0,7751.0
150301,distrito,CAJATAMBO,LIMA|CAJATAMBO|CAJATAMBO,1861.0,923.0,938.0
150302,distrito,COPA,LIMA|CAJATAMBO|COPA,813.0,389.0,424.0
150303,distrito,GORGOR,LIMA|CAJATAMBO|GORGOR,1906.0,991.0,915.0
150304,distrito,HUANCAPON,LIMA|CAJATAMBO|HUANCAPON,889.0,442.0,447.0
150305,distrito,MANAS,LIMA|CAJATAMBO|MANAS,929.0,516.0,413.0
150401,distrito,CANTA,LIMA|CANTA|CANTA,3100.0,1682.0,1418.0
150402,distrito,ARAHUAY,LIMA|CANTA|ARAHUAY,649.0,360.0,289.0
150403,distrito,HUAMANTANGA,LIMA|CANTA|HUAMANTANGA,754.0,387.0,367.0
150404,distrito,HUAROS,LIMA|CANTA|HUAROS,736.0,350.0,386.0
150405,distrito,LACHAQUI,LIMA|CANTA|LACHAQUI,737.0,379.0,358.0
150406,distrito,SAN BUENAVENTURA,LIMA|CANTA|SAN BUENAVENTURA,517.0,285.0,232.0
150407,distrito,SANTA ROSA DE QUIVES,LIMA|CANTA|SANTA ROSA DE QUIVES,8086.0,4015.0,4071.0
150501,distrito,SAN VICENTE DE CANETE,LIMA|CANETE|SAN VICENTE DE CANETE,64070.0,31213.0,32857.0
150502,distrito,ASIA,LIMA|CANETE|ASIA,10936.0,5510.0,5426.0
150503,distrito,CALANGO,LIMA|CANETE|CALANGO,2501.0,1304.0,1197.0
150504,distrito,CERRO AZUL,LIMA|CANETE|CERRO AZUL,8441.0,4163.0,4278.0
150505,distrito,CHILCA,LIMA|CANETE|CHILCA,26846.0,13542.0,13304.0
150506,distrito,COAYLLO,LIMA|CANETE|COAYLLO,1085.0,545.0,540.0
150507,distrito,IMPERIAL,LIMA|CANETE|IMPERIAL,40979.0,20052.0,20927.0
150508,distrito,LUNAHUANA,LIMA|CANETE|LUNAHUANA,4914.0,2447.0,2467.0
150509,distrito,MALA,LIMA|CANETE|MALA,34432.0,17003.0,17429.0
150510,distrito,NUEVO IMPERIAL,LIMA|CANETE|NUEVO IMPERIAL,34988.0,18927.0,16061.0
150511,distrito,PACARAN,LIMA|CANETE|PACARAN,1595.0,820.0,775.0
150512,distrito,QUILMANA,LIMA|CANETE|QUILMANA,16286.0,7923.0,8363.0
150513,distrito,SAN ANTONIO,LIMA|CANETE|SAN ANTONIO,3969.0,1948.0,2021.0
150514,distrito,SAN LUIS,LIMA|CANETE|SAN LUIS,14556.0,7128.0,7428.0
150515,distrito,SANTA CRUZ DE FLORES,LIMA|CANETE|SANTA CRUZ DE FLORES,3063.0,1527.0,1536.0
150516,distrito,ZUNIGA,LIMA|CANETE|ZUNIGA,1350.0,692.0,658.0
150601,distrito,HUARAL,LIMA|HUARAL|HUARAL,108546.0,53399.0,55147.0
150602,distrito,ATAVILLOS ALTO,LIMA|HUARAL|ATAVILLOS ALTO,611.0,318.0,293.0
150603,distrito,ATAVILLOS BAJO,LIMA|HUARAL|ATAVILLOS BAJO,930.0,501.0,429.0
150604,distrito,AUCALLAMA,LIMA|HUARAL|AUCALLAMA,26172.0,15301.0,10871.0
150605,distrito,CHANCAY,LIMA|HUARAL|CHANCAY,70438.0,34864.0,35574.0
150606,distrito,IHUARI,LIMA|HUARAL|IHUARI,2701.0,1398.0,1303.0
150607,distrito,LAMPIAN,LIMA|HUARAL|LAMPIAN,550.0,311.0,239.0
150608,distrito,PACARAOS,LIMA|HUARAL|PACARAOS,629.0,324.0,305.0
150609,distrito,SAN MIGUEL DE ACOS,LIMA|HUARAL|SAN MIGUEL DE ACOS,593.0,318.0,275.0
150610,distrito,SANTA CRUZ DE ANDAMARCA,LIMA|HUARAL|SANTA CRUZ DE ANDAMARCA,898.0,462.0,436.0
150611,distrito,SUMBILCA,LIMA|HUARAL|SUMBILCA,972.0,484.0,488.0
150612,distrito,VEINTISIETE DE NOVIEMBRE,LIMA|HUARAL|VEINTISIETE DE NOVIEMBRE,463.0,243.0,220.0
150701,distrito,MATUCANA,LIMA|HUAROCHIRI|MATUCANA,4645.0,2339.0,2306.0
150702,distrito,ANTIOQUIA,LIMA|HUAROCHIRI|ANTIOQUIA,1781.0,933.0,848.0
150703,distrito,CALLAHUANCA,LIMA|HUAROCHIRI|CALLAHUANCA,833.0,432.0,401.0
150704,distrito,CARAMPOMA,LIMA|HUAROCHIRI|CARAMPOMA,543.0,254.0,289.0
150705,distrito,CHICLA,LIMA|HUAROCHIRI|CHICLA,1987.0,1002.0,985.0
150706,distrito,CUENCA,LIMA|HUAROCHIRI|CUENCA,663.0,358.0,305.0
150707,distrito,HUACHUPAMPA,LIMA|HUAROCHIRI|HUACHUPAMPA,673.0,335.0,338.0
150708,distrito,HUANZA,LIMA|HUAROCHIRI|HUANZA,615.0,317.0,298.0
150709,distrito,HUAROCHIRI,LIMA|HUAROCHIRI|HUAROCHIRI,2087.0,1045.0,1042.0
150710,distrito,LAHUAYTAMBO,LIMA|HUAROCHIRI|LAHUAYTAMBO,822.0,457.0,365.0
150711,distrito,LANGA,LIMA|HUAROCHIRI|LANGA,1450.0,725.0,725.0
150712,distrito,LARAOS,LIMA|HUAROCHIRI|LARAOS,404.0,204.0,200.0
150713,distrito,MARIATANA,LIMA|HUAROCHIRI|MARIATANA,2008.0,1086.0,922.0
150714,distrito,RICARDO PALMA,LIMA|HUAROCHIRI|RICARDO PALMA,6180.0,3064.0,3116.0
150715,distrito,SAN ANDRES DE TUPICOCHA,LIMA|HUAROCHIRI|SAN ANDRES DE TUPICOCHA,1420.0,749.0,671.0
150716,distrito,SAN ANTONIO,LIMA|HUAROCHIRI|SAN ANTONIO,963.0,542.0,421.0
150717,distrito,SAN BARTOLOME,LIMA|HUAROCHIRI|SAN BARTOLOME,1423.0,734.0,689.0
150718,distrito,SAN DAMIAN,LIMA|HUAROCHIRI|SAN DAMIAN,1433.0,741.0,692.0
150719,distrito,SAN JUAN DE IRIS,LIMA|HUAROCHIRI|SAN JUAN DE IRIS,479.0,224.0,255.0
150720,distrito,SAN JUAN DE TANTARANCHE,LIMA|HUAROCHIRI|SAN JUAN DE TANTARANCHE,565.0,277.0,288.0
150721,distrito,SAN LORENZO DE QUINTI,LIMA|HUAROCHIRI|SAN LORENZO DE QUINTI,1692.0,934.0,758.0
150722,distrito,SAN MATEO,LIMA|HUAROCHIRI|SAN MATEO,3745.0,1854.0,1891.0
150723,distrito,SAN MATEO DE OTAO,LIMA|HUAROCHIRI|SAN MATEO DE OTAO,1531.0,835.0,696.0
150724,distrito,SAN PEDRO DE CASTA,LIMA|HUAROCHIRI|SAN PEDRO DE CASTA,1155.0,543.0,612.0
150725,distrito,SAN PEDRO DE HUANCAYRE,LIMA|HUAROCHIRI|SAN PEDRO DE HUANCAYRE,264.0,135.0,129.0
150726,distrito,SANGALLAYA,LIMA|HUAROCHIRI|SANGALLAYA,807.0,411.0,396.0
150727,distrito,SANTA CRUZ DE COCACHACRA,LIMA|HUAROCHIRI|SANTA CRUZ DE COCACHACRA,2651.0,1281.0,1370.0
150728,distrito,SANTA EULALIA,LIMA|HUAROCHIRI|SANTA EULALIA,14110.0,6863.0,7247.0
150729,distrito,SANTIAGO DE ANCHUCAYA,LIMA|HUAROCHIRI|SANTIAGO DE ANCHUCAYA,540.0,245.0,295.0
150730,distrito,SANTIAGO DE TUNA,LIMA|HUAROCHIRI|SANTIAGO DE TUNA,666.0,373.0,293.0
150731,distrito,SANTO DOMINGO DE LOS OLLEROS,LIMA|HUAROCHIRI|SANTO DOMINGO DE LOS OLLEROS,1883.0,974.0,909.0
150732,distrito,SURCO,LIMA|HUAROCHIRI|SURCO,1695.0,849.0,846.0
150801,distrito,HUACHO,LIMA|HUAURA|HUACHO,69381.0,33726.0,35655.0
150802,distrito,AMBAR,LIMA|HUAURA|AMBAR,2517.0,1343.0,1174.0
150803,distrito,CALETA DE CARQUIN,LIMA|HUAURA|CALETA DE CARQUIN,8879.0,5414.0,3465.0
150804,distrito,CHECRAS,LIMA|HUAURA|CHECRAS,1042.0,540.0,502.0
150805,distrito,HUALMAY,LIMA|HUAURA|HUALMAY,30317.0,14741.0,15576.0
150806,distrito,HUAURA,LIMA|HUAURA|HUAURA,39450.0,19606.0,19844.0
150807,distrito,LEONCIO PRADO,LIMA|HUAURA|LEONCIO PRADO,2060.0,1122.0,938.0
150808,distrito,PACCHO,LIMA|HUAURA|PACCHO,1406.0,734.0,672.0
150809,distrito,SANTA LEONOR,LIMA|HUAURA|SANTA LEONOR,734.0,376.0,358.0
150810,distrito,SANTA MARIA,LIMA|HUAURA|SANTA MARIA,43603.0,21639.0,21964.0
150811,distrito,SAYAN,LIMA|HUAURA|SAYAN,27997.0,14050.0,13947.0
150812,distrito,VEGUETA,LIMA|HUAURA|VEGUETA,34556.0,17185.0,17371.0
150901,distrito,OYON,LIMA|OYON|OYON,8935.0,4412.0,4523.0
150902,distrito,ANDAJES,LIMA|OYON|ANDAJES,615.0,296.0,319.0
150903,distrito,CAUJUL,LIMA|OYON|CAUJUL,642.0,328.0,314.0
150904,distrito,COCHAMARCA,LIMA|OYON|COCHAMARCA,1232.0,632.0,600.0
150905,distrito,NAVAN,LIMA|OYON|NAVAN,816.0,420.0,396.0
150906,distrito,PACHANGARA,LIMA|OYON|PACHANGARA,2948.0,1454.0,1494.0
151001,distrito,YAUYOS,LIMA|YAUYOS|YAUYOS,1501.0,748.0,753.0
151002,distrito,ALIS,LIMA|YAUYOS|ALIS,316.0,165.0,151.0
151003,distrito,ALLAUCA,LIMA|YAUYOS|ALLAUCA,1082.0,547.0,535.0
151004,distrito,AYAVIRI,LIMA|YAUYOS|AYAVIRI,422.0,216.0,206.0
151005,distrito,AZANGARO,LIMA|YAUYOS|AZANGARO,418.0,228.0,190.0
151006,distrito,CACRA,LIMA|YAUYOS|CACRA,572.0,307.0,265.0
151007,distrito,CARANIA,LIMA|YAUYOS|CARANIA,300.0,139.0,161.0
151008,distrito,CATAHUASI,LIMA|YAUYOS|CATAHUASI,1140.0,562.0,578.0
151009,distrito,CHOCOS,LIMA|YAUYOS|CHOCOS,737.0,385.0,352.0
151010,distrito,COCHAS,LIMA|YAUYOS|COCHAS,190.0,104.0,86.0
151011,distrito,COLONIA,LIMA|YAUYOS|COLONIA,1212.0,609.0,603.0
151012,distrito,HONGOS,LIMA|YAUYOS|HONGOS,316.0,165.0,151.0
151013,distrito,HUAMPARA,LIMA|YAUYOS|HUAMPARA,185.0,91.0,94.0
151014,distrito,HUANCAYA,LIMA|YAUYOS|HUANCAYA,480.0,237.0,243.0
151015,distrito,HUANGASCAR,LIMA|YAUYOS|HUANGASCAR,616.0,308.0,308.0
151016,distrito,HUANTAN,LIMA|YAUYOS|HUANTAN,693.0,357.0,336.0
151017,distrito,HUANEC,LIMA|YAUYOS|HUANEC,291.0,152.0,139.0
151018,distrito,LARAOS,LIMA|YAUYOS|LARAOS,587.0,282.0,305.0
151019,distrito,LINCHA,LIMA|YAUYOS|LINCHA,541.0,274.0,267.0
151020,distrito,MADEAN,LIMA|YAUYOS|MADEAN,574.0,272.0,302.0
151021,distrito,MIRAFLORES,LIMA|YAUYOS|MIRAFLORES,282.0,125.0,157.0
151022,distrito,OMAS,LIMA|YAUYOS|OMAS,563.0,285.0,278.0
151023,distrito,PUTINZA,LIMA|YAUYOS|PUTINZA,449.0,228.0,221.0
151024,distrito,QUINCHES,LIMA|YAUYOS|QUINCHES,545.0,256.0,289.0
151025,distrito,QUINOCAY,LIMA|YAUYOS|QUINOCAY,355.0,210.0,145.0
151026,distrito,SAN JOAQUIN,LIMA|YAUYOS|SAN JOAQUIN,162.0,98.0,64.0
151027,distrito,SAN PEDRO DE PILAS,LIMA|YAUYOS|SAN PEDRO DE PILAS,275.0,142.0,133.0
151028,distrito,TANTA,LIMA|YAUYOS|TANTA,386.0,179.0,207.0
151029,distrito,TAURIPAMPA,LIMA|YAUYOS|TAURIPAMPA,330.0,170.0,160.0
151030,distrito,TOMAS,LIMA|YAUYOS|TOMAS,540.0,264.0,276.0
151031,distrito,TUPE,LIMA|YAUYOS|TUPE,503.0,241.0,262.0
151032,distrito,VINAC,LIMA|YAUYOS|VINAC,1482.0,711.0,771.0
151033,distrito,VITIS,LIMA|YAUYOS|VITIS,272.0,144.0,128.0
160101,distrito,IQUITOS,LORETO|MAYNAS|IQUITOS,122472.0,59600.0,62872.0
160102,distrito,ALTO NANAY,LORETO|MAYNAS|ALTO NANAY,3026.0,1594.0,1432.0
160103,distrito,FERNANDO LORES,LORETO|MAYNAS|FERNANDO LORES,14260.0,7402.0,6858.0
160104,distrito,INDIANA,LORETO|MAYNAS|INDIANA,9596.0,4913.0,4683.0
160105,distrito,LAS AMAZONAS,LORETO|MAYNAS|LAS AMAZONAS,7188.0,3820.0,3368.0
160106,distrito,MAZAN,LORETO|MAYNAS|MAZAN,11909.0,6055.0,5854.0
160107,distrito,NAPO,LORETO|MAYNAS|NAPO,13890.0,7138.0,6752.0
160108,distrito,PUNCHANA,LORETO|MAYNAS|PUNCHANA,81500.0,40480.0,41020.0
160110,distrito,TORRES CAUSANA,LORETO|MAYNAS|TORRES CAUSANA,6068.0,3038.0,3030.0
160112,distrito,BELEN,LORETO|MAYNAS|BELEN,75980.0,38612.0,37368.0
160113,distrito,SAN JUAN BAUTISTA,LORETO|MAYNAS|SAN JUAN BAUTISTA,154588.0,76581.0,78007.0
160201,distrito,YURIMAGUAS,LORETO|ALTO AMAZONAS|YURIMAGUAS,103247.0,51492.0,51755.0
160202,distrito,BALSAPUERTO,LORETO|ALTO AMAZONAS|BALSAPUERTO,24434.0,12272.0,12162.0
160205,distrito,JEBEROS,LORETO|ALTO AMAZONAS|JEBEROS,6156.0,3105.0,3051.0
160206,distrito,LAGUNAS,LORETO|ALTO AMAZONAS|LAGUNAS,14231.0,7221.0,7010.0
160210,distrito,SANTA CRUZ,LORETO|ALTO AMAZONAS|SANTA CRUZ,4741.0,2482.0,2259.0
160211,distrito,TENIENTE CESAR LOPEZ ROJAS,LORETO|ALTO AMAZONAS|TENIENTE CESAR LOPEZ ROJAS,6847.0,3630.0,3217.0
160301,distrito,NAUTA,LORETO|LORETO|NAUTA,37295.0,18632.0,18663.0
160302,distrito,PARINARI,LORETO|LORETO|PARINARI,6116.0,3193.0,2923.0
160303,distrito,TIGRE,LORETO|LORETO|TIGRE,7857.0,4087.0,3770.0
160304,distrito,TROMPETEROS,LORETO|LORETO|TROMPETEROS,10974.0,5627.0,5347.0
160305,distrito,URARINAS,LORETO|LORETO|URARINAS,17685.0,8926.0,8759.0
160401,distrito,RAMON CASTILLA,LORETO|MARISCAL RAMON CASTILLA|RAMON CASTILLA,27478.0,14020.0,13458.0
160402,distrito,PEBAS,LORETO|MARISCAL RAMON CASTILLA|PEBAS,11348.0,5832.0,5516.0
160403,distrito,YAVARI,LORETO|MARISCAL RAMON CASTILLA|YAVARI,6805.0,3582.0,3223.0
160404,distrito,SAN PABLO,LORETO|MARISCAL RAMON CASTILLA|SAN PABLO,13872.0,7181.0,6691.0
160405,distrito,SANTA ROSA DE LORETO,LORETO|MARISCAL RAMON CASTILLA|SANTA ROSA DE LORETO,4459.0,2255.0,2204.0
160501,distrito,REQUENA,LORETO|REQUENA|REQUENA,28957.0,14405.0,14552.0
160502,distrito,ALTO TAPICHE,LORETO|REQUENA|ALTO TAPICHE,1279.0,674.0,605.0
160503,distrito,CAPELO,LORETO|REQUENA|CAPELO,2524.0,1316.0,1208.0
160504,distrito,EMILIO SAN MARTIN,LORETO|REQUENA|EMILIO SAN MARTIN,5735.0,3008.0,2727.0
160505,distrito,MAQUIA,LORETO|REQUENA|MAQUIA,7748.0,4074.0,3674.0
160506,distrito,PUINAHUA,LORETO|REQUENA|PUINAHUA,7318.0,3844.0,3474.0
160507,distrito,SAQUENA,LORETO|REQUENA|SAQUENA,3374.0,1778.0,1596.0
160508,distrito,SOPLIN,LORETO|REQUENA|SOPLIN,591.0,335.0,256.0
160509,distrito,TAPICHE,LORETO|REQUENA|TAPICHE,961.0,530.0,431.0
160510,distrito,JENARO HERRERA,LORETO|REQUENA|JENARO HERRERA,3890.0,1999.0,1891.0
160511,distrito,YAQUERANA,LORETO|REQUENA|YAQUERANA,2763.0,1413.0,1350.0
160601,distrito,CONTAMANA,LORETO|UCAYALI|CONTAMANA,28781.0,14565.0,14216.0
160602,distrito,INAHUAYA,LORETO|UCAYALI|INAHUAYA,1653.0,875.0,778.0
160603,distrito,PADRE MARQUEZ,LORETO|UCAYALI|PADRE MARQUEZ,5144.0,2704.0,2440.0
160604,distrito,PAMPA HERMOSA,LORETO|UCAYALI|PAMPA HERMOSA,7663.0,4050.0,3613.0
160605,distrito,SARAYACU,LORETO|UCAYALI|SARAYACU,16603.0,8585.0,8018.0
160606,distrito,VARGAS GUERRA,LORETO|UCAYALI|VARGAS GUERRA,7742.0,3966.0,3776.0
160701,distrito,BARRANCA,LORETO|DATEM DEL MARANON|BARRANCA,21927.0,11124.0,10803.0
160702,distrito,CAHUAPANAS,LORETO|DATEM DEL MARANON|CAHUAPANAS,11586.0,5754.0,5832.0
160703,distrito,MANSERICHE,LORETO|DATEM DEL MARANON|MANSERICHE,14284.0,7252.0,7032.0
160704,distrito,MORONA,LORETO|DATEM DEL MARANON|MORONA,10465.0,5257.0,5208.0
160705,distrito,PASTAZA,LORETO|DATEM DEL MARANON|PASTAZA,10971.0,5531.0,5440.0
160706,distrito,ANDOAS,LORETO|DATEM DEL MARANON|ANDOAS,18200.0,9052.0,9148.0
160801,distrito,PUTUMAYO,LORETO|PUTUMAYO|PUTUMAYO,4080.0,2073.0,2007.0
160802,distrito,ROSA PANDURO,LORETO|PUTUMAYO|ROSA PANDURO,484.0,263.0,221.0
160803,distrito,TENIENTE MANUEL CLAVERO,LORETO|PUTUMAYO|TENIENTE MANUEL CLAVERO,2597.0,1358.0,1239.0
160804,distrito,YAGUAS,LORETO|PUTUMAYO|YAGUAS,1429.0,775.0,654.0
170101,distrito,TAMBOPATA,MADRE DE DIOS|TAMBOPATA|TAMBOPATA,110229.0,56478.0,53751.0
170102,distrito,INAMBARI,MADRE DE DIOS|TAMBOPATA|INAMBARI,28729.0,14937.0,13792.0
170103,distrito,LAS PIEDRAS,MADRE DE DIOS|TAMBOPATA|LAS PIEDRAS,21330.0,11111.0,10219.0
170104,distrito,LABERINTO,MADRE DE DIOS|TAMBOPATA|LABERINTO,10475.0,5472.0,5003.0
170201,distrito,MANU,MADRE DE DIOS|MANU|MANU,3112.0,1616.0,1496.0
170202,distrito,FITZCARRALD,MADRE DE DIOS|MANU|FITZCARRALD,1383.0,727.0,656.0
170203,distrito,MADRE DE DIOS,MADRE DE DIOS|MANU|MADRE DE DIOS,11347.0,5871.0,5476.0
170204,distrito,HUEPETUHE,MADRE DE DIOS|MANU|HUEPETUHE,9354.0,4906.0,4448.0
170301,distrito,INAPARI,MADRE DE DIOS|TAHUAMANU|INAPARI,2179.0,1174.0,1005.0
170302,distrito,IBERIA,MADRE DE DIOS|TAHUAMANU|IBERIA,5881.0,3007.0,2874.0
170303,distrito,TAHUAMANU,MADRE DE DIOS|TAHUAMANU|TAHUAMANU,4648.0,2551.0,2097.0
180101,distrito,MOQUEGUA,MOQUEGUA|MARISCAL NIETO|MOQUEGUA,49521.0,24591.0,24930.0
180102,distrito,CARUMAS,MOQUEGUA|MARISCAL NIETO|CARUMAS,1951.0,985.0,966.0
180103,distrito,CUCHUMBAYA,MOQUEGUA|MARISCAL NIETO|CUCHUMBAYA,606.0,310.0,296.0
180104,distrito,SAMEGUA,MOQUEGUA|MARISCAL NIETO|SAMEGUA,10440.0,5434.0,5006.0
180105,distrito,SAN CRISTOBAL,MOQUEGUA|MARISCAL NIETO|SAN CRISTOBAL,1444.0,751.0,693.0
180106,distrito,TORATA,MOQUEGUA|MARISCAL NIETO|TORATA,6376.0,3441.0,2935.0
180107,distrito,SAN ANTONIO,MOQUEGUA|MARISCAL NIETO|SAN ANTONIO,28389.0,14070.0,14319.0
180201,distrito,OMATE,MOQUEGUA|GENERAL SANCHEZ CERRO|OMATE,3412.0,1749.0,1663.0
180202,distrito,CHOJATA,MOQUEGUA|GENERAL SANCHEZ CERRO|CHOJATA,692.0,371.0,321.0
180203,distrito,COALAQUE,MOQUEGUA|GENERAL SANCHEZ CERRO|COALAQUE,1172.0,604.0,568.0
180204,distrito,ICHUNA,MOQUEGUA|GENERAL SANCHEZ CERRO|ICHUNA,3312.0,1696.0,1616.0
180205,distrito,LA CAPILLA,MOQUEGUA|GENERAL SANCHEZ CERRO|LA CAPILLA,650.0,345.0,305.0
180206,distrito,LLOQUE,MOQUEGUA|GENERAL SANCHEZ CERRO|LLOQUE,565.0,308.0,257.0
180207,distrito,MATALAQUE,MOQUEGUA|GENERAL SANCHEZ CERRO|MATALAQUE,579.0,298.0,281.0
180208,distrito,PUQUINA,MOQUEGUA|GENERAL SANCHEZ CERRO|PUQUINA,2249.0,1122.0,1127.0
180209,distrito,QUINISTAQUILLAS,MOQUEGUA|GENERAL SANCHEZ CERRO|QUINISTAQUILLAS,503.0,265.0,238.0
180210,distrito,UBINAS,MOQUEGUA|GENERAL SANCHEZ CERRO|UBINAS,1882.0,954.0,928.0
180211,distrito,YUNGA,MOQUEGUA|GENERAL SANCHEZ CERRO|YUNGA,760.0,365.0,395.0
180301,distrito,ILO,MOQUEGUA|ILO|ILO,69376.0,34484.0,34892.0
180302,distrito,EL ALGARROBAL,MOQUEGUA|ILO|EL ALGARROBAL,5523.0,2778.0,2745.0
180303,distrito,PACOCHA,MOQUEGUA|ILO|PACOCHA,5426.0,2671.0,2755.0
190101,distrito,CHAUPIMARCA,PASCO|PASCO|CHAUPIMARCA,26985.0,13005.0,13980.0
190102,distrito,HUACHON,PASCO|PASCO|HUACHON,4797.0,2405.0,2392.0
190103,distrito,HUARIACA,PASCO|PASCO|HUARIACA,7191.0,3461.0,3730.0
190104,distrito,HUAYLLAY,PASCO|PASCO|HUAYLLAY,7539.0,3744.0,3795.0
190105,distrito,NINACACA,PASCO|PASCO|NINACACA,4403.0,2142.0,2261.0
190106,distrito,PALLANCHACRA,PASCO|PASCO|PALLANCHACRA,1884.0,954.0,930.0
190107,distrito,PAUCARTAMBO,PASCO|PASCO|PAUCARTAMBO,11548.0,5772.0,5776.0
190108,distrito,SAN FRANCISCO DE ASIS DE YARUSYACAN,PASCO|PASCO|SAN FRANCISCO DE ASIS DE YARUSYACAN,3857.0,1903.0,1954.0
190109,distrito,SIMON BOLIVAR,PASCO|PASCO|SIMON BOLIVAR,13063.0,6403.0,6660.0
190110,distrito,TICLACAYAN,PASCO|PASCO|TICLACAYAN,3115.0,1537.0,1578.0
190111,distrito,TINYAHUARCO,PASCO|PASCO|TINYAHUARCO,6218.0,3067.0,3151.0
190112,distrito,VICCO,PASCO|PASCO|VICCO,3875.0,2470.0,1405.0
190113,distrito,YANACANCHA,PASCO|PASCO|YANACANCHA,25205.0,12304.0,12901.0
190201,distrito,YANAHUANCA,PASCO|DANIEL ALCIDES CARRION|YANAHUANCA,12880.0,6256.0,6624.0
190202,distrito,CHACAYAN,PASCO|DANIEL ALCIDES CARRION|CHACAYAN,1916.0,903.0,1013.0
190203,distrito,GOYLLARISQUIZGA,PASCO|DANIEL ALCIDES CARRION|GOYLLARISQUIZGA,1464.0,698.0,766.0
190204,distrito,PAUCAR,PASCO|DANIEL ALCIDES CARRION|PAUCAR,1869.0,901.0,968.0
190205,distrito,SAN PEDRO DE PILLAO,PASCO|DANIEL ALCIDES CARRION|SAN PEDRO DE PILLAO,1244.0,602.0,642.0
190206,distrito,SANTA ANA DE TUSI,PASCO|DANIEL ALCIDES CARRION|SANTA ANA DE TUSI,14506.0,7102.0,7404.0
190207,distrito,TAPUC,PASCO|DANIEL ALCIDES CARRION|TAPUC,2193.0,1078.0,1115.0
190208,distrito,VILCABAMBA,PASCO|DANIEL ALCIDES CARRION|VILCABAMBA,1171.0,575.0,596.0
190301,distrito,OXAPAMPA,PASCO|OXAPAMPA|OXAPAMPA,17248.0,8532.0,8716.0
190302,distrito,CHONTABAMBA,PASCO|OXAPAMPA|CHONTABAMBA,5918.0,2983.0,2935.0
190303,distrito,HUANCABAMBA,PASCO|OXAPAMPA|HUANCABAMBA,7613.0,3952.0,3661.0
190304,distrito,PALCAZU,PASCO|OXAPAMPA|PALCAZU,8308.0,4290.0,4018.0
190305,distrito,POZUZO,PASCO|OXAPAMPA|POZUZO,3789.0,1931.0,1858.0
190306,distrito,PUERTO BERMUDEZ,PASCO|OXAPAMPA|PUERTO BERMUDEZ,23851.0,12147.0,11704.0
190307,distrito,VILLA RICA,PASCO|OXAPAMPA|VILLA RICA,15956.0,8014.0,7942.0
190308,distrito,CONSTITUCION,PASCO|OXAPAMPA|CONSTITUCION,13943.0,7001.0,6942.0
200101,distrito,PIURA,PIURA|PIURA|PIURA,155461.0,74610.0,80851.0
200104,distrito,CASTILLA,PIURA|PIURA|CASTILLA,193607.0,96414.0,97193.0
200105,distrito,CATACAOS,PIURA|PIURA|CATACAOS,88255.0,43654.0,44601.0
200107,distrito,CURA MORI,PIURA|PIURA|CURA MORI,21903.0,11077.0,10826.0
200108,distrito,EL TALLAN,PIURA|PIURA|EL TALLAN,6599.0,3314.0,3285.0
200109,distrito,LA ARENA,PIURA|PIURA|LA ARENA,44267.0,22280.0,21987.0
200110,distrito,LA UNION,PIURA|PIURA|LA UNION,48917.0,24353.0,24564.0
200111,distrito,LAS LOMAS,PIURA|PIURA|LAS LOMAS,30573.0,15533.0,15040.0
200114,distrito,TAMBO GRANDE,PIURA|PIURA|TAMBO GRANDE,137673.0,70376.0,67297.0
200115,distrito,VEINTISEIS DE OCTUBRE,PIURA|PIURA|VEINTISEIS DE OCTUBRE,206994.0,100079.0,106915.0
200201,distrito,AYABACA,PIURA|AYABACA|AYABACA,32047.0,16188.0,15859.0
200202,distrito,FRIAS,PIURA|AYABACA|FRIAS,19849.0,10038.0,9811.0
200203,distrito,JILILI,PIURA|AYABACA|JILILI,2638.0,1364.0,1274.0
200204,distrito,LAGUNAS,PIURA|AYABACA|LAGUNAS,5255.0,2613.0,2642.0
200205,distrito,MONTERO,PIURA|AYABACA|MONTERO,6110.0,3108.0,3002.0
200206,distrito,PACAIPAMPA,PIURA|AYABACA|PACAIPAMPA,24326.0,12180.0,12146.0
200207,distrito,PAIMAS,PIURA|AYABACA|PAIMAS,10279.0,5106.0,5173.0
200208,distrito,SAPILLICA,PIURA|AYABACA|SAPILLICA,12322.0,6343.0,5979.0
200209,distrito,SICCHEZ,PIURA|AYABACA|SICCHEZ,1519.0,763.0,756.0
200210,distrito,SUYO,PIURA|AYABACA|SUYO,13697.0,7090.0,6607.0
200301,distrito,HUANCABAMBA,PIURA|HUANCABAMBA|HUANCABAMBA,29712.0,14413.0,15299.0
200302,distrito,CANCHAQUE,PIURA|HUANCABAMBA|CANCHAQUE,8073.0,4105.0,3968.0
200303,distrito,EL CARMEN DE LA FRONTERA,PIURA|HUANCABAMBA|EL CARMEN DE LA FRONTERA,12947.0,6295.0,6652.0
200304,distrito,HUARMACA,PIURA|HUANCABAMBA|HUARMACA,38739.0,19466.0,19273.0
200305,distrito,LALAQUIZ,PIURA|HUANCABAMBA|LALAQUIZ,4445.0,2298.0,2147.0
200306,distrito,SAN MIGUEL DE EL FAIQUE,PIURA|HUANCABAMBA|SAN MIGUEL DE EL FAIQUE,10095.0,5013.0,5082.0
200307,distrito,SONDOR,PIURA|HUANCABAMBA|SONDOR,8172.0,4100.0,4072.0
200308,distrito,SONDORILLO,PIURA|HUANCABAMBA|SONDORILLO,11817.0,5663.0,6154.0
200401,distrito,CHULUCANAS,PIURA|MORROPON|CHULUCANAS,93171.0,46484.0,46687.0
200402,distrito,BUENOS AIRES,PIURA|MORROPON|BUENOS AIRES,10976.0,5564.0,5412.0
200403,distrito,CHALACO,PIURA|MORROPON|CHALACO,7401.0,3817.0,3584.0
200404,distrito,LA MATANZA,PIURA|MORROPON|LA MATANZA,16182.0,8048.0,8134.0
200405,distrito,MORROPON,PIURA|MORROPON|MORROPON,17764.0,8876.0,8888.0
200406,distrito,SALITRAL,PIURA|MORROPON|SALITRAL,10011.0,5116.0,4895.0
200407,distrito,SAN JUAN DE BIGOTE,PIURA|MORROPON|SAN JUAN DE BIGOTE,7248.0,3753.0,3495.0
200408,distrito,SANTA CATALINA DE MOSSA,PIURA|MORROPON|SANTA CATALINA DE MOSSA,3553.0,1781.0,1772.0
200409,distrito,SANTO DOMINGO,PIURA|MORROPON|SANTO DOMINGO,5955.0,2981.0,2974.0
200410,distrito,YAMANGO,PIURA|MORROPON|YAMANGO,8131.0,4228.0,3903.0
200501,distrito,PAITA,PIURA|PAITA|PAITA,106312.0,52858.0,53454.0
200502,distrito,AMOTAPE,PIURA|PAITA|AMOTAPE,2546.0,1328.0,1218.0
200503,distrito,ARENAL,PIURA|PAITA|ARENAL,1234.0,632.0,602.0
200504,distrito,COLAN,PIURA|PAITA|COLAN,17051.0,8547.0,8504.0
200505,distrito,LA HUACA,PIURA|PAITA|LA HUACA,14547.0,7424.0,7123.0
200506,distrito,TAMARINDO,PIURA|PAITA|TAMARINDO,5309.0,2667.0,2642.0
200507,distrito,VICHAYAL,PIURA|PAITA|VICHAYAL,6655.0,3433.0,3222.0
200601,distrito,SULLANA,PIURA|SULLANA|SULLANA,196103.0,95899.0,100204.0
200602,distrito,BELLAVISTA,PIURA|SULLANA|BELLAVISTA,38370.0,18851.0,19519.0
200603,distrito,IGNACIO ESCUDERO,PIURA|SULLANA|IGNACIO ESCUDERO,22262.0,11314.0,10948.0
200604,distrito,LANCONES,PIURA|SULLANA|LANCONES,14399.0,7530.0,6869.0
200605,distrito,MARCAVELICA,PIURA|SULLANA|MARCAVELICA,32861.0,16629.0,16232.0
200606,distrito,MIGUEL CHECA,PIURA|SULLANA|MIGUEL CHECA,11153.0,5669.0,5484.0
200607,distrito,QUERECOTILLO,PIURA|SULLANA|QUERECOTILLO,28026.0,13985.0,14041.0
200608,distrito,SALITRAL,PIURA|SULLANA|SALITRAL,7775.0,3917.0,3858.0
200701,distrito,PARINAS,PIURA|TALARA|PARINAS,99651.0,48992.0,50659.0
200702,distrito,EL ALTO,PIURA|TALARA|EL ALTO,8760.0,4399.0,4361.0
200703,distrito,LA BREA,PIURA|TALARA|LA BREA,13559.0,6510.0,7049.0
200704,distrito,LOBITOS,PIURA|TALARA|LOBITOS,1561.0,801.0,760.0
200705,distrito,LOS ORGANOS,PIURA|TALARA|LOS ORGANOS,11835.0,5916.0,5919.0
200706,distrito,MANCORA,PIURA|TALARA|MANCORA,14667.0,7304.0,7363.0
200801,distrito,SECHURA,PIURA|SECHURA|SECHURA,53427.0,26686.0,26741.0
200802,distrito,BELLAVISTA DE LA UNION,PIURA|SECHURA|BELLAVISTA DE LA UNION,5399.0,2682.0,2717.0
200803,distrito,BERNAL,PIURA|SECHURA|BERNAL,8077.0,4064.0,4013.0
200804,distrito,CRISTO NOS VALGA,PIURA|SECHURA|CRISTO NOS VALGA,5573.0,2757.0,2816.0
200805,distrito,VICE,PIURA|SECHURA|VICE,17890.0,8866.0,9024.0
200806,distrito,RINCONADA LLICUAR,PIURA|SECHURA|RINCONADA LLICUAR,3530.0,1856.0,1674.0
210101,distrito,PUNO,PUNO|PUNO|PUNO,125636.0,61274.0,64362.0
210102,distrito,ACORA,PUNO|PUNO|ACORA,24734.0,12303.0,12431.0
210103,distrito,AMANTANI,PUNO|PUNO|AMANTANI,3569.0,1745.0,1824.0
210104,distrito,ATUNCOLLA,PUNO|PUNO|ATUNCOLLA,5368.0,2538.0,2830.0
210105,distrito,CAPACHICA,PUNO|PUNO|CAPACHICA,8355.0,4020.0,4335.0
210106,distrito,CHUCUITO,PUNO|PUNO|CHUCUITO,7481.0,3505.0,3976.0
210107,distrito,COATA,PUNO|PUNO|COATA,8924.0,4261.0,4663.0
210108,distrito,HUATA,PUNO|PUNO|HUATA,3667.0,1751.0,1916.0
210109,distrito,MANAZO,PUNO|PUNO|MANAZO,5487.0,2583.0,2904.0
210110,distrito,PAUCARCOLLA,PUNO|PUNO|PAUCARCOLLA,5299.0,2587.0,2712.0
210111,distrito,PICHACANI,PUNO|PUNO|PICHACANI,5906.0,2804.0,3102.0
210112,distrito,PLATERIA,PUNO|PUNO|PLATERIA,8059.0,3906.0,4153.0
210113,distrito,SAN ANTONIO,PUNO|PUNO|SAN ANTONIO,1307.0,666.0,641.0
210114,distrito,TIQUILLACA,PUNO|PUNO|TIQUILLACA,2105.0,1003.0,1102.0
210115,distrito,VILQUE,PUNO|PUNO|VILQUE,3370.0,1636.0,1734.0
210201,distrito,AZANGARO,PUNO|AZANGARO|AZANGARO,32093.0,15387.0,16706.0
210202,distrito,ACHAYA,PUNO|AZANGARO|ACHAYA,3940.0,1960.0,1980.0
210203,distrito,ARAPA,PUNO|AZANGARO|ARAPA,8436.0,4131.0,4305.0
210204,distrito,ASILLO,PUNO|AZANGARO|ASILLO,15861.0,7492.0,8369.0
210205,distrito,CAMINACA,PUNO|AZANGARO|CAMINACA,3767.0,1827.0,1940.0
210206,distrito,CHUPA,PUNO|AZANGARO|CHUPA,7390.0,3534.0,3856.0
210207,distrito,JOSE DOMINGO CHOQUEHUANCA,PUNO|AZANGARO|JOSE DOMINGO CHOQUEHUANCA,4391.0,2099.0,2292.0
210208,distrito,MUNANI,PUNO|AZANGARO|MUNANI,5966.0,2926.0,3040.0
210209,distrito,POTONI,PUNO|AZANGARO|POTONI,4307.0,2009.0,2298.0
210210,distrito,SAMAN,PUNO|AZANGARO|SAMAN,11974.0,5924.0,6050.0
210211,distrito,SAN ANTON,PUNO|AZANGARO|SAN ANTON,7135.0,3317.0,3818.0
210212,distrito,SAN JOSE,PUNO|AZANGARO|SAN JOSE,5069.0,2398.0,2671.0
210213,distrito,SAN JUAN DE SALINAS,PUNO|AZANGARO|SAN JUAN DE SALINAS,2831.0,1315.0,1516.0
210214,distrito,SANTIAGO DE PUPUJA,PUNO|AZANGARO|SANTIAGO DE PUPUJA,4822.0,2213.0,2609.0
210215,distrito,TIRAPATA,PUNO|AZANGARO|TIRAPATA,3000.0,1450.0,1550.0
210301,distrito,MACUSANI,PUNO|CARABAYA|MACUSANI,16000.0,7806.0,8194.0
210302,distrito,AJOYANI,PUNO|CARABAYA|AJOYANI,2173.0,1010.0,1163.0
210303,distrito,AYAPATA,PUNO|CARABAYA|AYAPATA,11964.0,6196.0,5768.0
210304,distrito,COASA,PUNO|CARABAYA|COASA,7598.0,3922.0,3676.0
210305,distrito,CORANI,PUNO|CARABAYA|CORANI,4724.0,2365.0,2359.0
210306,distrito,CRUCERO,PUNO|CARABAYA|CRUCERO,8331.0,4096.0,4235.0
210307,distrito,ITUATA,PUNO|CARABAYA|ITUATA,6647.0,3626.0,3021.0
210308,distrito,OLLACHEA,PUNO|CARABAYA|OLLACHEA,7456.0,3908.0,3548.0
210309,distrito,SAN GABAN,PUNO|CARABAYA|SAN GABAN,4205.0,2108.0,2097.0
210310,distrito,USICAYOS,PUNO|CARABAYA|USICAYOS,7644.0,3979.0,3665.0
210401,distrito,JULI,PUNO|CHUCUITO|JULI,22905.0,11165.0,11740.0
210402,distrito,DESAGUADERO,PUNO|CHUCUITO|DESAGUADERO,14539.0,7737.0,6802.0
210403,distrito,HUACULLANI,PUNO|CHUCUITO|HUACULLANI,6537.0,3355.0,3182.0
210404,distrito,KELLUYO,PUNO|CHUCUITO|KELLUYO,10484.0,5417.0,5067.0
210405,distrito,PISACOMA,PUNO|CHUCUITO|PISACOMA,8258.0,4225.0,4033.0
210406,distrito,POMATA,PUNO|CHUCUITO|POMATA,14330.0,7041.0,7289.0
210407,distrito,ZEPITA,PUNO|CHUCUITO|ZEPITA,22761.0,11943.0,10818.0
210501,distrito,ILAVE,PUNO|EL COLLAO|ILAVE,51241.0,25605.0,25636.0
210502,distrito,CAPAZO,PUNO|EL COLLAO|CAPAZO,2045.0,1021.0,1024.0
210503,distrito,PILCUYO,PUNO|EL COLLAO|PILCUYO,11449.0,5746.0,5703.0
210504,distrito,SANTA ROSA,PUNO|EL COLLAO|SANTA ROSA,5215.0,2616.0,2599.0
210505,distrito,CONDURIRI,PUNO|EL COLLAO|CONDURIRI,4030.0,2046.0,1984.0
210601,distrito,HUANCANE,PUNO|HUANCANE|HUANCANE,19771.0,9473.0,10298.0
210602,distrito,COJATA,PUNO|HUANCANE|COJATA,3909.0,2003.0,1906.0
210603,distrito,HUATASANI,PUNO|HUANCANE|HUATASANI,2289.0,1094.0,1195.0
210604,distrito,INCHUPALLA,PUNO|HUANCANE|INCHUPALLA,3412.0,1720.0,1692.0
210605,distrito,PUSI,PUNO|HUANCANE|PUSI,6782.0,3291.0,3491.0
210606,distrito,ROSASPATA,PUNO|HUANCANE|ROSASPATA,3872.0,1908.0,1964.0
210607,distrito,TARACO,PUNO|HUANCANE|TARACO,13355.0,6465.0,6890.0
210608,distrito,VILQUE CHICO,PUNO|HUANCANE|VILQUE CHICO,8591.0,4192.0,4399.0
210701,distrito,LAMPA,PUNO|LAMPA|LAMPA,13292.0,6185.0,7107.0
210702,distrito,CABANILLA,PUNO|LAMPA|CABANILLA,6965.0,3307.0,3658.0
210703,distrito,CALAPUJA,PUNO|LAMPA|CALAPUJA,2443.0,1201.0,1242.0
210704,distrito,NICASIO,PUNO|LAMPA|NICASIO,2645.0,1241.0,1404.0
210705,distrito,OCUVIRI,PUNO|LAMPA|OCUVIRI,2172.0,1069.0,1103.0
210706,distrito,PALCA,PUNO|LAMPA|PALCA,2288.0,1140.0,1148.0
210707,distrito,PARATIA,PUNO|LAMPA|PARATIA,2758.0,1402.0,1356.0
210708,distrito,PUCARA,PUNO|LAMPA|PUCARA,6228.0,2866.0,3362.0
210709,distrito,SANTA LUCIA,PUNO|LAMPA|SANTA LUCIA,7749.0,3782.0,3967.0
210710,distrito,VILAVILA,PUNO|LAMPA|VILAVILA,1398.0,724.0,674.0
210801,distrito,AYAVIRI,PUNO|MELGAR|AYAVIRI,24612.0,11710.0,12902.0
210802,distrito,ANTAUTA,PUNO|MELGAR|ANTAUTA,4947.0,2407.0,2540.0
210803,distrito,CUPI,PUNO|MELGAR|CUPI,2453.0,1181.0,1272.0
210804,distrito,LLALLI,PUNO|MELGAR|LLALLI,3279.0,1498.0,1781.0
210805,distrito,MACARI,PUNO|MELGAR|MACARI,8456.0,4272.0,4184.0
210806,distrito,NUNOA,PUNO|MELGAR|NUNOA,8761.0,4378.0,4383.0
210807,distrito,ORURILLO,PUNO|MELGAR|ORURILLO,9232.0,4412.0,4820.0
210808,distrito,SANTA ROSA,PUNO|MELGAR|SANTA ROSA,6710.0,3252.0,3458.0
210809,distrito,UMACHIRI,PUNO|MELGAR|UMACHIRI,4461.0,2181.0,2280.0
210901,distrito,MOHO,PUNO|MOHO|MOHO,12195.0,5881.0,6314.0
210902,distrito,CONIMA,PUNO|MOHO|CONIMA,3667.0,1770.0,1897.0
210903,distrito,HUAYRAPATA,PUNO|MOHO|HUAYRAPATA,3028.0,1467.0,1561.0
210904,distrito,TILALI,PUNO|MOHO|TILALI,2512.0,1198.0,1314.0
211001,distrito,PUTINA,PUNO|SAN ANTONIO DE PUTINA|PUTINA,15017.0,7183.0,7834.0
211002,distrito,ANANEA,PUNO|SAN ANTONIO DE PUTINA|ANANEA,7285.0,3921.0,3364.0
211003,distrito,PEDRO VILCA APAZA,PUNO|SAN ANTONIO DE PUTINA|PEDRO VILCA APAZA,2566.0,1261.0,1305.0
211004,distrito,QUILCAPUNCU,PUNO|SAN ANTONIO DE PUTINA|QUILCAPUNCU,6234.0,3121.0,3113.0
211005,distrito,SINA,PUNO|SAN ANTONIO DE PUTINA|SINA,2231.0,1269.0,962.0
211101,distrito,JULIACA,PUNO|SAN ROMAN|JULIACA,220379.0,107822.0,112557.0
211102,distrito,CABANA,PUNO|SAN ROMAN|CABANA,5169.0,2352.0,2817.0
211103,distrito,CABANILLAS,PUNO|SAN ROMAN|CABANILLAS,4871.0,2304.0,2567.0
211104,distrito,CARACOTO,PUNO|SAN ROMAN|CARACOTO,10632.0,5156.0,5476.0
211105,distrito,SAN MIGUEL,PUNO|SAN ROMAN|SAN MIGUEL,73628.0,36057.0,37571.0
211201,distrito,SANDIA,PUNO|SANDIA|SANDIA,10704.0,5454.0,5250.0
211202,distrito,CUYOCUYO,PUNO|SANDIA|CUYOCUYO,4022.0,2020.0,2002.0
211203,distrito,LIMBANI,PUNO|SANDIA|LIMBANI,3862.0,2223.0,1639.0
211204,distrito,PATAMBUCO,PUNO|SANDIA|PATAMBUCO,3605.0,1786.0,1819.0
211205,distrito,PHARA,PUNO|SANDIA|PHARA,4325.0,2329.0,1996.0
211206,distrito,QUIACA,PUNO|SANDIA|QUIACA,2141.0,1150.0,991.0
211207,distrito,SAN JUAN DEL ORO,PUNO|SANDIA|SAN JUAN DEL ORO,4175.0,2148.0,2027.0
211208,distrito,YANAHUAYA,PUNO|SANDIA|YANAHUAYA,2078.0,1082.0,996.0
211209,distrito,ALTO INAMBARI,PUNO|SANDIA|ALTO INAMBARI,8303.0,4587.0,3716.0
211210,distrito,SAN PEDRO DE PUTINA PUNCO,PUNO|SANDIA|SAN PEDRO DE PUTINA PUNCO,9284.0,4960.0,4324.0
211301,distrito,YUNGUYO,PUNO|YUNGUYO|YUNGUYO,25453.0,12530.0,12923.0
211302,distrito,ANAPIA,PUNO|YUNGUYO|ANAPIA,1373.0,653.0,720.0
211303,distrito,COPANI,PUNO|YUNGUYO|COPANI,4779.0,2359.0,2420.0
211304,distrito,CUTURAPI,PUNO|YUNGUYO|CUTURAPI,1366.0,690.0,676.0
211305,distrito,OLLARAYA,PUNO|YUNGUYO|OLLARAYA,2845.0,1396.0,1449.0
211306,distrito,TINICACHI,PUNO|YUNGUYO|TINICACHI,541.0,269.0,272.0
211307,distrito,UNICACHI,PUNO|YUNGUYO|UNICACHI,1108.0,513.0,595.0
220101,distrito,MOYOBAMBA,SAN MARTIN|MOYOBAMBA|MOYOBAMBA,89312.0,44899.0,44413.0
220102,distrito,CALZADA,SAN MARTIN|MOYOBAMBA|CALZADA,5034.0,2530.0,2504.0
220103,distrito,HABANA,SAN MARTIN|MOYOBAMBA|HABANA,2655.0,1329.0,1326.0
220104,distrito,JEPELACIO,SAN MARTIN|MOYOBAMBA|JEPELACIO,15595.0,7910.0,7685.0
220105,distrito,SORITOR,SAN MARTIN|MOYOBAMBA|SORITOR,22613.0,11119.0,11494.0
220106,distrito,YANTALO,SAN MARTIN|MOYOBAMBA|YANTALO,3116.0,1589.0,1527.0
220201,distrito,BELLAVISTA,SAN MARTIN|BELLAVISTA|BELLAVISTA,21004.0,10432.0,10572.0
220202,distrito,ALTO BIAVO,SAN MARTIN|BELLAVISTA|ALTO BIAVO,11687.0,6076.0,5611.0
220203,distrito,BAJO BIAVO,SAN MARTIN|BELLAVISTA|BAJO BIAVO,18353.0,9749.0,8604.0
220204,distrito,HUALLAGA,SAN MARTIN|BELLAVISTA|HUALLAGA,3141.0,1663.0,1478.0
220205,distrito,SAN PABLO,SAN MARTIN|BELLAVISTA|SAN PABLO,10172.0,5226.0,4946.0
220206,distrito,SAN RAFAEL,SAN MARTIN|BELLAVISTA|SAN RAFAEL,6633.0,3354.0,3279.0
220301,distrito,SAN JOSE DE SISA,SAN MARTIN|EL DORADO|SAN JOSE DE SISA,17265.0,8831.0,8434.0
220302,distrito,AGUA BLANCA,SAN MARTIN|EL DORADO|AGUA BLANCA,2536.0,1311.0,1225.0
220303,distrito,SAN MARTIN,SAN MARTIN|EL DORADO|SAN MARTIN,12539.0,6487.0,6052.0
220304,distrito,SANTA ROSA,SAN MARTIN|EL DORADO|SANTA ROSA,7566.0,3920.0,3646.0
220305,distrito,SHATOJA,SAN MARTIN|EL DORADO|SHATOJA,3108.0,1620.0,1488.0
220401,distrito,SAPOSOA,SAN MARTIN|HUALLAGA|SAPOSOA,14670.0,7414.0,7256.0
220402,distrito,ALTO SAPOSOA,SAN MARTIN|HUALLAGA|ALTO SAPOSOA,5491.0,2892.0,2599.0
220403,distrito,EL ESLABON,SAN MARTIN|HUALLAGA|EL ESLABON,1685.0,849.0,836.0
220404,distrito,PISCOYACU,SAN MARTIN|HUALLAGA|PISCOYACU,5610.0,2918.0,2692.0
220405,distrito,SACANCHE,SAN MARTIN|HUALLAGA|SACANCHE,2977.0,1550.0,1427.0
220406,distrito,TINGO DE SAPOSOA,SAN MARTIN|HUALLAGA|TINGO DE SAPOSOA,880.0,454.0,426.0
220501,distrito,LAMAS,SAN MARTIN|LAMAS|LAMAS,18038.0,8969.0,9069.0
220502,distrito,ALONSO DE ALVARADO,SAN MARTIN|LAMAS|ALONSO DE ALVARADO,14993.0,7695.0,7298.0
220503,distrito,BARRANQUITA,SAN MARTIN|LAMAS|BARRANQUITA,7743.0,4102.0,3641.0
220504,distrito,CAYNARACHI,SAN MARTIN|LAMAS|CAYNARACHI,11984.0,6164.0,5820.0
220505,distrito,CUNUMBUQUI,SAN MARTIN|LAMAS|CUNUMBUQUI,4261.0,2234.0,2027.0
220506,distrito,PINTO RECODO,SAN MARTIN|LAMAS|PINTO RECODO,9368.0,4891.0,4477.0
220507,distrito,RUMISAPA,SAN MARTIN|LAMAS|RUMISAPA,4704.0,2437.0,2267.0
220508,distrito,SAN ROQUE DE CUMBAZA,SAN MARTIN|LAMAS|SAN ROQUE DE CUMBAZA,1879.0,962.0,917.0
220509,distrito,SHANAO,SAN MARTIN|LAMAS|SHANAO,2439.0,1214.0,1225.0
220510,distrito,TABALOSOS,SAN MARTIN|LAMAS|TABALOSOS,15511.0,7895.0,7616.0
220511,distrito,ZAPATERO,SAN MARTIN|LAMAS|ZAPATERO,6530.0,3440.0,3090.0
220601,distrito,JUANJUI,SAN MARTIN|MARISCAL CACERES|JUANJUI,39025.0,19892.0,19133.0
220602,distrito,CAMPANILLA,SAN MARTIN|MARISCAL CACERES|CAMPANILLA,14670.0,7682.0,6988.0
220603,distrito,HUICUNGO,SAN MARTIN|MARISCAL CACERES|HUICUNGO,9786.0,5102.0,4684.0
220604,distrito,PACHIZA,SAN MARTIN|MARISCAL CACERES|PACHIZA,6903.0,3673.0,3230.0
220605,distrito,PAJARILLO,SAN MARTIN|MARISCAL CACERES|PAJARILLO,6389.0,3365.0,3024.0
220701,distrito,PICOTA,SAN MARTIN|PICOTA|PICOTA,11807.0,5959.0,5848.0
220702,distrito,BUENOS AIRES,SAN MARTIN|PICOTA|BUENOS AIRES,2945.0,1519.0,1426.0
220703,distrito,CASPISAPA,SAN MARTIN|PICOTA|CASPISAPA,2395.0,1220.0,1175.0
220704,distrito,PILLUANA,SAN MARTIN|PICOTA|PILLUANA,930.0,497.0,433.0
220705,distrito,PUCACACA,SAN MARTIN|PICOTA|PUCACACA,3593.0,1851.0,1742.0
220706,distrito,SAN CRISTOBAL,SAN MARTIN|PICOTA|SAN CRISTOBAL,1469.0,746.0,723.0
220707,distrito,SAN HILARION,SAN MARTIN|PICOTA|SAN HILARION,4132.0,2128.0,2004.0
220708,distrito,SHAMBOYACU,SAN MARTIN|PICOTA|SHAMBOYACU,8585.0,4475.0,4110.0
220709,distrito,TINGO DE PONASA,SAN MARTIN|PICOTA|TINGO DE PONASA,3838.0,2007.0,1831.0
220710,distrito,TRES UNIDOS,SAN MARTIN|PICOTA|TRES UNIDOS,4754.0,2510.0,2244.0
220801,distrito,RIOJA,SAN MARTIN|RIOJA|RIOJA,28839.0,14118.0,14721.0
220802,distrito,AWAJUN,SAN MARTIN|RIOJA|AWAJUN,10781.0,5486.0,5295.0
220803,distrito,ELIAS SOPLIN VARGAS,SAN MARTIN|RIOJA|ELIAS SOPLIN VARGAS,24161.0,11954.0,12207.0
220804,distrito,NUEVA CAJAMARCA,SAN MARTIN|RIOJA|NUEVA CAJAMARCA,52038.0,25582.0,26456.0
220805,distrito,PARDO MIGUEL,SAN MARTIN|RIOJA|PARDO MIGUEL,17475.0,8831.0,8644.0
220806,distrito,POSIC,SAN MARTIN|RIOJA|POSIC,2552.0,1292.0,1260.0
220807,distrito,SAN FERNANDO,SAN MARTIN|RIOJA|SAN FERNANDO,3435.0,1785.0,1650.0
220808,distrito,YORONGOS,SAN MARTIN|RIOJA|YORONGOS,2703.0,1409.0,1294.0
220809,distrito,YURACYACU,SAN MARTIN|RIOJA|YURACYACU,4071.0,2086.0,1985.0
220901,distrito,TARAPOTO,SAN MARTIN|SAN MARTIN|TARAPOTO,79615.0,38862.0,40753.0
220902,distrito,ALBERTO LEVEAU,SAN MARTIN|SAN MARTIN|ALBERTO LEVEAU,986.0,523.0,463.0
220903,distrito,CACATACHI,SAN MARTIN|SAN MARTIN|CACATACHI,8043.0,4066.0,3977.0
220904,distrito,CHAZUTA,SAN MARTIN|SAN MARTIN|CHAZUTA,9862.0,5090.0,4772.0
220905,distrito,CHIPURANA,SAN MARTIN|SAN MARTIN|CHIPURANA,2780.0,1472.0,1308.0
220906,distrito,EL PORVENIR,SAN MARTIN|SAN MARTIN|EL PORVENIR,3096.0,1662.0,1434.0
220907,distrito,HUIMBAYOC,SAN MARTIN|SAN MARTIN|HUIMBAYOC,5236.0,2773.0,2463.0
220908,distrito,JUAN GUERRA,SAN MARTIN|SAN MARTIN|JUAN GUERRA,5160.0,2611.0,2549.0
220909,distrito,LA BANDA DE SHILCAYO,SAN MARTIN|SAN MARTIN|LA BANDA DE SHILCAYO,60771.0,30809.0,29962.0
220910,distrito,MORALES,SAN MARTIN|SAN MARTIN|MORALES,42157.0,20757.0,21400.0
220911,distrito,PAPAPLAYA,SAN MARTIN|SAN MARTIN|PAPAPLAYA,2598.0,1330.0,1268.0
220912,distrito,SAN ANTONIO,SAN MARTIN|SAN MARTIN|SAN ANTONIO,2011.0,996.0,1015.0
220913,distrito,SAUCE,SAN MARTIN|SAN MARTIN|SAUCE,7387.0,3748.0,3639.0
220914,distrito,SHAPAJA,SAN MARTIN|SAN MARTIN|SHAPAJA,2017.0,1056.0,961.0
221001,distrito,TOCACHE,SAN MARTIN|TOCACHE|TOCACHE,36645.0,18471.0,18174.0
221002,distrito,NUEVO PROGRESO,SAN MARTIN|TOCACHE|NUEVO PROGRESO,13536.0,7134.0,6402.0
221003,distrito,POLVORA,SAN MARTIN|TOCACHE|POLVORA,12674.0,6625.0,6049.0
221004,distrito,SHUNTE,SAN MARTIN|TOCACHE|SHUNTE,1527.0,818.0,709.0
221005,distrito,UCHIZA,SAN MARTIN|TOCACHE|UCHIZA,17332.0,8761.0,8571.0
221006,distrito,SANTA LUCIA,SAN MARTIN|TOCACHE|SANTA LUCIA,6122.0,3182.0,2940.0
230101,distrito,TACNA,TACNA|TACNA|TACNA,116625.0,56669.0,59956.0
230102,distrito,ALTO DE LA ALIANZA,TACNA|TACNA|ALTO DE LA ALIANZA,33845.0,16641.0,17204.0
230103,distrito,CALANA,TACNA|TACNA|CALANA,5793.0,2957.0,2836.0
230104,distrito,CIUDAD NUEVA,TACNA|TACNA|CIUDAD NUEVA,34255.0,16932.0,17323.0
230105,distrito,INCLAN,TACNA|TACNA|INCLAN,3758.0,1927.0,1831.0
230106,distrito,PACHIA,TACNA|TACNA|PACHIA,2389.0,1242.0,1147.0
230107,distrito,PALCA,TACNA|TACNA|PALCA,1363.0,665.0,698.0
230108,distrito,POCOLLAY,TACNA|TACNA|POCOLLAY,23844.0,12237.0,11607.0
230109,distrito,SAMA,TACNA|TACNA|SAMA,5926.0,3139.0,2787.0
230110,distrito,CORONEL GREGORIO ALBARRACIN LANCHIPA,TACNA|TACNA|CORONEL GREGORIO ALBARRACIN LANCHIPA,124652.0,60860.0,63792.0
230111,distrito,LA YARADA LOS PALOS,TACNA|TACNA|LA YARADA LOS PALOS,14986.0,7883.0,7103.0
230201,distrito,CANDARAVE,TACNA|CANDARAVE|CANDARAVE,2237.0,1119.0,1118.0
230202,distrito,CAIRANI,TACNA|CANDARAVE|CAIRANI,718.0,372.0,346.0
230203,distrito,CAMILACA,TACNA|CANDARAVE|CAMILACA,1592.0,800.0,792.0
230204,distrito,CURIBAYA,TACNA|CANDARAVE|CURIBAYA,204.0,104.0,100.0
230205,distrito,HUANUARA,TACNA|CANDARAVE|HUANUARA,442.0,230.0,212.0
230206,distrito,QUILAHUANI,TACNA|CANDARAVE|QUILAHUANI,605.0,286.0,319.0
230301,distrito,LOCUMBA,TACNA|JORGE BASADRE|LOCUMBA,2791.0,1403.0,1388.0
230302,distrito,ILABAYA,TACNA|JORGE BASADRE|ILABAYA,4667.0,2513.0,2154.0
230303,distrito,ITE,TACNA|JORGE BASADRE|ITE,2804.0,1422.0,1382.0
230401,distrito,TARATA,TACNA|TARATA|TARATA,3186.0,1755.0,1431.0
230402,distrito,HEROES ALBARRACIN,TACNA|TARATA|HEROES ALBARRACIN,404.0,203.0,201.0
230403,distrito,ESTIQUE,TACNA|TARATA|ESTIQUE,183.0,94.0,89.0
230404,distrito,ESTIQUE-PAMPA,TACNA|TARATA|ESTIQUE-PAMPA,160.0,78.0,82.0
230405,distrito,SITAJARA,TACNA|TARATA|SITAJARA,352.0,186.0,166.0
230406,distrito,SUSAPAYA,TACNA|TARATA|SUSAPAYA,468.0,247.0,221.0
230407,distrito,TARUCACHI,TACNA|TARATA|TARUCACHI,383.0,188.0,195.0
230408,distrito,TICACO,TACNA|TARATA|TICACO,594.0,293.0,301.0
240101,distrito,TUMBES,TUMBES|TUMBES|TUMBES,114026.0,57197.0,56829.0
240102,distrito,CORRALES,TUMBES|TUMBES|CORRALES,26586.0,13304.0,13282.0
240103,distrito,LA CRUZ,TUMBES|TUMBES|LA CRUZ,10852.0,5409.0,5443.0
240104,distrito,PAMPAS DE HOSPITAL,TUMBES|TUMBES|PAMPAS DE HOSPITAL,8231.0,4236.0,3995.0
240105,distrito,SAN JACINTO,TUMBES|TUMBES|SAN JACINTO,9883.0,5015.0,4868.0
240106,distrito,SAN JUAN DE LA VIRGEN,TUMBES|TUMBES|SAN JUAN DE LA VIRGEN,5556.0,2798.0,2758.0
240201,distrito,ZORRITOS,TUMBES|CONTRALMIRANTE VILLAR|ZORRITOS,14028.0,7092.0,6936.0
240202,distrito,CASITAS,TUMBES|CONTRALMIRANTE VILLAR|CASITAS,2679.0,1427.0,1252.0
240203,distrito,CANOAS DE PUNTA SAL,TUMBES|CONTRALMIRANTE VILLAR|CANOAS DE PUNTA SAL,7633.0,3977.0,3656.0
240301,distrito,ZARUMILLA,TUMBES|ZARUMILLA|ZARUMILLA,24910.0,12344.0,12566.0
240302,distrito,AGUAS VERDES,TUMBES|ZARUMILLA|AGUAS VERDES,19375.0,9686.0,9689.0
240303,distrito,MATAPALO,TUMBES|ZARUMILLA|MATAPALO,5551.0,2894.0,2657.0
240304,distrito,PAPAYAL,TUMBES|ZARUMILLA|PAPAYAL,7381.0,3802.0,3579.0
250101,distrito,CALLERIA,UCAYALI|CORONEL PORTILLO|CALLERIA,166780.0,83859.0,82921.0
250102,distrito,CAMPOVERDE,UCAYALI|CORONEL PORTILLO|CAMPOVERDE,23894.0,12386.0,11508.0
250103,distrito,IPARIA,UCAYALI|CORONEL PORTILLO|IPARIA,14270.0,7425.0,6845.0
250104,distrito,MASISEA,UCAYALI|CORONEL PORTILLO|MASISEA,14452.0,7667.0,6785.0
250105,distrito,YARINACOCHA,UCAYALI|CORONEL PORTILLO|YARINACOCHA,135161.0,67489.0,67672.0
250106,distrito,NUEVA REQUENA,UCAYALI|CORONEL PORTILLO|NUEVA REQUENA,8638.0,4598.0,4040.0
250107,distrito,MANANTAY,UCAYALI|CORONEL PORTILLO|MANANTAY,107016.0,53627.0,53389.0
250201,distrito,RAYMONDI,UCAYALI|ATALAYA|RAYMONDI,40667.0,20706.0,19961.0
250202,distrito,SEPAHUA,UCAYALI|ATALAYA|SEPAHUA,9970.0,5152.0,4818.0
250203,distrito,TAHUANIA,UCAYALI|ATALAYA|TAHUANIA,11479.0,5833.0,5646.0
250204,distrito,YURUA,UCAYALI|ATALAYA|YURUA,1961.0,980.0,981.0
250301,distrito,PADRE ABAD,UCAYALI|PADRE ABAD|PADRE ABAD,29648.0,15157.0,14491.0
250302,distrito,IRAZOLA,UCAYALI|PADRE ABAD|IRAZOLA,14034.0,7308.0,6726.0
250303,distrito,CURIMANA,UCAYALI|PADRE ABAD|CURIMANA,13471.0,7237.0,6234.0
250304,distrito,NESHUYA,UCAYALI|PADRE ABAD|NESHUYA,13316.0,6863.0,6453.0
250305,distrito,ALEXANDER VON HUMBOLDT,UCAYALI|PADRE ABAD|ALEXANDER VON HUMBOLDT,6733.0,3505.0,3228.0
250306,distrito,HUIPOCA,UCAYALI|PADRE ABAD|HUIPOCA,4510.0,2387.0,2123.0
250307,distrito,BOQUERON,UCAYALI|PADRE ABAD|BOQUERON,4975.0,2556.0,2419.0
250401,distrito,PURUS,UCAYALI|PURUS|PURUS,2893.0,1491.0,1402.0
