{"type":"FeatureCollection","features":[
{"type":"Feature","properties":{"ubigeo":"120301","nombre":"CHANCHAMAYO","fuente":"INEI"},"geometry":{"type":"MultiPolygon","coordinates":[[[[-75.3928087,-10.8576272],[-75.3913017,-10.8606227],[-75.3893397,-10.8628817],[-75.3883542,-10.8638517],[-75.3869266,-10.8649368],[-75.3857274,-10.8649368],[-75.3844285,-10.8682992],[-75.3833476,-10.8697002],[-75.3819592,-10.8722751],[-75.3789229,-10.8757293],[-75.3770087,-10.8772955],[-75.3751785,-10.8799063],[-75.3744741,-10.8814352],[-75.3740227,-10.8824148],[-75.373173,-10.8844048],[-75.3722869,-10.8861407],[-75.3710667,-10.8897008],[-75.3700974,-10.8936622],[-75.3698527,-10.8944113],[-75.3698496,-10.8944198],[-75.3696289,-10.8949003],[-75.369039,-10.8959198],[-75.3682402,-10.8967812],[-75.3675195,-10.8972402],[-75.3668582,-10.897557],[-75.3664101,-10.8977715],[-75.3661094,-10.8979805],[-75.3655897,-10.8984511],[-75.3651191,-10.8987715],[-75.364459,-10.8993808],[-75.36383,-10.8998808],[-75.3625702,-10.9005215],[-75.3618789,-10.9011913],[-75.3611504,-10.9017206],[-75.3606289,-10.9019511],[-75.3603202,-10.9020312],[-75.3601796,-10.9020312],[-75.3587597,-10.9016015],[-75.3574101,-10.9013906],[-75.3567792,-10.9013906],[-75.3561504,-10.9014608],[-75.3548691,-10.9014198],[-75.3535996,-10.9014296],[-75.3531991,-10.9013612],[-75.3523105,-10.9014296],[-75.3515897,-10.9015702],[-75.3505507,-10.9018768],[-75.3495996,-10.9027011],[-75.3490996,-10.9033711],[-75.3486991,-10.9040312],[-75.3481894,-10.90458],[-75.3480056,-10.9047076],[-75.3474687,-10.90508],[-75.3466191,-10.9054101],[-75.3459902,-10.9055],[-75.3456406,-10.9055],[-75.3449804,-10.9054198],[-75.3433496,-10.9051112],[-75.3415605,-10.9049198],[-75.34058,-10.9047011],[-75.339289,-10.9046211],[-75.3389804,-10.9046698],[-75.338039,-10.9049608],[-75.3378789,-10.9051015],[-75.3375702,-10.9051914],[-75.3365292,-10.9059706],[-75.3356796,-10.9062597],[-75.3353789,-10.9065898],[-75.3348496,-10.9070312],[-75.3335292,-10.9087715],[-75.3326796,-10.9097011],[-75.3322304,-10.9099805],[-75.3307616,-10.9104355],[-75.3298496,-10.9104902],[-75.3295292,-10.9106503],[-75.3290195,-10.9111406],[-75.3288496,-10.9113808],[-75.3286699,-10.91208],[-75.3286991,-10.9124101],[-75.3287987,-10.9127402],[-75.3293215,-10.9136393],[-75.3298105,-10.9144805],[-75.3299907,-10.9147357],[-75.3305791,-10.915569],[-75.3305797,-10.9155698],[-75.3296886,-10.9175685],[-75.3282314,-10.9195316],[-75.3263575,-10.9216433],[-75.3251722,-10.922711],[-75.3247627,-10.9230797],[-75.3232344,-10.923502],[-75.3221936,-10.9235468],[-75.3202899,-10.923309],[-75.3195476,-10.9230723],[-75.319539,-10.9230702],[-75.3186894,-10.9224608],[-75.318,-10.9219003],[-75.3173691,-10.9215507],[-75.3165707,-10.9213836],[-75.3161289,-10.921291],[-75.3155487,-10.92125],[-75.314789,-10.9211015],[-75.313289,-10.9205702],[-75.3128906,-10.9205],[-75.3107597,-10.9199608],[-75.3094687,-10.9194003],[-75.30883,-10.9191913],[-75.3082862,-10.9190758],[-75.3079296,-10.919],[-75.306459,-10.9185097],[-75.3047187,-10.9176112],[-75.3041406,-10.9172402],[-75.3031894,-10.9165097],[-75.3027304,-10.9162206],[-75.3020605,-10.9158808],[-75.3014199,-10.9156796],[-75.3004394,-10.9155215],[-75.2999687,-10.9153007],[-75.2991796,-10.9146406],[-75.2979101,-10.9134003],[-75.2973105,-10.9129608],[-75.296789,-10.9127812],[-75.29625,-10.9126796],[-75.2946289,-10.9126211],[-75.293959,-10.9124608],[-75.2934199,-10.9120097],[-75.2932659,-10.9118593],[-75.2929199,-10.9115215],[-75.2923105,-10.9107812],[-75.2920097,-10.910291],[-75.2918594,-10.9098612],[-75.2914687,-10.9093515],[-75.2911504,-10.909041],[-75.2908105,-10.9088906],[-75.2901991,-10.9088105],[-75.2898202,-10.9088105],[-75.2893202,-10.9088906],[-75.2889296,-10.9090312],[-75.2885681,-10.9093506],[-75.2881601,-10.9097108],[-75.287459,-10.9100312],[-75.2870751,-10.9103072],[-75.286959,-10.9103906],[-75.2867304,-10.9106698],[-75.2863691,-10.91125],[-75.2860605,-10.911541],[-75.2859101,-10.9115898],[-75.2849902,-10.9116601],[-75.2848339,-10.9117532],[-75.284575,-10.9119075],[-75.2844794,-10.9119643],[-75.2844687,-10.9119706],[-75.2844462,-10.9119471],[-75.2841765,-10.9116886],[-75.2841454,-10.9110877],[-75.2840907,-10.9107288],[-75.2839424,-10.9102527],[-75.2836225,-10.9097143],[-75.2834742,-10.90941],[-75.2829747,-10.9087857],[-75.2828421,-10.9085203],[-75.2828421,-10.9082628],[-75.282967,-10.9077556],[-75.2829902,-10.9074278],[-75.2829435,-10.9071313],[-75.2827952,-10.9067567],[-75.2822567,-10.9059295],[-75.2818354,-10.9053442],[-75.2815835,-10.9051488],[-75.2815232,-10.9051023],[-75.2810785,-10.9050007],[-75.2806827,-10.9050007],[-75.2802356,-10.9050007],[-75.2797284,-10.9049618],[-75.2793851,-10.9047825],[-75.2789949,-10.9043063],[-75.2786515,-10.903565],[-75.2785189,-10.90305],[-75.278472,-10.9022851],[-75.2785891,-10.9015751],[-75.2788622,-10.9004982],[-75.279549,-10.8989218],[-75.2802279,-10.8977825],[-75.2805322,-10.897166],[-75.2808287,-10.8959565],[-75.2810004,-10.8953165],[-75.2813047,-10.8947235],[-75.2821477,-10.893709],[-75.2839034,-10.8923043],[-75.284676,-10.8914615],[-75.2853315,-10.8906187],[-75.28555,-10.8901349],[-75.285589,-10.8894637],[-75.2855734,-10.8889018],[-75.2855422,-10.8881527],[-75.2857919,-10.8869276],[-75.2858699,-10.8863968],[-75.2858152,-10.8859521],[-75.2855966,-10.8856087],[-75.2849412,-10.8848517],[-75.2841454,-10.8842431],[-75.2835961,-10.8838917],[-75.2829045,-10.8838451],[-75.2823455,-10.8839589],[-75.2802202,-10.8843913],[-75.2789012,-10.8844693],[-75.2781051,-10.8844693],[-75.277481,-10.884368],[-75.277083,-10.8842354],[-75.276646,-10.884048],[-75.2764119,-10.8838607],[-75.2759202,-10.8829945],[-75.2756471,-10.882222],[-75.275296,-10.8815976],[-75.2744687,-10.8806378],[-75.2741487,-10.8802945],[-75.2738445,-10.8794751],[-75.273782,-10.8788195],[-75.2738445,-10.8783514],[-75.2739694,-10.8779221],[-75.2742346,-10.8774461],[-75.2745234,-10.8770168],[-75.2755691,-10.875503],[-75.2757876,-10.8747928],[-75.2759124,-10.873833],[-75.2759436,-10.8728263],[-75.2758969,-10.872202],[-75.2757954,-10.8716949],[-75.2752736,-10.8706928],[-75.2752101,-10.870571],[-75.2746639,-10.8697828],[-75.2741566,-10.8692522],[-75.2727441,-10.8681675],[-75.2722447,-10.8677695],[-75.271714,-10.8672467],[-75.2711286,-10.8665521],[-75.2708166,-10.8659825],[-75.2707151,-10.865327],[-75.2706556,-10.864977],[-75.2698026,-10.8642015],[-75.269789,-10.8641913],[-75.2694296,-10.8637715],[-75.2686894,-10.8632206],[-75.2685,-10.8629706],[-75.268039,-10.8627108],[-75.2676289,-10.8627402],[-75.2670292,-10.8628808],[-75.2655,-10.8634608],[-75.2648105,-10.8634805],[-75.2645292,-10.8634413],[-75.2641894,-10.8631503],[-75.2640605,-10.8631112],[-75.2623594,-10.8625],[-75.2620702,-10.862541],[-75.2608789,-10.8633515],[-75.2604199,-10.86358],[-75.2599394,-10.8638945],[-75.2595921,-10.8638368],[-75.2585292,-10.8636601],[-75.2578291,-10.8638775],[-75.2566601,-10.8642402],[-75.2553397,-10.8645312],[-75.2530702,-10.864541],[-75.2529902,-10.8645507],[-75.2522792,-10.8646308],[-75.2512987,-10.8649003],[-75.2506699,-10.8649296],[-75.250289,-10.8647715],[-75.2499902,-10.8645],[-75.2497695,-10.8641503],[-75.2496191,-10.8637305],[-75.2494625,-10.8634618],[-75.2488789,-10.8624608],[-75.2484902,-10.862],[-75.2477402,-10.8614199],[-75.2474687,-10.8611504],[-75.24683,-10.8607305],[-75.2463202,-10.8605097],[-75.2452427,-10.8602506],[-75.2452412,-10.8602502],[-75.2452402,-10.86025],[-75.2450996,-10.8602108],[-75.2447597,-10.8600898],[-75.2444687,-10.8599198],[-75.243539,-10.8591211],[-75.24308,-10.8584902],[-75.2428496,-10.8582597],[-75.2420897,-10.8576503],[-75.241539,-10.8574706],[-75.2401094,-10.8577108],[-75.2396191,-10.8576913],[-75.2385,-10.8577305],[-75.238039,-10.8578007],[-75.2373496,-10.8578007],[-75.2371699,-10.8578398],[-75.2361894,-10.8584003],[-75.235998,-10.8584726],[-75.2357929,-10.8585643],[-75.234959,-10.8589413],[-75.2349921,-10.8600038],[-75.2351406,-10.8611933],[-75.2351406,-10.8612226],[-75.2351894,-10.8613808],[-75.2351991,-10.8619902],[-75.2347987,-10.8629608],[-75.2344101,-10.8636211],[-75.2339004,-10.8650605],[-75.2338906,-10.8654608],[-75.234,-10.8660702],[-75.2340097,-10.8665097],[-75.2339394,-10.8668711],[-75.2336894,-10.8671796],[-75.2330605,-10.86758],[-75.2324902,-10.8676698],[-75.2313789,-10.8682597],[-75.2310097,-10.8686112],[-75.2309101,-10.8686503],[-75.2307187,-10.8690312],[-75.230539,-10.8696015],[-75.2302987,-10.8701211],[-75.2300292,-10.8705],[-75.2296601,-10.8708515],[-75.2293202,-10.87108],[-75.2286289,-10.8714101],[-75.2281601,-10.8715312],[-75.2279101,-10.8717011],[-75.2272695,-10.8719296],[-75.2265897,-10.8726913],[-75.2261601,-10.8729608],[-75.2254004,-10.8733105],[-75.2239199,-10.8744101],[-75.2236796,-10.8747206],[-75.2231191,-10.8752812],[-75.2227597,-10.8757812],[-75.2225996,-10.87658],[-75.2223202,-10.87733],[-75.2220702,-10.8776913],[-75.2215702,-10.87808],[-75.2196991,-10.8791112],[-75.2189296,-10.8796699],[-75.2177695,-10.8811796],[-75.2173496,-10.8818808],[-75.21675,-10.8826698],[-75.21625,-10.8831015],[-75.2155292,-10.8834706],[-75.2150702,-10.883791],[-75.2146894,-10.8841308],[-75.2135897,-10.8854608],[-75.2133594,-10.8858105],[-75.21308,-10.8861015],[-75.2126236,-10.8865012],[-75.2124199,-10.8866796],[-75.2119902,-10.8869003],[-75.2115097,-10.8869805],[-75.2109004,-10.8869296],[-75.20933,-10.8866406],[-75.2087187,-10.88658],[-75.2083789,-10.8866308],[-75.2079199,-10.886791],[-75.2073594,-10.8871406],[-75.2066601,-10.8876698],[-75.2059101,-10.8884608],[-75.2044004,-10.8897108],[-75.2041191,-10.8900097],[-75.2036289,-10.8904198],[-75.2029804,-10.8911211],[-75.2023202,-10.8916112],[-75.2016289,-10.8927715],[-75.2011504,-10.8933515],[-75.2009687,-10.8936503],[-75.2002402,-10.8943202],[-75.1995195,-10.8948398],[-75.1991152,-10.8949628],[-75.1983202,-10.8951112],[-75.1975625,-10.8951112],[-75.1975526,-10.8951112],[-75.197539,-10.8951112],[-75.1974825,-10.8951041],[-75.195861,-10.8949389],[-75.19448,-10.8958021],[-75.1935371,-10.8985878],[-75.1937031,-10.9018438],[-75.1937895,-10.9040017],[-75.1943074,-10.9052102],[-75.1974145,-10.9065911],[-75.2011175,-10.9088267],[-75.2035742,-10.9096367],[-75.2072544,-10.9080585],[-75.2093949,-10.9059178],[-75.2107069,-10.904606],[-75.211375,-10.901],[-75.2121742,-10.8983913],[-75.2138141,-10.8958021],[-75.2154541,-10.8940757],[-75.2174082,-10.8921757],[-75.224008,-10.8899935],[-75.2300212,-10.8879672],[-75.2338766,-10.8861375],[-75.2369532,-10.8844658],[-75.2396504,-10.8840195],[-75.242046,-10.8839155],[-75.2453137,-10.884373],[-75.25198,-10.8865296],[-75.2525832,-10.8868393],[-75.2543981,-10.8877713],[-75.2556399,-10.8893398],[-75.2559012,-10.8923462],[-75.2554437,-10.8959407],[-75.2544677,-10.8989092],[-75.252051,-10.9017576],[-75.2502384,-10.9041743],[-75.2501801,-10.9045948],[-75.24983,-10.9054296],[-75.2500195,-10.90575],[-75.250289,-10.9064706],[-75.2505702,-10.9079413],[-75.250789,-10.908791],[-75.2507695,-10.9093105],[-75.25058,-10.91025],[-75.2504687,-10.9112715],[-75.2505097,-10.9132011],[-75.2504902,-10.9146698],[-75.2505996,-10.9172206],[-75.2506796,-10.91775],[-75.2508496,-10.9182402],[-75.2512721,-10.920415],[-75.2515097,-10.9216386],[-75.2515885,-10.9220438],[-75.2515894,-10.9220486],[-75.2515897,-10.9220506],[-75.2515894,-10.9220525],[-75.2515465,-10.9222761],[-75.2514349,-10.9224037],[-75.2505201,-10.9216033],[-75.2499031,-10.9214383],[-75.2494884,-10.9214583],[-75.2491174,-10.921598],[-75.2484751,-10.9221483],[-75.2477811,-10.9234687],[-75.247069,-10.9249393],[-75.2467982,-10.9251995],[-75.2464995,-10.9253682],[-75.2462569,-10.9253963],[-75.2458385,-10.9253401],[-75.2452444,-10.924957],[-75.2449877,-10.9246968],[-75.244348,-10.9241518],[-75.2439507,-10.9240147],[-75.243578,-10.9240077],[-75.2429031,-10.9242362],[-75.2417849,-10.9249793],[-75.2410114,-10.925832],[-75.2401805,-10.9274183],[-75.2396481,-10.9285447],[-75.2393507,-10.9288151],[-75.2389091,-10.9289773],[-75.2382511,-10.9289142],[-75.2373769,-10.9284816],[-75.2358985,-10.9270123],[-75.2352405,-10.9266427],[-75.2347447,-10.9265977],[-75.2343391,-10.9267058],[-75.2338164,-10.9271926],[-75.2336271,-10.9279317],[-75.2336811,-10.9286167],[-75.2338885,-10.9293288],[-75.2344564,-10.9302212],[-75.2357904,-10.9314201],[-75.2364126,-10.9319035],[-75.2368826,-10.9324987],[-75.237102,-10.9330418],[-75.2374709,-10.9339555],[-75.2378642,-10.9342951],[-75.2384282,-10.9346503],[-75.2389817,-10.9351515],[-75.2395719,-10.9356858],[-75.2404647,-10.936269],[-75.241736,-10.9372617],[-75.2425521,-10.9381727],[-75.2428071,-10.938621],[-75.2429844,-10.9390421],[-75.2430462,-10.9394833],[-75.2429689,-10.9401337],[-75.2426902,-10.9405052],[-75.2422954,-10.9408613],[-75.241769,-10.941202],[-75.2411032,-10.9414266],[-75.2397175,-10.9416897],[-75.2373796,-10.9420845],[-75.2364431,-10.9424638],[-75.2358391,-10.9428508],[-75.2354597,-10.9431605],[-75.2350495,-10.9436637],[-75.2346082,-10.944585],[-75.2342442,-10.9455603],[-75.2340199,-10.9464738],[-75.23348,-10.948671],[-75.2330135,-10.9493845],[-75.2325491,-10.94988],[-75.2317054,-10.9505767],[-75.2303892,-10.9509637],[-75.2291041,-10.9510953],[-75.227766,-10.950686],[-75.2266205,-10.9505655],[-75.2266929,-10.9509272],[-75.2268014,-10.9513733],[-75.2267792,-10.951791],[-75.2269775,-10.9529598],[-75.227356,-10.9535075],[-75.2278263,-10.954038],[-75.2284894,-10.9546289],[-75.228815,-10.9550991],[-75.2289235,-10.9555814],[-75.2290389,-10.9561524],[-75.2294921,-10.9566157],[-75.2302378,-10.9570766],[-75.2303222,-10.9573539],[-75.2303222,-10.9576071],[-75.2301172,-10.9578724],[-75.2299484,-10.9581738],[-75.229659,-10.9587405],[-75.2293576,-10.9592469],[-75.2292597,-10.9599511],[-75.2295487,-10.9605],[-75.2298397,-10.9608906],[-75.2308789,-10.9615702],[-75.2319101,-10.9620605],[-75.2324394,-10.9623906],[-75.2333283,-10.9628179],[-75.2338114,-10.9630426],[-75.2345304,-10.9630314],[-75.235519,-10.9628629],[-75.236709,-10.9628711],[-75.2377792,-10.9629413],[-75.2380292,-10.9629003],[-75.2388594,-10.9618398],[-75.2396869,-10.9613799],[-75.2403498,-10.9609755],[-75.2409564,-10.9608969],[-75.2414395,-10.9611665],[-75.2419001,-10.9618293],[-75.2424618,-10.9625595],[-75.2427202,-10.9628853],[-75.2431471,-10.9630763],[-75.2434804,-10.9626015],[-75.2441289,-10.9619511],[-75.244821,-10.9613687],[-75.2455737,-10.9611328],[-75.2463788,-10.9609953],[-75.2469618,-10.9608526],[-75.2474496,-10.9609834],[-75.2477827,-10.9611619],[-75.2478065,-10.9615188],[-75.2478303,-10.9621018],[-75.2480563,-10.9626252],[-75.2485203,-10.9628989],[-75.2488178,-10.9631606],[-75.2487226,-10.9635532],[-75.2483776,-10.9639459],[-75.2480945,-10.9643072],[-75.2480801,-10.9647787],[-75.2487345,-10.9653021],[-75.2494721,-10.9655044],[-75.2500075,-10.9657185],[-75.2504477,-10.9656829],[-75.2508522,-10.9652546],[-75.2509236,-10.9646359],[-75.2512805,-10.9642076],[-75.2514233,-10.9642076],[-75.2519111,-10.9645407],[-75.2523037,-10.9647668],[-75.2528152,-10.9649095],[-75.2535648,-10.9648976],[-75.2543494,-10.964888],[-75.2549568,-10.9649095],[-75.2554208,-10.9649095],[-75.2554408,-10.9649139],[-75.2561822,-10.9650761],[-75.2566343,-10.9653497],[-75.2568127,-10.9659446],[-75.2567176,-10.9665157],[-75.2564915,-10.9668488],[-75.2559085,-10.9670154],[-75.2554491,-10.9671796],[-75.2551709,-10.9672771],[-75.2550281,-10.9675388],[-75.2552542,-10.9677768],[-75.2556597,-10.9677854],[-75.2561703,-10.967634],[-75.2565629,-10.9675507],[-75.2570745,-10.9677649],[-75.2573838,-10.9681218],[-75.2578597,-10.9685739],[-75.2585724,-10.9692901],[-75.2591922,-10.9695733],[-75.2599179,-10.9700016],[-75.2605723,-10.9702871],[-75.261072,-10.9706083],[-75.2613575,-10.9709415],[-75.2615003,-10.9714649],[-75.2614296,-10.9720898],[-75.2614565,-10.9724683],[-75.2616668,-10.972738],[-75.2617501,-10.973202],[-75.2617501,-10.9735351],[-75.2616668,-10.9738325],[-75.2617739,-10.9740943],[-75.2620451,-10.97409],[-75.2624521,-10.974118],[-75.262809,-10.9741537],[-75.263154,-10.9742846],[-75.2635109,-10.9745582],[-75.2636299,-10.97482],[-75.2634395,-10.9752364],[-75.2631659,-10.9756171],[-75.2628804,-10.9758432],[-75.2627257,-10.9760216],[-75.2626067,-10.9763309],[-75.2623926,-10.9766522],[-75.2620595,-10.9768544],[-75.2616601,-10.9770702],[-75.2616289,-10.9774805],[-75.2618105,-10.9778105],[-75.2624687,-10.9782206],[-75.263039,-10.9783906],[-75.26483,-10.9784198],[-75.2653691,-10.9783515],[-75.2660487,-10.9783398],[-75.2668789,-10.9784902],[-75.2673789,-10.9787108],[-75.267709,-10.979041],[-75.2680292,-10.97925],[-75.2692304,-10.9794101],[-75.2699296,-10.9796211],[-75.2706094,-10.9800312],[-75.27075,-10.9801913],[-75.27075,-10.980211],[-75.2707987,-10.9807011],[-75.2706289,-10.9813398],[-75.269709,-10.9827812],[-75.269209,-10.9836914],[-75.268789,-10.9841308],[-75.2684004,-10.9843612],[-75.26733,-10.9846308],[-75.2665897,-10.9846308],[-75.2659101,-10.9847305],[-75.2621796,-10.9856796],[-75.2611699,-10.9858398],[-75.2596504,-10.9859003],[-75.2586406,-10.9861504],[-75.2581406,-10.9864101],[-75.2575292,-10.9869296],[-75.2569101,-10.9877305],[-75.2568789,-10.9890097],[-75.2568105,-10.9896112],[-75.2566601,-10.9900507],[-75.256459,-10.9903398],[-75.256289,-10.9904706],[-75.2560195,-10.9905215],[-75.2558789,-10.9904902],[-75.2543496,-10.9901503],[-75.2540487,-10.9901698],[-75.2538496,-10.9902715],[-75.2534491,-10.9906796],[-75.2529394,-10.9916308],[-75.2523105,-10.992291],[-75.2516796,-10.9932402],[-75.2510702,-10.9937305],[-75.2506991,-10.9941698],[-75.2501991,-10.9951698],[-75.2500195,-10.9953515],[-75.2495292,-10.9955702],[-75.249,-10.9956015],[-75.2486191,-10.9955097],[-75.2482597,-10.9951698],[-75.2479804,-10.9944198],[-75.2478397,-10.9942011],[-75.247539,-10.9939706],[-75.2473105,-10.9939198],[-75.2469394,-10.9939608],[-75.24608,-10.9948007],[-75.2449687,-10.9951913],[-75.244459,-10.9952597],[-75.2437597,-10.9951406],[-75.2431289,-10.9948202],[-75.2428789,-10.9947812],[-75.2426504,-10.9948105],[-75.2420605,-10.9951211],[-75.240959,-10.99608],[-75.240539,-10.9963105],[-75.2399687,-10.9964706],[-75.2387695,-10.9964902],[-75.238,-10.9966698],[-75.2376991,-10.9969413],[-75.2376191,-10.9974902],[-75.237459,-10.9978515],[-75.2374101,-10.9984511],[-75.2372304,-10.998791],[-75.2368789,-10.9989003],[-75.2363789,-10.9983711],[-75.2356699,-10.9983515],[-75.2352597,-10.9986601],[-75.233385,-10.9999957],[-75.2333807,-10.9999987],[-75.23338,-11.0],[-75.2333794,-11.0000006],[-75.23201,-11.00119],[-75.23154,-11.00168],[-75.23137,-11.00192],[-75.23115,-11.00221],[-75.23105,-11.00246],[-75.23107,-11.00281],[-75.23118,-11.00315],[-75.23146,-11.00362],[-75.23143,-11.00391],[-75.23112,-11.00448],[-75.23017,-11.00537],[-75.22931,-11.00647],[-75.22926,-11.00672],[-75.22958,-11.00715],[-75.23047,-11.00796],[-75.2319,-11.01009],[-75.23263,-11.01082],[-75.23385,-11.01153],[-75.2348,-11.01215],[-75.23556,-11.01289],[-75.23578,-11.0133],[-75.23589,-11.0137],[-75.23589,-11.01415],[-75.2355,-11.0146],[-75.23483,-11.0149],[-75.23428,-11.01491],[-75.2339,-11.0151],[-75.23297,-11.01596],[-75.23244,-11.01635],[-75.23236,-11.01649],[-75.23283,-11.01747],[-75.23291,-11.0179],[-75.23331,-11.01912],[-75.23346,-11.02017],[-75.23344,-11.02156],[-75.23367,-11.0227],[-75.23399,-11.02323],[-75.23468,-11.02382],[-75.23484,-11.02413],[-75.2348,-11.02436],[-75.23426,-11.02575],[-75.23421,-11.02678],[-75.23457,-11.02829],[-75.23462,-11.0285],[-75.23509,-11.02958],[-75.23519,-11.03009],[-75.2352,-11.0308],[-75.2351,-11.03122],[-75.23475,-11.03291],[-75.23414,-11.03459],[-75.23392,-11.03567],[-75.23388,-11.03678],[-75.23399,-11.03845],[-75.23378,-11.03994],[-75.23399,-11.0415],[-75.23411,-11.04178],[-75.23531,-11.04338],[-75.2357,-11.04353],[-75.23689,-11.04367],[-75.23727,-11.0438],[-75.23759,-11.04412],[-75.23793,-11.04494],[-75.23804,-11.04557],[-75.23803,-11.04607],[-75.23718,-11.04838],[-75.23657,-11.05081],[-75.23646,-11.05146],[-75.23649,-11.05191],[-75.23678,-11.05295],[-75.23704,-11.05352],[-75.23755,-11.05435],[-75.23759,-11.05455],[-75.23751,-11.05467],[-75.23724,-11.05474],[-75.23617,-11.05432],[-75.23576,-11.05429],[-75.23482,-11.05455],[-75.23394,-11.05527],[-75.23347,-11.05592],[-75.23312,-11.05677],[-75.23297,-11.05739],[-75.23296,-11.0583],[-75.23287,-11.05886],[-75.23279,-11.05938],[-75.23241,-11.06046],[-75.23222,-11.06099],[-75.2315,-11.0621],[-75.23108,-11.06316],[-75.23086,-11.06371],[-75.23008,-11.06626],[-75.2298,-11.06685],[-75.22951,-11.06718],[-75.22888,-11.06763],[-75.22637,-11.06894],[-75.22557,-11.06896],[-75.22424,-11.06868],[-75.22347,-11.06852],[-75.22284,-11.06857],[-75.2225,-11.06865],[-75.22221,-11.06883],[-75.22184,-11.06921],[-75.2217,-11.06945],[-75.22157,-11.06992],[-75.22161,-11.07016],[-75.2218,-11.07048],[-75.22251,-11.07122],[-75.22302,-11.07187],[-75.22328,-11.0726],[-75.22318,-11.073],[-75.22288,-11.07347],[-75.22186,-11.07435],[-75.22182,-11.07451],[-75.22188,-11.07474],[-75.22198,-11.07483],[-75.22372,-11.07526],[-75.22414,-11.07554],[-75.22432,-11.0759],[-75.22431,-11.07615],[-75.22412,-11.07662],[-75.22333,-11.07789],[-75.2232,-11.07839],[-75.22324,-11.07861],[-75.22346,-11.07873],[-75.22471,-11.07904],[-75.22558,-11.07972],[-75.22623,-11.08006],[-75.22847,-11.0796],[-75.22901,-11.07955],[-75.22941,-11.07964],[-75.22993,-11.07997],[-75.23046,-11.08056],[-75.23118,-11.08175],[-75.23136,-11.0824],[-75.23146,-11.08298],[-75.23136,-11.08355],[-75.23047,-11.08617],[-75.2299,-11.0872],[-75.22969,-11.08795],[-75.22964,-11.08843],[-75.22977,-11.08905],[-75.23029,-11.08971],[-75.23102,-11.09082],[-75.2311,-11.09129],[-75.23106,-11.09169],[-75.23074,-11.09217],[-75.23001,-11.09293],[-75.2296,-11.09315],[-75.2285,-11.09373],[-75.22795,-11.09424],[-75.22742,-11.09516],[-75.22681,-11.0968],[-75.22681,-11.09766],[-75.22685,-11.09788],[-75.22725,-11.0984],[-75.2281,-11.099],[-75.22848,-11.09936],[-75.22862,-11.09975],[-75.22856,-11.10005],[-75.22833,-11.1003],[-75.22796,-11.10033],[-75.22709,-11.09998],[-75.22595,-11.09964],[-75.22514,-11.09955],[-75.2243535,-11.0995038],[-75.22273,-11.09923],[-75.22193,-11.09879],[-75.22079,-11.09786],[-75.21986,-11.0971],[-75.21885,-11.09644],[-75.2177,-11.09609],[-75.21732,-11.0961],[-75.21509,-11.09679],[-75.21437,-11.09696],[-75.21151,-11.09737],[-75.21103,-11.09756],[-75.21062,-11.09801],[-75.21021,-11.09888],[-75.2102,-11.09932],[-75.2104,-11.10034],[-75.21034,-11.10068],[-75.21016,-11.10107],[-75.20986,-11.10144],[-75.20899,-11.10201],[-75.20822,-11.10284],[-75.2065,-11.10474],[-75.20549,-11.10522],[-75.20455,-11.10551],[-75.20362,-11.10569],[-75.20271,-11.1061],[-75.20247,-11.10626],[-75.20162,-11.1072],[-75.20107,-11.10752],[-75.20023,-11.10771],[-75.19857,-11.10783],[-75.19764,-11.10817],[-75.19681,-11.10866],[-75.19608,-11.10918],[-75.1956,-11.10985],[-75.19475,-11.11072],[-75.19344,-11.11156],[-75.19253,-11.11241],[-75.19162,-11.11269],[-75.19069,-11.11279],[-75.1899,-11.1131],[-75.18889,-11.11361],[-75.18837,-11.11395],[-75.18748,-11.11453],[-75.18706,-11.11507],[-75.18698,-11.11528],[-75.18698,-11.11548],[-75.1873,-11.11592],[-75.18868,-11.11722],[-75.18873,-11.11754],[-75.18865,-11.11771],[-75.18853,-11.11783],[-75.18791,-11.11816],[-75.18754,-11.11817],[-75.18706,-11.11802],[-75.18579,-11.11733],[-75.18555,-11.11729],[-75.18515,-11.11768],[-75.18488,-11.11835],[-75.18437,-11.11919],[-75.1842,-11.11924],[-75.18382,-11.11912],[-75.18366,-11.11899],[-75.18329,-11.11824],[-75.1828,-11.11768],[-75.18229,-11.1175],[-75.18034,-11.1181],[-75.17971,-11.11854],[-75.17879,-11.11895],[-75.17811,-11.11904],[-75.17705,-11.11934],[-75.17671,-11.11955],[-75.17653,-11.11978],[-75.17643,-11.12009],[-75.17627,-11.12155],[-75.17627,-11.12258],[-75.17612,-11.12292],[-75.1756,-11.1236],[-75.17545,-11.1239],[-75.17529,-11.12561],[-75.17493,-11.12691],[-75.17435,-11.12823],[-75.17376,-11.12905],[-75.17349,-11.12943],[-75.17286,-11.13049],[-75.17237,-11.13114],[-75.17198,-11.13154],[-75.17147,-11.13176],[-75.17107,-11.13171],[-75.17051,-11.13141],[-75.17034,-11.13137],[-75.16896,-11.13148],[-75.16861,-11.13157],[-75.16771,-11.13199],[-75.16681,-11.13223],[-75.16651,-11.13238],[-75.16635,-11.13254],[-75.16623,-11.13279],[-75.16608,-11.13367],[-75.16579,-11.13401],[-75.16544,-11.13406],[-75.16461,-11.13382],[-75.16432,-11.1339],[-75.16413,-11.13409],[-75.16392,-11.13456],[-75.16394,-11.13491],[-75.16496,-11.13668],[-75.16519,-11.13719],[-75.16529,-11.13774],[-75.16525,-11.13825],[-75.16504,-11.1388],[-75.1648,-11.13919],[-75.16407,-11.13973],[-75.1627,-11.14021],[-75.161867,-11.1405486],[-75.16056,-11.14108],[-75.15894,-11.1419],[-75.15836,-11.14201],[-75.15769,-11.14193],[-75.15609,-11.14094],[-75.15526,-11.13996],[-75.15481,-11.13973],[-75.15434,-11.13972],[-75.15394,-11.13981],[-75.15356,-11.14007],[-75.15293,-11.1407],[-75.15265,-11.14079],[-75.15196,-11.14067],[-75.15157,-11.14044],[-75.15122,-11.14011],[-75.15041,-11.13899],[-75.15019,-11.13887],[-75.14979,-11.1389],[-75.149,-11.1394],[-75.14823,-11.13969],[-75.14793,-11.13987],[-75.14742,-11.14038],[-75.1469,-11.14142],[-75.14598,-11.14279],[-75.14567,-11.14303],[-75.14465,-11.1432],[-75.14422,-11.14341],[-75.14379,-11.14384],[-75.14329,-11.14447],[-75.14259,-11.14507],[-75.14184,-11.14547],[-75.14138,-11.14591],[-75.14119,-11.14635],[-75.1412,-11.14677],[-75.14175,-11.14768],[-75.14189,-11.14811],[-75.14182,-11.14856],[-75.14144,-11.14887],[-75.141,-11.14912],[-75.14043,-11.14921],[-75.13936,-11.14909],[-75.13868,-11.14882],[-75.13843,-11.14853],[-75.13836,-11.14826],[-75.1387,-11.14734],[-75.13869,-11.14686],[-75.13858,-11.14651],[-75.13846,-11.14631],[-75.13821,-11.14609],[-75.13799,-11.14605],[-75.1377,-11.14609],[-75.13666,-11.14653],[-75.13519,-11.14754],[-75.13464,-11.14808],[-75.13432,-11.14864],[-75.13413,-11.14925],[-75.13413,-11.14984],[-75.1346307,-11.150502],[-75.13519,-11.15084],[-75.13546,-11.15121],[-75.13551,-11.15142],[-75.13529,-11.15172],[-75.13447,-11.15189],[-75.13367,-11.15177],[-75.13287,-11.15155],[-75.13234,-11.15153],[-75.13207,-11.15161],[-75.13093,-11.15218],[-75.13023,-11.1526],[-75.13004,-11.15271],[-75.12889,-11.15288],[-75.12795,-11.15284],[-75.12744,-11.15298],[-75.12723,-11.15341],[-75.12738,-11.15385],[-75.12785,-11.15447],[-75.12938,-11.15581],[-75.12951,-11.15599],[-75.1296,-11.15627],[-75.12956,-11.15671],[-75.12918,-11.15743],[-75.12902,-11.15807],[-75.12904,-11.15938],[-75.12842,-11.16102],[-75.128,-11.1615],[-75.1274,-11.16179],[-75.12718,-11.16184],[-75.12695,-11.16178],[-75.12659,-11.16128],[-75.12657,-11.16104],[-75.12662,-11.16088],[-75.12733,-11.15988],[-75.12604,-11.16036],[-75.12549,-11.16063],[-75.12516,-11.16107],[-75.12493,-11.16187],[-75.12453,-11.1625],[-75.12364,-11.16329],[-75.12281,-11.16383],[-75.12029,-11.16477],[-75.11975,-11.16487],[-75.11967,-11.16547],[-75.11965,-11.1661],[-75.11916,-11.16706],[-75.11921,-11.16757],[-75.11943,-11.16795],[-75.11947,-11.1684],[-75.11905,-11.1693],[-75.11854,-11.17009],[-75.11839,-11.17066],[-75.11845,-11.17108],[-75.1187,-11.17178],[-75.11867,-11.17239],[-75.11854,-11.1728],[-75.11817,-11.17346],[-75.11728,-11.1745],[-75.11707,-11.17501],[-75.11699,-11.17544],[-75.11695,-11.17662],[-75.11714,-11.17742],[-75.11742,-11.17813],[-75.11752,-11.17854],[-75.11749,-11.17923],[-75.11736,-11.17944],[-75.11708,-11.17961],[-75.11659,-11.17971],[-75.11617,-11.17963],[-75.11539,-11.17927],[-75.11515,-11.17925],[-75.11491,-11.17932],[-75.11465,-11.17953],[-75.11404,-11.1806],[-75.11338,-11.18128],[-75.11308,-11.18194],[-75.11306,-11.18215],[-75.11325,-11.18245],[-75.11346,-11.18262],[-75.11393,-11.183],[-75.11454,-11.18398],[-75.11471,-11.18455],[-75.11479,-11.18533],[-75.11475,-11.18549],[-75.11462,-11.18615],[-75.1147,-11.18658],[-75.11426,-11.1898],[-75.11377,-11.19144],[-75.11372,-11.19199],[-75.11323,-11.19339],[-75.11285,-11.19482],[-75.11288,-11.19603],[-75.11262,-11.19753],[-75.11263,-11.19829],[-75.1128,-11.19882],[-75.1136,-11.2003455],[-75.11409,-11.20128],[-75.11446,-11.20234],[-75.11489,-11.20382],[-75.1151,-11.2043],[-75.11542,-11.20471],[-75.11583,-11.20507],[-75.11604,-11.20539],[-75.11622,-11.20581],[-75.11647,-11.20676],[-75.11751,-11.20829],[-75.11793,-11.20878],[-75.11818,-11.20919],[-75.11866,-11.21044],[-75.11906,-11.21359],[-75.11923,-11.21697],[-75.11956,-11.21871],[-75.11979,-11.21945],[-75.12034,-11.22084],[-75.12101,-11.22412],[-75.12129,-11.22461],[-75.12211,-11.22688],[-75.12234,-11.22798],[-75.1223,-11.22854],[-75.12184,-11.23009],[-75.12163,-11.23119],[-75.12162,-11.2328],[-75.12177,-11.23389],[-75.12171,-11.23451],[-75.12118,-11.23596],[-75.12059,-11.23681],[-75.11987,-11.23763],[-75.11864,-11.23944],[-75.11792,-11.24036],[-75.11659,-11.24371],[-75.11615,-11.24449],[-75.11394,-11.24755],[-75.11345,-11.24805],[-75.11284,-11.24839],[-75.11228,-11.24863],[-75.1099296,-11.248873],[-75.10944,-11.24889],[-75.10804,-11.24937],[-75.10742,-11.24951],[-75.10448,-11.24971],[-75.10319,-11.2497],[-75.10222,-11.24994],[-75.1011707,-11.25002],[-75.1011699,-11.2500201],[-75.0973256,-11.2513902],[-75.0947481,-11.2534651],[-75.1000255,-11.2551591],[-75.101403,-11.2554186],[-75.106249,-11.2571217],[-75.1085305,-11.2574965],[-75.1089287,-11.2576636],[-75.1096157,-11.2579515],[-75.1097882,-11.2582678],[-75.1098119,-11.2582467],[-75.1098977,-11.2584686],[-75.1099549,-11.2586163],[-75.1101869,-11.2592156],[-75.110131,-11.2598588],[-75.1099369,-11.2620908],[-75.1099369,-11.2646848],[-75.1107182,-11.2656536],[-75.1119057,-11.2657473],[-75.1135622,-11.2648411],[-75.1147497,-11.2630284],[-75.1157186,-11.2613095],[-75.1176876,-11.2598718],[-75.1191591,-11.258586],[-75.1195454,-11.2578412],[-75.1200894,-11.2564562],[-75.1210347,-11.2546141],[-75.1226191,-11.2524097],[-75.122813,-11.2514961],[-75.1226567,-11.2505899],[-75.1222792,-11.2496464],[-75.1221437,-11.2487908],[-75.1221437,-11.2481846],[-75.1222836,-11.247513],[-75.122819,-11.2462748],[-75.1238695,-11.2442177],[-75.1245942,-11.2426352],[-75.1255664,-11.2413301],[-75.1273441,-11.2397844],[-75.129206,-11.2389052],[-75.1302404,-11.238776],[-75.1323866,-11.2390604],[-75.1353131,-11.2387797],[-75.1366457,-11.2385371],[-75.1380955,-11.2381825],[-75.139252,-11.2365886],[-75.1400957,-11.2331195],[-75.1409456,-11.2308116],[-75.1416271,-11.2289941],[-75.1432065,-11.2263393],[-75.1435096,-11.2250471],[-75.1435937,-11.2232871],[-75.1431654,-11.2209655],[-75.1426887,-11.2191658],[-75.1430332,-11.2182558],[-75.1436167,-11.2175002],[-75.1448672,-11.2160507],[-75.1478886,-11.2136347],[-75.1496347,-11.2117968],[-75.1511834,-11.2114326],[-75.1529919,-11.2115992],[-75.1539674,-11.2114802],[-75.1554665,-11.2112898],[-75.1562644,-11.2109671],[-75.1575841,-11.2104332],[-75.160035,-11.2092912],[-75.1604396,-11.2091712],[-75.1609091,-11.2090321],[-75.162311,-11.2084768],[-75.1630077,-11.208236],[-75.1642942,-11.2081727],[-75.1645797,-11.2079348],[-75.1647909,-11.2074477],[-75.1651985,-11.2065071],[-75.1661979,-11.2049843],[-75.1678396,-11.2018195],[-75.1691721,-11.2002016],[-75.1701715,-11.1992736],[-75.1713637,-11.1986946],[-75.1722151,-11.1982812],[-75.1737167,-11.1982266],[-75.1747162,-11.1979172],[-75.176025,-11.1974652],[-75.1786805,-11.1968672],[-75.1790137,-11.1967922],[-75.1806954,-11.1962735],[-75.1834785,-11.1940877],[-75.1835899,-11.194059],[-75.1845196,-11.1934677],[-75.185995,-11.1923493],[-75.1869229,-11.191469],[-75.1890882,-11.1906123],[-75.1903731,-11.1899698],[-75.1908506,-11.1898363],[-75.1913497,-11.1896967],[-75.1920392,-11.1896432],[-75.1931802,-11.189829],[-75.1940375,-11.189851],[-75.1947751,-11.1895892],[-75.196015,-11.1885922],[-75.1974165,-11.1881138],[-75.1975794,-11.1880337],[-75.1986299,-11.1868765],[-75.1992247,-11.1858535],[-75.2009617,-11.1837118],[-75.2023656,-11.1820225],[-75.203246,-11.1804045],[-75.2039836,-11.1792147],[-75.2049854,-11.178665],[-75.20603,-11.1781677],[-75.206873,-11.1779375],[-75.2072864,-11.1776321],[-75.2076242,-11.1773826],[-75.2097894,-11.1760738],[-75.2120899,-11.1746562],[-75.2142826,-11.1738991],[-75.2151195,-11.1739561],[-75.216,-11.1742655],[-75.2177569,-11.1749619],[-75.2186411,-11.1753123],[-75.2198071,-11.1754076],[-75.2205209,-11.1751935],[-75.2212347,-11.174313],[-75.2224484,-11.1729806],[-75.222829,-11.1728377],[-75.2240774,-11.1727101],[-75.2260651,-11.1719573],[-75.22804,-11.1709103],[-75.2285425,-11.1708346],[-75.2293011,-11.1707201],[-75.2306112,-11.170246],[-75.2311855,-11.1700087],[-75.2333224,-11.1691258],[-75.2350916,-11.1676308],[-75.2367012,-11.1662705],[-75.240556,-11.1627012],[-75.2422499,-11.1608067],[-75.243221,-11.1586086],[-75.2434589,-11.1572285],[-75.2433161,-11.1562053],[-75.2430306,-11.1547538],[-75.2431257,-11.1539686],[-75.2435542,-11.1532548],[-75.2445059,-11.1528265],[-75.2450294,-11.1523268],[-75.245196,-11.1515892],[-75.2453149,-11.1490907],[-75.2452459,-11.1456827],[-75.2452437,-11.145569],[-75.2451542,-11.1408072],[-75.2450947,-11.1401231],[-75.245184,-11.1394688],[-75.2460426,-11.1378298],[-75.2467927,-11.1365797],[-75.2467615,-11.1357671],[-75.2461432,-11.134619],[-75.2461051,-11.1345482],[-75.2458146,-11.133196],[-75.2461676,-11.1323606],[-75.2473136,-11.1311733],[-75.2480751,-11.1299838],[-75.2491459,-11.128556],[-75.2495265,-11.1279878],[-75.2504189,-11.1254002],[-75.2506367,-11.1240742],[-75.2503594,-11.1224853],[-75.2494671,-11.1207603],[-75.2489317,-11.1196895],[-75.2481584,-11.1188865],[-75.2475337,-11.1179942],[-75.2473255,-11.1170721],[-75.247278,-11.115684],[-75.2470281,-11.1118969],[-75.2466051,-11.1111928],[-75.2451302,-11.1099742],[-75.2442499,-11.1093556],[-75.2434646,-11.1082848],[-75.2433457,-11.10769],[-75.2435599,-11.1067857],[-75.2437502,-11.1058102],[-75.2445116,-11.1043587],[-75.244961,-11.1031126],[-75.2451969,-11.1006627],[-75.2448586,-11.0986947],[-75.2449509,-11.0984076],[-75.2452276,-11.0980181],[-75.2456282,-11.097921],[-75.2457881,-11.0978821],[-75.2468472,-11.0979053],[-75.2478312,-11.0979462],[-75.2481804,-11.0978438],[-75.24843,-11.097406],[-75.248461,-11.0963897],[-75.2489202,-11.094859],[-75.2492009,-11.0943743],[-75.250544,-11.0938242],[-75.2513956,-11.0932771],[-75.2522771,-11.0930937],[-75.2525529,-11.0930265],[-75.2528036,-11.0929655],[-75.2530396,-11.0928295],[-75.2536509,-11.0924771],[-75.2549564,-11.0920196],[-75.2550309,-11.0919856],[-75.2555997,-11.0915765],[-75.2560122,-11.0907425],[-75.2561945,-11.089695],[-75.2563082,-11.0887841],[-75.2569687,-11.0866663],[-75.2572875,-11.0860058],[-75.2587905,-11.0847307],[-75.2598607,-11.0837515],[-75.2605212,-11.0824535],[-75.2619785,-11.0813376],[-75.2624795,-11.0805633],[-75.2626389,-11.0794476],[-75.2626617,-11.0780585],[-75.2630032,-11.0770565],[-75.2633301,-11.0758691],[-75.2641191,-11.0756673],[-75.2647587,-11.0756396],[-75.2667379,-11.0755535],[-75.2688775,-11.0757361],[-75.2704032,-11.0757172],[-75.2712012,-11.0754625],[-75.2724536,-11.0747337],[-75.2745905,-11.0739742],[-75.2753685,-11.0739822],[-75.2765982,-11.074506],[-75.2773724,-11.07462],[-75.2791022,-11.074316],[-75.280577,-11.073918],[-75.2822021,-11.0725116],[-75.2825177,-11.0724582],[-75.2832021,-11.0723427],[-75.2843585,-11.0730116],[-75.2845364,-11.0730787],[-75.2850575,-11.0732756],[-75.2857649,-11.0735429],[-75.2874376,-11.0740051],[-75.2886401,-11.0747617],[-75.2895152,-11.0759493],[-75.2901716,-11.0778557],[-75.2914842,-11.0793558],[-75.2924961,-11.0798203],[-75.2953396,-11.0791287],[-75.2969336,-11.0788555],[-75.2985505,-11.0784456],[-75.3006226,-11.0783317],[-75.3024445,-11.0779218],[-75.3038107,-11.0774663],[-75.3044939,-11.0772158],[-75.3057464,-11.0774436],[-75.30645,-11.0777028],[-75.3070444,-11.0779218],[-75.308388,-11.0787872],[-75.3103691,-11.0796523],[-75.3120997,-11.0798575],[-75.31358,-11.0796847],[-75.31547,-11.0793792],[-75.3167452,-11.079106],[-75.3189982,-11.0781921],[-75.319267,-11.0780512],[-75.319774,-11.0777852],[-75.3212769,-11.0764917],[-75.3216896,-11.0760615],[-75.3223472,-11.075376],[-75.3234175,-11.0747611],[-75.3243966,-11.0746927],[-75.3254444,-11.0749205],[-75.3266739,-11.0753076],[-75.3279494,-11.0757888],[-75.3282955,-11.0759195],[-75.3299302,-11.0767422],[-75.3310461,-11.0769245],[-75.332162,-11.0769927],[-75.3331639,-11.0773116],[-75.334348,-11.077471],[-75.3362836,-11.0776302],[-75.3379005,-11.0773571],[-75.3392669,-11.0769016],[-75.3416124,-11.0759225],[-75.3420329,-11.0752645],[-75.3423105,-11.0748301],[-75.3430014,-11.0741007],[-75.3444816,-11.0724383],[-75.3447776,-11.0716641],[-75.3450281,-11.0700017],[-75.3462077,-11.0671048],[-75.3473016,-11.065386],[-75.3488994,-11.064377],[-75.3502657,-11.0640127],[-75.3512905,-11.0645592],[-75.3518957,-11.0656672],[-75.3528959,-11.0667296],[-75.3545522,-11.0674798],[-75.3568339,-11.0679798],[-75.3592089,-11.0674173],[-75.3622175,-11.0665555],[-75.3641285,-11.0661785],[-75.3661834,-11.0661988],[-75.3689349,-11.0664657],[-75.3692347,-11.0664948],[-75.3704417,-11.0663582],[-75.3716486,-11.0664721],[-75.3731289,-11.0667681],[-75.374108,-11.0666997],[-75.3749279,-11.0663355],[-75.3751536,-11.0660606],[-75.3761861,-11.0648045],[-75.3780117,-11.0624082],[-75.3791406,-11.0608928],[-75.3793,-11.0601415],[-75.3793684,-11.0592533],[-75.3790495,-11.0548356],[-75.3789585,-11.0517613],[-75.3789585,-11.0505316],[-75.3794484,-11.0494176],[-75.379534,-11.0492228],[-75.3798694,-11.0487098],[-75.3808941,-11.0480722],[-75.3818946,-11.0477532],[-75.382666,-11.0475073],[-75.3835572,-11.0472231],[-75.384902,-11.0466375],[-75.3857086,-11.0459262],[-75.386518,-11.0448112],[-75.3875661,-11.0436088],[-75.3888067,-11.0425227],[-75.3903354,-11.0413818],[-75.3918577,-11.0410277],[-75.3927811,-11.0411496],[-75.3943751,-11.0418555],[-75.3952177,-11.0424931],[-75.3954681,-11.0432901],[-75.3954789,-11.0443416],[-75.395536,-11.046169],[-75.3967352,-11.0505091],[-75.3975347,-11.0535358],[-75.3986301,-11.056603],[-75.3997125,-11.0575102],[-75.4017126,-11.0581351],[-75.4052442,-11.0587603],[-75.4067196,-11.0587231],[-75.4075201,-11.05886],[-75.40803,-11.05869],[-75.40853,-11.05881],[-75.4110136,-11.0595703],[-75.41222,-11.05979],[-75.41325,-11.05978],[-75.41382,-11.05994],[-75.41515,-11.06062],[-75.41601,-11.06116],[-75.41726,-11.06226],[-75.41799,-11.06272],[-75.4189726,-11.0631495],[-75.4195,-11.06338],[-75.42049,-11.06373],[-75.42105,-11.06401],[-75.42283,-11.06453],[-75.4238,-11.06502],[-75.42499,-11.06601],[-75.4254,-11.06645],[-75.42566,-11.06686],[-75.42586,-11.06736],[-75.42641,-11.06942],[-75.42645,-11.06988],[-75.4264,-11.07056],[-75.42638,-11.0708],[-75.42657,-11.07113],[-75.42688,-11.07135],[-75.42751,-11.07146],[-75.43109,-11.0716],[-75.43256,-11.0718],[-75.43292,-11.07194],[-75.43352,-11.07226],[-75.43453,-11.07304],[-75.4348,-11.07319],[-75.43562,-11.07334],[-75.43768,-11.07341],[-75.43812,-11.07348],[-75.43872,-11.07373],[-75.43957,-11.07431],[-75.44027,-11.07479],[-75.44085,-11.07498],[-75.44232,-11.07496],[-75.44351,-11.07471],[-75.44453,-11.07491],[-75.44558,-11.07485],[-75.44597,-11.07491],[-75.44662,-11.07518],[-75.4467141,-11.0752647],[-75.44742,-11.0759],[-75.44818,-11.076],[-75.44858,-11.07616],[-75.44948,-11.07691],[-75.4505097,-11.0776367],[-75.45081,-11.0783],[-75.45212,-11.07856],[-75.45387,-11.07921],[-75.45499,-11.07939],[-75.45572,-11.0793],[-75.45581,-11.07926],[-75.45647,-11.07931],[-75.45708,-11.07926],[-75.45745,-11.07914],[-75.45795,-11.0788],[-75.45823,-11.07847],[-75.45851,-11.07794],[-75.4588,-11.07676],[-75.45895,-11.07638],[-75.45922,-11.07604],[-75.45946,-11.0759],[-75.45982,-11.07586],[-75.46029,-11.07598],[-75.46069,-11.07621],[-75.46115,-11.07662],[-75.46197,-11.07697],[-75.46249,-11.07736],[-75.46271,-11.07762],[-75.463,-11.07866],[-75.46339,-11.0792],[-75.46407,-11.07975],[-75.4652,-11.0804],[-75.46618,-11.08124],[-75.46647,-11.08174],[-75.4666,-11.08251],[-75.46644,-11.08358],[-75.46659,-11.08401],[-75.46695,-11.08451],[-75.46747,-11.08507],[-75.4683,-11.08559],[-75.4684,-11.08583],[-75.46841,-11.0864],[-75.46873,-11.08686],[-75.46897,-11.08706],[-75.46956,-11.08739],[-75.47055,-11.08832],[-75.47088,-11.08858],[-75.47119,-11.08881],[-75.4715,-11.08974],[-75.47167,-11.09081],[-75.4718,-11.09102],[-75.47196,-11.09109],[-75.4722,-11.09106],[-75.47345,-11.09043],[-75.47486,-11.09004],[-75.4763,-11.08908],[-75.47658,-11.08897],[-75.47698,-11.08904],[-75.47804,-11.08958],[-75.48006,-11.0901],[-75.48035,-11.0903],[-75.48054,-11.09054],[-75.48065,-11.09087],[-75.48069,-11.09095],[-75.48074,-11.09146],[-75.48133,-11.09241],[-75.48144,-11.09294],[-75.48146,-11.09359],[-75.48152,-11.0937],[-75.48161,-11.0939],[-75.4819,-11.09419],[-75.4821,-11.09431],[-75.48293,-11.09441],[-75.4834,-11.09459],[-75.48378,-11.09495],[-75.48403,-11.09528],[-75.48415,-11.09579],[-75.48418,-11.09712],[-75.4843,-11.09756],[-75.48441,-11.09776],[-75.48444,-11.09781],[-75.48471,-11.09803],[-75.48539,-11.09837],[-75.48655,-11.09873],[-75.4877557,-11.0993555],[-75.48901,-11.09941],[-75.48979,-11.0997],[-75.49071,-11.09977],[-75.49112,-11.09986],[-75.49137,-11.09998],[-75.49197,-11.10044],[-75.49259,-11.10051],[-75.49285,-11.1006],[-75.49334,-11.10107],[-75.49361,-11.10124],[-75.4939,-11.10125],[-75.49459,-11.10112],[-75.49562,-11.10131],[-75.49617,-11.10134],[-75.49713,-11.1012],[-75.49756,-11.10101],[-75.4985,-11.10016],[-75.49896,-11.09948],[-75.49924,-11.09918],[-75.4996,-11.09897],[-75.5,-11.09876],[-75.50021,-11.09863],[-75.50041,-11.09851],[-75.50227,-11.09783],[-75.50353,-11.0971],[-75.50383,-11.09707],[-75.50451,-11.09719],[-75.50481,-11.09716],[-75.50489,-11.09715],[-75.50498,-11.09734],[-75.50532,-11.09748],[-75.50586,-11.09791],[-75.50622,-11.09835],[-75.50715,-11.09866],[-75.50754,-11.09904],[-75.50762,-11.09922],[-75.50763,-11.09944],[-75.50732,-11.1006],[-75.50748,-11.10111],[-75.50784,-11.10175],[-75.50806,-11.10236],[-75.50811,-11.10278],[-75.50776,-11.10383],[-75.50789,-11.10426],[-75.50832,-11.10491],[-75.50899,-11.10549],[-75.50979,-11.10605],[-75.51027,-11.10617],[-75.5113,-11.10622],[-75.51253,-11.10643],[-75.51273,-11.10651],[-75.51307,-11.10679],[-75.51352,-11.1074],[-75.5138,-11.10803],[-75.51421,-11.10925],[-75.5144986,-11.1107951],[-75.51455,-11.11107],[-75.51482,-11.11156],[-75.51589,-11.11236],[-75.5167,-11.11328],[-75.51782,-11.114],[-75.51915,-11.11502],[-75.5195,-11.11528],[-75.51978,-11.11561],[-75.52026,-11.11641],[-75.52079,-11.11718],[-75.52125,-11.11773],[-75.52149,-11.11838],[-75.52183,-11.11886],[-75.52225,-11.11917],[-75.5233,-11.11948],[-75.52432,-11.12005],[-75.52484,-11.12018],[-75.52515,-11.12036],[-75.52521,-11.12057],[-75.52513,-11.12103],[-75.52526,-11.12131],[-75.52537,-11.12177],[-75.52533,-11.12247],[-75.52535,-11.12262],[-75.52566,-11.12312],[-75.52614,-11.12343],[-75.52629,-11.1236],[-75.52645,-11.12422],[-75.52668,-11.12448],[-75.5269,-11.12495],[-75.52704,-11.12571],[-75.52722,-11.126],[-75.5275,-11.12627],[-75.52783,-11.12642],[-75.52823,-11.12648],[-75.52922,-11.12626],[-75.52968,-11.12636],[-75.53012,-11.12629],[-75.53049,-11.12612],[-75.53083,-11.12606],[-75.53123,-11.12619],[-75.53184,-11.12658],[-75.53218,-11.1266],[-75.53318,-11.12636],[-75.5335431,-11.1261886],[-75.5339,-11.12602],[-75.5344,-11.12597],[-75.53532,-11.12617],[-75.53724,-11.12695],[-75.53765,-11.12726],[-75.53829,-11.12801],[-75.53858,-11.12857],[-75.53873,-11.12905],[-75.53899,-11.12939],[-75.54036,-11.13011],[-75.5408,-11.13027],[-75.54108,-11.13037],[-75.54132,-11.13058],[-75.54173,-11.13105],[-75.54264,-11.13186],[-75.54366,-11.13262],[-75.54447,-11.13298],[-75.54476,-11.13304],[-75.54538,-11.13306],[-75.54562,-11.13312],[-75.54578,-11.13316],[-75.54592,-11.13324],[-75.54624,-11.13354],[-75.54646,-11.13381],[-75.5466,-11.13469],[-75.54678,-11.13505],[-75.54703,-11.13528],[-75.54735,-11.13535],[-75.55017,-11.13569],[-75.55182,-11.13582],[-75.55274,-11.13618],[-75.55409,-11.13659],[-75.5548,-11.1369],[-75.55534,-11.13737],[-75.55586,-11.13816],[-75.55613,-11.1385],[-75.55692,-11.13914],[-75.55757,-11.13979],[-75.55796,-11.14002],[-75.55857,-11.14014],[-75.55892,-11.14026],[-75.55967,-11.14061],[-75.55997,-11.14101],[-75.56023,-11.14129],[-75.56071,-11.14226],[-75.5609,-11.14251],[-75.56201,-11.14319],[-75.56243,-11.14351],[-75.56284,-11.14371],[-75.56416,-11.14398],[-75.5654,-11.14394],[-75.56653,-11.1441],[-75.56727,-11.14414],[-75.56831,-11.14466],[-75.56868,-11.14472],[-75.56918,-11.14464],[-75.56997,-11.14437],[-75.57082,-11.14402],[-75.57134,-11.14391],[-75.57188,-11.14387],[-75.57245,-11.14394],[-75.57378,-11.14405],[-75.57454,-11.14419],[-75.5766,-11.14475],[-75.57791,-11.14522],[-75.57843,-11.14537],[-75.57855,-11.14538],[-75.57879,-11.14542],[-75.57921,-11.1454],[-75.58003,-11.14509],[-75.58106,-11.14513],[-75.58183,-11.14494],[-75.58244,-11.14499],[-75.58379,-11.14497],[-75.584,-11.14484],[-75.5843,-11.14436],[-75.58452,-11.14412],[-75.58474,-11.14402],[-75.58491,-11.14392],[-75.58521,-11.14383],[-75.58583,-11.14377],[-75.58648,-11.14347],[-75.58698,-11.14331],[-75.58779,-11.14335],[-75.59009,-11.14289],[-75.59071,-11.1427],[-75.59126,-11.14246],[-75.59168,-11.14238],[-75.59248,-11.14194],[-75.59306,-11.14153],[-75.59349,-11.14114],[-75.59358,-11.14107],[-75.59371,-11.14088],[-75.59474,-11.14012],[-75.59553,-11.13935],[-75.59609,-11.13845],[-75.59644,-11.13802],[-75.59668,-11.13782],[-75.59698,-11.13771],[-75.59786,-11.13788],[-75.59823,-11.13787],[-75.59842,-11.13786],[-75.59906,-11.13765],[-75.60034,-11.13713],[-75.60094,-11.13668],[-75.6016,-11.13582],[-75.60207,-11.13532],[-75.60259,-11.13487],[-75.60321,-11.13422],[-75.6036,-11.13398],[-75.60387,-11.13372],[-75.60474,-11.13222],[-75.605,-11.13189],[-75.60552,-11.13139],[-75.60596,-11.13076],[-75.60602,-11.13062],[-75.60609,-11.13004],[-75.60638,-11.12912],[-75.6066,-11.12867],[-75.60765,-11.12729],[-75.60793,-11.12708],[-75.60838,-11.12681],[-75.60861,-11.12661],[-75.60884,-11.12626],[-75.60918,-11.12537],[-75.60966,-11.12389],[-75.6098,-11.12363],[-75.6103,-11.1232],[-75.61056,-11.12287],[-75.61059,-11.12202],[-75.61097,-11.12125],[-75.6111,-11.12111],[-75.61147,-11.12096],[-75.61171,-11.12078],[-75.61184,-11.1205],[-75.61188,-11.12008],[-75.61194,-11.11989],[-75.61206,-11.11976],[-75.61243,-11.11955],[-75.61254,-11.11943],[-75.6126,-11.11923],[-75.61258,-11.11885],[-75.61262,-11.11862],[-75.61288,-11.11813],[-75.6131,-11.11756],[-75.61323,-11.11726],[-75.61348,-11.11668],[-75.61398,-11.11619],[-75.61409,-11.11587],[-75.61446,-11.1153],[-75.61454,-11.11483],[-75.61463,-11.11465],[-75.61474,-11.11455],[-75.61523,-11.11432],[-75.61557,-11.11387],[-75.61575,-11.11347],[-75.61584,-11.11291],[-75.61592,-11.1127],[-75.6163,-11.11218],[-75.61671,-11.11151],[-75.61682,-11.11112],[-75.61712,-11.11043],[-75.61717,-11.10948],[-75.61776,-11.10818],[-75.61773,-11.1076],[-75.61779,-11.10733],[-75.61835,-11.10655],[-75.61852,-11.10643],[-75.61879,-11.10635],[-75.61892,-11.10627],[-75.61905,-11.1061],[-75.61931,-11.1056],[-75.6198,-11.10526],[-75.62018,-11.10486],[-75.62053,-11.10479],[-75.62107,-11.10485],[-75.62146,-11.10483],[-75.62252,-11.10504],[-75.62287,-11.10481],[-75.62333,-11.10477],[-75.62405,-11.10492],[-75.62439,-11.10489],[-75.6247,-11.10474],[-75.62539,-11.10475],[-75.6257,-11.10464],[-75.62592,-11.10438],[-75.62601,-11.10435],[-75.62665,-11.10442],[-75.62771,-11.10424],[-75.62828,-11.10426],[-75.62874,-11.10435],[-75.62946,-11.10461],[-75.63087,-11.10542],[-75.632,-11.10585],[-75.63229,-11.10587],[-75.63263,-11.10595],[-75.63283,-11.10607],[-75.63295,-11.10627],[-75.63336,-11.10639],[-75.63361,-11.10657],[-75.6337,-11.10669],[-75.63402,-11.10672],[-75.63454,-11.10667],[-75.63512,-11.10673],[-75.63547,-11.10659],[-75.63565,-11.10662],[-75.63587,-11.10673],[-75.6361,-11.10662],[-75.63622,-11.10662],[-75.6363379,-11.1066642],[-75.63718,-11.10698],[-75.63797,-11.10723],[-75.63834,-11.10745],[-75.63884,-11.10786],[-75.64026,-11.10804],[-75.64068,-11.10816],[-75.64125,-11.10846],[-75.64176,-11.10898],[-75.6419212,-11.1090819],[-75.6419327,-11.1090891],[-75.6421401,-11.1092202],[-75.642625,-11.1097461],[-75.6432494,-11.1100505],[-75.6444335,-11.1102266],[-75.6457136,-11.1100665],[-75.6478579,-11.1095225],[-75.649842,-11.1088663],[-75.6517461,-11.1082103],[-75.65256,-11.10782],[-75.6531542,-11.1075542],[-75.6541392,-11.1067206],[-75.65414,-11.10672],[-75.65643,-11.10579],[-75.65669,-11.10554],[-75.6568156,-11.1048703],[-75.6569,-11.10442],[-75.6569387,-11.1043871],[-75.6571,-11.10425],[-75.65722,-11.10397],[-75.65731,-11.1034303],[-75.65731,-11.1034294],[-75.6573196,-11.1030901],[-75.6573669,-11.1029721],[-75.6575899,-11.1027001],[-75.65792,-11.10246],[-75.6584,-11.10239],[-75.65875,-11.10227],[-75.6588315,-11.1021926],[-75.65895,-11.10208],[-75.659012,-11.1019118],[-75.65909,-11.1017],[-75.65932,-11.10137],[-75.65966,-11.10127],[-75.6597979,-11.1012747],[-75.65995,-11.10128],[-75.6606901,-11.10151],[-75.6613927,-11.1017473],[-75.662253,-11.1020853],[-75.6629596,-11.1024745],[-75.6637585,-11.1027305],[-75.6651307,-11.1026896],[-75.6663084,-11.1026383],[-75.6672199,-11.102362],[-75.6682951,-11.1016552],[-75.6689556,-11.1008027],[-75.6686906,-11.0999837],[-75.6678716,-11.0988275],[-75.6677291,-11.0986637],[-75.6673899,-11.0982733],[-75.6669922,-11.0981093],[-75.6665722,-11.0979864],[-75.6658241,-11.0977675],[-75.665246,-11.0976712],[-75.6645474,-11.0977193],[-75.6637765,-11.0982012],[-75.6633189,-11.0983216],[-75.662891,-11.0982877],[-75.6621281,-11.0981925],[-75.6608259,-11.0980298],[-75.6594631,-11.0972973],[-75.6583559,-11.0962582],[-75.6560734,-11.0940266],[-75.6554637,-11.0925086],[-75.6551739,-11.0919621],[-75.6547759,-11.0916167],[-75.6539376,-11.0912326],[-75.6527835,-11.0908892],[-75.6518999,-11.0908922],[-75.6506051,-11.0909945],[-75.6489697,-11.0906197],[-75.6477944,-11.090211],[-75.6473344,-11.0899553],[-75.6467211,-11.0886436],[-75.6459716,-11.0881326],[-75.6451085,-11.0880276],[-75.6446089,-11.0878459],[-75.6440182,-11.0871417],[-75.6432232,-11.0865057],[-75.6425192,-11.08562],[-75.642065,-11.085461],[-75.6404524,-11.0853928],[-75.6393167,-11.0853473],[-75.6386126,-11.08562],[-75.6374542,-11.0865966],[-75.6366592,-11.0869373],[-75.6362277,-11.0866421],[-75.6356186,-11.0850856],[-75.63541,-11.0845525],[-75.6350921,-11.0834169],[-75.6346832,-11.0830533],[-75.6336611,-11.0826672],[-75.6326487,-11.0825091],[-75.6322075,-11.0824401],[-75.630345,-11.0819405],[-75.6285052,-11.0801916],[-75.6270971,-11.0791013],[-75.6256889,-11.0778975],[-75.6246441,-11.0772616],[-75.623304,-11.0768981],[-75.6212825,-11.0771936],[-75.6206239,-11.0776022],[-75.6193519,-11.0786243],[-75.6186024,-11.0788742],[-75.6177166,-11.0788287],[-75.6170352,-11.078579],[-75.6162856,-11.0785107],[-75.6156497,-11.078579],[-75.614514,-11.0790105],[-75.6142415,-11.0790105],[-75.6139916,-11.0787833],[-75.6135287,-11.0782528],[-75.6130604,-11.077716],[-75.6121281,-11.0762922],[-75.6109026,-11.0747631],[-75.6102894,-11.0740363],[-75.60929,-11.0739683],[-75.6088357,-11.0739683],[-75.6084724,-11.0740363],[-75.6078364,-11.074536],[-75.6067689,-11.0748994],[-75.6055879,-11.0750811],[-75.6042932,-11.0750811],[-75.6039329,-11.0749582],[-75.6022945,-11.0743997],[-75.6018175,-11.0738773],[-75.6013184,-11.072643],[-75.6006364,-11.0707202],[-75.599955,-11.0694482],[-75.5993691,-11.06914],[-75.5982287,-11.0685397],[-75.5966844,-11.0673132],[-75.5963436,-11.0666546],[-75.5962074,-11.0654281],[-75.596194,-11.0650542],[-75.5961165,-11.0628842],[-75.5959802,-11.0620438],[-75.5956029,-11.0616503],[-75.5947537,-11.061317],[-75.594095,-11.0611353],[-75.592278,-11.0610898],[-75.5915966,-11.0614078],[-75.5911196,-11.0614078],[-75.590461,-11.0612035],[-75.5884167,-11.0597725],[-75.5876445,-11.0592047],[-75.5867587,-11.058796],[-75.5861455,-11.0580463],[-75.585361,-11.0558321],[-75.5852481,-11.0555135],[-75.5847237,-11.0529701],[-75.5843999,-11.0513993],[-75.584124,-11.0510507],[-75.5836697,-11.0506872],[-75.5831246,-11.0504828],[-75.5823186,-11.0505682],[-75.5819452,-11.0507143],[-75.5810834,-11.0509481],[-75.5792436,-11.0510168],[-75.5789454,-11.051028],[-75.5762652,-11.0508008],[-75.5749025,-11.0502557],[-75.5724949,-11.0488021],[-75.571421,-11.047832],[-75.5711321,-11.0474165],[-75.5708822,-11.0472122],[-75.5703139,-11.0472138],[-75.5683839,-11.0474393],[-75.5669302,-11.047394],[-75.5651359,-11.046758],[-75.5636141,-11.0457586],[-75.5633642,-11.0458948],[-75.5632736,-11.0463037],[-75.5635006,-11.0473485],[-75.5632961,-11.049688],[-75.5631599,-11.0502785],[-75.5630009,-11.0504147],[-75.5617516,-11.0503693],[-75.5595485,-11.0501422],[-75.5588899,-11.0503238],[-75.5584582,-11.0510053],[-75.558004,-11.0521182],[-75.557368,-11.0527542],[-75.556187,-11.0533446],[-75.5555056,-11.0534129],[-75.5545062,-11.0533675],[-75.5534952,-11.0527547],[-75.5533799,-11.0526848],[-75.5508401,-11.0509402],[-75.5490615,-11.0495322],[-75.54851,-11.0492791],[-75.5471699,-11.0482343],[-75.5464877,-11.0479221],[-75.544389,-11.0476377],[-75.5430802,-11.0472808],[-75.5418012,-11.0470131],[-75.5409474,-11.0467401],[-75.5406339,-11.0468907],[-75.5404679,-11.0469705],[-75.5399105,-11.0476963],[-75.5393275,-11.048854],[-75.5375721,-11.0503531],[-75.5359064,-11.050494],[-75.5347661,-11.0508656],[-75.5333822,-11.050981],[-75.5318681,-11.0508091],[-75.5304077,-11.0508012],[-75.5298202,-11.0508656],[-75.5286927,-11.0505707],[-75.5277702,-11.0500583],[-75.527309,-11.0492127],[-75.527168,-11.0479058],[-75.5270626,-11.0465117],[-75.5260344,-11.0448676],[-75.5257999,-11.0442505],[-75.5255556,-11.0436075],[-75.5252225,-11.0432982],[-75.524786,-11.0431015],[-75.524443,-11.0429468],[-75.523533,-11.0429888],[-75.522605,-11.043084],[-75.5213915,-11.0437502],[-75.5193451,-11.0442261],[-75.5173464,-11.044012],[-75.5153715,-11.0434171],[-75.5146814,-11.0425843],[-75.5140666,-11.0409561],[-75.513801,-11.0402525],[-75.5128254,-11.0388962],[-75.511795,-11.038121],[-75.510327,-11.0370163],[-75.5079714,-11.0346131],[-75.5075192,-11.0336376],[-75.5071381,-11.0317615],[-75.5060692,-11.0289366],[-75.504186,-11.0263152],[-75.5016155,-11.0242538],[-75.4993576,-11.022811],[-75.4983345,-11.0224303],[-75.4958599,-11.0218116],[-75.4930045,-11.0215498],[-75.4917672,-11.0212643],[-75.4900614,-11.0200547],[-75.4889416,-11.0189095],[-75.4887812,-11.0188292],[-75.4875674,-11.0182223],[-75.485899,-11.0181932],[-75.4852992,-11.0181019],[-75.4849206,-11.0180441],[-75.4836481,-11.017128],[-75.4835342,-11.01704],[-75.4825284,-11.0162627],[-75.4822759,-11.0162208],[-75.4819336,-11.0161641],[-75.480948,-11.0170291],[-75.4791431,-11.0183182],[-75.4788526,-11.0185257],[-75.4782046,-11.0188077],[-75.4775287,-11.0187667],[-75.4758025,-11.0183102],[-75.4749317,-11.0182188],[-75.4741609,-11.0184611],[-75.4737711,-11.0187268],[-75.4733194,-11.0190348],[-75.4719719,-11.0218891],[-75.4707196,-11.0228541],[-75.4692437,-11.0233682],[-75.4684546,-11.0236431],[-75.4657061,-11.0242031],[-75.4650486,-11.0242071],[-75.4641152,-11.0242128],[-75.463931,-11.0240106],[-75.4632229,-11.0232331],[-75.4629541,-11.0229381],[-75.4612015,-11.0200292],[-75.4599629,-11.0178972],[-75.4593124,-11.0172829],[-75.4581884,-11.0167281],[-75.4567152,-11.0165837],[-75.4554155,-11.0165837],[-75.4547537,-11.0165423],[-75.4531049,-11.0164393],[-75.4517762,-11.0158905],[-75.4510642,-11.0151218],[-75.4499566,-11.0132043],[-75.4493159,-11.0123682],[-75.4482525,-11.0118468],[-75.4467506,-11.0104893],[-75.4460777,-11.0092215],[-75.4452486,-11.0076587],[-75.4452031,-11.0070312],[-75.4466927,-11.0060702],[-75.4485991,-11.0057525],[-75.4501621,-11.005166],[-75.4524695,-11.0037306],[-75.4542514,-11.0022516],[-75.4551267,-11.0007267],[-75.4550111,-10.999167],[-75.4544046,-10.9982139],[-75.4534226,-10.997434],[-75.4521806,-10.9960186],[-75.4512275,-10.9947767],[-75.450508,-10.9924881],[-75.4501956,-10.9902337],[-75.4498719,-10.9895418],[-75.4487224,-10.9885707],[-75.4472126,-10.987787],[-75.4457396,-10.9865161],[-75.444902,-10.9854764],[-75.4442376,-10.9845231],[-75.4435734,-10.9827612],[-75.442678,-10.9799018],[-75.4421291,-10.9790931],[-75.44197,-10.97837],[-75.4419586,-10.9780003],[-75.441898,-10.9760315],[-75.4418404,-10.9751071],[-75.4418404,-10.9733452],[-75.4416767,-10.9722182],[-75.4408865,-10.9701293],[-75.4405406,-10.969215],[-75.4397896,-10.9681751],[-75.4388365,-10.9667021],[-75.4385875,-10.9663802],[-75.4376522,-10.9651712],[-75.4361519,-10.9642413],[-75.434244,-10.9636116],[-75.4323377,-10.9628317],[-75.4308935,-10.9622251],[-75.428063,-10.9609252],[-75.4262339,-10.9598407],[-75.425579,-10.9594523],[-75.4227772,-10.9578926],[-75.4225526,-10.9575782],[-75.422344,-10.9572861],[-75.4224017,-10.9553508],[-75.4226617,-10.9537335],[-75.4233261,-10.9520293],[-75.4233839,-10.9503542],[-75.4231816,-10.9478123],[-75.4234334,-10.9458227],[-75.4237821,-10.9431318],[-75.4236826,-10.9420855],[-75.4232696,-10.9402206],[-75.4231479,-10.938277],[-75.4231344,-10.9380613],[-75.4231527,-10.9373277],[-75.4234994,-10.9368943],[-75.4237795,-10.9367925],[-75.4244525,-10.9365477],[-75.42607,-10.9358835],[-75.4275141,-10.9351902],[-75.4288027,-10.9341093],[-75.4301524,-10.9328496],[-75.4308007,-10.9319082],[-75.4310091,-10.9302512],[-75.4308935,-10.9262075],[-75.4313845,-10.9234925],[-75.4319045,-10.9223082],[-75.432556,-10.9212598],[-75.4326266,-10.9211818],[-75.4332676,-10.9195378],[-75.433753,-10.9182935],[-75.4345781,-10.9146288],[-75.4354024,-10.9123672],[-75.4355244,-10.9121323],[-75.4369012,-10.9102061],[-75.4383455,-10.9093685],[-75.4406561,-10.908502],[-75.4415226,-10.9079243],[-75.4441221,-10.9066533],[-75.444764,-10.9061913],[-75.4455662,-10.9056136],[-75.4473571,-10.9047471],[-75.4486107,-10.904001],[-75.4493401,-10.9035667],[-75.4511407,-10.9024365],[-75.4522402,-10.901753],[-75.4532781,-10.9011078],[-75.4533649,-10.9007036],[-75.4533501,-10.9002953],[-75.453144,-10.8999861],[-75.4523064,-10.8994662],[-75.451151,-10.8985997],[-75.4495046,-10.896549],[-75.4491642,-10.89465],[-75.4489559,-10.8934873],[-75.4487537,-10.8911766],[-75.4473385,-10.8880861],[-75.4455615,-10.8864711],[-75.4412509,-10.8838344],[-75.4393599,-10.8817275],[-75.4388399,-10.8808368],[-75.4376415,-10.879813],[-75.4368522,-10.8795022],[-75.43567,-10.8793352],[-75.4343526,-10.8792623],[-75.4324047,-10.87924],[-75.4314514,-10.8791208],[-75.4308794,-10.8792876],[-75.4298306,-10.8801217],[-75.4269237,-10.8821018],[-75.4263275,-10.8825081],[-75.4238027,-10.8847991],[-75.4219614,-10.8865061],[-75.4216591,-10.8867865],[-75.4200997,-10.8883172],[-75.418642,-10.8899888],[-75.4182727,-10.8903485],[-75.4180395,-10.8904262],[-75.4178152,-10.8902407],[-75.4173699,-10.8894507],[-75.4169771,-10.8887537],[-75.4164616,-10.887839],[-75.415735,-10.8865502],[-75.4155971,-10.8863697],[-75.4148906,-10.8853867],[-75.4133881,-10.8836542],[-75.412126,-10.8816465],[-75.4107492,-10.8788643],[-75.4105772,-10.8770287],[-75.4109444,-10.8753163],[-75.4116099,-10.8738937],[-75.4120686,-10.8723335],[-75.4124129,-10.8705896],[-75.4126194,-10.8690982],[-75.4124129,-10.8680427],[-75.4114039,-10.8657566],[-75.4106764,-10.8645606],[-75.4103935,-10.863584],[-75.410282,-10.8626857],[-75.4105431,-10.8620868],[-75.410722,-10.8617006],[-75.4078844,-10.8587408],[-75.4064756,-10.8586906],[-75.4044882,-10.857785],[-75.4032555,-10.8565775],[-75.4024002,-10.8551686],[-75.4004039,-10.8541436],[-75.3980481,-10.8533071],[-75.3962922,-10.8532298],[-75.3952642,-10.8537439],[-75.394065,-10.8558568],[-75.3928087,-10.8576272]]]]}},
{"type":"Feature","properties":{"ubigeo":"120302","nombre":"PERENE","fuente":"INEI"},"geometry":{"type":"Polygon","coordinates":[[[-75.0585287,-10.65558],[-75.0557752,-10.656328],[-75.0544415,-10.6570781],[-75.0527759,-10.6594813],[-75.0514434,-10.6618608],[-75.0507295,-10.6630506],[-75.049159,-10.6636216],[-75.0483025,-10.6643355],[-75.0450902,-10.6674288],[-75.0436862,-10.6686898],[-75.0416637,-10.6707601],[-75.0402124,-10.6718308],[-75.0392129,-10.6727826],[-75.0385651,-10.6738852],[-75.0382352,-10.6746371],[-75.038047,-10.6758045],[-75.0384247,-10.6776965],[-75.0385065,-10.6795133],[-75.0376561,-10.6802433],[-75.0363552,-10.6814993],[-75.0356392,-10.6823177],[-75.0343559,-10.6825078],[-75.0340135,-10.6823258],[-75.0329279,-10.6817482],[-75.0324336,-10.6814297],[-75.0313821,-10.6809918],[-75.0301131,-10.6809248],[-75.0300232,-10.68092],[-75.0285332,-10.6809043],[-75.0269356,-10.6804676],[-75.0250516,-10.6804676],[-75.02402,-10.6796602],[-75.0233022,-10.6785388],[-75.0228537,-10.6776866],[-75.02245,-10.6771035],[-75.021822,-10.6755335],[-75.0216426,-10.6745018],[-75.0207006,-10.6736945],[-75.0200726,-10.6740085],[-75.0191755,-10.674143],[-75.0181439,-10.6742776],[-75.0175159,-10.6745467],[-75.0171122,-10.6747261],[-75.0169327,-10.6752644],[-75.0166636,-10.6762512],[-75.0163047,-10.6766548],[-75.0155422,-10.6773726],[-75.0147349,-10.6779108],[-75.013748,-10.6783146],[-75.0125369,-10.678808],[-75.0117295,-10.6795256],[-75.0111912,-10.6805574],[-75.0110567,-10.6819478],[-75.011128,-10.6830175],[-75.0111912,-10.6839663],[-75.0104196,-10.6840231],[-75.0100712,-10.6845176],[-75.0094444,-10.6851863],[-75.0086027,-10.6858972],[-75.0073121,-10.6873913],[-75.0077126,-10.6884565],[-75.0081712,-10.6899088],[-75.0084006,-10.6923548],[-75.0081712,-10.693425],[-75.0075597,-10.6950301],[-75.0064132,-10.697629],[-75.0064132,-10.6989285],[-75.007254,-10.7006865],[-75.0076362,-10.7019095],[-75.0082477,-10.7038205],[-75.0083241,-10.7055785],[-75.0084006,-10.7079481],[-75.0087827,-10.7106235],[-75.007942,-10.7123815],[-75.0076499,-10.7140613],[-75.0076362,-10.7141396],[-75.0066425,-10.7169677],[-75.0064896,-10.7188022],[-75.005496,-10.720331],[-75.004273,-10.7214011],[-75.0026677,-10.7224712],[-75.0002217,-10.7236942],[-74.997633,-10.7240305],[-74.9970606,-10.7243078],[-74.9953322,-10.7256042],[-74.9944726,-10.7266231],[-74.9939895,-10.7271961],[-74.9926259,-10.7285453],[-74.9911739,-10.7296988],[-74.9901965,-10.73108],[-74.9895055,-10.7319668],[-74.988593,-10.7325665],[-74.9873416,-10.7341567],[-74.9865075,-10.7355123],[-74.9863771,-10.7367897],[-74.9870235,-10.7382142],[-74.9876545,-10.7396053],[-74.9878047,-10.741051],[-74.9878631,-10.7416127],[-74.9878369,-10.7438025],[-74.9875241,-10.7450538],[-74.9868724,-10.7459663],[-74.9838222,-10.7489903],[-74.9829091,-10.7497145],[-74.9828234,-10.7499901],[-74.9826899,-10.7504197],[-74.9825563,-10.7508492],[-74.9824228,-10.7512787],[-74.9822892,-10.7517083],[-74.9821557,-10.7521378],[-74.9820222,-10.7525674],[-74.9818886,-10.7529969],[-74.9817551,-10.7534265],[-74.9816215,-10.753856],[-74.981488,-10.7542856],[-74.9813544,-10.7547151],[-74.9812209,-10.7551447],[-74.9810873,-10.7555742],[-74.9809538,-10.7560038],[-74.9808202,-10.7564333],[-74.9806867,-10.7568629],[-74.9805531,-10.7572924],[-74.9804196,-10.7577219],[-74.980286,-10.7581515],[-74.9801525,-10.758581],[-74.9800189,-10.7590106],[-74.9798854,-10.7594401],[-74.9797518,-10.7598697],[-74.9796183,-10.7602992],[-74.9794847,-10.7607288],[-74.9793512,-10.7611583],[-74.9792176,-10.7615879],[-74.9790841,-10.7620174],[-74.9789505,-10.762447],[-74.978817,-10.7628765],[-74.9786834,-10.763306],[-74.9785499,-10.7637356],[-74.9784163,-10.7641651],[-74.9782828,-10.7645947],[-74.9781492,-10.7650242],[-74.9780157,-10.7654538],[-74.9778821,-10.7658833],[-74.9777485,-10.7663129],[-74.977615,-10.7667424],[-74.9774814,-10.767172],[-74.9773479,-10.7676015],[-74.9772143,-10.768031],[-74.9770808,-10.7684606],[-74.9769472,-10.7688901],[-74.9768136,-10.7693197],[-74.9766801,-10.7697492],[-74.9765465,-10.7701788],[-74.976413,-10.7706083],[-74.9762794,-10.7710379],[-74.9761458,-10.7714674],[-74.9760123,-10.7718969],[-74.9758787,-10.7723265],[-74.9757452,-10.772756],[-74.9756116,-10.7731856],[-74.975478,-10.7736151],[-74.9753445,-10.7740447],[-74.9752109,-10.7744742],[-74.9750773,-10.7749037],[-74.9749438,-10.7753333],[-74.9748102,-10.7757628],[-74.9746767,-10.7761924],[-74.9745431,-10.7766219],[-74.9744095,-10.7770515],[-74.974276,-10.777481],[-74.9741424,-10.7779105],[-74.9740088,-10.7783401],[-74.9738753,-10.7787696],[-74.9737417,-10.7791992],[-74.9736081,-10.7796287],[-74.9734746,-10.7800583],[-74.973341,-10.7804878],[-74.9732074,-10.7809173],[-74.9730738,-10.7813469],[-74.9729403,-10.7817764],[-74.9728067,-10.782206],[-74.9726731,-10.7826355],[-74.9725396,-10.7830651],[-74.972406,-10.7834946],[-74.9722724,-10.7839241],[-74.9721388,-10.7843537],[-74.9720053,-10.7847832],[-74.9718717,-10.7852128],[-74.9717381,-10.7856423],[-74.9716046,-10.7860719],[-74.971471,-10.7865014],[-74.9713374,-10.7869309],[-74.9712038,-10.7873605],[-74.9710703,-10.78779],[-74.9709367,-10.7882196],[-74.9708031,-10.7886491],[-74.9706695,-10.7890786],[-74.970536,-10.7895082],[-74.9704024,-10.7899377],[-74.9702688,-10.7903673],[-74.9701352,-10.7907968],[-74.9700016,-10.7912264],[-74.9698681,-10.7916559],[-74.9697345,-10.7920854],[-74.9696009,-10.792515],[-74.9694673,-10.7929445],[-74.9693337,-10.7933741],[-74.9692002,-10.7938036],[-74.9690666,-10.7942331],[-74.968933,-10.7946627],[-74.9687994,-10.7950922],[-74.9686658,-10.7955218],[-74.9685323,-10.7959513],[-74.9687152,-10.7963499],[-74.9688981,-10.7967484],[-74.969081,-10.797147],[-74.9692639,-10.7975455],[-74.9694468,-10.7979441],[-74.9696297,-10.7983427],[-74.9698126,-10.7987412],[-74.9699956,-10.7991398],[-74.9701785,-10.7995384],[-74.9703614,-10.7999369],[-74.9705443,-10.8003355],[-74.9707272,-10.800734],[-74.9709101,-10.8011326],[-74.9710931,-10.8015312],[-74.971276,-10.8019297],[-74.9717216,-10.8020183],[-74.9721672,-10.8021069],[-74.9726128,-10.8021954],[-74.9730583,-10.802284],[-74.9735039,-10.8023726],[-74.9739495,-10.8024611],[-74.9743951,-10.8025497],[-74.9748407,-10.8026383],[-74.9752863,-10.8027268],[-74.9757319,-10.8028154],[-74.9761775,-10.802904],[-74.9766231,-10.8029925],[-74.9770687,-10.8030811],[-74.9775143,-10.8031696],[-74.9779599,-10.8032582],[-74.9784055,-10.8033468],[-74.9788511,-10.8034353],[-74.9792967,-10.8035239],[-74.9797423,-10.8036124],[-74.9801879,-10.803701],[-74.9806335,-10.8037895],[-74.9810791,-10.8038781],[-74.9815247,-10.8039667],[-74.9819703,-10.8040552],[-74.9824159,-10.8041438],[-74.9828615,-10.8042323],[-74.9833071,-10.8043209],[-74.9837527,-10.8044094],[-74.9841983,-10.804498],[-74.9846439,-10.8045865],[-74.9850895,-10.8046751],[-74.9855351,-10.8047636],[-74.9859807,-10.8048522],[-74.9864263,-10.8049407],[-74.9868719,-10.8050293],[-74.9873175,-10.8051178],[-74.9877631,-10.8052064],[-74.9882087,-10.8052949],[-74.9886543,-10.8053834],[-74.9890999,-10.805472],[-74.9895455,-10.8055605],[-74.9899911,-10.8056491],[-74.9904368,-10.8057376],[-74.9908824,-10.8058262],[-74.991328,-10.8059147],[-74.9917736,-10.8060032],[-74.9922192,-10.8060918],[-74.9926648,-10.8061803],[-74.9931104,-10.8062689],[-74.993556,-10.8063574],[-74.9940016,-10.8064459],[-74.9944472,-10.8065345],[-74.9944128,-10.8069708],[-74.9943784,-10.807407],[-74.994344,-10.8078433],[-74.9943096,-10.8082796],[-74.9942752,-10.8087159],[-74.9942408,-10.8091522],[-74.9942064,-10.8095885],[-74.994172,-10.8100248],[-74.9941376,-10.8104611],[-74.9941032,-10.8108973],[-74.9940688,-10.8113336],[-74.9940344,-10.8117699],[-74.9939999,-10.8122062],[-74.9939655,-10.8126425],[-74.9939311,-10.8130788],[-74.9938967,-10.8135151],[-74.9938623,-10.8139514],[-74.9938279,-10.8143876],[-74.9937935,-10.8148239],[-74.9937591,-10.8152602],[-74.9937247,-10.8156965],[-74.9936903,-10.8161328],[-74.9936559,-10.8165691],[-74.9936215,-10.8170054],[-74.9935871,-10.8174417],[-74.9935912,-10.8178895],[-74.9935954,-10.8183373],[-74.9935996,-10.8187851],[-74.9936038,-10.8192329],[-74.9936079,-10.8196807],[-74.9936121,-10.8201285],[-74.9936163,-10.8205763],[-74.9936205,-10.8210242],[-74.9936246,-10.821472],[-74.9936288,-10.8219198],[-74.993633,-10.8223676],[-74.9936371,-10.8228154],[-74.9936413,-10.8232632],[-74.9936455,-10.823711],[-74.9936497,-10.8241589],[-74.9936538,-10.8246067],[-74.993658,-10.8250545],[-74.9936622,-10.8255023],[-74.9936664,-10.8259501],[-74.9936705,-10.8263979],[-74.9936747,-10.8268457],[-74.9936789,-10.8272935],[-74.993683,-10.8277414],[-74.9936872,-10.8281892],[-74.9936914,-10.828637],[-74.9936956,-10.8290848],[-74.9936997,-10.8295326],[-74.9937039,-10.8299804],[-74.9937081,-10.8304282],[-74.9937123,-10.830876],[-74.9937164,-10.8313239],[-74.9937206,-10.8317717],[-74.9937248,-10.8322195],[-74.9937289,-10.8326673],[-74.9937331,-10.8331151],[-74.9936612,-10.8335053],[-74.9935893,-10.8338955],[-74.9935174,-10.8342857],[-74.9934456,-10.8346759],[-74.9933737,-10.835066],[-74.9933018,-10.8354562],[-74.9932299,-10.8358464],[-74.9931833,-10.8362834],[-74.9931367,-10.8367204],[-74.9930901,-10.8371574],[-74.9930435,-10.8375944],[-74.992997,-10.8380314],[-74.9929504,-10.8384684],[-74.9929038,-10.8389054],[-74.9928572,-10.8393424],[-74.9928106,-10.8397794],[-74.992764,-10.8402163],[-74.9927174,-10.8406533],[-74.9926708,-10.8410903],[-74.9926243,-10.8415273],[-74.9925777,-10.8419643],[-74.9925311,-10.8424013],[-74.9924845,-10.8428383],[-74.9924379,-10.8432753],[-74.9923913,-10.8437123],[-74.9923447,-10.8441493],[-74.9922981,-10.8445863],[-74.9922516,-10.8450233],[-74.992205,-10.8454603],[-74.9917628,-10.8454603],[-74.9913206,-10.8454602],[-74.9908783,-10.8454602],[-74.9904361,-10.8454602],[-74.9899939,-10.8454602],[-74.9895517,-10.8454602],[-74.9891095,-10.8454602],[-74.9886673,-10.8454602],[-74.9882251,-10.8454601],[-74.9877829,-10.8454601],[-74.9873407,-10.8454601],[-74.9868985,-10.8454601],[-74.9864563,-10.8454601],[-74.9860141,-10.84546],[-74.9855719,-10.84546],[-74.9851297,-10.84546],[-74.9846875,-10.84546],[-74.9842452,-10.84546],[-74.983803,-10.8454599],[-74.9833608,-10.8454599],[-74.9829186,-10.8454599],[-74.9826066,-10.8457869],[-74.9822945,-10.8461138],[-74.9819824,-10.8464408],[-74.9816703,-10.8467677],[-74.9813583,-10.8470947],[-74.9810462,-10.8474217],[-74.9807341,-10.8477486],[-74.980422,-10.8480756],[-74.9801099,-10.8484025],[-74.9797979,-10.8487295],[-74.9794858,-10.8490564],[-74.9791737,-10.8493834],[-74.9788616,-10.8497104],[-74.9785495,-10.8500373],[-74.9782375,-10.8503643],[-74.9779254,-10.8506912],[-74.9776133,-10.8510182],[-74.9773012,-10.8513451],[-74.9769891,-10.8516721],[-74.976677,-10.8519991],[-74.9763649,-10.852326],[-74.9760529,-10.852653],[-74.9757408,-10.8529799],[-74.9754287,-10.8533069],[-74.9751166,-10.8536338],[-74.9748045,-10.8539608],[-74.9744924,-10.8542877],[-74.9741803,-10.8546147],[-74.9738682,-10.8549416],[-74.9735561,-10.8552686],[-74.973244,-10.8555955],[-74.9729319,-10.8559225],[-74.9726198,-10.8562494],[-74.9723077,-10.8565764],[-74.9719956,-10.8569033],[-74.9716836,-10.8572303],[-74.9713715,-10.8575572],[-74.9710594,-10.8578842],[-74.9707473,-10.8582111],[-74.9704352,-10.8585381],[-74.9701231,-10.858865],[-74.969811,-10.859192],[-74.9694989,-10.8595189],[-74.9691867,-10.8598459],[-74.9688746,-10.8601728],[-74.9685625,-10.8604998],[-74.9682504,-10.8608267],[-74.9679383,-10.8611537],[-74.9676262,-10.8614806],[-74.9673141,-10.8618076],[-74.967002,-10.8621345],[-74.9666899,-10.8624615],[-74.9663778,-10.8627884],[-74.9660657,-10.8631153],[-74.9657536,-10.8634423],[-74.9654415,-10.8637692],[-74.9651293,-10.8640962],[-74.9648172,-10.8644231],[-74.9645051,-10.8647501],[-74.964193,-10.865077],[-74.9638809,-10.8654039],[-74.9635688,-10.8657309],[-74.9632567,-10.8660578],[-74.9629445,-10.8663848],[-74.9626324,-10.8667117],[-74.9628424,-10.8671116],[-74.9630524,-10.8675115],[-74.9632623,-10.8679114],[-74.9634723,-10.8683113],[-74.9636822,-10.8687112],[-74.9638922,-10.8691111],[-74.9641022,-10.869511],[-74.9643121,-10.8699109],[-74.9645221,-10.8703108],[-74.964732,-10.8707107],[-74.964942,-10.8711106],[-74.965152,-10.8715105],[-74.9653619,-10.8719104],[-74.9655719,-10.8723103],[-74.9657819,-10.8727102],[-74.9659918,-10.8731101],[-74.9662018,-10.87351],[-74.9664118,-10.8739099],[-74.9666217,-10.8743098],[-74.9668317,-10.8747097],[-74.9670417,-10.8751096],[-74.9672517,-10.8755095],[-74.9674616,-10.8759094],[-74.9676716,-10.8763093],[-74.9678816,-10.8767092],[-74.9680915,-10.8771091],[-74.9683015,-10.877509],[-74.9685115,-10.8779089],[-74.9687215,-10.8783088],[-74.9689314,-10.8787087],[-74.9691414,-10.8791086],[-74.9693514,-10.8795085],[-74.9695614,-10.8799084],[-74.9697714,-10.8803083],[-74.9699813,-10.8807082],[-74.9701913,-10.8811081],[-74.9704013,-10.881508],[-74.9706113,-10.8819079],[-74.9708212,-10.8823078],[-74.9710312,-10.8827077],[-74.9712412,-10.8831076],[-74.9714512,-10.8835075],[-74.9710871,-10.8837278],[-74.970723,-10.883948],[-74.970359,-10.8841683],[-74.9699949,-10.8843885],[-74.9696308,-10.8846088],[-74.9692668,-10.884829],[-74.9689027,-10.8850493],[-74.9685386,-10.8852695],[-74.9681745,-10.8854898],[-74.9678105,-10.88571],[-74.9674464,-10.8859303],[-74.9670823,-10.8861505],[-74.9667182,-10.8863708],[-74.9663542,-10.886591],[-74.9663541,-10.8870353],[-74.9663541,-10.8874797],[-74.966354,-10.887924],[-74.966354,-10.8883683],[-74.9663539,-10.8888127],[-74.9663539,-10.889257],[-74.9663538,-10.8897013],[-74.9663538,-10.8901456],[-74.9663537,-10.89059],[-74.9663537,-10.8910343],[-74.9663536,-10.8914786],[-74.9663536,-10.8919229],[-74.9663535,-10.8923673],[-74.9663535,-10.8928116],[-74.9663534,-10.8932559],[-74.9663534,-10.8937002],[-74.9663533,-10.8941446],[-74.9663533,-10.8945889],[-74.9663532,-10.8950332],[-74.9663532,-10.8954775],[-74.9663531,-10.8959219],[-74.9663531,-10.8963662],[-74.966353,-10.8968105],[-74.966353,-10.8972549],[-74.9663529,-10.8976992],[-74.9663529,-10.8981435],[-74.9663528,-10.8985878],[-74.9663528,-10.8990322],[-74.9663527,-10.8994765],[-74.9663527,-10.8999208],[-74.9663526,-10.9003651],[-74.9665185,-10.900784],[-74.9666843,-10.9012029],[-74.9668502,-10.9016218],[-74.9670161,-10.9020407],[-74.967182,-10.9024596],[-74.9673478,-10.9028785],[-74.9675137,-10.9032974],[-74.9676796,-10.9037163],[-74.9678455,-10.9041352],[-74.9680113,-10.9045541],[-74.9681772,-10.904973],[-74.9683431,-10.9053919],[-74.968509,-10.9058108],[-74.9686748,-10.9062297],[-74.9688407,-10.9066486],[-74.9690066,-10.9070675],[-74.9691725,-10.9074864],[-74.9693384,-10.9079053],[-74.9695042,-10.9083242],[-74.9696701,-10.9087431],[-74.969836,-10.909162],[-74.9700019,-10.9095809],[-74.9701678,-10.9099998],[-74.9703336,-10.9104187],[-74.9704995,-10.9108376],[-74.9706654,-10.9112565],[-74.9708313,-10.9116754],[-74.9709972,-10.9120943],[-74.9711631,-10.9125132],[-74.9713289,-10.9129321],[-74.9714948,-10.913351],[-74.9716607,-10.9137699],[-74.9718266,-10.9141888],[-74.9719925,-10.9146077],[-74.9721584,-10.9150266],[-74.9723243,-10.9154455],[-74.9724901,-10.9158644],[-74.972656,-10.9162833],[-74.9728219,-10.9167022],[-74.9729878,-10.9171211],[-74.9731537,-10.91754],[-74.9733196,-10.9179589],[-74.9734855,-10.9183778],[-74.9736514,-10.9187967],[-74.9738173,-10.9192156],[-74.9739832,-10.9196345],[-74.974149,-10.9200534],[-74.9743149,-10.9204723],[-74.9744808,-10.9208912],[-74.9746467,-10.9213101],[-74.9748126,-10.921729],[-74.9749785,-10.9221479],[-74.9751444,-10.9225668],[-74.9753103,-10.9229857],[-74.9754762,-10.9234045],[-74.9756421,-10.9238234],[-74.975808,-10.9242423],[-74.9759739,-10.9246612],[-74.9761398,-10.9250801],[-74.9763057,-10.925499],[-74.9764716,-10.9259179],[-74.9766375,-10.9263368],[-74.9768034,-10.9267557],[-74.9769693,-10.9271746],[-74.9771352,-10.9275935],[-74.9773011,-10.9280124],[-74.977467,-10.9284313],[-74.9776329,-10.9288502],[-74.9777988,-10.9292691],[-74.9779647,-10.929688],[-74.9781306,-10.9301069],[-74.9782965,-10.9305258],[-74.9784624,-10.9309447],[-74.9786283,-10.9313635],[-74.9787942,-10.9317824],[-74.9789601,-10.9322013],[-74.979388,-10.9320472],[-74.9798159,-10.9318931],[-74.9802438,-10.931739],[-74.9806717,-10.9315848],[-74.9810997,-10.9314307],[-74.9815276,-10.9312766],[-74.9819555,-10.9311225],[-74.9823834,-10.9309683],[-74.9828113,-10.9308142],[-74.9832392,-10.9306601],[-74.9836671,-10.930506],[-74.984095,-10.9303518],[-74.9845229,-10.9301977],[-74.9849508,-10.9300436],[-74.9853787,-10.9298894],[-74.9858066,-10.9297353],[-74.9862345,-10.9295812],[-74.9866624,-10.9294271],[-74.9870903,-10.9292729],[-74.9875182,-10.9291188],[-74.9879461,-10.9289647],[-74.988374,-10.9288105],[-74.9888018,-10.9286564],[-74.9892297,-10.9285023],[-74.9896576,-10.9283481],[-74.9900855,-10.928194],[-74.9905134,-10.9280398],[-74.9909413,-10.9278857],[-74.9913692,-10.9277316],[-74.9917971,-10.9275774],[-74.992225,-10.9274233],[-74.9926529,-10.9272691],[-74.9930808,-10.927115],[-74.9935087,-10.9269609],[-74.9939366,-10.9268067],[-74.9943645,-10.9266526],[-74.9947923,-10.9264984],[-74.9952202,-10.9263443],[-74.9956481,-10.9261901],[-74.996076,-10.926036],[-74.9965039,-10.9258819],[-74.9969318,-10.9257277],[-74.9973597,-10.9255736],[-74.9977876,-10.9254194],[-74.9982155,-10.9252653],[-74.9981222,-10.9257049],[-74.9980289,-10.9261446],[-74.9979356,-10.9265843],[-74.9978423,-10.927024],[-74.9977491,-10.9274637],[-74.9976558,-10.9279033],[-74.9975625,-10.928343],[-74.9974692,-10.9287827],[-74.9973759,-10.9292224],[-74.9972827,-10.9296621],[-74.9971894,-10.9301017],[-74.9970961,-10.9305414],[-74.9970028,-10.9309811],[-74.9969095,-10.9314208],[-74.9968163,-10.9318605],[-74.996723,-10.9323001],[-74.9966297,-10.9327398],[-74.9965364,-10.9331795],[-74.9964431,-10.9336192],[-74.9963498,-10.9340588],[-74.9962566,-10.9344985],[-74.9961633,-10.9349382],[-74.99607,-10.9353779],[-74.9959767,-10.9358176],[-74.9958834,-10.9362572],[-74.9957901,-10.9366969],[-74.9960269,-10.9370768],[-74.9962637,-10.9374566],[-74.9965004,-10.9378365],[-74.9967372,-10.9382163],[-74.996974,-10.9385962],[-74.9972107,-10.938976],[-74.9974475,-10.9393559],[-74.9976843,-10.9397357],[-74.997921,-10.9401156],[-74.9981578,-10.9404954],[-74.9983946,-10.9408753],[-74.9986313,-10.9412551],[-74.9988681,-10.941635],[-74.9991049,-10.9420148],[-74.9993416,-10.9423947],[-74.9995784,-10.9427745],[-74.9998152,-10.9431544],[-75.000052,-10.9435342],[-75.0002887,-10.9439141],[-75.0005255,-10.9442939],[-75.0007623,-10.9446738],[-75.0009991,-10.9450536],[-75.0012358,-10.9454335],[-75.0014726,-10.9458133],[-75.0017094,-10.9461932],[-75.0019462,-10.946573],[-75.0021829,-10.9469529],[-75.0024197,-10.9473327],[-75.0026565,-10.9477126],[-75.0028933,-10.9480924],[-75.0031301,-10.9484723],[-75.0034556,-10.9481555],[-75.0037812,-10.9478388],[-75.0041067,-10.9475221],[-75.0044323,-10.9472054],[-75.0047578,-10.9468886],[-75.0050834,-10.9465719],[-75.0054089,-10.9462552],[-75.0057345,-10.9459384],[-75.00606,-10.9456217],[-75.0063856,-10.945305],[-75.0067111,-10.9449882],[-75.0070367,-10.9446715],[-75.0073622,-10.9443548],[-75.0076878,-10.944038],[-75.0080133,-10.9437213],[-75.0083389,-10.9434046],[-75.0086644,-10.9430878],[-75.00899,-10.9427711],[-75.0093155,-10.9424544],[-75.009641,-10.9421376],[-75.0099666,-10.9418209],[-75.0102921,-10.9415041],[-75.0106177,-10.9411874],[-75.0109432,-10.9408707],[-75.0112687,-10.9405539],[-75.0115943,-10.9402372],[-75.0119198,-10.9399205],[-75.0122453,-10.9396037],[-75.0125709,-10.939287],[-75.0128964,-10.9389702],[-75.0132219,-10.9386535],[-75.0135475,-10.9383368],[-75.013873,-10.93802],[-75.0141985,-10.9377033],[-75.0145241,-10.9373865],[-75.0148496,-10.9370698],[-75.0151751,-10.9367531],[-75.0155007,-10.9364363],[-75.0158262,-10.9361196],[-75.0161517,-10.9358028],[-75.0164773,-10.9354861],[-75.0168028,-10.9351693],[-75.0171283,-10.9348526],[-75.0174538,-10.9345358],[-75.0177794,-10.9342191],[-75.0181049,-10.9339024],[-75.0184304,-10.9335856],[-75.0187559,-10.9332689],[-75.0190814,-10.9329521],[-75.0195116,-10.9328056],[-75.0199417,-10.932659],[-75.0203718,-10.9325125],[-75.0208019,-10.932366],[-75.0212321,-10.9322194],[-75.0216406,-10.9324083],[-75.0220492,-10.9325973],[-75.0224578,-10.9327862],[-75.0228664,-10.9329751],[-75.0232749,-10.933164],[-75.0236835,-10.933353],[-75.0240921,-10.9335419],[-75.0245007,-10.9337308],[-75.0249092,-10.9339197],[-75.0253178,-10.9341087],[-75.0257264,-10.9342976],[-75.026135,-10.9344865],[-75.0265436,-10.9346754],[-75.0269521,-10.9348643],[-75.0273607,-10.9350533],[-75.0277693,-10.9352422],[-75.0281779,-10.9354311],[-75.0285865,-10.93562],[-75.0289951,-10.9358089],[-75.0294036,-10.9359979],[-75.0298122,-10.9361868],[-75.0302208,-10.9363757],[-75.0306294,-10.9365646],[-75.031038,-10.9367535],[-75.0314466,-10.9369424],[-75.0318551,-10.9371313],[-75.0322637,-10.9373203],[-75.0326723,-10.9375092],[-75.0323724,-10.9378466],[-75.0320725,-10.938184],[-75.0317726,-10.9385214],[-75.0314727,-10.9388588],[-75.0311728,-10.9391962],[-75.0308729,-10.9395336],[-75.030573,-10.939871],[-75.0302731,-10.9402084],[-75.0299732,-10.9405458],[-75.0296733,-10.9408832],[-75.0293734,-10.9412206],[-75.0290735,-10.941558],[-75.0287736,-10.9418954],[-75.0284737,-10.9422328],[-75.0281738,-10.9425702],[-75.0278739,-10.9429076],[-75.027574,-10.943245],[-75.0272741,-10.9435824],[-75.0269742,-10.9439198],[-75.0266743,-10.9442572],[-75.0263744,-10.9445945],[-75.0260744,-10.9449319],[-75.0257745,-10.9452693],[-75.0254746,-10.9456067],[-75.0251747,-10.9459441],[-75.0248748,-10.9462815],[-75.0245749,-10.9466189],[-75.024275,-10.9469563],[-75.0239751,-10.9472937],[-75.0236751,-10.9476311],[-75.0233752,-10.9479685],[-75.0230753,-10.9483059],[-75.0227754,-10.9486433],[-75.0224755,-10.9489807],[-75.0221755,-10.9493181],[-75.0218756,-10.9496555],[-75.0215757,-10.9499928],[-75.0212758,-10.9503302],[-75.0209759,-10.9506676],[-75.0206759,-10.951005],[-75.020376,-10.9513424],[-75.0200761,-10.9516798],[-75.0197762,-10.9520172],[-75.0194762,-10.9523546],[-75.0191763,-10.952692],[-75.0188764,-10.9530294],[-75.0185765,-10.9533667],[-75.0182765,-10.9537041],[-75.0179766,-10.9540415],[-75.0176767,-10.9543789],[-75.0173767,-10.9547163],[-75.0170768,-10.9550537],[-75.0167769,-10.9553911],[-75.0164769,-10.9557284],[-75.016177,-10.9560658],[-75.0158771,-10.9564032],[-75.0155771,-10.9567406],[-75.0152772,-10.957078],[-75.0149773,-10.9574154],[-75.0146773,-10.9577528],[-75.0143774,-10.9580901],[-75.0140775,-10.9584275],[-75.0137775,-10.9587649],[-75.0134776,-10.9591023],[-75.0131776,-10.9594397],[-75.0128777,-10.9597771],[-75.0129258,-10.9602112],[-75.0129738,-10.9606453],[-75.0130219,-10.9610794],[-75.01307,-10.9615135],[-75.0131181,-10.9619476],[-75.0131661,-10.9623817],[-75.0132142,-10.9628158],[-75.0132623,-10.96325],[-75.0133103,-10.9636841],[-75.0133584,-10.9641182],[-75.0134065,-10.9645523],[-75.0134546,-10.9649864],[-75.0135026,-10.9654205],[-75.0135507,-10.9658546],[-75.0135988,-10.9662887],[-75.0136468,-10.9667228],[-75.0136949,-10.967157],[-75.013743,-10.9675911],[-75.0137911,-10.9680252],[-75.0138391,-10.9684593],[-75.0138872,-10.9688934],[-75.0139353,-10.9693275],[-75.0139833,-10.9697616],[-75.0140314,-10.9701957],[-75.0140795,-10.9706298],[-75.0141276,-10.9710639],[-75.0141756,-10.9714981],[-75.0142237,-10.9719322],[-75.0143981,-10.972331],[-75.0145724,-10.9727298],[-75.0147468,-10.9731285],[-75.0149212,-10.9735273],[-75.0150955,-10.9739261],[-75.0152699,-10.9743249],[-75.0154443,-10.9747237],[-75.0156186,-10.9751225],[-75.015793,-10.9755213],[-75.0159674,-10.9759201],[-75.0161417,-10.9763189],[-75.0163161,-10.9767176],[-75.0164905,-10.9771164],[-75.0166648,-10.9775152],[-75.0168392,-10.977914],[-75.0170136,-10.9783128],[-75.0171879,-10.9787116],[-75.0173623,-10.9791104],[-75.0175367,-10.9795092],[-75.017711,-10.979908],[-75.0178854,-10.9803067],[-75.0175824,-10.9806405],[-75.0172795,-10.9809742],[-75.0169765,-10.9813079],[-75.0166735,-10.9816416],[-75.0163706,-10.9819754],[-75.0160676,-10.9823091],[-75.0157646,-10.9826428],[-75.0154616,-10.9829765],[-75.0151587,-10.9833103],[-75.0148557,-10.983644],[-75.0145527,-10.9839777],[-75.0142497,-10.9843114],[-75.0139468,-10.9846452],[-75.0136438,-10.9849789],[-75.0133408,-10.9853126],[-75.0130378,-10.9856463],[-75.0127349,-10.9859801],[-75.0124319,-10.9863138],[-75.0121289,-10.9866475],[-75.0118259,-10.9869812],[-75.0115229,-10.9873149],[-75.01122,-10.9876487],[-75.010917,-10.9879824],[-75.010614,-10.9883161],[-75.010311,-10.9886498],[-75.010008,-10.9889835],[-75.009705,-10.9893172],[-75.0094021,-10.989651],[-75.0090991,-10.9899847],[-75.0087961,-10.9903184],[-75.0084931,-10.9906521],[-75.0081901,-10.9909858],[-75.0078871,-10.9913196],[-75.0075841,-10.9916533],[-75.0072811,-10.991987],[-75.0069781,-10.9923207],[-75.0066752,-10.9926544],[-75.0063722,-10.9929881],[-75.0060692,-10.9933218],[-75.0057662,-10.9936556],[-75.0054632,-10.9939893],[-75.0051602,-10.994323],[-75.0048572,-10.9946567],[-75.0045542,-10.9949904],[-75.0042512,-10.9953241],[-75.0039482,-10.9956578],[-75.0036452,-10.9959916],[-75.0033422,-10.9963253],[-75.0030392,-10.996659],[-75.0027362,-10.9969927],[-75.0024332,-10.9973264],[-75.0021302,-10.9976601],[-75.0018272,-10.9979938],[-75.0015242,-10.9983275],[-75.0012212,-10.9986612],[-75.0009182,-10.998995],[-75.0006152,-10.9993287],[-75.0003122,-10.9996624],[-75.0000092,-10.9999961],[-74.9995597,-10.9999961],[-74.9991102,-10.9999961],[-74.9986608,-10.9999961],[-74.9982113,-10.9999961],[-74.9977619,-10.9999961],[-74.9973124,-10.9999961],[-74.996863,-10.9999961],[-74.9964135,-10.9999961],[-74.9959641,-10.9999961],[-74.9955146,-10.999996],[-74.9950652,-10.999996],[-74.9946157,-10.999996],[-74.9941663,-10.999996],[-74.9937168,-10.999996],[-74.9932674,-10.999996],[-74.9928179,-10.999996],[-74.9923684,-10.999996],[-74.991919,-10.999996],[-74.9914695,-10.999996],[-74.9910201,-10.9999959],[-74.9905706,-10.9999959],[-74.9901212,-10.9999959],[-74.9896717,-10.9999959],[-74.9892223,-10.9999959],[-74.9887728,-10.9999959],[-74.9883234,-10.9999959],[-74.9878739,-10.9999958],[-74.9874245,-10.9999958],[-74.986975,-10.9999958],[-74.9865256,-10.9999958],[-74.9865233,-10.9999958],[-74.9865477,-11.0004962],[-74.9864844,-11.0008067],[-74.9863259,-11.00113],[-74.9859899,-11.0014152],[-74.9853002,-11.0021098],[-74.98515,-11.0024],[-74.98512,-11.00281],[-74.98518,-11.00316],[-74.98538,-11.00347],[-74.9856797,-11.00367],[-74.98588,-11.00373],[-74.98729,-11.00367],[-74.98762,-11.00377],[-74.98793,-11.00411],[-74.98844,-11.00506],[-74.98869,-11.00566],[-74.98937,-11.00668],[-74.98952,-11.00727],[-74.98963,-11.00771],[-74.99025,-11.00937],[-74.99075,-11.01017],[-74.99075,-11.0109],[-74.99032,-11.01215],[-74.99034,-11.01255],[-74.99074,-11.01294],[-74.99167,-11.01355],[-74.9919,-11.01393],[-74.99185,-11.01426],[-74.99195,-11.0151],[-74.99194,-11.01607],[-74.99214,-11.01644],[-74.99254,-11.01779],[-74.99281,-11.01936],[-74.99314,-11.02022],[-74.99379,-11.02124],[-74.99388,-11.02163],[-74.99379,-11.02224],[-74.99329,-11.02398],[-74.99327,-11.02475],[-74.99314,-11.02516],[-74.99277,-11.0256],[-74.99218,-11.02596],[-74.99149,-11.02655],[-74.99124,-11.02708],[-74.99118,-11.02745],[-74.99134,-11.02844],[-74.99131,-11.0289],[-74.99118,-11.02945],[-74.99093,-11.03007],[-74.99072,-11.03165],[-74.99022,-11.03221],[-74.99007,-11.03263],[-74.99019,-11.03328],[-74.99056,-11.03355],[-74.99128,-11.03376],[-74.9918301,-11.03425],[-74.99206,-11.03539],[-74.99208,-11.0355],[-74.99187,-11.03643],[-74.99188,-11.03684],[-74.99219,-11.03729],[-74.99239,-11.03748],[-74.99312,-11.03794],[-74.99427,-11.03849],[-74.99481,-11.03889],[-74.99503,-11.03921],[-74.99514,-11.03966],[-74.99513,-11.03992],[-74.99505,-11.04014],[-74.99498,-11.04021],[-74.99504,-11.04045],[-74.99491,-11.04087],[-74.99449,-11.04165],[-74.99427,-11.04187],[-74.994,-11.04273],[-74.99401,-11.04322],[-74.99462,-11.04397],[-74.99486,-11.04439],[-74.99489,-11.04456],[-74.99481,-11.04523],[-74.99463,-11.04582],[-74.99398,-11.0468],[-74.99391,-11.04698],[-74.99394,-11.04717],[-74.99421,-11.04755],[-74.99435,-11.04765],[-74.99462,-11.04782],[-74.99521,-11.048],[-74.9961,-11.04808],[-74.99646,-11.04797],[-74.99667,-11.04779],[-74.99711,-11.04685],[-74.9976,-11.04664],[-74.99788,-11.04664],[-74.99822,-11.04711],[-74.99855,-11.04779],[-74.99881,-11.04803],[-74.999,-11.04826],[-74.99926,-11.04838],[-74.99963,-11.04836],[-75.0,-11.04824],[-75.00071,-11.04775],[-75.0012,-11.0474],[-75.00231,-11.04639],[-75.00283,-11.04618],[-75.00301,-11.04621],[-75.00395,-11.04713],[-75.00431,-11.04765],[-75.00434,-11.04793],[-75.00426,-11.04842],[-75.00418,-11.04858],[-75.0037,-11.04881],[-75.00305,-11.0489],[-75.00266,-11.04925],[-75.00256,-11.04946],[-75.00245,-11.05001],[-75.00232,-11.05217],[-75.002357,-11.0523723],[-75.00253,-11.05332],[-75.00269,-11.05374],[-75.00279,-11.05386],[-75.00345,-11.05413],[-75.00424,-11.05432],[-75.00571,-11.05448],[-75.00867,-11.05435],[-75.00924,-11.05436],[-75.0096,-11.05469],[-75.00963,-11.05532],[-75.00937,-11.05582],[-75.00862,-11.05672],[-75.00657,-11.05814],[-75.00601,-11.05866],[-75.00575,-11.05889],[-75.00552,-11.05932],[-75.00533,-11.05955],[-75.00506,-11.05971],[-75.004,-11.06058],[-75.00368,-11.06084],[-75.00267,-11.06106],[-75.00209,-11.06111],[-75.0016,-11.06127],[-75.00096,-11.0616],[-75.00061,-11.06194],[-75.00043,-11.06222],[-75.00043,-11.06242],[-75.00059,-11.06292],[-75.00068,-11.063],[-75.0016,-11.06381],[-75.00194,-11.06423],[-75.00208,-11.06447],[-75.00228,-11.06515],[-75.00217,-11.06606],[-75.00167,-11.06693],[-75.00056,-11.06841],[-75.0002885,-11.0688565],[-75.0001642,-11.0690608],[-75.0001451,-11.0691655],[-75.0001451,-11.0692203],[-75.0002017,-11.0693335],[-75.00044,-11.06981],[-75.00081,-11.0701],[-75.00173,-11.07096],[-75.00222,-11.07156],[-75.00268,-11.0724],[-75.00267,-11.07334],[-75.00266,-11.07428],[-75.00243,-11.07512],[-75.00205,-11.07558],[-75.0013,-11.07627],[-75.0,-11.07736],[-74.99944,-11.07814],[-74.99945,-11.07867],[-74.99952,-11.0791],[-74.99979,-11.07952],[-75.0,-11.07976],[-75.00081,-11.08005],[-75.00189,-11.08042],[-75.00231,-11.08136],[-75.00237,-11.08163],[-75.00237,-11.08264],[-75.00189,-11.08505],[-75.0018601,-11.0855486],[-75.0018601,-11.0855497],[-75.0018605,-11.0855517],[-75.0023277,-11.0870552],[-75.0032582,-11.089548],[-75.00328,-11.08961],[-75.00365,-11.08999],[-75.00483,-11.09176],[-75.00494,-11.0924],[-75.00483,-11.0932],[-75.00471,-11.0935],[-75.00426,-11.09425],[-75.00334,-11.09521],[-75.00108,-11.09629],[-75.0,-11.09666],[-74.99834,-11.09739],[-74.99729,-11.09817],[-74.99654,-11.09865],[-74.99462,-11.09971],[-74.99387,-11.09991],[-74.99273,-11.09985],[-74.99218,-11.09992],[-74.99132,-11.10029],[-74.99116,-11.1004],[-74.99075,-11.10067],[-74.99056,-11.10088],[-74.99009,-11.10173],[-74.98997,-11.10239],[-74.98987,-11.10387],[-74.98989,-11.10392],[-74.99007,-11.10454],[-74.99023,-11.10476],[-74.99095,-11.10529],[-74.99133,-11.10544],[-74.99241,-11.10572],[-74.9926317,-11.1058707],[-74.99291,-11.10606],[-74.99327,-11.1071],[-74.99342,-11.10735],[-74.99423,-11.10753],[-74.9962,-11.10709],[-74.99774,-11.10706],[-74.99807,-11.1072],[-74.99835,-11.1075],[-74.9985,-11.10758],[-74.99863,-11.10812],[-74.99867,-11.10877],[-74.99863,-11.10907],[-74.99852,-11.10951],[-74.99836,-11.10981],[-74.99843,-11.11033],[-74.99909,-11.11175],[-74.99961,-11.11251],[-74.99989,-11.11317],[-75.0,-11.1133],[-75.00071,-11.11413],[-75.00178,-11.11461],[-75.0023,-11.11493],[-75.00366,-11.11638],[-75.00466,-11.11714],[-75.00528,-11.11734],[-75.00669,-11.11747],[-75.00712,-11.1176],[-75.00751,-11.1178],[-75.0084,-11.11877],[-75.00877,-11.11931],[-75.00935,-11.11976],[-75.01005,-11.12002],[-75.01081,-11.12009],[-75.01163,-11.11998],[-75.01294,-11.11961],[-75.01363,-11.11959],[-75.01428,-11.11983],[-75.01504,-11.12059],[-75.01521,-11.12083],[-75.0153204,-11.1210691],[-75.01533,-11.12109],[-75.0158125,-11.1215275],[-75.0160246,-11.1220365],[-75.0160741,-11.1226162],[-75.0159115,-11.1233092],[-75.0158615,-11.1234036],[-75.0155319,-11.1240265],[-75.01553,-11.12403],[-75.01548,-11.12474],[-75.01529,-11.12603],[-75.01527,-11.12683],[-75.01535,-11.12762],[-75.01573,-11.12912],[-75.01621,-11.13011],[-75.0169,-11.13106],[-75.01786,-11.13217],[-75.01857,-11.13387],[-75.0193515,-11.13475],[-75.01994,-11.1357],[-75.02033,-11.1364],[-75.02062,-11.13717],[-75.02073,-11.13767],[-75.02077,-11.13878],[-75.02059,-11.1394],[-75.01986,-11.14038],[-75.01902,-11.14114],[-75.01858,-11.1414],[-75.01828,-11.14148],[-75.01778,-11.14149],[-75.01715,-11.14133],[-75.0164,-11.14085],[-75.015,-11.13977],[-75.01479,-11.13972],[-75.01458,-11.13979],[-75.01419,-11.14002],[-75.01399,-11.14021],[-75.01383,-11.1405],[-75.01373,-11.14106],[-75.01378,-11.1418],[-75.01428,-11.14283],[-75.01466,-11.14329],[-75.0159,-11.14448],[-75.0165,-11.1453],[-75.0171,-11.14645],[-75.01725,-11.14704],[-75.01758,-11.148],[-75.01881,-11.15035],[-75.01911,-11.15115],[-75.0193,-11.1521],[-75.01963,-11.15276],[-75.02016,-11.15342],[-75.02185,-11.1551],[-75.02225,-11.1556],[-75.0227834,-11.1564658],[-75.02302,-11.15685],[-75.02457,-11.15845],[-75.02641,-11.16156],[-75.02775,-11.16333],[-75.02784,-11.16364],[-75.02781,-11.16404],[-75.02697,-11.16572],[-75.02691,-11.16633],[-75.02713,-11.16747],[-75.02764,-11.16884],[-75.02818,-11.16969],[-75.02871,-11.17067],[-75.02891,-11.17082],[-75.02941,-11.171],[-75.03038,-11.1716],[-75.0306289,-11.1720097],[-75.03099,-11.17245],[-75.03132,-11.17365],[-75.03176,-11.17398],[-75.03237,-11.1743],[-75.03269,-11.17459],[-75.03337,-11.17546],[-75.03367,-11.17603],[-75.03389,-11.17642],[-75.0345,-11.17706],[-75.03473,-11.17742],[-75.03489,-11.17778],[-75.03494,-11.17812],[-75.03495,-11.17909],[-75.03481,-11.17983],[-75.03477,-11.18076],[-75.03452,-11.18133],[-75.03437,-11.1815],[-75.03397,-11.18173],[-75.03249,-11.18215],[-75.03171,-11.18253],[-75.03131,-11.18291],[-75.03087,-11.18351],[-75.03047,-11.18432],[-75.03046,-11.18461],[-75.03057,-11.18514],[-75.03085,-11.1856],[-75.03155,-11.18611],[-75.03243,-11.18625],[-75.0334,-11.18623],[-75.03371,-11.18631],[-75.03407,-11.18659],[-75.03435,-11.18703],[-75.0345,-11.18847],[-75.03489,-11.18971],[-75.03552,-11.19076],[-75.03571,-11.19134],[-75.03569,-11.19195],[-75.03546,-11.19248],[-75.0358,-11.194],[-75.03577,-11.19482],[-75.03556,-11.19585],[-75.03552,-11.19648],[-75.03581,-11.19741],[-75.03605,-11.19787],[-75.0363,-11.19834],[-75.03674,-11.19939],[-75.0371,-11.19987],[-75.03777,-11.20059],[-75.03831,-11.20096],[-75.03824,-11.20245],[-75.03828,-11.20316],[-75.03841,-11.20381],[-75.03855,-11.20451],[-75.03966,-11.20606],[-75.03995,-11.20656],[-75.04027,-11.20781],[-75.04056,-11.20835],[-75.0419276,-11.2096582],[-75.04204,-11.21004],[-75.04206,-11.21046],[-75.04199,-11.21081],[-75.04156,-11.21157],[-75.0414,-11.21206],[-75.04132,-11.21288],[-75.04149,-11.21369],[-75.04203,-11.21431],[-75.04257,-11.21508],[-75.04312,-11.2157],[-75.0432,-11.21598],[-75.04316,-11.21686],[-75.04325,-11.21718],[-75.0442,-11.21885],[-75.04447,-11.22009],[-75.04504,-11.22104],[-75.04573,-11.22158],[-75.0461,-11.22251],[-75.04751,-11.22456],[-75.04915,-11.22765],[-75.049259,-11.228003],[-75.04965,-11.22927],[-75.04987,-11.23019],[-75.05001,-11.23189],[-75.0502,-11.23253],[-75.05064,-11.23332],[-75.05124,-11.23391],[-75.05211,-11.23459],[-75.05183,-11.23554],[-75.05175,-11.23636],[-75.05153,-11.23735],[-75.05148,-11.23838],[-75.05152,-11.2399],[-75.05138,-11.24111],[-75.0508,-11.24311],[-75.05054,-11.24382],[-75.05054,-11.24468],[-75.05075,-11.24676],[-75.05052,-11.24758],[-75.05061,-11.24854],[-75.05027,-11.25019],[-75.05022,-11.25106],[-75.05027,-11.25162],[-75.05045,-11.25244],[-75.05093,-11.25337],[-75.05135,-11.25392],[-75.05279,-11.25526],[-75.05344,-11.25599],[-75.05436,-11.25675],[-75.05686,-11.25817],[-75.05943,-11.25866],[-75.05998,-11.25888],[-75.0605466,-11.2591788],[-75.0607647,-11.259294],[-75.06089,-11.25936],[-75.06129,-11.25971],[-75.06226,-11.26096],[-75.06381,-11.26211],[-75.06454,-11.26236],[-75.06552,-11.26238],[-75.06601,-11.26225],[-75.06662,-11.26224],[-75.06731,-11.2621],[-75.067589,-11.2621299],[-75.06759,-11.26213],[-75.0691781,-11.2632922],[-75.0707319,-11.264605],[-75.0717009,-11.2653725],[-75.073468,-11.2662641],[-75.0752204,-11.2671483],[-75.0758912,-11.2675765],[-75.0769034,-11.2673867],[-75.0789697,-11.2669992],[-75.0824869,-11.2654585],[-75.0841616,-11.2645876],[-75.0868079,-11.2638172],[-75.0903919,-11.2633817],[-75.0919779,-11.2629392],[-75.0943417,-11.2620595],[-75.0950511,-11.2613602],[-75.0951231,-11.2604033],[-75.09504,-11.2599187],[-75.0945606,-11.2571217],[-75.094498,-11.2554652],[-75.0946855,-11.2541526],[-75.0947481,-11.2534651],[-75.0973256,-11.2513902],[-75.1011699,-11.2500201],[-75.1011707,-11.25002],[-75.10222,-11.24994],[-75.10319,-11.2497],[-75.10448,-11.24971],[-75.10742,-11.24951],[-75.10804,-11.24937],[-75.10944,-11.24889],[-75.1099296,-11.248873],[-75.11228,-11.24863],[-75.11284,-11.24839],[-75.11345,-11.24805],[-75.11394,-11.24755],[-75.11615,-11.24449],[-75.11659,-11.24371],[-75.11792,-11.24036],[-75.11864,-11.23944],[-75.11987,-11.23763],[-75.12059,-11.23681],[-75.12118,-11.23596],[-75.12171,-11.23451],[-75.12177,-11.23389],[-75.12162,-11.2328],[-75.12163,-11.23119],[-75.12184,-11.23009],[-75.1223,-11.22854],[-75.12234,-11.22798],[-75.12211,-11.22688],[-75.12129,-11.22461],[-75.12101,-11.22412],[-75.12034,-11.22084],[-75.11979,-11.21945],[-75.11956,-11.21871],[-75.11923,-11.21697],[-75.11906,-11.21359],[-75.11866,-11.21044],[-75.11818,-11.20919],[-75.11793,-11.20878],[-75.11751,-11.20829],[-75.11647,-11.20676],[-75.11622,-11.20581],[-75.11604,-11.20539],[-75.11583,-11.20507],[-75.11542,-11.20471],[-75.1151,-11.2043],[-75.11489,-11.20382],[-75.11446,-11.20234],[-75.11409,-11.20128],[-75.1136,-11.2003455],[-75.1128,-11.19882],[-75.11263,-11.19829],[-75.11262,-11.19753],[-75.11288,-11.19603],[-75.11285,-11.19482],[-75.11323,-11.19339],[-75.11372,-11.19199],[-75.11377,-11.19144],[-75.11426,-11.1898],[-75.1147,-11.18658],[-75.11462,-11.18615],[-75.11475,-11.18549],[-75.11479,-11.18533],[-75.11471,-11.18455],[-75.11454,-11.18398],[-75.11393,-11.183],[-75.11346,-11.18262],[-75.11325,-11.18245],[-75.11306,-11.18215],[-75.11308,-11.18194],[-75.11338,-11.18128],[-75.11404,-11.1806],[-75.11465,-11.17953],[-75.11491,-11.17932],[-75.11515,-11.17925],[-75.11539,-11.17927],[-75.11617,-11.17963],[-75.11659,-11.17971],[-75.11708,-11.17961],[-75.11736,-11.17944],[-75.11749,-11.17923],[-75.11752,-11.17854],[-75.11742,-11.17813],[-75.11714,-11.17742],[-75.11695,-11.17662],[-75.11699,-11.17544],[-75.11707,-11.17501],[-75.11728,-11.1745],[-75.11817,-11.17346],[-75.11854,-11.1728],[-75.11867,-11.17239],[-75.1187,-11.17178],[-75.11845,-11.17108],[-75.11839,-11.17066],[-75.11854,-11.17009],[-75.11905,-11.1693],[-75.11947,-11.1684],[-75.11943,-11.16795],[-75.11921,-11.16757],[-75.11916,-11.16706],[-75.11965,-11.1661],[-75.11967,-11.16547],[-75.11975,-11.16487],[-75.12029,-11.16477],[-75.12281,-11.16383],[-75.12364,-11.16329],[-75.12453,-11.1625],[-75.12493,-11.16187],[-75.12516,-11.16107],[-75.12549,-11.16063],[-75.12604,-11.16036],[-75.12733,-11.15988],[-75.12662,-11.16088],[-75.12657,-11.16104],[-75.12659,-11.16128],[-75.12695,-11.16178],[-75.12718,-11.16184],[-75.1274,-11.16179],[-75.128,-11.1615],[-75.12842,-11.16102],[-75.12904,-11.15938],[-75.12902,-11.15807],[-75.12918,-11.15743],[-75.12956,-11.15671],[-75.1296,-11.15627],[-75.12951,-11.15599],[-75.12938,-11.15581],[-75.12785,-11.15447],[-75.12738,-11.15385],[-75.12723,-11.15341],[-75.12744,-11.15298],[-75.12795,-11.15284],[-75.12889,-11.15288],[-75.13004,-11.15271],[-75.13023,-11.1526],[-75.13093,-11.15218],[-75.13207,-11.15161],[-75.13234,-11.15153],[-75.13287,-11.15155],[-75.13367,-11.15177],[-75.13447,-11.15189],[-75.13529,-11.15172],[-75.13551,-11.15142],[-75.13546,-11.15121],[-75.13519,-11.15084],[-75.1346307,-11.150502],[-75.13413,-11.14984],[-75.13413,-11.14925],[-75.13432,-11.14864],[-75.13464,-11.14808],[-75.13519,-11.14754],[-75.13666,-11.14653],[-75.1377,-11.14609],[-75.13799,-11.14605],[-75.13821,-11.14609],[-75.13846,-11.14631],[-75.13858,-11.14651],[-75.13869,-11.14686],[-75.1387,-11.14734],[-75.13836,-11.14826],[-75.13843,-11.14853],[-75.13868,-11.14882],[-75.13936,-11.14909],[-75.14043,-11.14921],[-75.141,-11.14912],[-75.14144,-11.14887],[-75.14182,-11.14856],[-75.14189,-11.14811],[-75.14175,-11.14768],[-75.1412,-11.14677],[-75.14119,-11.14635],[-75.14138,-11.14591],[-75.14184,-11.14547],[-75.14259,-11.14507],[-75.14329,-11.14447],[-75.14379,-11.14384],[-75.14422,-11.14341],[-75.14465,-11.1432],[-75.14567,-11.14303],[-75.14598,-11.14279],[-75.1469,-11.14142],[-75.14742,-11.14038],[-75.14793,-11.13987],[-75.14823,-11.13969],[-75.149,-11.1394],[-75.14979,-11.1389],[-75.15019,-11.13887],[-75.15041,-11.13899],[-75.15122,-11.14011],[-75.15157,-11.14044],[-75.15196,-11.14067],[-75.15265,-11.14079],[-75.15293,-11.1407],[-75.15356,-11.14007],[-75.15394,-11.13981],[-75.15434,-11.13972],[-75.15481,-11.13973],[-75.15526,-11.13996],[-75.15609,-11.14094],[-75.15769,-11.14193],[-75.15836,-11.14201],[-75.15894,-11.1419],[-75.16056,-11.14108],[-75.161867,-11.1405486],[-75.1627,-11.14021],[-75.16407,-11.13973],[-75.1648,-11.13919],[-75.16504,-11.1388],[-75.16525,-11.13825],[-75.16529,-11.13774],[-75.16519,-11.13719],[-75.16496,-11.13668],[-75.16394,-11.13491],[-75.16392,-11.13456],[-75.16413,-11.13409],[-75.16432,-11.1339],[-75.16461,-11.13382],[-75.16544,-11.13406],[-75.16579,-11.13401],[-75.16608,-11.13367],[-75.16623,-11.13279],[-75.16635,-11.13254],[-75.16651,-11.13238],[-75.16681,-11.13223],[-75.16771,-11.13199],[-75.16861,-11.13157],[-75.16896,-11.13148],[-75.17034,-11.13137],[-75.17051,-11.13141],[-75.17107,-11.13171],[-75.17147,-11.13176],[-75.17198,-11.13154],[-75.17237,-11.13114],[-75.17286,-11.13049],[-75.17349,-11.12943],[-75.17376,-11.12905],[-75.17435,-11.12823],[-75.17493,-11.12691],[-75.17529,-11.12561],[-75.17545,-11.1239],[-75.1756,-11.1236],[-75.17612,-11.12292],[-75.17627,-11.12258],[-75.17627,-11.12155],[-75.17643,-11.12009],[-75.17653,-11.11978],[-75.17671,-11.11955],[-75.17705,-11.11934],[-75.17811,-11.11904],[-75.17879,-11.11895],[-75.17971,-11.11854],[-75.18034,-11.1181],[-75.18229,-11.1175],[-75.1828,-11.11768],[-75.18329,-11.11824],[-75.18366,-11.11899],[-75.18382,-11.11912],[-75.1842,-11.11924],[-75.18437,-11.11919],[-75.18488,-11.11835],[-75.18515,-11.11768],[-75.18555,-11.11729],[-75.18579,-11.11733],[-75.18706,-11.11802],[-75.18754,-11.11817],[-75.18791,-11.11816],[-75.18853,-11.11783],[-75.18865,-11.11771],[-75.18873,-11.11754],[-75.18868,-11.11722],[-75.1873,-11.11592],[-75.18698,-11.11548],[-75.18698,-11.11528],[-75.18706,-11.11507],[-75.18748,-11.11453],[-75.18837,-11.11395],[-75.18889,-11.11361],[-75.1899,-11.1131],[-75.19069,-11.11279],[-75.19162,-11.11269],[-75.19253,-11.11241],[-75.19344,-11.11156],[-75.19475,-11.11072],[-75.1956,-11.10985],[-75.19608,-11.10918],[-75.19681,-11.10866],[-75.19764,-11.10817],[-75.19857,-11.10783],[-75.20023,-11.10771],[-75.20107,-11.10752],[-75.20162,-11.1072],[-75.20247,-11.10626],[-75.20271,-11.1061],[-75.20362,-11.10569],[-75.20455,-11.10551],[-75.20549,-11.10522],[-75.2065,-11.10474],[-75.20822,-11.10284],[-75.20899,-11.10201],[-75.20986,-11.10144],[-75.21016,-11.10107],[-75.21034,-11.10068],[-75.2104,-11.10034],[-75.2102,-11.09932],[-75.21021,-11.09888],[-75.21062,-11.09801],[-75.21103,-11.09756],[-75.21151,-11.09737],[-75.21437,-11.09696],[-75.21509,-11.09679],[-75.21732,-11.0961],[-75.2177,-11.09609],[-75.21885,-11.09644],[-75.21986,-11.0971],[-75.22079,-11.09786],[-75.22193,-11.09879],[-75.22273,-11.09923],[-75.2243535,-11.0995038],[-75.22514,-11.09955],[-75.22595,-11.09964],[-75.22709,-11.09998],[-75.22796,-11.10033],[-75.22833,-11.1003],[-75.22856,-11.10005],[-75.22862,-11.09975],[-75.22848,-11.09936],[-75.2281,-11.099],[-75.22725,-11.0984],[-75.22685,-11.09788],[-75.22681,-11.09766],[-75.22681,-11.0968],[-75.22742,-11.09516],[-75.22795,-11.09424],[-75.2285,-11.09373],[-75.2296,-11.09315],[-75.23001,-11.09293],[-75.23074,-11.09217],[-75.23106,-11.09169],[-75.2311,-11.09129],[-75.23102,-11.09082],[-75.23029,-11.08971],[-75.22977,-11.08905],[-75.22964,-11.08843],[-75.22969,-11.08795],[-75.2299,-11.0872],[-75.23047,-11.08617],[-75.23136,-11.08355],[-75.23146,-11.08298],[-75.23136,-11.0824],[-75.23118,-11.08175],[-75.23046,-11.08056],[-75.22993,-11.07997],[-75.22941,-11.07964],[-75.22901,-11.07955],[-75.22847,-11.0796],[-75.22623,-11.08006],[-75.22558,-11.07972],[-75.22471,-11.07904],[-75.22346,-11.07873],[-75.22324,-11.07861],[-75.2232,-11.07839],[-75.22333,-11.07789],[-75.22412,-11.07662],[-75.22431,-11.07615],[-75.22432,-11.0759],[-75.22414,-11.07554],[-75.22372,-11.07526],[-75.22198,-11.07483],[-75.22188,-11.07474],[-75.22182,-11.07451],[-75.22186,-11.07435],[-75.22288,-11.07347],[-75.22318,-11.073],[-75.22328,-11.0726],[-75.22302,-11.07187],[-75.22251,-11.07122],[-75.2218,-11.07048],[-75.22161,-11.07016],[-75.22157,-11.06992],[-75.2217,-11.06945],[-75.22184,-11.06921],[-75.22221,-11.06883],[-75.2225,-11.06865],[-75.22284,-11.06857],[-75.22347,-11.06852],[-75.22424,-11.06868],[-75.22557,-11.06896],[-75.22637,-11.06894],[-75.22888,-11.06763],[-75.22951,-11.06718],[-75.2298,-11.06685],[-75.23008,-11.06626],[-75.23086,-11.06371],[-75.23108,-11.06316],[-75.2315,-11.0621],[-75.23222,-11.06099],[-75.23241,-11.06046],[-75.23279,-11.05938],[-75.23287,-11.05886],[-75.23296,-11.0583],[-75.23297,-11.05739],[-75.23312,-11.05677],[-75.23347,-11.05592],[-75.23394,-11.05527],[-75.23482,-11.05455],[-75.23576,-11.05429],[-75.23617,-11.05432],[-75.23724,-11.05474],[-75.23751,-11.05467],[-75.23759,-11.05455],[-75.23755,-11.05435],[-75.23704,-11.05352],[-75.23678,-11.05295],[-75.23649,-11.05191],[-75.23646,-11.05146],[-75.23657,-11.05081],[-75.23718,-11.04838],[-75.23803,-11.04607],[-75.23804,-11.04557],[-75.23793,-11.04494],[-75.23759,-11.04412],[-75.23727,-11.0438],[-75.23689,-11.04367],[-75.2357,-11.04353],[-75.23531,-11.04338],[-75.23411,-11.04178],[-75.23399,-11.0415],[-75.23378,-11.03994],[-75.23399,-11.03845],[-75.23388,-11.03678],[-75.23392,-11.03567],[-75.23414,-11.03459],[-75.23475,-11.03291],[-75.2351,-11.03122],[-75.2352,-11.0308],[-75.23519,-11.03009],[-75.23509,-11.02958],[-75.23462,-11.0285],[-75.23457,-11.02829],[-75.23421,-11.02678],[-75.23426,-11.02575],[-75.2348,-11.02436],[-75.23484,-11.02413],[-75.23468,-11.02382],[-75.23399,-11.02323],[-75.23367,-11.0227],[-75.23344,-11.02156],[-75.23346,-11.02017],[-75.23331,-11.01912],[-75.23291,-11.0179],[-75.23283,-11.01747],[-75.23236,-11.01649],[-75.23244,-11.01635],[-75.23297,-11.01596],[-75.2339,-11.0151],[-75.23428,-11.01491],[-75.23483,-11.0149],[-75.2355,-11.0146],[-75.23589,-11.01415],[-75.23589,-11.0137],[-75.23578,-11.0133],[-75.23556,-11.01289],[-75.2348,-11.01215],[-75.23385,-11.01153],[-75.23263,-11.01082],[-75.2319,-11.01009],[-75.23047,-11.00796],[-75.22958,-11.00715],[-75.22926,-11.00672],[-75.22931,-11.00647],[-75.23017,-11.00537],[-75.23112,-11.00448],[-75.23143,-11.00391],[-75.23146,-11.00362],[-75.23118,-11.00315],[-75.23107,-11.00281],[-75.23105,-11.00246],[-75.23115,-11.00221],[-75.23137,-11.00192],[-75.23154,-11.00168],[-75.23201,-11.00119],[-75.2333794,-11.0000006],[-75.23338,-11.0],[-75.2333807,-10.9999987],[-75.233385,-10.9999957],[-75.2352597,-10.9986601],[-75.2356699,-10.9983515],[-75.2363789,-10.9983711],[-75.2368789,-10.9989003],[-75.2372304,-10.998791],[-75.2374101,-10.9984511],[-75.237459,-10.9978515],[-75.2376191,-10.9974902],[-75.2376991,-10.9969413],[-75.238,-10.9966698],[-75.2387695,-10.9964902],[-75.2399687,-10.9964706],[-75.240539,-10.9963105],[-75.240959,-10.99608],[-75.2420605,-10.9951211],[-75.2426504,-10.9948105],[-75.2428789,-10.9947812],[-75.2431289,-10.9948202],[-75.2437597,-10.9951406],[-75.244459,-10.9952597],[-75.2449687,-10.9951913],[-75.24608,-10.9948007],[-75.2469394,-10.9939608],[-75.2473105,-10.9939198],[-75.247539,-10.9939706],[-75.2478397,-10.9942011],[-75.2479804,-10.9944198],[-75.2482597,-10.9951698],[-75.2486191,-10.9955097],[-75.249,-10.9956015],[-75.2495292,-10.9955702],[-75.2500195,-10.9953515],[-75.2501991,-10.9951698],[-75.2506991,-10.9941698],[-75.2510702,-10.9937305],[-75.2516796,-10.9932402],[-75.2523105,-10.992291],[-75.2529394,-10.9916308],[-75.2534491,-10.9906796],[-75.2538496,-10.9902715],[-75.2540487,-10.9901698],[-75.2543496,-10.9901503],[-75.2558789,-10.9904902],[-75.2560195,-10.9905215],[-75.256289,-10.9904706],[-75.256459,-10.9903398],[-75.2566601,-10.9900507],[-75.2568105,-10.9896112],[-75.2568789,-10.9890097],[-75.2569101,-10.9877305],[-75.2575292,-10.9869296],[-75.2581406,-10.9864101],[-75.2586406,-10.9861504],[-75.2596504,-10.9859003],[-75.2611699,-10.9858398],[-75.2621796,-10.9856796],[-75.2659101,-10.9847305],[-75.2665897,-10.9846308],[-75.26733,-10.9846308],[-75.2684004,-10.9843612],[-75.268789,-10.9841308],[-75.269209,-10.9836914],[-75.269709,-10.9827812],[-75.2706289,-10.9813398],[-75.2707987,-10.9807011],[-75.27075,-10.980211],[-75.27075,-10.9801913],[-75.2706094,-10.9800312],[-75.2699296,-10.9796211],[-75.2692304,-10.9794101],[-75.2680292,-10.97925],[-75.267709,-10.979041],[-75.2673789,-10.9787108],[-75.2668789,-10.9784902],[-75.2660487,-10.9783398],[-75.2653691,-10.9783515],[-75.26483,-10.9784198],[-75.263039,-10.9783906],[-75.2624687,-10.9782206],[-75.2618105,-10.9778105],[-75.2616289,-10.9774805],[-75.2616601,-10.9770702],[-75.2620595,-10.9768544],[-75.2623926,-10.9766522],[-75.2626067,-10.9763309],[-75.2627257,-10.9760216],[-75.2628804,-10.9758432],[-75.2631659,-10.9756171],[-75.2634395,-10.9752364],[-75.2636299,-10.97482],[-75.2635109,-10.9745582],[-75.263154,-10.9742846],[-75.262809,-10.9741537],[-75.2624521,-10.974118],[-75.2620451,-10.97409],[-75.2617739,-10.9740943],[-75.2616668,-10.9738325],[-75.2617501,-10.9735351],[-75.2617501,-10.973202],[-75.2616668,-10.972738],[-75.2614565,-10.9724683],[-75.2614296,-10.9720898],[-75.2615003,-10.9714649],[-75.2613575,-10.9709415],[-75.261072,-10.9706083],[-75.2605723,-10.9702871],[-75.2599179,-10.9700016],[-75.2591922,-10.9695733],[-75.2585724,-10.9692901],[-75.2578597,-10.9685739],[-75.2573838,-10.9681218],[-75.2570745,-10.9677649],[-75.2565629,-10.9675507],[-75.2561703,-10.967634],[-75.2556597,-10.9677854],[-75.2552542,-10.9677768],[-75.2550281,-10.9675388],[-75.2551709,-10.9672771],[-75.2554491,-10.9671796],[-75.2559085,-10.9670154],[-75.2564915,-10.9668488],[-75.2567176,-10.9665157],[-75.2568127,-10.9659446],[-75.2566343,-10.9653497],[-75.2561822,-10.9650761],[-75.2554408,-10.9649139],[-75.2554208,-10.9649095],[-75.2549568,-10.9649095],[-75.2543494,-10.964888],[-75.2535648,-10.9648976],[-75.2528152,-10.9649095],[-75.2523037,-10.9647668],[-75.2519111,-10.9645407],[-75.2514233,-10.9642076],[-75.2512805,-10.9642076],[-75.2509236,-10.9646359],[-75.2508522,-10.9652546],[-75.2504477,-10.9656829],[-75.2500075,-10.9657185],[-75.2494721,-10.9655044],[-75.2487345,-10.9653021],[-75.2480801,-10.9647787],[-75.2480945,-10.9643072],[-75.2483776,-10.9639459],[-75.2487226,-10.9635532],[-75.2488178,-10.9631606],[-75.2485203,-10.9628989],[-75.2480563,-10.9626252],[-75.2478303,-10.9621018],[-75.2478065,-10.9615188],[-75.2477827,-10.9611619],[-75.2474496,-10.9609834],[-75.2469618,-10.9608526],[-75.2463788,-10.9609953],[-75.2455737,-10.9611328],[-75.244821,-10.9613687],[-75.2441289,-10.9619511],[-75.2434804,-10.9626015],[-75.2431471,-10.9630763],[-75.2427202,-10.9628853],[-75.2424618,-10.9625595],[-75.2419001,-10.9618293],[-75.2414395,-10.9611665],[-75.2409564,-10.9608969],[-75.2403498,-10.9609755],[-75.2396869,-10.9613799],[-75.2388594,-10.9618398],[-75.2380292,-10.9629003],[-75.2377792,-10.9629413],[-75.236709,-10.9628711],[-75.235519,-10.9628629],[-75.2345304,-10.9630314],[-75.2338114,-10.9630426],[-75.2333283,-10.9628179],[-75.2324394,-10.9623906],[-75.2319101,-10.9620605],[-75.2308789,-10.9615702],[-75.2298397,-10.9608906],[-75.2295487,-10.9605],[-75.2292597,-10.9599511],[-75.2293576,-10.9592469],[-75.229659,-10.9587405],[-75.2299484,-10.9581738],[-75.2301172,-10.9578724],[-75.2303222,-10.9576071],[-75.2303222,-10.9573539],[-75.2302378,-10.9570766],[-75.2294921,-10.9566157],[-75.2290389,-10.9561524],[-75.2289235,-10.9555814],[-75.228815,-10.9550991],[-75.2284894,-10.9546289],[-75.2278263,-10.954038],[-75.227356,-10.9535075],[-75.2269775,-10.9529598],[-75.2267792,-10.951791],[-75.2268014,-10.9513733],[-75.2266929,-10.9509272],[-75.2266205,-10.9505655],[-75.227766,-10.950686],[-75.2291041,-10.9510953],[-75.2303892,-10.9509637],[-75.2317054,-10.9505767],[-75.2325491,-10.94988],[-75.2330135,-10.9493845],[-75.23348,-10.948671],[-75.2340199,-10.9464738],[-75.2342442,-10.9455603],[-75.2346082,-10.944585],[-75.2350495,-10.9436637],[-75.2354597,-10.9431605],[-75.2358391,-10.9428508],[-75.2364431,-10.9424638],[-75.2373796,-10.9420845],[-75.2397175,-10.9416897],[-75.2411032,-10.9414266],[-75.241769,-10.941202],[-75.2422954,-10.9408613],[-75.2426902,-10.9405052],[-75.2429689,-10.9401337],[-75.2430462,-10.9394833],[-75.2429844,-10.9390421],[-75.2428071,-10.938621],[-75.2425521,-10.9381727],[-75.241736,-10.9372617],[-75.2404647,-10.936269],[-75.2395719,-10.9356858],[-75.2389817,-10.9351515],[-75.2384282,-10.9346503],[-75.2378642,-10.9342951],[-75.2374709,-10.9339555],[-75.237102,-10.9330418],[-75.2368826,-10.9324987],[-75.2364126,-10.9319035],[-75.2357904,-10.9314201],[-75.2344564,-10.9302212],[-75.2338885,-10.9293288],[-75.2336811,-10.9286167],[-75.2336271,-10.9279317],[-75.2338164,-10.9271926],[-75.2343391,-10.9267058],[-75.2347447,-10.9265977],[-75.2352405,-10.9266427],[-75.2358985,-10.9270123],[-75.2373769,-10.9284816],[-75.2382511,-10.9289142],[-75.2389091,-10.9289773],[-75.2393507,-10.9288151],[-75.2396481,-10.9285447],[-75.2401805,-10.9274183],[-75.2410114,-10.925832],[-75.2417849,-10.9249793],[-75.2429031,-10.9242362],[-75.243578,-10.9240077],[-75.2439507,-10.9240147],[-75.244348,-10.9241518],[-75.2449877,-10.9246968],[-75.2452444,-10.924957],[-75.2458385,-10.9253401],[-75.2462569,-10.9253963],[-75.2464995,-10.9253682],[-75.2467982,-10.9251995],[-75.247069,-10.9249393],[-75.2477811,-10.9234687],[-75.2484751,-10.9221483],[-75.2491174,-10.921598],[-75.2494884,-10.9214583],[-75.2499031,-10.9214383],[-75.2505201,-10.9216033],[-75.2514349,-10.9224037],[-75.2515465,-10.9222761],[-75.2515894,-10.9220525],[-75.2515897,-10.9220506],[-75.2515894,-10.9220486],[-75.2515885,-10.9220438],[-75.2515097,-10.9216386],[-75.2512721,-10.920415],[-75.2508496,-10.9182402],[-75.2506796,-10.91775],[-75.2505996,-10.9172206],[-75.2504902,-10.9146698],[-75.2505097,-10.9132011],[-75.2504687,-10.9112715],[-75.25058,-10.91025],[-75.2507695,-10.9093105],[-75.250789,-10.908791],[-75.2505702,-10.9079413],[-75.250289,-10.9064706],[-75.2500195,-10.90575],[-75.24983,-10.9054296],[-75.2501801,-10.9045948],[-75.2502384,-10.9041743],[-75.252051,-10.9017576],[-75.2544677,-10.8989092],[-75.2554437,-10.8959407],[-75.2559012,-10.8923462],[-75.2556399,-10.8893398],[-75.2543981,-10.8877713],[-75.2525832,-10.8868393],[-75.25198,-10.8865296],[-75.2453137,-10.884373],[-75.242046,-10.8839155],[-75.2396504,-10.8840195],[-75.2369532,-10.8844658],[-75.2338766,-10.8861375],[-75.2300212,-10.8879672],[-75.224008,-10.8899935],[-75.2174082,-10.8921757],[-75.2154541,-10.8940757],[-75.2138141,-10.8958021],[-75.2121742,-10.8983913],[-75.211375,-10.901],[-75.2107069,-10.904606],[-75.2093949,-10.9059178],[-75.2072544,-10.9080585],[-75.2035742,-10.9096367],[-75.2011175,-10.9088267],[-75.1974145,-10.9065911],[-75.1943074,-10.9052102],[-75.1937895,-10.9040017],[-75.1937031,-10.9018438],[-75.1935371,-10.8985878],[-75.19448,-10.8958021],[-75.195861,-10.8949389],[-75.1974825,-10.8951041],[-75.197539,-10.8951112],[-75.1975526,-10.8951112],[-75.1975625,-10.8951112],[-75.1983202,-10.8951112],[-75.1991152,-10.8949628],[-75.1995195,-10.8948398],[-75.2002402,-10.8943202],[-75.2009687,-10.8936503],[-75.2011504,-10.8933515],[-75.2016289,-10.8927715],[-75.2023202,-10.8916112],[-75.2029804,-10.8911211],[-75.2036289,-10.8904198],[-75.2041191,-10.8900097],[-75.2044004,-10.8897108],[-75.2059101,-10.8884608],[-75.2066601,-10.8876698],[-75.2073594,-10.8871406],[-75.2079199,-10.886791],[-75.2083789,-10.8866308],[-75.2087187,-10.88658],[-75.20933,-10.8866406],[-75.2109004,-10.8869296],[-75.2115097,-10.8869805],[-75.2119902,-10.8869003],[-75.2124199,-10.8866796],[-75.2126236,-10.8865012],[-75.21308,-10.8861015],[-75.2133594,-10.8858105],[-75.2135897,-10.8854608],[-75.2146894,-10.8841308],[-75.2150702,-10.883791],[-75.2155292,-10.8834706],[-75.21625,-10.8831015],[-75.21675,-10.8826698],[-75.2173496,-10.8818808],[-75.2177695,-10.8811796],[-75.2189296,-10.8796699],[-75.2196991,-10.8791112],[-75.2215702,-10.87808],[-75.2220702,-10.8776913],[-75.2223202,-10.87733],[-75.2225996,-10.87658],[-75.2227597,-10.8757812],[-75.2231191,-10.8752812],[-75.2236796,-10.8747206],[-75.2239199,-10.8744101],[-75.2254004,-10.8733105],[-75.2261601,-10.8729608],[-75.2265897,-10.8726913],[-75.2272695,-10.8719296],[-75.2279101,-10.8717011],[-75.2281601,-10.8715312],[-75.2286289,-10.8714101],[-75.2293202,-10.87108],[-75.2296601,-10.8708515],[-75.2300292,-10.8705],[-75.2302987,-10.8701211],[-75.230539,-10.8696015],[-75.2307187,-10.8690312],[-75.2309101,-10.8686503],[-75.2310097,-10.8686112],[-75.2313789,-10.8682597],[-75.2324902,-10.8676698],[-75.2330605,-10.86758],[-75.2336894,-10.8671796],[-75.2339394,-10.8668711],[-75.2340097,-10.8665097],[-75.234,-10.8660702],[-75.2338906,-10.8654608],[-75.2339004,-10.8650605],[-75.2344101,-10.8636211],[-75.2347987,-10.8629608],[-75.2351991,-10.8619902],[-75.2351894,-10.8613808],[-75.2351406,-10.8612226],[-75.2351406,-10.8611933],[-75.2349921,-10.8600038],[-75.234959,-10.8589413],[-75.2357929,-10.8585643],[-75.235998,-10.8584726],[-75.2361894,-10.8584003],[-75.2371699,-10.8578398],[-75.2373496,-10.8578007],[-75.238039,-10.8578007],[-75.2385,-10.8577305],[-75.2396191,-10.8576913],[-75.2401094,-10.8577108],[-75.241539,-10.8574706],[-75.2420897,-10.8576503],[-75.2428496,-10.8582597],[-75.24308,-10.8584902],[-75.243539,-10.8591211],[-75.2444687,-10.8599198],[-75.2447597,-10.8600898],[-75.2450996,-10.8602108],[-75.2452402,-10.86025],[-75.2449772,-10.8596841],[-75.2445492,-10.8587626],[-75.2443366,-10.8575777],[-75.2435466,-10.8564231],[-75.2419666,-10.8552077],[-75.2395056,-10.8538405],[-75.2382295,-10.8528378],[-75.2372875,-10.8514402],[-75.2367407,-10.8509237],[-75.2355254,-10.8507413],[-75.2337935,-10.850316],[-75.2324262,-10.8501641],[-75.2305729,-10.8497691],[-75.2294182,-10.8487057],[-75.2278991,-10.8469131],[-75.226623,-10.8458192],[-75.225438,-10.8455155],[-75.2252951,-10.8455047],[-75.2241055,-10.8454158],[-75.2230377,-10.8447255],[-75.2220046,-10.8438443],[-75.2209411,-10.8435101],[-75.2194829,-10.8441482],[-75.2174329,-10.8456577],[-75.2105547,-10.8521641],[-75.208482,-10.8541248],[-75.2049944,-10.8562215],[-75.2035226,-10.8574512],[-75.2027684,-10.8580378],[-75.2015269,-10.8590035],[-75.1992715,-10.8603631],[-75.1982285,-10.8611698],[-75.1972329,-10.862471],[-75.196797,-10.8635666],[-75.1965272,-10.8642448],[-75.1955136,-10.8657406],[-75.1927454,-10.8689715],[-75.1913476,-10.8714022],[-75.1908007,-10.8738632],[-75.1901931,-10.875109],[-75.1896386,-10.8752596],[-75.188917,-10.8754128],[-75.1879447,-10.874471],[-75.1863344,-10.8704907],[-75.1853685,-10.8662177],[-75.1840349,-10.8641645],[-75.1828561,-10.8623492],[-75.182658,-10.8620441],[-75.181078,-10.8609502],[-75.1788749,-10.8604609],[-75.1779035,-10.8605755],[-75.1773362,-10.8606425],[-75.1764185,-10.8606981],[-75.1746387,-10.8603088],[-75.1739296,-10.8601002],[-75.1733317,-10.8597805],[-75.1717606,-10.8583066],[-75.1707771,-10.8572116],[-75.169974,-10.8564727],[-75.1684321,-10.8529392],[-75.16734,-10.8503373],[-75.1672679,-10.8473957],[-75.1670421,-10.8459231],[-75.1666654,-10.8446837],[-75.1643847,-10.8417606],[-75.1640959,-10.8409632],[-75.1637794,-10.8400902],[-75.1617506,-10.8375525],[-75.1611724,-10.8363961],[-75.1611402,-10.8350148],[-75.1616864,-10.8326377],[-75.1621361,-10.8311922],[-75.1645131,-10.828526],[-75.1657017,-10.8267272],[-75.1664012,-10.8251692],[-75.1675434,-10.8233418],[-75.1693709,-10.8215145],[-75.1707985,-10.8199725],[-75.1713124,-10.8187161],[-75.1715532,-10.8162387],[-75.1717122,-10.8146043],[-75.1726376,-10.8104726],[-75.1736539,-10.8034113],[-75.1753671,-10.7979291],[-75.1778797,-10.7917616],[-75.179079,-10.7901055],[-75.1810207,-10.7883922],[-75.1837047,-10.7867932],[-75.1853037,-10.7862221],[-75.1872647,-10.7856441],[-75.1878947,-10.7854941],[-75.188666,-10.7853105],[-75.1882182,-10.7840423],[-75.1888011,-10.783071],[-75.189949,-10.780402],[-75.1769681,-10.7506407],[-75.1766459,-10.7499017],[-75.1765702,-10.7499511],[-75.1765134,-10.7500017],[-75.1763789,-10.7501211],[-75.1747187,-10.7509706],[-75.1732597,-10.752],[-75.1714004,-10.7527812],[-75.1708594,-10.7531211],[-75.1706991,-10.7531601],[-75.1700487,-10.7538612],[-75.1696699,-10.7543515],[-75.1686905,-10.7551268],[-75.1683202,-10.7554198],[-75.1678202,-10.7556913],[-75.1659491,-10.7571796],[-75.1645702,-10.7578007],[-75.1636504,-10.75808],[-75.163039,-10.7581796],[-75.1610702,-10.7582108],[-75.1609491,-10.75825],[-75.160709,-10.7584296],[-75.1604902,-10.7586698],[-75.1587304,-10.7601503],[-75.1583397,-10.7606112],[-75.1576699,-10.7615507],[-75.15708,-10.7619805],[-75.1572695,-10.76133],[-75.1573105,-10.7607402],[-75.157289,-10.76008],[-75.1570487,-10.7597206],[-75.1564101,-10.759],[-75.1561991,-10.7582597],[-75.1560996,-10.7580507],[-75.1542304,-10.7562715],[-75.1531991,-10.754791],[-75.1530487,-10.7543515],[-75.153039,-10.7520702],[-75.1529004,-10.7516796],[-75.1527187,-10.7514413],[-75.1524199,-10.7511308],[-75.152039,-10.7509296],[-75.1516289,-10.7509296],[-75.151459,-10.7509608],[-75.1511406,-10.7511211],[-75.1503202,-10.7517108],[-75.1499902,-10.7517812],[-75.1496504,-10.7517812],[-75.14933,-10.7517011],[-75.1491638,-10.7515987],[-75.1490195,-10.7515097],[-75.1486991,-10.7512305],[-75.1483906,-10.7508711],[-75.1482304,-10.75058],[-75.1481894,-10.7502402],[-75.148209,-10.7496698],[-75.1480487,-10.7488906],[-75.1479296,-10.7486698],[-75.1476094,-10.7483007],[-75.1474107,-10.7481278],[-75.14708,-10.7478398],[-75.1468906,-10.7475605],[-75.1467695,-10.7463711],[-75.1466289,-10.7459003],[-75.146539,-10.7449413],[-75.1462187,-10.7445702],[-75.1459004,-10.7441406],[-75.1454491,-10.743791],[-75.1449394,-10.74358],[-75.1444491,-10.743291],[-75.1438105,-10.7424706],[-75.14233,-10.74125],[-75.1409394,-10.7406503],[-75.1395292,-10.7403515],[-75.1390864,-10.7403626],[-75.1382135,-10.7403463],[-75.137227,-10.7406987],[-75.1359587,-10.741192],[-75.1346905,-10.741192],[-75.1332109,-10.741051],[-75.1315199,-10.7405577],[-75.1300402,-10.7399236],[-75.128631,-10.7390781],[-75.1270105,-10.7382326],[-75.1257421,-10.7368938],[-75.1233466,-10.735062],[-75.1222896,-10.7335823],[-75.1203167,-10.7319617],[-75.1192954,-10.730152],[-75.119034,-10.7299996],[-75.1185289,-10.729139],[-75.1184546,-10.7290125],[-75.1172709,-10.7278287],[-75.115992,-10.7268205],[-75.1132556,-10.7253452],[-75.1109951,-10.7245123],[-75.1096399,-10.7239933],[-75.1090439,-10.7221091],[-75.1071404,-10.7198725],[-75.1045705,-10.7171598],[-75.1024529,-10.7143283],[-75.099704,-10.7108803],[-75.0977342,-10.7083991],[-75.0965607,-10.704728],[-75.0961577,-10.7034977],[-75.0962387,-10.7030258],[-75.0962719,-10.7022995],[-75.0961279,-10.7010506],[-75.0959231,-10.7000458],[-75.0957965,-10.6997633],[-75.095594,-10.6994436],[-75.0953809,-10.6991712],[-75.0951296,-10.6989981],[-75.0948489,-10.6988697],[-75.0939166,-10.6985901],[-75.0933645,-10.6984837],[-75.0928347,-10.6983151],[-75.0920161,-10.6973039],[-75.0911012,-10.6956666],[-75.090686,-10.693514],[-75.0901622,-10.6926811],[-75.0887657,-10.6909475],[-75.0883082,-10.6899363],[-75.0878267,-10.6886842],[-75.0878026,-10.6870711],[-75.0882842,-10.6854097],[-75.088549,-10.684206],[-75.0884472,-10.6835371],[-75.0879495,-10.6833495],[-75.0878375,-10.6833073],[-75.0859006,-10.6829057],[-75.0821757,-10.6827885],[-75.0820241,-10.6828095],[-75.0815792,-10.6829805],[-75.0804591,-10.6834113],[-75.0797367,-10.6832669],[-75.0761252,-10.6805462],[-75.07505,-10.6799022],[-75.0729204,-10.6786267],[-75.0716227,-10.6778496],[-75.071358,-10.6773198],[-75.0715746,-10.676429],[-75.0725752,-10.6755184],[-75.0731892,-10.6746108],[-75.0732841,-10.6744706],[-75.0738851,-10.6721746],[-75.0739725,-10.6710845],[-75.0740084,-10.6683376],[-75.0742042,-10.6674487],[-75.074409,-10.6665193],[-75.0743165,-10.6658105],[-75.073993,-10.6651478],[-75.0737101,-10.6647066],[-75.0732225,-10.663946],[-75.0726369,-10.6633296],[-75.0721592,-10.6624203],[-75.0718039,-10.6604336],[-75.0717072,-10.6598932],[-75.0713094,-10.6594952],[-75.0708,-10.6592566],[-75.0696541,-10.658986],[-75.068922,-10.6584288],[-75.0683381,-10.6574968],[-75.0680147,-10.6569806],[-75.067118,-10.6561995],[-75.0654681,-10.6538132],[-75.0650729,-10.6528945],[-75.0629535,-10.6537496],[-75.0605024,-10.6547841],[-75.0585287,-10.65558]]]}},
{"type":"Feature","properties":{"ubigeo":"120303","nombre":"PICHANAQUI","fuente":"INEI"},"geometry":{"type":"MultiPolygon","coordinates":[[[[-74.8782139,-10.7021663],[-74.8781452,-10.7031033],[-74.8774922,-10.7038131],[-74.8764419,-10.7047215],[-74.8753631,-10.7054028],[-74.8744262,-10.7061977],[-74.8733759,-10.7069926],[-74.8721835,-10.7073048],[-74.8716266,-10.7073048],[-74.8707925,-10.7073048],[-74.8697137,-10.707674],[-74.8685781,-10.7091218],[-74.8677265,-10.7104845],[-74.8671789,-10.7122388],[-74.8657847,-10.7142562],[-74.8646944,-10.7152685],[-74.8635997,-10.7161375],[-74.8630232,-10.716806],[-74.8621541,-10.7178171],[-74.8610211,-10.7197893],[-74.8589095,-10.7222037],[-74.858758,-10.7226111],[-74.8583224,-10.7240313],[-74.8576596,-10.7250918],[-74.8571766,-10.7259252],[-74.8568584,-10.7265878],[-74.8564855,-10.7273645],[-74.8561066,-10.7278473],[-74.8559394,-10.7279493],[-74.8547242,-10.7286901],[-74.8535785,-10.7298075],[-74.8511355,-10.7329701],[-74.8498036,-10.7356208],[-74.849494,-10.7363605],[-74.8494724,-10.737965],[-74.8491317,-10.7388733],[-74.848564,-10.7398386],[-74.8479962,-10.7406051],[-74.8474047,-10.7415346],[-74.8473229,-10.7417737],[-74.8464761,-10.7444711],[-74.8464184,-10.7447172],[-74.8464101,-10.7447121],[-74.8458912,-10.7461772],[-74.8448056,-10.7482906],[-74.8436937,-10.7506638],[-74.8432459,-10.7516595],[-74.8428231,-10.7525996],[-74.8426417,-10.7531197],[-74.8424966,-10.7548736],[-74.8421765,-10.755197],[-74.8418642,-10.75585],[-74.8415802,-10.7566165],[-74.8412396,-10.7574113],[-74.8411545,-10.7579223],[-74.8408706,-10.7586321],[-74.8406719,-10.7593986],[-74.8404447,-10.7599947],[-74.8403596,-10.7605057],[-74.8405096,-10.7611383],[-74.8406151,-10.7615845],[-74.8406719,-10.7622658],[-74.8410977,-10.7631742],[-74.840899,-10.7634866],[-74.8404164,-10.7638556],[-74.8394206,-10.7644292],[-74.8376059,-10.7664957],[-74.8371502,-10.7682153],[-74.8367269,-10.769824],[-74.836595,-10.7706711],[-74.836497,-10.7712997],[-74.8360132,-10.7720088],[-74.8347102,-10.7731387],[-74.8340856,-10.7743595],[-74.8335746,-10.775126],[-74.8331334,-10.7761936],[-74.8330475,-10.7763868],[-74.832581,-10.7774369],[-74.8317645,-10.779342],[-74.8315502,-10.7799067],[-74.831311,-10.7805365],[-74.829698,-10.7821552],[-74.8287075,-10.7841768],[-74.8254899,-10.7887767],[-74.8250482,-10.7894127],[-74.8238417,-10.7911505],[-74.8231614,-10.7923298],[-74.8224961,-10.7933126],[-74.8216947,-10.7943408],[-74.8206515,-10.795369],[-74.8200014,-10.7959888],[-74.8194872,-10.7965936],[-74.8184591,-10.7981358],[-74.8175217,-10.8006911],[-74.8166296,-10.8019763],[-74.8150504,-10.8035823],[-74.8136077,-10.8064728],[-74.809663,-10.8118251],[-74.8083161,-10.813172],[-74.8064844,-10.815327],[-74.8064164,-10.816366],[-74.8057671,-10.8171433],[-74.8057434,-10.8171717],[-74.8016912,-10.8210424],[-74.79838,-10.8233103],[-74.7979717,-10.8238396],[-74.7972006,-10.8251853],[-74.7967751,-10.8260107],[-74.7964446,-10.8266518],[-74.7960969,-10.8275741],[-74.7954401,-10.82858],[-74.7948269,-10.8298723],[-74.7943737,-10.830122],[-74.7930427,-10.8308551],[-74.7921607,-10.8310702],[-74.791803,-10.8311576],[-74.7908957,-10.8311122],[-74.7900792,-10.8307342],[-74.7885227,-10.8295763],[-74.7869796,-10.8291466],[-74.7848175,-10.8284511],[-74.7830485,-10.8279975],[-74.7815299,-10.8280053],[-74.780083,-10.8280885],[-74.7781781,-10.8278442],[-74.7766394,-10.8268183],[-74.7761265,-10.8266475],[-74.7750246,-10.8269502],[-74.7748687,-10.8269613],[-74.7740754,-10.8271451],[-74.7721046,-10.8288041],[-74.7711246,-10.8291135],[-74.7704094,-10.8295225],[-74.7696012,-10.8302023],[-74.7690334,-10.8304341],[-74.7681592,-10.8304813],[-74.7677576,-10.8301742],[-74.7672851,-10.8293475],[-74.7662539,-10.8281396],[-74.7658289,-10.8277642],[-74.7653947,-10.8274391],[-74.7648519,-10.8270322],[-74.7623476,-10.8258746],[-74.7607411,-10.8252131],[-74.7603631,-10.8251422],[-74.759489,-10.8254493],[-74.7586826,-10.8259728],[-74.7581344,-10.8263959],[-74.7571697,-10.8271403],[-74.7560734,-10.8274957],[-74.7557502,-10.8275312],[-74.7552409,-10.8275871],[-74.7546012,-10.8278408],[-74.7529767,-10.8287952],[-74.7501249,-10.8302096],[-74.7467035,-10.8316402],[-74.7449189,-10.832483],[-74.743506,-10.8339455],[-74.7427849,-10.8346002],[-74.7418949,-10.8347882],[-74.7411512,-10.8353582],[-74.7409396,-10.8356757],[-74.740606,-10.8361762],[-74.740011,-10.8364241],[-74.739317,-10.8362258],[-74.7389332,-10.8357405],[-74.7385447,-10.8349558],[-74.7378529,-10.8342372],[-74.7367617,-10.8335986],[-74.7356174,-10.8333591],[-74.7343134,-10.8333325],[-74.733169,-10.833918],[-74.7317054,-10.8349292],[-74.7311465,-10.8358606],[-74.7307141,-10.836729],[-74.7297892,-10.8376703],[-74.7293369,-10.8386017],[-74.7289909,-10.8401719],[-74.7279894,-10.8417781],[-74.726496,-10.843382],[-74.7263247,-10.8435607],[-74.7250857,-10.8448543],[-74.7230936,-10.8468053],[-74.7221251,-10.8478761],[-74.7199961,-10.8489581],[-74.7192799,-10.849322],[-74.7189336,-10.8496573],[-74.7184254,-10.8501982],[-74.717289,-10.8512612],[-74.7170837,-10.8514532],[-74.7149957,-10.8530868],[-74.7142999,-10.8535531],[-74.7129294,-10.8544716],[-74.7102789,-10.8564513],[-74.7093505,-10.8569987],[-74.7079466,-10.8581647],[-74.7074945,-10.8593307],[-74.7060906,-10.8645655],[-74.7055409,-10.8661577],[-74.7048534,-10.867516],[-74.7040919,-10.8679206],[-74.7034085,-10.8681911],[-74.7029497,-10.8683727],[-74.7020217,-10.8688961],[-74.7014154,-10.8699416],[-74.7006416,-10.8712756],[-74.7004391,-10.8719075],[-74.7004091,-10.8724668],[-74.7006689,-10.8736955],[-74.7011184,-10.874944],[-74.7011782,-10.8756231],[-74.7010322,-10.8762083],[-74.7003142,-10.8776755],[-74.7001739,-10.8778927],[-74.7003816,-10.878214],[-74.7009806,-10.8794521],[-74.7017195,-10.8812491],[-74.7015199,-10.8827667],[-74.7010055,-10.8832845],[-74.701,-10.883291],[-74.7001094,-10.8842715],[-74.6997187,-10.88483],[-74.6995897,-10.8852011],[-74.699459,-10.8860097],[-74.6992304,-10.8868202],[-74.6985097,-10.8884198],[-74.697459,-10.8903711],[-74.6969902,-10.8909296],[-74.696209,-10.8913612],[-74.6957304,-10.8918515],[-74.6955996,-10.8922597],[-74.6955292,-10.89308],[-74.6953397,-10.8939413],[-74.6954004,-10.8945605],[-74.6955605,-10.8949706],[-74.6957792,-10.8953808],[-74.69608,-10.8959706],[-74.6964004,-10.8968711],[-74.6966699,-10.8973007],[-74.6966875,-10.8977715],[-74.69658,-10.8984805],[-74.696789,-10.8990507],[-74.6969004,-10.8995605],[-74.6969101,-10.9010605],[-74.6969804,-10.9014902],[-74.6974902,-10.9022305],[-74.6977987,-10.9031698],[-74.69858,-10.904],[-74.6987695,-10.9043202],[-74.6990195,-10.9053202],[-74.6991699,-10.9057108],[-74.6995996,-10.9062812],[-74.7003202,-10.9069609],[-74.700709,-10.9076406],[-74.700789,-10.9080898],[-74.7006191,-10.9084805],[-74.7006191,-10.9088398],[-74.7013202,-10.9109413],[-74.7013691,-10.9114003],[-74.7013202,-10.9122206],[-74.7015292,-10.91308],[-74.7019394,-10.91425],[-74.7020195,-10.915],[-74.7019004,-10.9159101],[-74.7018337,-10.9161401],[-74.701709,-10.9165702],[-74.7011289,-10.9173007],[-74.7009394,-10.9174198],[-74.70033,-10.9176406],[-74.7001601,-10.9178202],[-74.7001894,-10.9180605],[-74.70058,-10.9185702],[-74.7007695,-10.9189608],[-74.7007597,-10.9191308],[-74.7005097,-10.9193612],[-74.69958,-10.9196309],[-74.6993906,-10.9199608],[-74.6991289,-10.9208515],[-74.699039,-10.9210312],[-74.6987402,-10.9212402],[-74.697789,-10.9216112],[-74.6976699,-10.9217402],[-74.6975,-10.9222597],[-74.6975487,-10.9229296],[-74.6973691,-10.9235899],[-74.6968594,-10.9242715],[-74.6968789,-10.9246913],[-74.6970097,-10.9251211],[-74.6969902,-10.9254608],[-74.6968789,-10.9256015],[-74.6963789,-10.925791],[-74.696209,-10.9259413],[-74.6960897,-10.926291],[-74.6959687,-10.9266796],[-74.6959491,-10.9272402],[-74.695789,-10.9278711],[-74.6956191,-10.9279805],[-74.6951796,-10.9281112],[-74.6948496,-10.9283515],[-74.6947695,-10.9287597],[-74.6948594,-10.9290507],[-74.6948496,-10.93],[-74.694459,-10.9306601],[-74.69408,-10.9311112],[-74.693959,-10.9314198],[-74.69375,-10.9330702],[-74.6942187,-10.9336503],[-74.6946991,-10.9344805],[-74.6954296,-10.9360312],[-74.6959491,-10.93775],[-74.6959199,-10.9386698],[-74.6963105,-10.939291],[-74.696539,-10.93983],[-74.6964902,-10.9404004],[-74.6962187,-10.9411601],[-74.6961699,-10.9415898],[-74.6965605,-10.9422402],[-74.6966601,-10.9427206],[-74.6966289,-10.9428515],[-74.6962919,-10.9432721],[-74.6961406,-10.9434608],[-74.6957695,-10.9444805],[-74.6951894,-10.945291],[-74.6951699,-10.9456601],[-74.6949687,-10.9465898],[-74.6947987,-10.9469706],[-74.6944804,-10.9474003],[-74.6943397,-10.9478808],[-74.6945195,-10.9481503],[-74.69533,-10.9487011],[-74.6953906,-10.9491211],[-74.6952695,-10.9494413],[-74.6952597,-10.950041],[-74.6959591,-10.9508721],[-74.6961094,-10.9510507],[-74.6964491,-10.95183],[-74.696459,-10.9521406],[-74.6962597,-10.9526913],[-74.6962402,-10.9530702],[-74.6966737,-10.9534375],[-74.6972695,-10.9539413],[-74.697459,-10.9543711],[-74.6974101,-10.9552108],[-74.6974394,-10.9553612],[-74.697789,-10.9557812],[-74.6985702,-10.9563105],[-74.69875,-10.9565507],[-74.6975605,-10.9572812],[-74.6967851,-10.957586],[-74.6960097,-10.9578906],[-74.6956301,-10.9579936],[-74.6953449,-10.958071],[-74.6949831,-10.9581691],[-74.6949819,-10.9581695],[-74.6949804,-10.9581699],[-74.693708,-10.9580878],[-74.6928792,-10.9577897],[-74.6920069,-10.9571863],[-74.6914252,-10.9565175],[-74.6910909,-10.9558415],[-74.690473,-10.9545547],[-74.6903349,-10.9542712],[-74.6899132,-10.9537913],[-74.6893316,-10.9533915],[-74.6884956,-10.9531153],[-74.6880957,-10.953079],[-74.6873605,-10.9530611],[-74.6861692,-10.9532825],[-74.6855861,-10.9534293],[-74.6851587,-10.953537],[-74.6844464,-10.9536387],[-74.6833704,-10.9536241],[-74.6828979,-10.9535006],[-74.6824545,-10.9532825],[-74.680797,-10.9519593],[-74.679932,-10.9513851],[-74.67963,-10.9512485],[-74.6795465,-10.9512106],[-74.6790376,-10.951138],[-74.6786159,-10.9511961],[-74.6781144,-10.951356],[-74.6777727,-10.9516759],[-74.677511,-10.9520975],[-74.6773075,-10.9530571],[-74.6770312,-10.9539731],[-74.6767405,-10.9545692],[-74.676028,-10.9553907],[-74.6739199,-10.9573391],[-74.6734681,-10.9575628],[-74.6731475,-10.9576678],[-74.6725531,-10.9578623],[-74.6715935,-10.9580803],[-74.670881,-10.9580368],[-74.6702922,-10.9577388],[-74.668911,-10.9567792],[-74.6673881,-10.9560673],[-74.6655435,-10.9553757],[-74.6645801,-10.9549392],[-74.6636496,-10.954437],[-74.6626037,-10.95349],[-74.6617391,-10.9529711],[-74.6612369,-10.9528341],[-74.6604462,-10.9528328],[-74.6599027,-10.95293],[-74.6595082,-10.9530707],[-74.6588405,-10.9533087],[-74.6583417,-10.9535722],[-74.6573747,-10.9540828],[-74.6565595,-10.954264],[-74.656123,-10.954297],[-74.655262,-10.9542193],[-74.6551184,-10.9542063],[-74.654616,-10.9543052],[-74.6541055,-10.9545029],[-74.6533421,-10.9549621],[-74.6530515,-10.9551368],[-74.6515317,-10.9556625],[-74.6501941,-10.9561251],[-74.6488106,-10.956578],[-74.6484265,-10.956682],[-74.6477154,-10.9568743],[-74.6464801,-10.9570473],[-74.6458461,-10.957105],[-74.6451557,-10.9570762],[-74.6446604,-10.9570556],[-74.6440345,-10.9571873],[-74.6431781,-10.9574342],[-74.6427087,-10.957772],[-74.6423629,-10.9580767],[-74.6421817,-10.9584143],[-74.6418111,-10.9592131],[-74.6412641,-10.9600158],[-74.6411771,-10.9601436],[-74.6407322,-10.9604482],[-74.640263,-10.9606376],[-74.639703,-10.960753],[-74.6390442,-10.9607282],[-74.6376526,-10.9605717],[-74.6363954,-10.9603203],[-74.6362115,-10.9602836],[-74.6356186,-10.9603247],[-74.6352151,-10.9605223],[-74.6344905,-10.961247],[-74.6333921,-10.9628595],[-74.6324812,-10.9633552],[-74.6315425,-10.9636021],[-74.6306284,-10.9637257],[-74.6299647,-10.963778],[-74.6295826,-10.963808],[-74.6287756,-10.9641127],[-74.6284545,-10.9643269],[-74.6281004,-10.9646727],[-74.6277627,-10.9651091],[-74.6276556,-10.9653891],[-74.6274251,-10.9661302],[-74.6273099,-10.9671596],[-74.6275651,-10.9694735],[-74.6274169,-10.9702146],[-74.6271862,-10.9706922],[-74.6265029,-10.9714416],[-74.6254076,-10.9724792],[-74.6250865,-10.972718],[-74.62437,-10.9735085],[-74.6235384,-10.974472],[-74.6226655,-10.9757812],[-74.6226167,-10.9758608],[-74.622618,-10.9758632],[-74.6225572,-10.9761816],[-74.6225759,-10.9763547],[-74.6226367,-10.9765186],[-74.6228466,-10.9767036],[-74.6231677,-10.9769423],[-74.6234889,-10.97728],[-74.6237195,-10.9777082],[-74.623962,-10.9785954],[-74.6240235,-10.9788201],[-74.6244095,-10.9801068],[-74.625322,-10.9818735],[-74.6257666,-10.9825402],[-74.6266206,-10.9833591],[-74.62703,-10.9838624],[-74.6276032,-10.9848213],[-74.6282936,-10.9856171],[-74.6298846,-10.9871261],[-74.6319905,-10.9889628],[-74.6324115,-10.9892553],[-74.6342247,-10.9905656],[-74.6352776,-10.9912792],[-74.6355585,-10.9916536],[-74.6358507,-10.9922035],[-74.6362486,-10.9934201],[-74.6365295,-10.9937476],[-74.6369037,-10.994122],[-74.6385534,-10.9951398],[-74.639536,-10.9958417],[-74.6404369,-10.996649],[-74.6413376,-10.9976316],[-74.6420746,-10.9983922],[-74.6427882,-10.9991057],[-74.6435252,-11.0000533],[-74.6438061,-11.0008722],[-74.6440751,-11.0019952],[-74.6440635,-11.002592],[-74.6438177,-11.0032471],[-74.6435837,-11.0037735],[-74.6432445,-11.005657],[-74.6433732,-11.006242],[-74.6437826,-11.0072363],[-74.6440869,-11.0077042],[-74.6444261,-11.0080436],[-74.6453152,-11.0085466],[-74.6457346,-11.0087143],[-74.6460756,-11.0088507],[-74.6465924,-11.0089676],[-74.647421,-11.0090496],[-74.6509076,-11.0088068],[-74.6541361,-11.0085817],[-74.6552006,-11.0085817],[-74.6560499,-11.0084162],[-74.6574819,-11.0081371],[-74.6584179,-11.0081255],[-74.6589574,-11.0082847],[-74.6592835,-11.0084998],[-74.6595877,-11.008921],[-74.659588,-11.0089217],[-74.6600089,-11.0099856],[-74.660395,-11.0103716],[-74.6608161,-11.0105471],[-74.6615297,-11.010746],[-74.6622154,-11.0108951],[-74.6629571,-11.010891],[-74.6636019,-11.0108581],[-74.6642439,-11.0106992],[-74.6645246,-11.0104768],[-74.6653552,-11.0097047],[-74.6668292,-11.0089561],[-74.668584,-11.0084998],[-74.6694731,-11.0082892],[-74.6700697,-11.008301],[-74.6706899,-11.0083477],[-74.6716021,-11.0085836],[-74.6729711,-11.0092016],[-74.6737782,-11.0097165],[-74.6744335,-11.0101845],[-74.675229,-11.0104768],[-74.6768082,-11.0109916],[-74.677791,-11.0112373],[-74.6785397,-11.0113426],[-74.6792299,-11.011366],[-74.6798031,-11.0113426],[-74.6807741,-11.0112139],[-74.6822597,-11.010746],[-74.6841004,-11.0100061],[-74.6846932,-11.0099036],[-74.685442,-11.0099856],[-74.6860269,-11.010161],[-74.6864246,-11.0105471],[-74.6866352,-11.0110267],[-74.6867522,-11.0119743],[-74.68715,-11.0127465],[-74.6876296,-11.0132963],[-74.6884369,-11.0139515],[-74.6892791,-11.0145481],[-74.6900746,-11.0152148],[-74.6903437,-11.0153317],[-74.691537,-11.0155892],[-74.6919231,-11.0158115],[-74.6924261,-11.0162912],[-74.6928239,-11.0163613],[-74.6958421,-11.0164081],[-74.6967807,-11.0162648],[-74.6973747,-11.0161742],[-74.6990827,-11.015718],[-74.7006477,-11.0155661],[-74.7019255,-11.0155776],[-74.703809,-11.0155892],[-74.7055639,-11.0157647],[-74.7070145,-11.0160806],[-74.7090969,-11.0166071],[-74.7100561,-11.0167475],[-74.710723,-11.0167475],[-74.7115185,-11.0166071],[-74.7118179,-11.0164943],[-74.7124194,-11.0162677],[-74.7137296,-11.0157998],[-74.7143964,-11.0156711],[-74.7147797,-11.015724],[-74.7150749,-11.0157647],[-74.7155429,-11.0159285],[-74.7160694,-11.0165602],[-74.7165021,-11.0174493],[-74.7166309,-11.0181512],[-74.7167244,-11.0193204],[-74.7167245,-11.0193211],[-74.7169584,-11.0199997],[-74.7173094,-11.0203857],[-74.717789,-11.0206197],[-74.7182921,-11.0205847],[-74.7190174,-11.0203741],[-74.7198714,-11.0198476],[-74.7203966,-11.019388],[-74.721088,-11.018783],[-74.721673,-11.0179407],[-74.7223984,-11.0172037],[-74.7232875,-11.0165135],[-74.7237204,-11.0163497],[-74.724109,-11.0162933],[-74.7248082,-11.0165251],[-74.7267854,-11.0170867],[-74.7278734,-11.0172153],[-74.7288136,-11.0172353],[-74.7296409,-11.0172303],[-74.730193,-11.0170876],[-74.7307396,-11.0168761],[-74.7314064,-11.0162443],[-74.731851,-11.015753],[-74.7320614,-11.0153552],[-74.7322837,-11.0145363],[-74.7324125,-11.013542],[-74.7326347,-11.0123955],[-74.7329506,-11.0120796],[-74.733325,-11.0119392],[-74.73391,-11.0118573],[-74.7344012,-11.01192],[-74.7352202,-11.0121381],[-74.7362497,-11.0126996],[-74.7367879,-11.0129221],[-74.7375601,-11.0131442],[-74.7383789,-11.0132963],[-74.739151,-11.0132963],[-74.7402254,-11.0132258],[-74.7411281,-11.0130272],[-74.7424851,-11.012454],[-74.7435849,-11.011951],[-74.7448716,-11.0112723],[-74.745714,-11.0107492],[-74.7457156,-11.0107491],[-74.7462376,-11.0107201],[-74.74624,-11.01072],[-74.74669,-11.01072],[-74.74693,-11.01077],[-74.74742,-11.01105],[-74.74776,-11.01134],[-74.7482,-11.01214],[-74.74872,-11.01332],[-74.74973,-11.01495],[-74.7501,-11.01587],[-74.75014,-11.01651],[-74.74949,-11.01828],[-74.7492,-11.01959],[-74.74916,-11.02009],[-74.74921,-11.02028],[-74.74932,-11.02042],[-74.74997,-11.02073],[-74.75016,-11.02092],[-74.7507351,-11.0218872],[-74.75082,-11.02203],[-74.75111,-11.02295],[-74.75123,-11.02469],[-74.75119,-11.02543],[-74.75107,-11.02736],[-74.7511564,-11.0281847],[-74.75136,-11.03013],[-74.7514289,-11.0303777],[-74.75171,-11.03139],[-74.7518275,-11.032667],[-74.75187,-11.0331297],[-74.7518709,-11.033132],[-74.7523111,-11.0341598],[-74.7523602,-11.0346656],[-74.752314,-11.0351276],[-74.7521939,-11.0355986],[-74.7518705,-11.0361623],[-74.7514732,-11.0367628],[-74.7512086,-11.0370636],[-74.7505692,-11.03779],[-74.7505321,-11.0378278],[-74.75053,-11.03783],[-74.7498,-11.03943],[-74.74956,-11.04064],[-74.7495596,-11.0406417],[-74.74919,-11.04249],[-74.74895,-11.044],[-74.74893,-11.04442],[-74.74925,-11.04705],[-74.7498,-11.04861],[-74.74989,-11.04906],[-74.74989,-11.04917],[-74.74988,-11.04941],[-74.74861,-11.05267],[-74.74811,-11.0549],[-74.74782,-11.05589],[-74.74738,-11.0569],[-74.74693,-11.05794],[-74.74645,-11.06076],[-74.74642,-11.06407],[-74.74594,-11.06743],[-74.74606,-11.06922],[-74.74623,-11.06988],[-74.74654,-11.07029],[-74.74688,-11.07058],[-74.74747,-11.07093],[-74.74821,-11.07123],[-74.74889,-11.07143],[-74.75262,-11.07197],[-74.75431,-11.07231],[-74.75544,-11.07261],[-74.75618,-11.07267],[-74.75705,-11.07261],[-74.75866,-11.07214],[-74.75982,-11.07163],[-74.76017,-11.07155],[-74.76153,-11.07158],[-74.76215,-11.07173],[-74.76265,-11.07201],[-74.76301,-11.07239],[-74.76343,-11.07313],[-74.76411,-11.07462],[-74.76435,-11.07515],[-74.76546,-11.0764],[-74.76669,-11.07724],[-74.76743,-11.07891],[-74.76763,-11.07977],[-74.76769,-11.08071],[-74.7668,-11.08353],[-74.76664,-11.08448],[-74.76676,-11.0848],[-74.76728,-11.08543],[-74.76751,-11.08561],[-74.76891,-11.08599],[-74.77139,-11.08681],[-74.77235,-11.08719],[-74.77401,-11.08739],[-74.77567,-11.08734],[-74.77648,-11.0874],[-74.77828,-11.08773],[-74.77928,-11.08818],[-74.7794744,-11.0885157],[-74.77961,-11.08875],[-74.77962,-11.08904],[-74.7794,-11.08978],[-74.77865,-11.0915],[-74.77843,-11.09236],[-74.77845,-11.09247],[-74.77848,-11.09266],[-74.77897,-11.09386],[-74.78032,-11.09623],[-74.7812,-11.09703],[-74.78318,-11.09813],[-74.78415,-11.09885],[-74.78474,-11.09999],[-74.78545,-11.10165],[-74.7857,-11.10192],[-74.78599,-11.10197],[-74.78625,-11.10191],[-74.78701,-11.10127],[-74.78755,-11.10036],[-74.78809,-11.09915],[-74.78864,-11.09848],[-74.78893,-11.09824],[-74.78944,-11.09794],[-74.79051,-11.09773],[-74.79139,-11.09771],[-74.79178,-11.09776],[-74.79272,-11.09807],[-74.79286,-11.09836],[-74.79288,-11.09859],[-74.79274,-11.09896],[-74.79241,-11.09944],[-74.7919,-11.09987],[-74.79153,-11.10034],[-74.79133,-11.10071],[-74.7913,-11.10102],[-74.7913005,-11.1010216],[-74.79141,-11.1014],[-74.79155,-11.10164],[-74.79234,-11.10254],[-74.79306,-11.10296],[-74.79331,-11.10298],[-74.79412,-11.10275],[-74.79507,-11.1023],[-74.79584,-11.10218],[-74.79622,-11.10226],[-74.79759,-11.1029],[-74.79867,-11.10288],[-74.7993101,-11.10281],[-74.79959,-11.10278],[-74.80009,-11.10282],[-74.80037,-11.103],[-74.80068,-11.10338],[-74.80112,-11.10432],[-74.80158,-11.10509],[-74.80179,-11.10527],[-74.80292,-11.10569],[-74.80462,-11.10604],[-74.80573,-11.10616],[-74.80655,-11.10616],[-74.80682,-11.10626],[-74.80691,-11.10643],[-74.8069,-11.10662],[-74.80657,-11.1071],[-74.80646,-11.10742],[-74.8065,-11.10767],[-74.8065996,-11.1077696],[-74.8066001,-11.1077701],[-74.80669,-11.10785],[-74.80699,-11.10792],[-74.8091474,-11.1078647],[-74.80933,-11.10786],[-74.81025,-11.10788],[-74.81042,-11.10794],[-74.81118,-11.10888],[-74.81154,-11.10962],[-74.81225,-11.11146],[-74.81299,-11.11243],[-74.8130722,-11.1130058],[-74.81288,-11.11323],[-74.81267,-11.11357],[-74.81229,-11.11395],[-74.81227,-11.1143],[-74.81233,-11.11451],[-74.81279,-11.11487],[-74.81476,-11.11567],[-74.8156,-11.11611],[-74.8163,-11.1164],[-74.81707,-11.11684],[-74.81775,-11.11713],[-74.81808,-11.11751],[-74.8181,-11.11766],[-74.81799,-11.11788],[-74.8166,-11.11982],[-74.81623,-11.12051],[-74.81596,-11.12124],[-74.8159,-11.12155],[-74.81591,-11.12223],[-74.81609,-11.12326],[-74.8162,-11.12352],[-74.81638,-11.12354],[-74.81662,-11.12343],[-74.81775,-11.12247],[-74.81862,-11.12192],[-74.8194,-11.1218],[-74.82018,-11.12182],[-74.82102,-11.1224],[-74.82126,-11.12288],[-74.82148,-11.12352],[-74.8216,-11.12369],[-74.82221,-11.12396],[-74.8227,-11.12399],[-74.82376,-11.12435],[-74.82386,-11.12446],[-74.82383,-11.12484],[-74.8236,-11.12522],[-74.82306,-11.12543],[-74.82285,-11.12561],[-74.82229,-11.12584],[-74.8221,-11.12599],[-74.82196,-11.12632],[-74.82206,-11.12655],[-74.82228,-11.12662],[-74.82319,-11.12653],[-74.82398,-11.12655],[-74.82528,-11.12714],[-74.82596,-11.12719],[-74.82614,-11.12713],[-74.82697,-11.1265],[-74.82759,-11.12579],[-74.82828,-11.12473],[-74.82876,-11.12422],[-74.82898,-11.12409],[-74.82992,-11.12402],[-74.83099,-11.12426],[-74.83111,-11.12435],[-74.83175,-11.12481],[-74.83281,-11.12595],[-74.83299,-11.12605],[-74.83346,-11.12606],[-74.83368,-11.12593],[-74.83485,-11.12475],[-74.83576,-11.12404],[-74.83643,-11.12367],[-74.8371,-11.12367],[-74.83725,-11.12377],[-74.83736,-11.12397],[-74.83743,-11.12446],[-74.83733,-11.12513],[-74.83703,-11.12612],[-74.83674,-11.12752],[-74.83671,-11.12807],[-74.83675,-11.12845],[-74.83734,-11.1296],[-74.83777,-11.13019],[-74.83891,-11.13087],[-74.8392,-11.13096],[-74.83991,-11.13093],[-74.84066,-11.13046],[-74.84139,-11.12973],[-74.84163,-11.12926],[-74.84161,-11.12884],[-74.84118,-11.12804],[-74.84023,-11.12704],[-74.84021,-11.1267],[-74.84028,-11.12652],[-74.84055,-11.12635],[-74.84149,-11.12608],[-74.84261,-11.12567],[-74.84307,-11.12564],[-74.84332,-11.12569],[-74.84428,-11.12669],[-74.8447,-11.12738],[-74.84498,-11.12796],[-74.84514,-11.12817],[-74.84544,-11.12836],[-74.84684,-11.1289],[-74.84737,-11.12991],[-74.84746,-11.1303],[-74.84747,-11.13062],[-74.84759,-11.13286],[-74.84779,-11.13478],[-74.84804,-11.13582],[-74.84821,-11.13616],[-74.84849,-11.13634],[-74.84947,-11.13667],[-74.85095,-11.13699],[-74.85169,-11.13722],[-74.85243,-11.13752],[-74.85327,-11.13811],[-74.85461,-11.13938],[-74.85477,-11.13961],[-74.85482,-11.13993],[-74.85473,-11.14025],[-74.8542,-11.14087],[-74.85357,-11.14132],[-74.85342,-11.1418],[-74.85345,-11.14197],[-74.85432,-11.14277],[-74.85466,-11.14329],[-74.85474,-11.14353],[-74.85465,-11.14444],[-74.85401,-11.14552],[-74.8536,-11.14649],[-74.85376,-11.14736],[-74.85424,-11.148],[-74.85468,-11.14815],[-74.8558085,-11.1483663],[-74.8558115,-11.1483668],[-74.8558131,-11.1483672],[-74.8558139,-11.1483673],[-74.8558611,-11.1483763],[-74.85588,-11.14838],[-74.85607,-11.14841],[-74.8563,-11.14836],[-74.85671,-11.14813],[-74.8576,-11.14726],[-74.8581,-11.14646],[-74.85898,-11.14404],[-74.85929,-11.14382],[-74.85967,-11.14381],[-74.85989,-11.14394],[-74.86034,-11.14438],[-74.86117,-11.14541],[-74.86242,-11.14665],[-74.8627374,-11.1467946],[-74.86332,-11.14706],[-74.86433,-11.14741],[-74.86497,-11.14786],[-74.86505,-11.14803],[-74.86506,-11.1482],[-74.86471,-11.14954],[-74.86465,-11.15007],[-74.8647,-11.15029],[-74.86509,-11.15087],[-74.86587,-11.15133],[-74.86641,-11.15177],[-74.86704,-11.15262],[-74.8672906,-11.153149],[-74.8674,-11.15338],[-74.86819,-11.15465],[-74.86843,-11.15489],[-74.86905,-11.15517],[-74.87079,-11.15573],[-74.87123,-11.15578],[-74.87157,-11.15567],[-74.87186,-11.15543],[-74.87199,-11.15518],[-74.87206,-11.15465],[-74.87206,-11.15382],[-74.87233,-11.15245],[-74.87265,-11.15196],[-74.8730841,-11.1519087],[-74.87337,-11.15226],[-74.87356,-11.15277],[-74.87356,-11.15329],[-74.87356,-11.15466],[-74.87368,-11.15507],[-74.87388,-11.15526],[-74.87419,-11.15538],[-74.87588,-11.15533],[-74.87671,-11.15546],[-74.87694,-11.15567],[-74.87794,-11.15735],[-74.87801,-11.1577],[-74.8779,-11.1585],[-74.87762,-11.15937],[-74.87732,-11.16001],[-74.87717,-11.16124],[-74.87723,-11.1615],[-74.87752,-11.16196],[-74.878,-11.16238],[-74.87874,-11.16271],[-74.87946,-11.16283],[-74.88059,-11.16302],[-74.88168,-11.1633],[-74.88189,-11.16335],[-74.88249,-11.16381],[-74.88318,-11.16475],[-74.88411,-11.16512],[-74.88511,-11.16542],[-74.88679,-11.16564],[-74.88854,-11.16597],[-74.88927,-11.16618],[-74.89011,-11.16665],[-74.89038,-11.16674],[-74.89094,-11.16683],[-74.8936,-11.16728],[-74.89577,-11.16753],[-74.89686,-11.16778],[-74.89719,-11.16771],[-74.89762,-11.16743],[-74.89824,-11.1667],[-74.89854,-11.16645],[-74.89891,-11.16646],[-74.89914,-11.16666],[-74.89931,-11.16707],[-74.89935,-11.16731],[-74.89937,-11.16748],[-74.89928,-11.16854],[-74.89914,-11.16894],[-74.89859,-11.16979],[-74.8978,-11.17077],[-74.89778,-11.17079],[-74.89621,-11.17208],[-74.89389,-11.17351],[-74.8934144,-11.1738868],[-74.89312,-11.17412],[-74.89181,-11.17564],[-74.89106,-11.17705],[-74.8908,-11.17813],[-74.89063,-11.17859],[-74.89062,-11.17911],[-74.89073,-11.17988],[-74.8911,-11.18119],[-74.89142,-11.18179],[-74.89148,-11.18206],[-74.89148,-11.18277],[-74.89137,-11.18361],[-74.89133,-11.18442],[-74.89148,-11.18701],[-74.89137,-11.18883],[-74.89141,-11.18914],[-74.89143,-11.18929],[-74.89155,-11.18962],[-74.89182,-11.19007],[-74.89246,-11.1905],[-74.89415,-11.19081],[-74.8949921,-11.1913301],[-74.89556,-11.19168],[-74.89597,-11.19171],[-74.89648,-11.19164],[-74.89683,-11.19152],[-74.89743,-11.19112],[-74.89823,-11.19043],[-74.89826,-11.19039],[-74.89965,-11.18877],[-74.90068,-11.18742],[-74.90116,-11.18699],[-74.90193,-11.1865],[-74.90254,-11.18628],[-74.90363,-11.18625],[-74.90467,-11.18664],[-74.90499,-11.18696],[-74.906,-11.1886],[-74.90601,-11.19123],[-74.90601,-11.1913],[-74.90593,-11.1933],[-74.90569,-11.19405],[-74.90529,-11.19495],[-74.90469,-11.19589],[-74.90427,-11.19668],[-74.90401,-11.1974],[-74.90371,-11.19866],[-74.90294,-11.1999],[-74.90281,-11.20087],[-74.90282,-11.20103],[-74.90286,-11.20171],[-74.9031861,-11.2025771],[-74.9033,-11.20288],[-74.90374,-11.20377],[-74.9052,-11.20588],[-74.90571,-11.20679],[-74.90606,-11.20762],[-74.90659,-11.20843],[-74.90717,-11.20902],[-74.90789,-11.20944],[-74.90872,-11.21009],[-74.90902,-11.21056],[-74.90971,-11.21162],[-74.91066,-11.21238],[-74.91098,-11.21277],[-74.91105,-11.21308],[-74.91091,-11.21404],[-74.91106,-11.21575],[-74.91099,-11.21599],[-74.91081,-11.21615],[-74.91006,-11.21652],[-74.90898,-11.21695],[-74.90819,-11.21754],[-74.90807,-11.21771],[-74.90803,-11.21776],[-74.90789,-11.21879],[-74.90794,-11.21915],[-74.90798,-11.21929],[-74.90804,-11.21951],[-74.90841,-11.21998],[-74.90916,-11.22046],[-74.90968,-11.22094],[-74.90999,-11.22152],[-74.91027,-11.22243],[-74.91025,-11.22264],[-74.91006,-11.22301],[-74.9096,-11.22348],[-74.90771,-11.2249],[-74.90747,-11.22526],[-74.90671,-11.22594],[-74.90625,-11.22652],[-74.90594,-11.22736],[-74.9057489,-11.2278857],[-74.90562,-11.22824],[-74.90518,-11.23122],[-74.90464,-11.23248],[-74.90388,-11.23334],[-74.9023,-11.23511],[-74.90246,-11.23555],[-74.90349,-11.23662],[-74.90354,-11.23713],[-74.90336,-11.23744],[-74.90273,-11.23786],[-74.9024,-11.23797],[-74.90181,-11.23804],[-74.90057,-11.23792],[-74.89998,-11.23766],[-74.8985,-11.23702],[-74.89753,-11.23653],[-74.89605,-11.23558],[-74.89461,-11.23442],[-74.89374,-11.23388],[-74.8934199,-11.2335097],[-74.8923934,-11.233429],[-74.89123,-11.23387],[-74.89083,-11.23401],[-74.89062,-11.23431],[-74.8907,-11.23562],[-74.8906,-11.23645],[-74.89038,-11.23715],[-74.88952,-11.23808],[-74.88851,-11.23886],[-74.88809,-11.23954],[-74.88803,-11.23985],[-74.88807,-11.2405],[-74.88822,-11.24092],[-74.88842,-11.24119],[-74.88978,-11.24235],[-74.89146,-11.24357],[-74.8922,-11.24387],[-74.89304,-11.24421],[-74.89394,-11.24475],[-74.89419,-11.24504],[-74.89479,-11.246],[-74.89487,-11.24627],[-74.8948,-11.24749],[-74.89459,-11.24851],[-74.89354,-11.25073],[-74.89324,-11.25117],[-74.89258,-11.25213],[-74.89162,-11.25365],[-74.89107,-11.25554],[-74.89094,-11.25661],[-74.89096,-11.25852],[-74.89126,-11.25947],[-74.89133,-11.25963],[-74.89189,-11.26086],[-74.89209,-11.26186],[-74.89223,-11.26322],[-74.8921,-11.26377],[-74.89179,-11.2645],[-74.8908691,-11.2661485],[-74.89059,-11.26685],[-74.89008,-11.26915],[-74.89006,-11.26959],[-74.8900997,-11.2696891],[-74.8901026,-11.2696963],[-74.89012,-11.26974],[-74.89014,-11.26982],[-74.89036,-11.27009],[-74.89122,-11.27063],[-74.89283,-11.2712],[-74.8939,-11.27144],[-74.89732,-11.27186],[-74.898,-11.27187],[-74.89832,-11.2718],[-74.89994,-11.27126],[-74.90083,-11.27125],[-74.90168,-11.27135],[-74.90195,-11.27138],[-74.90242,-11.2715],[-74.90439,-11.27199],[-74.90483,-11.27219],[-74.90608,-11.27353],[-74.90686,-11.27389],[-74.90715,-11.27403],[-74.90739,-11.2741],[-74.91057,-11.27498],[-74.91321,-11.27528],[-74.91442,-11.27553],[-74.91505,-11.27577],[-74.91592,-11.27633],[-74.9173,-11.27753],[-74.91982,-11.2792],[-74.9205,-11.27976],[-74.9212005,-11.2803355],[-74.92246,-11.28137],[-74.92477,-11.28359],[-74.92551,-11.28451],[-74.92582,-11.28503],[-74.92645,-11.2865],[-74.92733,-11.28739],[-74.92812,-11.28846],[-74.92852,-11.28862],[-74.92905,-11.28863],[-74.92942,-11.28844],[-74.92958,-11.28829],[-74.9301054,-11.288209],[-74.93123,-11.28868],[-74.9329,-11.28895],[-74.93362,-11.2895],[-74.9339,-11.28959],[-74.93492,-11.28991],[-74.93544,-11.29017],[-74.93679,-11.29191],[-74.93696,-11.29202],[-74.93783,-11.29226],[-74.93863,-11.29258],[-74.93909,-11.29258],[-74.93973,-11.29247],[-74.94024,-11.29238],[-74.94086,-11.29238],[-74.94154,-11.29257],[-74.94192,-11.29261],[-74.94213,-11.29278],[-74.9428,-11.2931],[-74.94346,-11.29316],[-74.94449,-11.29314],[-74.94518,-11.29321],[-74.94568,-11.29337],[-74.9461855,-11.2937461],[-74.94725,-11.2946],[-74.94809,-11.29509],[-74.94957,-11.29541],[-74.95036,-11.29537],[-74.95189,-11.29549],[-74.95342,-11.29561],[-74.95418,-11.29628],[-74.95441,-11.29644],[-74.95455,-11.29654],[-74.95499,-11.2967],[-74.95561,-11.29691],[-74.95676,-11.29777],[-74.9575,-11.29808],[-74.958965,-11.29819],[-74.96043,-11.2983],[-74.96095,-11.29843],[-74.96114,-11.29853],[-74.9617,-11.29882],[-74.96234,-11.29904],[-74.96424,-11.29925],[-74.96732,-11.29995],[-74.967805,-11.3001345],[-74.96824,-11.3003],[-74.96914,-11.30044],[-74.96938,-11.30048],[-74.97056,-11.30052],[-74.97082,-11.3006],[-74.97328,-11.3003],[-74.97391,-11.30029],[-74.97451,-11.30039],[-74.97566,-11.30058],[-74.97717,-11.30061],[-74.9783,-11.30062],[-74.97975,-11.30081],[-74.98098,-11.30025],[-74.982,-11.30008],[-74.98366,-11.29993],[-74.9847,-11.29959],[-74.98643,-11.29918],[-74.98679,-11.29898],[-74.9868147,-11.2989755],[-74.98701,-11.29894],[-74.98719,-11.29877],[-74.98746,-11.2987],[-74.98764,-11.29854],[-74.99025,-11.29817],[-74.99084,-11.29789],[-74.99097,-11.29781],[-74.9910301,-11.2977737],[-74.9916,-11.29743],[-74.99219,-11.29697],[-74.99246,-11.29686],[-74.99292,-11.29687],[-74.99354,-11.29722],[-74.9947401,-11.2972968],[-74.99597,-11.29732],[-74.99705,-11.29742],[-74.99749,-11.29732],[-74.9983,-11.29696],[-74.99884,-11.29679],[-74.99905,-11.29672],[-74.99945,-11.29685],[-74.9998791,-11.2971152],[-74.999973,-11.2971258],[-75.0000502,-11.2971258],[-75.0001849,-11.2970961],[-75.0003434,-11.2970268],[-75.0005771,-11.2969357],[-75.0007356,-11.2968845],[-75.0015435,-11.296549],[-75.00183,-11.29643],[-75.00306,-11.29629],[-75.00421,-11.29586],[-75.00436,-11.2958],[-75.00497,-11.29572],[-75.00627,-11.29586],[-75.00738,-11.29607],[-75.0081295,-11.2961466],[-75.00826,-11.29616],[-75.00918,-11.29609],[-75.01021,-11.29578],[-75.0107731,-11.2957075],[-75.01153,-11.29561],[-75.01244,-11.2957],[-75.01423,-11.29615],[-75.01462,-11.29611],[-75.01534,-11.29586],[-75.01552,-11.29584],[-75.01594,-11.29598],[-75.0172,-11.29695],[-75.0176411,-11.2972101],[-75.01798,-11.29741],[-75.01849,-11.29792],[-75.01941,-11.29845],[-75.0199236,-11.2986865],[-75.02004,-11.29874],[-75.0202194,-11.2987681],[-75.02106,-11.2989],[-75.0211615,-11.2989422],[-75.021539,-11.2990996],[-75.0215397,-11.2990998],[-75.0215409,-11.2991006],[-75.0229026,-11.3002642],[-75.0237381,-11.3007827],[-75.0244776,-11.3009748],[-75.0259085,-11.3011188],[-75.0299984,-11.3018248],[-75.0317052,-11.3018941],[-75.0340351,-11.302563],[-75.0360189,-11.3035318],[-75.0377719,-11.3041316],[-75.0389022,-11.3039701],[-75.0406784,-11.3026322],[-75.0416702,-11.3013635],[-75.0427775,-11.2991952],[-75.0441604,-11.2975862],[-75.0447982,-11.2966856],[-75.0452314,-11.2962292],[-75.045703,-11.2957323],[-75.0469182,-11.294697],[-75.0472429,-11.2944286],[-75.0497322,-11.2923707],[-75.0498566,-11.292348],[-75.0506515,-11.2922018],[-75.0515334,-11.292277],[-75.0527715,-11.2930085],[-75.0547975,-11.2936277],[-75.0562046,-11.2937777],[-75.0571426,-11.2937027],[-75.0586622,-11.2931398],[-75.0613849,-11.2924148],[-75.0619565,-11.2921045],[-75.0620685,-11.2920436],[-75.0628107,-11.2912232],[-75.0631819,-11.2910475],[-75.0635921,-11.2910865],[-75.0644907,-11.2911841],[-75.0655065,-11.2909302],[-75.0663187,-11.2903707],[-75.0663855,-11.2903247],[-75.0668739,-11.2891917],[-75.0676309,-11.2875262],[-75.0676552,-11.2874727],[-75.0686425,-11.2859193],[-75.0695392,-11.2851066],[-75.0715009,-11.2839577],[-75.0726217,-11.2829208],[-75.0737146,-11.2809872],[-75.0743311,-11.2802307],[-75.0770492,-11.2789696],[-75.0782262,-11.2786335],[-75.0808965,-11.2778047],[-75.080852,-11.2772907],[-75.0808324,-11.2770641],[-75.0802999,-11.2753547],[-75.0777499,-11.2701145],[-75.076324,-11.2679427],[-75.0758912,-11.2675765],[-75.0752204,-11.2671483],[-75.073468,-11.2662641],[-75.0717009,-11.2653725],[-75.0707319,-11.264605],[-75.0691781,-11.2632922],[-75.06759,-11.26213],[-75.067589,-11.2621299],[-75.06731,-11.2621],[-75.06662,-11.26224],[-75.06601,-11.26225],[-75.06552,-11.26238],[-75.06454,-11.26236],[-75.06381,-11.26211],[-75.06226,-11.26096],[-75.06129,-11.25971],[-75.06089,-11.25936],[-75.0607647,-11.259294],[-75.0605466,-11.2591788],[-75.05998,-11.25888],[-75.05943,-11.25866],[-75.05686,-11.25817],[-75.05436,-11.25675],[-75.05344,-11.25599],[-75.05279,-11.25526],[-75.05135,-11.25392],[-75.05093,-11.25337],[-75.05045,-11.25244],[-75.05027,-11.25162],[-75.05022,-11.25106],[-75.05027,-11.25019],[-75.05061,-11.24854],[-75.05052,-11.24758],[-75.05075,-11.24676],[-75.05054,-11.24468],[-75.05054,-11.24382],[-75.0508,-11.24311],[-75.05138,-11.24111],[-75.05152,-11.2399],[-75.05148,-11.23838],[-75.05153,-11.23735],[-75.05175,-11.23636],[-75.05183,-11.23554],[-75.05211,-11.23459],[-75.05124,-11.23391],[-75.05064,-11.23332],[-75.0502,-11.23253],[-75.05001,-11.23189],[-75.04987,-11.23019],[-75.04965,-11.22927],[-75.049259,-11.228003],[-75.04915,-11.22765],[-75.04751,-11.22456],[-75.0461,-11.22251],[-75.04573,-11.22158],[-75.04504,-11.22104],[-75.04447,-11.22009],[-75.0442,-11.21885],[-75.04325,-11.21718],[-75.04316,-11.21686],[-75.0432,-11.21598],[-75.04312,-11.2157],[-75.04257,-11.21508],[-75.04203,-11.21431],[-75.04149,-11.21369],[-75.04132,-11.21288],[-75.0414,-11.21206],[-75.04156,-11.21157],[-75.04199,-11.21081],[-75.04206,-11.21046],[-75.04204,-11.21004],[-75.0419276,-11.2096582],[-75.04056,-11.20835],[-75.04027,-11.20781],[-75.03995,-11.20656],[-75.03966,-11.20606],[-75.03855,-11.20451],[-75.03841,-11.20381],[-75.03828,-11.20316],[-75.03824,-11.20245],[-75.03831,-11.20096],[-75.03777,-11.20059],[-75.0371,-11.19987],[-75.03674,-11.19939],[-75.0363,-11.19834],[-75.03605,-11.19787],[-75.03581,-11.19741],[-75.03552,-11.19648],[-75.03556,-11.19585],[-75.03577,-11.19482],[-75.0358,-11.194],[-75.03546,-11.19248],[-75.03569,-11.19195],[-75.03571,-11.19134],[-75.03552,-11.19076],[-75.03489,-11.18971],[-75.0345,-11.18847],[-75.03435,-11.18703],[-75.03407,-11.18659],[-75.03371,-11.18631],[-75.0334,-11.18623],[-75.03243,-11.18625],[-75.03155,-11.18611],[-75.03085,-11.1856],[-75.03057,-11.18514],[-75.03046,-11.18461],[-75.03047,-11.18432],[-75.03087,-11.18351],[-75.03131,-11.18291],[-75.03171,-11.18253],[-75.03249,-11.18215],[-75.03397,-11.18173],[-75.03437,-11.1815],[-75.03452,-11.18133],[-75.03477,-11.18076],[-75.03481,-11.17983],[-75.03495,-11.17909],[-75.03494,-11.17812],[-75.03489,-11.17778],[-75.03473,-11.17742],[-75.0345,-11.17706],[-75.03389,-11.17642],[-75.03367,-11.17603],[-75.03337,-11.17546],[-75.03269,-11.17459],[-75.03237,-11.1743],[-75.03176,-11.17398],[-75.03132,-11.17365],[-75.03099,-11.17245],[-75.0306289,-11.1720097],[-75.03038,-11.1716],[-75.02941,-11.171],[-75.02891,-11.17082],[-75.02871,-11.17067],[-75.02818,-11.16969],[-75.02764,-11.16884],[-75.02713,-11.16747],[-75.02691,-11.16633],[-75.02697,-11.16572],[-75.02781,-11.16404],[-75.02784,-11.16364],[-75.02775,-11.16333],[-75.02641,-11.16156],[-75.02457,-11.15845],[-75.02302,-11.15685],[-75.0227834,-11.1564658],[-75.02225,-11.1556],[-75.02185,-11.1551],[-75.02016,-11.15342],[-75.01963,-11.15276],[-75.0193,-11.1521],[-75.01911,-11.15115],[-75.01881,-11.15035],[-75.01758,-11.148],[-75.01725,-11.14704],[-75.0171,-11.14645],[-75.0165,-11.1453],[-75.0159,-11.14448],[-75.01466,-11.14329],[-75.01428,-11.14283],[-75.01378,-11.1418],[-75.01373,-11.14106],[-75.01383,-11.1405],[-75.01399,-11.14021],[-75.01419,-11.14002],[-75.01458,-11.13979],[-75.01479,-11.13972],[-75.015,-11.13977],[-75.0164,-11.14085],[-75.01715,-11.14133],[-75.01778,-11.14149],[-75.01828,-11.14148],[-75.01858,-11.1414],[-75.01902,-11.14114],[-75.01986,-11.14038],[-75.02059,-11.1394],[-75.02077,-11.13878],[-75.02073,-11.13767],[-75.02062,-11.13717],[-75.02033,-11.1364],[-75.01994,-11.1357],[-75.0193515,-11.13475],[-75.01857,-11.13387],[-75.01786,-11.13217],[-75.0169,-11.13106],[-75.01621,-11.13011],[-75.01573,-11.12912],[-75.01535,-11.12762],[-75.01527,-11.12683],[-75.01529,-11.12603],[-75.01548,-11.12474],[-75.01553,-11.12403],[-75.0155319,-11.1240265],[-75.0158615,-11.1234036],[-75.0159115,-11.1233092],[-75.0160741,-11.1226162],[-75.0160246,-11.1220365],[-75.0158125,-11.1215275],[-75.01533,-11.12109],[-75.0153204,-11.1210691],[-75.01521,-11.12083],[-75.01504,-11.12059],[-75.01428,-11.11983],[-75.01363,-11.11959],[-75.01294,-11.11961],[-75.01163,-11.11998],[-75.01081,-11.12009],[-75.01005,-11.12002],[-75.00935,-11.11976],[-75.00877,-11.11931],[-75.0084,-11.11877],[-75.00751,-11.1178],[-75.00712,-11.1176],[-75.00669,-11.11747],[-75.00528,-11.11734],[-75.00466,-11.11714],[-75.00366,-11.11638],[-75.0023,-11.11493],[-75.00178,-11.11461],[-75.00071,-11.11413],[-75.0,-11.1133],[-74.99989,-11.11317],[-74.99961,-11.11251],[-74.99909,-11.11175],[-74.99843,-11.11033],[-74.99836,-11.10981],[-74.99852,-11.10951],[-74.99863,-11.10907],[-74.99867,-11.10877],[-74.99863,-11.10812],[-74.9985,-11.10758],[-74.99835,-11.1075],[-74.99807,-11.1072],[-74.99774,-11.10706],[-74.9962,-11.10709],[-74.99423,-11.10753],[-74.99342,-11.10735],[-74.99327,-11.1071],[-74.99291,-11.10606],[-74.9926317,-11.1058707],[-74.99241,-11.10572],[-74.99133,-11.10544],[-74.99095,-11.10529],[-74.99023,-11.10476],[-74.99007,-11.10454],[-74.98989,-11.10392],[-74.98987,-11.10387],[-74.98997,-11.10239],[-74.99009,-11.10173],[-74.99056,-11.10088],[-74.99075,-11.10067],[-74.99116,-11.1004],[-74.99132,-11.10029],[-74.99218,-11.09992],[-74.99273,-11.09985],[-74.99387,-11.09991],[-74.99462,-11.09971],[-74.99654,-11.09865],[-74.99729,-11.09817],[-74.99834,-11.09739],[-75.0,-11.09666],[-75.00108,-11.09629],[-75.00334,-11.09521],[-75.00426,-11.09425],[-75.00471,-11.0935],[-75.00483,-11.0932],[-75.00494,-11.0924],[-75.00483,-11.09176],[-75.00365,-11.08999],[-75.00328,-11.08961],[-75.0032582,-11.089548],[-75.0023277,-11.0870552],[-75.0018605,-11.0855517],[-75.0018601,-11.0855497],[-75.0018601,-11.0855486],[-75.00189,-11.08505],[-75.00237,-11.08264],[-75.00237,-11.08163],[-75.00231,-11.08136],[-75.00189,-11.08042],[-75.00081,-11.08005],[-75.0,-11.07976],[-74.99979,-11.07952],[-74.99952,-11.0791],[-74.99945,-11.07867],[-74.99944,-11.07814],[-75.0,-11.07736],[-75.0013,-11.07627],[-75.00205,-11.07558],[-75.00243,-11.07512],[-75.00266,-11.07428],[-75.00267,-11.07334],[-75.00268,-11.0724],[-75.00222,-11.07156],[-75.00173,-11.07096],[-75.00081,-11.0701],[-75.00044,-11.06981],[-75.0002017,-11.0693335],[-75.0001451,-11.0692203],[-75.0001451,-11.0691655],[-75.0001642,-11.0690608],[-75.0002885,-11.0688565],[-75.00056,-11.06841],[-75.00167,-11.06693],[-75.00217,-11.06606],[-75.00228,-11.06515],[-75.00208,-11.06447],[-75.00194,-11.06423],[-75.0016,-11.06381],[-75.00068,-11.063],[-75.00059,-11.06292],[-75.00043,-11.06242],[-75.00043,-11.06222],[-75.00061,-11.06194],[-75.00096,-11.0616],[-75.0016,-11.06127],[-75.00209,-11.06111],[-75.00267,-11.06106],[-75.00368,-11.06084],[-75.004,-11.06058],[-75.00506,-11.05971],[-75.00533,-11.05955],[-75.00552,-11.05932],[-75.00575,-11.05889],[-75.00601,-11.05866],[-75.00657,-11.05814],[-75.00862,-11.05672],[-75.00937,-11.05582],[-75.00963,-11.05532],[-75.0096,-11.05469],[-75.00924,-11.05436],[-75.00867,-11.05435],[-75.00571,-11.05448],[-75.00424,-11.05432],[-75.00345,-11.05413],[-75.00279,-11.05386],[-75.00269,-11.05374],[-75.00253,-11.05332],[-75.002357,-11.0523723],[-75.00232,-11.05217],[-75.00245,-11.05001],[-75.00256,-11.04946],[-75.00266,-11.04925],[-75.00305,-11.0489],[-75.0037,-11.04881],[-75.00418,-11.04858],[-75.00426,-11.04842],[-75.00434,-11.04793],[-75.00431,-11.04765],[-75.00395,-11.04713],[-75.00301,-11.04621],[-75.00283,-11.04618],[-75.00231,-11.04639],[-75.0012,-11.0474],[-75.00071,-11.04775],[-75.0,-11.04824],[-74.99963,-11.04836],[-74.99926,-11.04838],[-74.999,-11.04826],[-74.99881,-11.04803],[-74.99855,-11.04779],[-74.99822,-11.04711],[-74.99788,-11.04664],[-74.9976,-11.04664],[-74.99711,-11.04685],[-74.99667,-11.04779],[-74.99646,-11.04797],[-74.9961,-11.04808],[-74.99521,-11.048],[-74.99462,-11.04782],[-74.99435,-11.04765],[-74.99421,-11.04755],[-74.99394,-11.04717],[-74.99391,-11.04698],[-74.99398,-11.0468],[-74.99463,-11.04582],[-74.99481,-11.04523],[-74.99489,-11.04456],[-74.99486,-11.04439],[-74.99462,-11.04397],[-74.99401,-11.04322],[-74.994,-11.04273],[-74.99427,-11.04187],[-74.99449,-11.04165],[-74.99491,-11.04087],[-74.99504,-11.04045],[-74.99498,-11.04021],[-74.99505,-11.04014],[-74.99513,-11.03992],[-74.99514,-11.03966],[-74.99503,-11.03921],[-74.99481,-11.03889],[-74.99427,-11.03849],[-74.99312,-11.03794],[-74.99239,-11.03748],[-74.99219,-11.03729],[-74.99188,-11.03684],[-74.99187,-11.03643],[-74.99208,-11.0355],[-74.99206,-11.03539],[-74.9918301,-11.03425],[-74.99128,-11.03376],[-74.99056,-11.03355],[-74.99019,-11.03328],[-74.99007,-11.03263],[-74.99022,-11.03221],[-74.99072,-11.03165],[-74.99093,-11.03007],[-74.99118,-11.02945],[-74.99131,-11.0289],[-74.99134,-11.02844],[-74.99118,-11.02745],[-74.99124,-11.02708],[-74.99149,-11.02655],[-74.99218,-11.02596],[-74.99277,-11.0256],[-74.99314,-11.02516],[-74.99327,-11.02475],[-74.99329,-11.02398],[-74.99379,-11.02224],[-74.99388,-11.02163],[-74.99379,-11.02124],[-74.99314,-11.02022],[-74.99281,-11.01936],[-74.99254,-11.01779],[-74.99214,-11.01644],[-74.99194,-11.01607],[-74.99195,-11.0151],[-74.99185,-11.01426],[-74.9919,-11.01393],[-74.99167,-11.01355],[-74.99074,-11.01294],[-74.99034,-11.01255],[-74.99032,-11.01215],[-74.99075,-11.0109],[-74.99075,-11.01017],[-74.99025,-11.00937],[-74.98963,-11.00771],[-74.98952,-11.00727],[-74.98937,-11.00668],[-74.98869,-11.00566],[-74.98844,-11.00506],[-74.98793,-11.00411],[-74.98762,-11.00377],[-74.98729,-11.00367],[-74.98588,-11.00373],[-74.9856797,-11.00367],[-74.98538,-11.00347],[-74.98518,-11.00316],[-74.98512,-11.00281],[-74.98515,-11.0024],[-74.9853002,-11.0021098],[-74.9859899,-11.0014152],[-74.9863259,-11.00113],[-74.9864844,-11.0008067],[-74.9865477,-11.0004962],[-74.9865224,-10.9999763],[-74.9863131,-10.9993043],[-74.9859075,-10.9987465],[-74.9856032,-10.9986261],[-74.9844749,-10.9985247],[-74.9840817,-10.9983662],[-74.9838029,-10.998119],[-74.9834922,-10.9975928],[-74.9829345,-10.9970603],[-74.9825985,-10.9965215],[-74.9826047,-10.9962933],[-74.9826609,-10.996102],[-74.9831944,-10.9955453],[-74.983486,-10.995241],[-74.9836444,-10.9949051],[-74.9837775,-10.9943916],[-74.9837839,-10.9941063],[-74.9837269,-10.9936816],[-74.9835366,-10.9933076],[-74.9832324,-10.9928258],[-74.9829155,-10.9924138],[-74.9825224,-10.9921222],[-74.9821864,-10.9921348],[-74.9814637,-10.9930985],[-74.9810137,-10.9939542],[-74.980196,-10.9953171],[-74.9800565,-10.9954628],[-74.9797904,-10.9955453],[-74.9794796,-10.9955073],[-74.9786492,-10.9949177],[-74.9778187,-10.9942331],[-74.977616,-10.9941253],[-74.9770771,-10.9939922],[-74.9766461,-10.9941761],[-74.9756571,-10.994829],[-74.9734892,-10.9952473],[-74.9729377,-10.9954566],[-74.9725574,-10.9957925],[-74.972139,-10.9961095],[-74.9718284,-10.9962046],[-74.9715431,-10.9961792],[-74.971353,-10.9960207],[-74.9710234,-10.9953425],[-74.9707824,-10.9947338],[-74.9707697,-10.9936308],[-74.9708205,-10.9921855],[-74.9709281,-10.9914376],[-74.9709029,-10.9911903],[-74.9706746,-10.9908607],[-74.9701169,-10.9904487],[-74.969876,-10.9901951],[-74.9697935,-10.9897831],[-74.9697619,-10.9889464],[-74.9697745,-10.988528],[-74.9696857,-10.9883505],[-74.9694195,-10.9882743],[-74.9690139,-10.9882807],[-74.9682595,-10.9887878],[-74.9679361,-10.9888956],[-74.9675559,-10.9888956],[-74.9670994,-10.9888258],[-74.9667254,-10.9886865],[-74.9663577,-10.9883758],[-74.9661422,-10.9880525],[-74.9660155,-10.9872918],[-74.9660915,-10.9865057],[-74.9660345,-10.9862838],[-74.9658126,-10.986024],[-74.9649187,-10.985593],[-74.9647412,-10.9853901],[-74.9645257,-10.9848956],[-74.9641644,-10.984471],[-74.9639109,-10.9843188],[-74.9634607,-10.9842301],[-74.9624909,-10.9842555],[-74.9616859,-10.9839828],[-74.9613499,-10.9838054],[-74.9610329,-10.9835391],[-74.9608554,-10.9832095],[-74.9606399,-10.9819163],[-74.9605701,-10.9810986],[-74.9606399,-10.9802047],[-74.9607032,-10.9799069],[-74.9611724,-10.9795455],[-74.962269,-10.9789813],[-74.9624929,-10.9782922],[-74.9625536,-10.9778257],[-74.9625029,-10.9775973],[-74.9621429,-10.9773388],[-74.9603224,-10.9766643],[-74.9600281,-10.9764666],[-74.9597391,-10.9761471],[-74.9595362,-10.9758276],[-74.9595059,-10.9747931],[-74.9594095,-10.9744228],[-74.9591154,-10.9739258],[-74.9585676,-10.9735304],[-74.9581519,-10.9733933],[-74.9577207,-10.9734086],[-74.9572694,-10.9735607],[-74.9570412,-10.9739665],[-74.9570107,-10.9745496],[-74.9572237,-10.975356],[-74.9575839,-10.9764868],[-74.9575484,-10.976847],[-74.9574621,-10.9770548],[-74.9572035,-10.9772121],[-74.9568787,-10.9772577],[-74.9565696,-10.9771411],[-74.9558595,-10.976142],[-74.9552359,-10.9758225],[-74.9548757,-10.9755537],[-74.9531414,-10.9745648],[-74.9528827,-10.9745141],[-74.9526697,-10.9745496],[-74.9515389,-10.9753458],[-74.9512447,-10.9755283],[-74.9509455,-10.9755791],[-74.9507072,-10.9755638],[-74.9504891,-10.9754777],[-74.9500226,-10.9751076],[-74.9498654,-10.9747677],[-74.9497132,-10.9741287],[-74.9499211,-10.9714003],[-74.9499262,-10.9710302],[-74.9498602,-10.9706955],[-74.9497132,-10.9704977],[-74.9494445,-10.9703101],[-74.9488562,-10.9701478],[-74.9486482,-10.9700515],[-74.9484961,-10.9698993],[-74.9484404,-10.9696913],[-74.9484807,-10.969519],[-74.9489525,-10.9689763],[-74.9490945,-10.9686923],[-74.9490895,-10.9684845],[-74.9489576,-10.9683931],[-74.9487244,-10.968378],[-74.9481006,-10.9685605],[-74.9462242,-10.969311],[-74.9445657,-10.9699196],[-74.944145,-10.9701124],[-74.9437392,-10.9703303],[-74.9434806,-10.9703506],[-74.9432069,-10.9701935],[-74.9429076,-10.9698435],[-74.9425526,-10.9693617],[-74.942147,-10.968738],[-74.9418629,-10.9682308],[-74.9416956,-10.9674803],[-74.9416956,-10.9671963],[-74.9420049,-10.9666081],[-74.9422686,-10.9662378],[-74.9424157,-10.9659842],[-74.9424461,-10.9656698],[-74.9424512,-10.9653352],[-74.9423194,-10.9651171],[-74.9419846,-10.9649193],[-74.9413,-10.9647012],[-74.9394946,-10.963824],[-74.9392461,-10.9637326],[-74.9386579,-10.9636717],[-74.9384421,-10.9636302],[-74.9378921,-10.9632203],[-74.9376335,-10.9630277],[-74.9372785,-10.962977],[-74.9369336,-10.9629618],[-74.9367967,-10.96283],[-74.93667,-10.9622062],[-74.936533,-10.9620236],[-74.9363454,-10.9619272],[-74.936031,-10.9619375],[-74.9345856,-10.9628502],[-74.933257,-10.9633827],[-74.9329577,-10.9634233],[-74.9326485,-10.9633827],[-74.9322021,-10.9632255],[-74.9318776,-10.9630733],[-74.9316849,-10.9628553],[-74.9315682,-10.9626322],[-74.9315176,-10.9617142],[-74.9315835,-10.9612071],[-74.9318929,-10.9605732],[-74.932684,-10.959412],[-74.9327751,-10.9591583],[-74.9328056,-10.9589098],[-74.9327751,-10.9586258],[-74.9326331,-10.9583572],[-74.932471,-10.9581847],[-74.9321007,-10.9579717],[-74.9315936,-10.9578855],[-74.9307822,-10.9578855],[-74.9302954,-10.9578246],[-74.9299354,-10.9576725],[-74.929697,-10.9574797],[-74.92956,-10.9571755],[-74.9294687,-10.9567647],[-74.9294332,-10.9559635],[-74.9292811,-10.9555628],[-74.9290935,-10.9554766],[-74.9288957,-10.9554563],[-74.9283327,-10.9559736],[-74.9281247,-10.9560648],[-74.9269179,-10.9560751],[-74.9264817,-10.9562525],[-74.9262029,-10.9566683],[-74.9260964,-10.957135],[-74.926142,-10.9577891],[-74.926142,-10.9582202],[-74.9260557,-10.958423],[-74.9258326,-10.9585548],[-74.9255841,-10.9586107],[-74.9253357,-10.9585853],[-74.9250669,-10.958418],[-74.9244481,-10.957845],[-74.9241744,-10.9576522],[-74.9236976,-10.9575913],[-74.9225009,-10.9580376],[-74.92173,-10.9581796],[-74.921446,-10.9581796],[-74.9212889,-10.9581036],[-74.9212127,-10.9577891],[-74.9212431,-10.9573073],[-74.9214714,-10.956577],[-74.9217807,-10.9561816],[-74.922174,-10.955794],[-74.9223229,-10.9555757],[-74.9223626,-10.9552482],[-74.922174,-10.9549902],[-74.921787,-10.9548215],[-74.9210526,-10.9548215],[-74.9191571,-10.9550795],[-74.9187305,-10.9550497],[-74.9184526,-10.9549306],[-74.9182045,-10.9545237],[-74.9178076,-10.9540276],[-74.9174205,-10.9537298],[-74.9158625,-10.9535313],[-74.9154359,-10.9534123],[-74.9149099,-10.9530947],[-74.9147524,-10.9528171],[-74.9148007,-10.9524696],[-74.9148504,-10.9521125],[-74.9147909,-10.9518543],[-74.914601,-10.9516502],[-74.9142549,-10.9514772],[-74.9137785,-10.951239],[-74.9133419,-10.9508817],[-74.9128656,-10.9502863],[-74.9122899,-10.9486192],[-74.911903,-10.9477558],[-74.9117342,-10.9470115],[-74.9115656,-10.9458602],[-74.9116052,-10.9449176],[-74.9115457,-10.9443122],[-74.9113374,-10.9438856],[-74.9110197,-10.9436276],[-74.9106724,-10.9436176],[-74.9099777,-10.9441932],[-74.9096006,-10.9444215],[-74.9093227,-10.9445107],[-74.9090549,-10.9444215],[-74.9090151,-10.944104],[-74.9092732,-10.9435085],[-74.9094121,-10.943052],[-74.909422,-10.9426153],[-74.9093426,-10.9422481],[-74.9091144,-10.9420893],[-74.9087075,-10.9420596],[-74.9080426,-10.942139],[-74.9075465,-10.9423077],[-74.90709,-10.9426748],[-74.9064647,-10.9432901],[-74.9059486,-10.9447092],[-74.9057701,-10.9450863],[-74.9055021,-10.9452352],[-74.9052441,-10.9452153],[-74.9049365,-10.9450566],[-74.904619,-10.944739],[-74.9043411,-10.9440642],[-74.9042419,-10.9432702],[-74.9042419,-10.9423771],[-74.9041824,-10.9418016],[-74.904083,-10.9415038],[-74.9038109,-10.9413917],[-74.9035274,-10.941494],[-74.9026739,-10.9418016],[-74.9023861,-10.9418016],[-74.9019892,-10.941623],[-74.9018105,-10.941226],[-74.9018404,-10.9406702],[-74.9019892,-10.9398267],[-74.90189,-10.9392313],[-74.9015525,-10.938904],[-74.9011854,-10.9387252],[-74.90058,-10.9386061],[-74.9000739,-10.9385763],[-74.8984266,-10.9389932],[-74.8979701,-10.9389832],[-74.8976029,-10.9389237],[-74.8971365,-10.9386458],[-74.8955487,-10.9368795],[-74.8953105,-10.9367307],[-74.894993,-10.9367206],[-74.8942685,-10.9369588],[-74.8937724,-10.9370778],[-74.8933854,-10.9370778],[-74.8929486,-10.9368992],[-74.8911426,-10.9356488],[-74.8909937,-10.935381],[-74.8910136,-10.934984],[-74.8913112,-10.934468],[-74.8917876,-10.9339817],[-74.8918471,-10.933684],[-74.8917181,-10.9334458],[-74.8909044,-10.9332076],[-74.8901204,-10.9328405],[-74.8880562,-10.9316496],[-74.887312,-10.9312527],[-74.8863099,-10.9310145],[-74.8859724,-10.930955],[-74.8847815,-10.9311832],[-74.8835112,-10.931858],[-74.8830846,-10.9319076],[-74.8827074,-10.9318083],[-74.8825586,-10.9314313],[-74.8825982,-10.9308656],[-74.8829159,-10.9300122],[-74.883025,-10.9294862],[-74.883025,-10.9290992],[-74.8825586,-10.9285832],[-74.8819125,-10.9281082],[-74.8812089,-10.9277893],[-74.8804646,-10.9274518],[-74.8799189,-10.9271243],[-74.8789562,-10.9260825],[-74.8783725,-10.9255122],[-74.8748824,-10.9230083],[-74.8736329,-10.922178],[-74.8714326,-10.9209802],[-74.8700236,-10.920336],[-74.8690921,-10.9191006],[-74.8687601,-10.918417],[-74.8688577,-10.9175575],[-74.8691921,-10.9169346],[-74.8701894,-10.9162446],[-74.8708892,-10.9157603],[-74.8723349,-10.9144125],[-74.8738194,-10.9131819],[-74.8756751,-10.9115215],[-74.8769644,-10.9103298],[-74.8792499,-10.9083765],[-74.880754,-10.906384],[-74.8812227,-10.905076],[-74.881614,-10.9040903],[-74.8818172,-10.9033551],[-74.8829417,-10.9007387],[-74.8839771,-10.8989025],[-74.8850531,-10.8977133],[-74.885747,-10.8972531],[-74.8875282,-10.8960718],[-74.8896844,-10.895172],[-74.8945254,-10.893765],[-74.8989987,-10.8913232],[-74.9012362,-10.8898359],[-74.9055202,-10.8883586],[-74.9095256,-10.8869775],[-74.9126101,-10.8865171],[-74.9138901,-10.886614],[-74.9156486,-10.8867472],[-74.9186497,-10.8864984],[-74.9186504,-10.8864981],[-74.9199587,-10.8857366],[-74.9207205,-10.8846817],[-74.9207414,-10.884515],[-74.9208182,-10.8839002],[-74.9207986,-10.8826892],[-74.9211721,-10.881069],[-74.9212051,-10.8810437],[-74.921209,-10.881041],[-74.9212095,-10.8810405],[-74.9212131,-10.8810348],[-74.9218906,-10.8799902],[-74.922,-10.8796601],[-74.9219394,-10.87908],[-74.9216289,-10.8783202],[-74.921289,-10.8778808],[-74.9204784,-10.8771207],[-74.9196894,-10.8763808],[-74.9195292,-10.8760097],[-74.9194101,-10.8749296],[-74.91933,-10.87475],[-74.9187187,-10.8739805],[-74.9176094,-10.8729413],[-74.9169804,-10.8724706],[-74.9164491,-10.8721796],[-74.9161406,-10.8721015],[-74.9158691,-10.8719511],[-74.9154687,-10.8715702],[-74.9150702,-10.8710702],[-74.9145097,-10.8706406],[-74.9141191,-10.8702206],[-74.913459,-10.8698906],[-74.9128202,-10.86975],[-74.9108906,-10.8694706],[-74.9104199,-10.8694902],[-74.9094804,-10.86975],[-74.9085996,-10.8697402],[-74.9076406,-10.8695312],[-74.9074199,-10.8694198],[-74.9070702,-10.8691211],[-74.9069687,-10.8689608],[-74.9069687,-10.8687108],[-74.9072987,-10.8680312],[-74.9073906,-10.8676112],[-74.9073906,-10.866791],[-74.9073105,-10.8661796],[-74.9059101,-10.8646503],[-74.9046894,-10.8639902],[-74.904459,-10.8637597],[-74.9040897,-10.8631601],[-74.9037597,-10.8621308],[-74.903539,-10.86183],[-74.9029491,-10.8614706],[-74.9025702,-10.8614296],[-74.9018594,-10.8615312],[-74.9015605,-10.8613711],[-74.9014902,-10.86083],[-74.9017402,-10.8601211],[-74.9017304,-10.8596698],[-74.90158,-10.8593906],[-74.9008397,-10.8587011],[-74.9005702,-10.858],[-74.9005605,-10.8571914],[-74.9007792,-10.8561913],[-74.9007304,-10.8553612],[-74.9000292,-10.8542108],[-74.8993496,-10.8535605],[-74.8986796,-10.85308],[-74.8982987,-10.8526112],[-74.8980195,-10.8520097],[-74.897789,-10.8512812],[-74.897209,-10.8504198],[-74.8970097,-10.8493711],[-74.8969004,-10.8491601],[-74.8966289,-10.8489003],[-74.8950897,-10.8479511],[-74.8950607,-10.8479123],[-74.8946406,-10.8473515],[-74.8944902,-10.8467715],[-74.8943906,-10.8458906],[-74.8940487,-10.8448906],[-74.8936191,-10.8442715],[-74.8933594,-10.8437597],[-74.8932187,-10.8433515],[-74.8931699,-10.8429511],[-74.893289,-10.8425605],[-74.893459,-10.84225],[-74.8945195,-10.8411309],[-74.8946504,-10.8403906],[-74.8946191,-10.8399296],[-74.894459,-10.8394706],[-74.8939491,-10.8386112],[-74.8938789,-10.83825],[-74.8939004,-10.8376698],[-74.8941094,-10.8369608],[-74.8952187,-10.8355],[-74.8954101,-10.8351308],[-74.8955097,-10.8347206],[-74.8955097,-10.83408],[-74.8953691,-10.83275],[-74.8947792,-10.8304413],[-74.8948105,-10.82933],[-74.895039,-10.8286211],[-74.8954199,-10.8279413],[-74.8955605,-10.82758],[-74.8953594,-10.8268398],[-74.8953789,-10.8265312],[-74.896289,-10.8253906],[-74.8964804,-10.8248906],[-74.8967792,-10.8236913],[-74.897,-10.8231913],[-74.8975097,-10.8227206],[-74.8975487,-10.8225312],[-74.8974004,-10.8218612],[-74.8974296,-10.8216308],[-74.8977792,-10.8211698],[-74.897959,-10.8210097],[-74.8989199,-10.8206211],[-74.8992695,-10.8203105],[-74.9002792,-10.8178515],[-74.9005195,-10.8170215],[-74.9010897,-10.816],[-74.9015097,-10.8155605],[-74.901539,-10.8151211],[-74.9014004,-10.8145],[-74.9018105,-10.8139609],[-74.9018202,-10.8134296],[-74.9014394,-10.8123808],[-74.90125,-10.8115702],[-74.9011406,-10.809541],[-74.900789,-10.8087402],[-74.8998202,-10.8073612],[-74.8997792,-10.8071503],[-74.8998202,-10.8068398],[-74.9001191,-10.8064003],[-74.90025,-10.8056503],[-74.900539,-10.8052011],[-74.90283,-10.8042108],[-74.9034394,-10.8038105],[-74.9035,-10.8036112],[-74.903459,-10.8032597],[-74.9030605,-10.8024805],[-74.9030292,-10.8019101],[-74.9030897,-10.8016015],[-74.9036991,-10.8011112],[-74.9045292,-10.8005605],[-74.9048789,-10.8002206],[-74.9051094,-10.7998202],[-74.9056504,-10.7983808],[-74.9061094,-10.7979004],[-74.9072402,-10.7969608],[-74.9080702,-10.7959003],[-74.9081191,-10.7957305],[-74.90808,-10.7956112],[-74.9074296,-10.7954296],[-74.9073594,-10.7952812],[-74.9073691,-10.7949902],[-74.90775,-10.79433],[-74.9078496,-10.7939296],[-74.90775,-10.7934805],[-74.9072597,-10.7927715],[-74.9072695,-10.7924413],[-74.9074004,-10.7920097],[-74.9076796,-10.7917305],[-74.908709,-10.7914198],[-74.9093954,-10.7909565],[-74.9102187,-10.7904003],[-74.9107695,-10.7895605],[-74.9108691,-10.7891913],[-74.9108496,-10.7886796],[-74.9105897,-10.7876698],[-74.9109296,-10.7855],[-74.9109004,-10.7851015],[-74.9107402,-10.7845097],[-74.9108202,-10.7841015],[-74.9109394,-10.7838808],[-74.9112304,-10.7836913],[-74.9125195,-10.7834706],[-74.9131991,-10.78325],[-74.9136699,-10.7829101],[-74.9139687,-10.782541],[-74.914039,-10.7820898],[-74.9137402,-10.7810899],[-74.9137402,-10.780541],[-74.9139004,-10.7798007],[-74.9142792,-10.7791211],[-74.914539,-10.7783612],[-74.914709,-10.7776913],[-74.914789,-10.7770507],[-74.9149101,-10.77675],[-74.9152792,-10.7764101],[-74.9159199,-10.7759805],[-74.9170487,-10.7753515],[-74.917289,-10.775041],[-74.9172792,-10.774791],[-74.9171796,-10.77458],[-74.9166601,-10.7738906],[-74.916539,-10.7736308],[-74.916459,-10.7729706],[-74.9165605,-10.7725312],[-74.9168397,-10.77233],[-74.9174687,-10.7722812],[-74.9181406,-10.7720702],[-74.9184101,-10.7721112],[-74.9190292,-10.77233],[-74.9194199,-10.77233],[-74.9196504,-10.7720507],[-74.9198105,-10.7716406],[-74.9200702,-10.7713007],[-74.92058,-10.7711211],[-74.9207402,-10.7709101],[-74.9207304,-10.7707011],[-74.9205487,-10.7703906],[-74.920539,-10.7702812],[-74.9201699,-10.7698515],[-74.9202987,-10.7696698],[-74.9204687,-10.769541],[-74.923539,-10.7696503],[-74.9238691,-10.7695507],[-74.92408,-10.7692402],[-74.9241094,-10.7688399],[-74.9240487,-10.7683906],[-74.9239199,-10.7680312],[-74.9239004,-10.7676406],[-74.9244804,-10.7672108],[-74.925039,-10.7671698],[-74.9256406,-10.7671406],[-74.9262987,-10.7669706],[-74.92725,-10.7664902],[-74.9281289,-10.7663398],[-74.9288906,-10.7663515],[-74.9292949,-10.7664511],[-74.9296991,-10.7665507],[-74.9300195,-10.766541],[-74.9302402,-10.7663808],[-74.9304902,-10.7654198],[-74.930789,-10.7651601],[-74.9314687,-10.7650702],[-74.9317792,-10.7651308],[-74.932039,-10.7654511],[-74.9321894,-10.76583],[-74.93233,-10.7659706],[-74.9325487,-10.7659511],[-74.9327304,-10.76583],[-74.9330487,-10.7651211],[-74.9335195,-10.7648398],[-74.9338691,-10.7654101],[-74.9340487,-10.7661406],[-74.934459,-10.7667305],[-74.9346406,-10.7668515],[-74.9348105,-10.7668515],[-74.9349687,-10.7667812],[-74.9354902,-10.766291],[-74.9366796,-10.7662597],[-74.9372402,-10.7656698],[-74.9373594,-10.7656914],[-74.93775,-10.7659511],[-74.9380097,-10.766041],[-74.9386894,-10.7659511],[-74.9389004,-10.7651601],[-74.9390097,-10.7649706],[-74.9403397,-10.7646015],[-74.94058,-10.7643711],[-74.9406601,-10.764041],[-74.94083,-10.7637011],[-74.9410897,-10.7636913],[-74.9415605,-10.763791],[-74.941789,-10.7637597],[-74.9423691,-10.7635],[-74.9425049,-10.7633971],[-74.943,-10.7630215],[-74.9431796,-10.7625702],[-74.9438906,-10.7620215],[-74.9441699,-10.7617011],[-74.9442792,-10.7613007],[-74.9442987,-10.76058],[-74.9444394,-10.7602011],[-74.945,-10.76025],[-74.9454394,-10.7605097],[-74.9458105,-10.7605312],[-74.946039,-10.7603612],[-74.94633,-10.7598007],[-74.9465897,-10.7595898],[-74.9467695,-10.7596112],[-74.9471894,-10.7597812],[-74.9473691,-10.7597812],[-74.9475292,-10.7597011],[-74.9482987,-10.7588808],[-74.948709,-10.75883],[-74.9490996,-10.7590097],[-74.9493691,-10.759],[-74.9495097,-10.7589198],[-74.9502695,-10.7578711],[-74.951039,-10.7572402],[-74.9511504,-10.7567305],[-74.9511289,-10.7554003],[-74.9511796,-10.75508],[-74.951709,-10.7543515],[-74.952,-10.7536698],[-74.95233,-10.7531015],[-74.9529004,-10.7524608],[-74.9550507,-10.7520468],[-74.95575,-10.752041],[-74.9569804,-10.7515605],[-74.957539,-10.7514805],[-74.9582987,-10.7514511],[-74.9589394,-10.7513202],[-74.9594687,-10.7509805],[-74.9605605,-10.7499101],[-74.9612987,-10.7496914],[-74.9618496,-10.749791],[-74.962289,-10.7497402],[-74.962709,-10.7495],[-74.9631504,-10.7491015],[-74.9644394,-10.7489511],[-74.9647987,-10.7487206],[-74.9653594,-10.7484706],[-74.9659434,-10.7485527],[-74.9672187,-10.7484902],[-74.96775,-10.7488007],[-74.9683397,-10.7493515],[-74.9683511,-10.749363],[-74.9685397,-10.7495846],[-74.9693797,-10.7499362],[-74.9706494,-10.7500535],[-74.9725246,-10.7499167],[-74.9745366,-10.749819],[-74.976451,-10.7499362],[-74.9769657,-10.7500312],[-74.9777207,-10.7501706],[-74.9798499,-10.7502487],[-74.9817642,-10.7502097],[-74.9828176,-10.7497871],[-74.9815542,-10.7488925],[-74.9805811,-10.7479936],[-74.9792576,-10.7469192],[-74.9765494,-10.7454553],[-74.9753496,-10.7448777],[-74.9715341,-10.7434583],[-74.9712991,-10.7433315],[-74.9679522,-10.7415245],[-74.9660297,-10.740775],[-74.9639725,-10.7401501],[-74.9634552,-10.7399928],[-74.9617536,-10.739318],[-74.9606297,-10.7389985],[-74.9590215,-10.7375776],[-74.9582087,-10.7348441],[-74.95772,-10.7338665],[-74.9568727,-10.7328888],[-74.9564816,-10.7328237],[-74.9559276,-10.7334428],[-74.9537035,-10.7359737],[-74.9518869,-10.7374185],[-74.9510897,-10.7386681],[-74.9506811,-10.7393086],[-74.9492474,-10.7407098],[-74.9475992,-10.7413286],[-74.9462819,-10.7416548],[-74.9453369,-10.7414593],[-74.9447502,-10.7415571],[-74.9425914,-10.7436141],[-74.9408317,-10.7458871],[-74.9395852,-10.7480622],[-74.9394771,-10.748377],[-74.9393164,-10.7488443],[-74.9382899,-10.749602],[-74.9377675,-10.7495686],[-74.9364064,-10.7497342],[-74.9346482,-10.7501248],[-74.9332027,-10.7504178],[-74.931347,-10.7505546],[-74.9302506,-10.7508076],[-74.9298234,-10.7509062],[-74.9285731,-10.7515118],[-74.9272254,-10.7517071],[-74.926151,-10.7517071],[-74.9251156,-10.7516681],[-74.924411,-10.7516477],[-74.9232792,-10.7517865],[-74.9221164,-10.7522771],[-74.9217166,-10.752804],[-74.9207717,-10.754294],[-74.9200994,-10.7547482],[-74.9188456,-10.755148],[-74.9180097,-10.7551298],[-74.9173556,-10.7545666],[-74.9165197,-10.7527495],[-74.9156112,-10.750024],[-74.914925,-10.7489372],[-74.9148527,-10.748823],[-74.9145211,-10.7482977],[-74.9136816,-10.7482843],[-74.9132847,-10.7483853],[-74.9123381,-10.7491416],[-74.9106861,-10.7513525],[-74.9105417,-10.7515321],[-74.909288,-10.7525133],[-74.9076009,-10.7539492],[-74.9063444,-10.7546392],[-74.9051815,-10.7559112],[-74.904491,-10.7566016],[-74.9030555,-10.7574193],[-74.9026557,-10.7581643],[-74.9024012,-10.7590546],[-74.9023355,-10.7593511],[-74.902147,-10.7601993],[-74.90182,-10.7606173],[-74.9014377,-10.7608304],[-74.9007115,-10.7612351],[-74.8991851,-10.7628521],[-74.8982585,-10.7639971],[-74.8973992,-10.7650091],[-74.8961326,-10.7659957],[-74.8952179,-10.767225],[-74.8933076,-10.7691656],[-74.8919209,-10.7697457],[-74.8915936,-10.7698321],[-74.8909884,-10.7699033],[-74.8901696,-10.7698498],[-74.8893329,-10.7699033],[-74.8879662,-10.7702696],[-74.8876324,-10.7703235],[-74.886378,-10.7705264],[-74.8856304,-10.7706153],[-74.8852387,-10.7705976],[-74.884776,-10.7703484],[-74.8844021,-10.7699389],[-74.8840302,-10.7693961],[-74.8838047,-10.768462],[-74.8836656,-10.7674885],[-74.8828869,-10.7655137],[-74.8823582,-10.7644568],[-74.8820246,-10.7639283],[-74.8813849,-10.7634833],[-74.8804949,-10.7632053],[-74.8794936,-10.7632331],[-74.876601,-10.7639562],[-74.8757665,-10.763984],[-74.8751501,-10.7638103],[-74.8744244,-10.7636059],[-74.8737917,-10.7634277],[-74.8707879,-10.7624821],[-74.8671444,-10.7606186],[-74.8660222,-10.7593766],[-74.8659362,-10.7589721],[-74.8666992,-10.7552505],[-74.8671515,-10.7542331],[-74.867923,-10.752497],[-74.8686741,-10.7504943],[-74.8695009,-10.7463928],[-74.870115,-10.7428691],[-74.8706806,-10.7390531],[-74.8710797,-10.7379306],[-74.8714727,-10.7375998],[-74.8716344,-10.737115],[-74.872281,-10.7364684],[-74.8730245,-10.7358218],[-74.8737356,-10.735434],[-74.8739282,-10.7349611],[-74.8740912,-10.7345611],[-74.8740912,-10.7337206],[-74.8744469,-10.7331387],[-74.8745761,-10.7323628],[-74.874766,-10.7309478],[-74.8762161,-10.7283903],[-74.8762249,-10.7273198],[-74.8769037,-10.7264793],[-74.8780885,-10.7255657],[-74.8796356,-10.7232711],[-74.8800494,-10.7223828],[-74.8805244,-10.7204988],[-74.8806214,-10.71982],[-74.8810416,-10.7190763],[-74.8824484,-10.7173205],[-74.8833369,-10.7165872],[-74.8842744,-10.7154881],[-74.8850501,-10.714486],[-74.8854704,-10.7139041],[-74.8864079,-10.7130958],[-74.8870221,-10.7124493],[-74.8875394,-10.710736],[-74.8875394,-10.7091196],[-74.8872012,-10.7077875],[-74.8870877,-10.7070493],[-74.887031,-10.7065383],[-74.8867755,-10.7057718],[-74.8856966,-10.7043241],[-74.8851572,-10.7037847],[-74.8840785,-10.702933],[-74.8831984,-10.7023936],[-74.8823184,-10.7018542],[-74.8814099,-10.7017975],[-74.8809274,-10.701542],[-74.8804447,-10.7013716],[-74.8799905,-10.7012581],[-74.879735,-10.7010877],[-74.8794511,-10.700889],[-74.8791104,-10.7006051],[-74.8789401,-10.7006051],[-74.878571,-10.7004632],[-74.8781649,-10.7006993],[-74.8782304,-10.7014],[-74.8782139,-10.7021663]]]]}},
{"type":"Feature","properties":{"ubigeo":"120304","nombre":"SAN LUIS DE SHUARO","fuente":"INEI"},"geometry":{"type":"MultiPolygon","coordinates":[[[[-75.2284241,-10.7596587],[-75.2276182,-10.7600967],[-75.2275402,-10.7601391],[-75.227527,-10.7601463],[-75.2275246,-10.7601476],[-75.227522,-10.7601491],[-75.2275209,-10.7601496],[-75.2275195,-10.7601503],[-75.227518,-10.7601507],[-75.2274705,-10.7601688],[-75.2258811,-10.7605381],[-75.2240206,-10.7613042],[-75.2223789,-10.7625081],[-75.2205184,-10.7638215],[-75.2190409,-10.7643687],[-75.2161405,-10.7646424],[-75.2132402,-10.765299],[-75.2108871,-10.7655726],[-75.2076585,-10.7654631],[-75.2061262,-10.7653537],[-75.204184,-10.7646762],[-75.199067,-10.7706618],[-75.1952365,-10.7752585],[-75.1917889,-10.7785418],[-75.1909803,-10.7793593],[-75.189949,-10.780402],[-75.1888011,-10.783071],[-75.1882182,-10.7840423],[-75.188666,-10.7853105],[-75.1878947,-10.7854941],[-75.1872647,-10.7856441],[-75.1853037,-10.7862221],[-75.1837047,-10.7867932],[-75.1810207,-10.7883922],[-75.179079,-10.7901055],[-75.1778797,-10.7917616],[-75.1753671,-10.7979291],[-75.1736539,-10.8034113],[-75.1726376,-10.8104726],[-75.1717122,-10.8146043],[-75.1715532,-10.8162387],[-75.1713124,-10.8187161],[-75.1707985,-10.8199725],[-75.1693709,-10.8215145],[-75.1675434,-10.8233418],[-75.1664012,-10.8251692],[-75.1657017,-10.8267272],[-75.1645131,-10.828526],[-75.1621361,-10.8311922],[-75.1616864,-10.8326377],[-75.1611402,-10.8350148],[-75.1611724,-10.8363961],[-75.1617506,-10.8375525],[-75.1637794,-10.8400902],[-75.1640959,-10.8409632],[-75.1643847,-10.8417606],[-75.1666654,-10.8446837],[-75.1670421,-10.8459231],[-75.1672679,-10.8473957],[-75.16734,-10.8503373],[-75.1684321,-10.8529392],[-75.169974,-10.8564727],[-75.1707771,-10.8572116],[-75.1717606,-10.8583066],[-75.1733317,-10.8597805],[-75.1739296,-10.8601002],[-75.1746387,-10.8603088],[-75.1764185,-10.8606981],[-75.1773362,-10.8606425],[-75.1779035,-10.8605755],[-75.1788749,-10.8604609],[-75.181078,-10.8609502],[-75.182658,-10.8620441],[-75.1828561,-10.8623492],[-75.1840349,-10.8641645],[-75.1853685,-10.8662177],[-75.1863344,-10.8704907],[-75.1879447,-10.874471],[-75.188917,-10.8754128],[-75.1896386,-10.8752596],[-75.1901931,-10.875109],[-75.1908007,-10.8738632],[-75.1913476,-10.8714022],[-75.1927454,-10.8689715],[-75.1955136,-10.8657406],[-75.1965272,-10.8642448],[-75.196797,-10.8635666],[-75.1972329,-10.862471],[-75.1982285,-10.8611698],[-75.1992715,-10.8603631],[-75.2015269,-10.8590035],[-75.2027684,-10.8580378],[-75.2035226,-10.8574512],[-75.2049944,-10.8562215],[-75.208482,-10.8541248],[-75.2105547,-10.8521641],[-75.2174329,-10.8456577],[-75.2194829,-10.8441482],[-75.2209411,-10.8435101],[-75.2220046,-10.8438443],[-75.2230377,-10.8447255],[-75.2241055,-10.8454158],[-75.2252951,-10.8455047],[-75.225438,-10.8455155],[-75.226623,-10.8458192],[-75.2278991,-10.8469131],[-75.2294182,-10.8487057],[-75.2305729,-10.8497691],[-75.2324262,-10.8501641],[-75.2337935,-10.850316],[-75.2355254,-10.8507413],[-75.2367407,-10.8509237],[-75.2372875,-10.8514402],[-75.2382295,-10.8528378],[-75.2395056,-10.8538405],[-75.2419666,-10.8552077],[-75.2435466,-10.8564231],[-75.2443366,-10.8575777],[-75.2445492,-10.8587626],[-75.2449772,-10.8596841],[-75.2452402,-10.86025],[-75.2452412,-10.8602502],[-75.2452427,-10.8602506],[-75.2463202,-10.8605097],[-75.24683,-10.8607305],[-75.2474687,-10.8611504],[-75.2477402,-10.8614199],[-75.2484902,-10.862],[-75.2488789,-10.8624608],[-75.2494625,-10.8634618],[-75.2496191,-10.8637305],[-75.2497695,-10.8641503],[-75.2499902,-10.8645],[-75.250289,-10.8647715],[-75.2506699,-10.8649296],[-75.2512987,-10.8649003],[-75.2522792,-10.8646308],[-75.2529902,-10.8645507],[-75.2530702,-10.864541],[-75.2553397,-10.8645312],[-75.2566601,-10.8642402],[-75.2578291,-10.8638775],[-75.2585292,-10.8636601],[-75.2595921,-10.8638368],[-75.2599394,-10.8638945],[-75.2604199,-10.86358],[-75.2608789,-10.8633515],[-75.2620702,-10.862541],[-75.2623594,-10.8625],[-75.2640605,-10.8631112],[-75.2641894,-10.8631503],[-75.2645292,-10.8634413],[-75.2648105,-10.8634805],[-75.2655,-10.8634608],[-75.2670292,-10.8628808],[-75.2676289,-10.8627402],[-75.268039,-10.8627108],[-75.2685,-10.8629706],[-75.2686894,-10.8632206],[-75.2694296,-10.8637715],[-75.269789,-10.8641913],[-75.2698026,-10.8642015],[-75.2706556,-10.864977],[-75.2707151,-10.865327],[-75.2708166,-10.8659825],[-75.2711286,-10.8665521],[-75.271714,-10.8672467],[-75.2722447,-10.8677695],[-75.2727441,-10.8681675],[-75.2741566,-10.8692522],[-75.2746639,-10.8697828],[-75.2752101,-10.870571],[-75.2752736,-10.8706928],[-75.2757954,-10.8716949],[-75.2758969,-10.872202],[-75.2759436,-10.8728263],[-75.2759124,-10.873833],[-75.2757876,-10.8747928],[-75.2755691,-10.875503],[-75.2745234,-10.8770168],[-75.2742346,-10.8774461],[-75.2739694,-10.8779221],[-75.2738445,-10.8783514],[-75.273782,-10.8788195],[-75.2738445,-10.8794751],[-75.2741487,-10.8802945],[-75.2744687,-10.8806378],[-75.275296,-10.8815976],[-75.2756471,-10.882222],[-75.2759202,-10.8829945],[-75.2764119,-10.8838607],[-75.276646,-10.884048],[-75.277083,-10.8842354],[-75.277481,-10.884368],[-75.2781051,-10.8844693],[-75.2789012,-10.8844693],[-75.2802202,-10.8843913],[-75.2823455,-10.8839589],[-75.2829045,-10.8838451],[-75.2835961,-10.8838917],[-75.2841454,-10.8842431],[-75.2849412,-10.8848517],[-75.2855966,-10.8856087],[-75.2858152,-10.8859521],[-75.2858699,-10.8863968],[-75.2857919,-10.8869276],[-75.2855422,-10.8881527],[-75.2855734,-10.8889018],[-75.285589,-10.8894637],[-75.28555,-10.8901349],[-75.2853315,-10.8906187],[-75.284676,-10.8914615],[-75.2839034,-10.8923043],[-75.2821477,-10.893709],[-75.2813047,-10.8947235],[-75.2810004,-10.8953165],[-75.2808287,-10.8959565],[-75.2805322,-10.897166],[-75.2802279,-10.8977825],[-75.279549,-10.8989218],[-75.2788622,-10.9004982],[-75.2785891,-10.9015751],[-75.278472,-10.9022851],[-75.2785189,-10.90305],[-75.2786515,-10.903565],[-75.2789949,-10.9043063],[-75.2793851,-10.9047825],[-75.2797284,-10.9049618],[-75.2802356,-10.9050007],[-75.2806827,-10.9050007],[-75.2810785,-10.9050007],[-75.2815232,-10.9051023],[-75.2815835,-10.9051488],[-75.2818354,-10.9053442],[-75.2822567,-10.9059295],[-75.2827952,-10.9067567],[-75.2829435,-10.9071313],[-75.2829902,-10.9074278],[-75.282967,-10.9077556],[-75.2828421,-10.9082628],[-75.2828421,-10.9085203],[-75.2829747,-10.9087857],[-75.2834742,-10.90941],[-75.2836225,-10.9097143],[-75.2839424,-10.9102527],[-75.2840907,-10.9107288],[-75.2841454,-10.9110877],[-75.2841765,-10.9116886],[-75.2844462,-10.9119471],[-75.2844687,-10.9119706],[-75.2844794,-10.9119643],[-75.284575,-10.9119075],[-75.2848339,-10.9117532],[-75.2849902,-10.9116601],[-75.2859101,-10.9115898],[-75.2860605,-10.911541],[-75.2863691,-10.91125],[-75.2867304,-10.9106698],[-75.286959,-10.9103906],[-75.2870751,-10.9103072],[-75.287459,-10.9100312],[-75.2881601,-10.9097108],[-75.2885681,-10.9093506],[-75.2889296,-10.9090312],[-75.2893202,-10.9088906],[-75.2898202,-10.9088105],[-75.2901991,-10.9088105],[-75.2908105,-10.9088906],[-75.2911504,-10.909041],[-75.2914687,-10.9093515],[-75.2918594,-10.9098612],[-75.2920097,-10.910291],[-75.2923105,-10.9107812],[-75.2929199,-10.9115215],[-75.2932659,-10.9118593],[-75.2934199,-10.9120097],[-75.293959,-10.9124608],[-75.2946289,-10.9126211],[-75.29625,-10.9126796],[-75.296789,-10.9127812],[-75.2973105,-10.9129608],[-75.2979101,-10.9134003],[-75.2991796,-10.9146406],[-75.2999687,-10.9153007],[-75.3004394,-10.9155215],[-75.3014199,-10.9156796],[-75.3020605,-10.9158808],[-75.3027304,-10.9162206],[-75.3031894,-10.9165097],[-75.3041406,-10.9172402],[-75.3047187,-10.9176112],[-75.306459,-10.9185097],[-75.3079296,-10.919],[-75.3082862,-10.9190758],[-75.30883,-10.9191913],[-75.3094687,-10.9194003],[-75.3107597,-10.9199608],[-75.3128906,-10.9205],[-75.313289,-10.9205702],[-75.314789,-10.9211015],[-75.3155487,-10.92125],[-75.3161289,-10.921291],[-75.3165707,-10.9213836],[-75.3173691,-10.9215507],[-75.318,-10.9219003],[-75.3186894,-10.9224608],[-75.319539,-10.9230702],[-75.3195476,-10.9230723],[-75.3202899,-10.923309],[-75.3221936,-10.9235468],[-75.3232344,-10.923502],[-75.3247627,-10.9230797],[-75.3251722,-10.922711],[-75.3263575,-10.9216433],[-75.3282314,-10.9195316],[-75.3296886,-10.9175685],[-75.3305797,-10.9155698],[-75.3305791,-10.915569],[-75.3299907,-10.9147357],[-75.3298105,-10.9144805],[-75.3293215,-10.9136393],[-75.3287987,-10.9127402],[-75.3286991,-10.9124101],[-75.3286699,-10.91208],[-75.3288496,-10.9113808],[-75.3290195,-10.9111406],[-75.3295292,-10.9106503],[-75.3298496,-10.9104902],[-75.3307616,-10.9104355],[-75.3322304,-10.9099805],[-75.3326796,-10.9097011],[-75.3335292,-10.9087715],[-75.3348496,-10.9070312],[-75.3353789,-10.9065898],[-75.3356796,-10.9062597],[-75.3365292,-10.9059706],[-75.3375702,-10.9051914],[-75.3378789,-10.9051015],[-75.338039,-10.9049608],[-75.3389804,-10.9046698],[-75.339289,-10.9046211],[-75.34058,-10.9047011],[-75.3415605,-10.9049198],[-75.3433496,-10.9051112],[-75.3449804,-10.9054198],[-75.3456406,-10.9055],[-75.3459902,-10.9055],[-75.3466191,-10.9054101],[-75.3474687,-10.90508],[-75.3480056,-10.9047076],[-75.3481894,-10.90458],[-75.3486991,-10.9040312],[-75.3490996,-10.9033711],[-75.3495996,-10.9027011],[-75.3505507,-10.9018768],[-75.3515897,-10.9015702],[-75.3523105,-10.9014296],[-75.3531991,-10.9013612],[-75.3535996,-10.9014296],[-75.3548691,-10.9014198],[-75.3561504,-10.9014608],[-75.3567792,-10.9013906],[-75.3574101,-10.9013906],[-75.3587597,-10.9016015],[-75.3601796,-10.9020312],[-75.3603202,-10.9020312],[-75.3606289,-10.9019511],[-75.3611504,-10.9017206],[-75.3618789,-10.9011913],[-75.3625702,-10.9005215],[-75.36383,-10.8998808],[-75.364459,-10.8993808],[-75.3651191,-10.8987715],[-75.3655897,-10.8984511],[-75.3661094,-10.8979805],[-75.3664101,-10.8977715],[-75.3668582,-10.897557],[-75.3675195,-10.8972402],[-75.3682402,-10.8967812],[-75.369039,-10.8959198],[-75.3696289,-10.8949003],[-75.3698496,-10.8944198],[-75.3698527,-10.8944113],[-75.3700974,-10.8936622],[-75.3710667,-10.8897008],[-75.3722869,-10.8861407],[-75.373173,-10.8844048],[-75.3740227,-10.8824148],[-75.3744741,-10.8814352],[-75.3751785,-10.8799063],[-75.3770087,-10.8772955],[-75.3789229,-10.8757293],[-75.3819592,-10.8722751],[-75.3833476,-10.8697002],[-75.3844285,-10.8682992],[-75.3857274,-10.8649368],[-75.3842997,-10.8643086],[-75.3826615,-10.8624646],[-75.3814391,-10.8617086],[-75.3803982,-10.8593683],[-75.3789707,-10.8561172],[-75.378484,-10.8558713],[-75.3751127,-10.8541685],[-75.373575,-10.8534735],[-75.3723427,-10.8527641],[-75.369769,-10.8511566],[-75.3679296,-10.8501535],[-75.3667044,-10.8498942],[-75.365756,-10.8496936],[-75.3644182,-10.8497355],[-75.3627377,-10.8501125],[-75.3621455,-10.8486163],[-75.3616507,-10.8477917],[-75.3615407,-10.847352],[-75.3615407,-10.8463075],[-75.3609911,-10.8455927],[-75.3604962,-10.8441085],[-75.3603864,-10.843064],[-75.3597816,-10.8423493],[-75.3595067,-10.8416896],[-75.358957,-10.8408101],[-75.3587371,-10.8399305],[-75.3583522,-10.8391058],[-75.3580775,-10.8385011],[-75.3574177,-10.8377865],[-75.3570879,-10.8374016],[-75.3564832,-10.836797],[-75.3561534,-10.8361922],[-75.3560434,-10.8355875],[-75.3562632,-10.8349828],[-75.3564282,-10.834488],[-75.3563732,-10.8338833],[-75.3557066,-10.8332007],[-75.3560984,-10.832399],[-75.3561534,-10.8317943],[-75.3563732,-10.8312446],[-75.356338,-10.8307568],[-75.3558785,-10.83042],[-75.3553287,-10.8298152],[-75.3549011,-10.8291152],[-75.3547285,-10.8285398],[-75.3552187,-10.8280011],[-75.3557135,-10.8273415],[-75.3560434,-10.8266817],[-75.3562084,-10.8258571],[-75.3562084,-10.8250875],[-75.3562632,-10.8242078],[-75.3559884,-10.8230535],[-75.3556586,-10.8213492],[-75.3552644,-10.8202671],[-75.3611706,-10.8192922],[-75.3618789,-10.8191698],[-75.3617187,-10.8188202],[-75.3612187,-10.8182011],[-75.3606991,-10.8177108],[-75.3600195,-10.8167812],[-75.3597792,-10.8158711],[-75.3597597,-10.8155097],[-75.3595996,-10.8146015],[-75.3591601,-10.8136308],[-75.3588397,-10.8132715],[-75.3569199,-10.8114608],[-75.3566094,-10.8108202],[-75.3565897,-10.8096308],[-75.3564199,-10.80908],[-75.3559101,-10.8084608],[-75.3558496,-10.8081913],[-75.3554902,-10.8074101],[-75.3545702,-10.8060215],[-75.3539687,-10.8050215],[-75.3536289,-10.8046015],[-75.3534004,-10.8041112],[-75.3526796,-10.8034902],[-75.3517695,-10.80283],[-75.3501601,-10.8020605],[-75.3496991,-10.8016698],[-75.3491601,-10.8011112],[-75.3485195,-10.8006406],[-75.3478906,-10.800291],[-75.3469394,-10.7998711],[-75.3463105,-10.7996699],[-75.3454199,-10.7994902],[-75.3447304,-10.7995215],[-75.3430996,-10.7998007],[-75.3418906,-10.80025],[-75.3403906,-10.8005215],[-75.3398152,-10.8005367],[-75.3396504,-10.800541],[-75.338789,-10.8006601],[-75.3386504,-10.8007305],[-75.3385186,-10.800859],[-75.3384257,-10.8009495],[-75.3381894,-10.8011796],[-75.3378159,-10.8012762],[-75.3376027,-10.8021946],[-75.3373796,-10.8030463],[-75.3369942,-10.8036955],[-75.336548,-10.8042227],[-75.3358179,-10.8048312],[-75.3353311,-10.8055411],[-75.3347226,-10.8066363],[-75.3342764,-10.8075897],[-75.3339316,-10.8084821],[-75.3339519,-10.8093542],[-75.3339721,-10.8103075],[-75.3339316,-10.8109971],[-75.3334854,-10.8116258],[-75.3328566,-10.8120923],[-75.3323881,-10.812062],[-75.3312929,-10.8119605],[-75.3308061,-10.812062],[-75.3301367,-10.8124676],[-75.3298529,-10.8128935],[-75.3298122,-10.8134006],[-75.32965,-10.8137656],[-75.329366,-10.8141713],[-75.3291024,-10.814719],[-75.328717,-10.8152057],[-75.3284534,-10.8158953],[-75.3283316,-10.8164835],[-75.3282911,-10.8169906],[-75.3280476,-10.8174367],[-75.3277637,-10.817883],[-75.3273581,-10.8183901],[-75.3268307,-10.8190189],[-75.3264656,-10.8193636],[-75.3257557,-10.8197895],[-75.3252081,-10.8200735],[-75.3247416,-10.8204386],[-75.3240926,-10.8208847],[-75.3233219,-10.8213512],[-75.3226322,-10.8218177],[-75.3221657,-10.8220003],[-75.3217601,-10.82198],[-75.3208474,-10.8217366],[-75.3202997,-10.8216758],[-75.3198941,-10.8216555],[-75.3194074,-10.8218177],[-75.31888,-10.8222842],[-75.3185352,-10.8230956],[-75.3182919,-10.8236837],[-75.3180485,-10.8240082],[-75.3177442,-10.8244747],[-75.3172575,-10.8249007],[-75.316507,-10.8255092],[-75.315858,-10.8259351],[-75.3152292,-10.8263002],[-75.3146612,-10.8267058],[-75.3141136,-10.8269492],[-75.3135457,-10.8272737],[-75.3129961,-10.8273447],[-75.3120022,-10.8273853],[-75.3111301,-10.8274258],[-75.3104734,-10.8277495],[-75.3104217,-10.8279526],[-75.3101739,-10.8282278],[-75.3099372,-10.8288216],[-75.3096232,-10.8294057],[-75.3092366,-10.8300475],[-75.3091889,-10.8306696],[-75.3091847,-10.8315448],[-75.3091019,-10.8321111],[-75.3087367,-10.832963],[-75.3085542,-10.833612],[-75.3081486,-10.8343625],[-75.3079457,-10.834829],[-75.307459,-10.835336],[-75.306952,-10.8358633],[-75.3062826,-10.8363501],[-75.305593,-10.8370397],[-75.3048831,-10.8376685],[-75.3042746,-10.8382363],[-75.3037676,-10.8385001],[-75.3028955,-10.8385812],[-75.3020841,-10.8385001],[-75.3014757,-10.8384392],[-75.3007455,-10.8385001],[-75.3000965,-10.8385406],[-75.299488,-10.8385406],[-75.2987984,-10.8388448],[-75.2983522,-10.8391085],[-75.298048,-10.8391896],[-75.2977031,-10.839433],[-75.297257,-10.8396765],[-75.296831,-10.8397981],[-75.2963849,-10.8397981],[-75.2959995,-10.8398995],[-75.2956141,-10.8399603],[-75.2951272,-10.8399603],[-75.2946,-10.8399603],[-75.2941335,-10.839859],[-75.2934736,-10.8395913],[-75.2927275,-10.8389698],[-75.2921992,-10.8385157],[-75.2916594,-10.8382622],[-75.2912939,-10.8381958],[-75.290726,-10.8384595],[-75.2904842,-10.8386302],[-75.290183,-10.8388786],[-75.2896681,-10.839303],[-75.2890735,-10.8401985],[-75.2888319,-10.8407251],[-75.2887935,-10.8410841],[-75.2888422,-10.8414144],[-75.2888376,-10.841601],[-75.2887459,-10.8418163],[-75.2887114,-10.8419552],[-75.2883691,-10.8420605],[-75.2880097,-10.8417305],[-75.2875097,-10.8416308],[-75.2866601,-10.8416698],[-75.285539,-10.84175],[-75.2845292,-10.8416503],[-75.2838906,-10.8414511],[-75.28308,-10.8410312],[-75.2821094,-10.8399101],[-75.2809902,-10.8383515],[-75.2803397,-10.8371503],[-75.2798202,-10.8365507],[-75.2791406,-10.836],[-75.2786699,-10.83575],[-75.2781601,-10.8353612],[-75.2779732,-10.8352523],[-75.2776997,-10.8350928],[-75.2767695,-10.8345507],[-75.2760605,-10.834041],[-75.27508,-10.8330097],[-75.2727812,-10.8310133],[-75.2722597,-10.8305605],[-75.2716796,-10.8301699],[-75.2704902,-10.8295097],[-75.2698594,-10.8293105],[-75.2690702,-10.8292715],[-75.2672304,-10.8296913],[-75.2666406,-10.8296308],[-75.2662987,-10.829541],[-75.2658691,-10.8293105],[-75.2652987,-10.8287812],[-75.26425,-10.8280507],[-75.2632792,-10.8269706],[-75.2628202,-10.8262011],[-75.2623594,-10.825291],[-75.2620097,-10.8241015],[-75.2618105,-10.8231308],[-75.2617304,-10.822541],[-75.2607792,-10.820291],[-75.260539,-10.8195097],[-75.2605731,-10.8190454],[-75.2606191,-10.8184198],[-75.2607695,-10.8177108],[-75.2607597,-10.8171699],[-75.2606191,-10.8166015],[-75.260209,-10.8159706],[-75.2596191,-10.8153711],[-75.258539,-10.8137305],[-75.25825,-10.8130899],[-75.2578397,-10.8120702],[-75.2578397,-10.8112011],[-75.2576796,-10.8103906],[-75.2575195,-10.8099101],[-75.2569199,-10.80958],[-75.2560097,-10.8092597],[-75.2551406,-10.8091503],[-75.2542187,-10.8088808],[-75.2531991,-10.8081796],[-75.2524902,-10.8074198],[-75.2516289,-10.8067715],[-75.2505996,-10.8060215],[-75.249789,-10.8053711],[-75.24925,-10.8045],[-75.2483906,-10.8038007],[-75.2481901,-10.803476],[-75.247959,-10.8031015],[-75.2474687,-10.8019608],[-75.24725,-10.8009413],[-75.2468202,-10.7991015],[-75.2468202,-10.7975898],[-75.246709,-10.7959608],[-75.2466196,-10.7952985],[-75.2465996,-10.7951503],[-75.2460097,-10.7941308],[-75.2454101,-10.7931503],[-75.24433,-10.7919608],[-75.2434687,-10.7905605],[-75.2431406,-10.7893711],[-75.243039,-10.7883515],[-75.243039,-10.787361],[-75.243039,-10.7864003],[-75.2431601,-10.78525],[-75.2434296,-10.7844511],[-75.24358,-10.7836015],[-75.2435897,-10.7829706],[-75.2434804,-10.7827109],[-75.2434394,-10.7817011],[-75.2435097,-10.7813007],[-75.2435195,-10.7807305],[-75.2436601,-10.7803906],[-75.2436796,-10.7800507],[-75.243705,-10.7799286],[-75.2438789,-10.7790898],[-75.2442402,-10.7778398],[-75.2445195,-10.7771796],[-75.245209,-10.7760215],[-75.24533,-10.7755215],[-75.245289,-10.7750312],[-75.2451094,-10.7744608],[-75.244709,-10.7737812],[-75.244539,-10.7731308],[-75.2445292,-10.7719608],[-75.2446094,-10.7715097],[-75.2446094,-10.771022],[-75.2446094,-10.770291],[-75.2445195,-10.7696601],[-75.2442187,-10.7684413],[-75.2441894,-10.7678515],[-75.2440605,-10.7671698],[-75.2440487,-10.7669511],[-75.2439902,-10.7658007],[-75.2440195,-10.7652206],[-75.2441894,-10.7641601],[-75.2439004,-10.7638808],[-75.2437695,-10.7638105],[-75.2431094,-10.7636211],[-75.2423632,-10.7633809],[-75.2413496,-10.7631112],[-75.2399394,-10.7622402],[-75.2387187,-10.7613398],[-75.2383027,-10.7610274],[-75.2370195,-10.7604101],[-75.2359687,-10.760291],[-75.2349101,-10.7603202],[-75.2343397,-10.7604296],[-75.2337987,-10.7604198],[-75.2331406,-10.7603007],[-75.2297304,-10.7594296],[-75.229209,-10.7594608],[-75.2284394,-10.7596503],[-75.2284241,-10.7596587]]]]}},
{"type":"Feature","properties":{"ubigeo":"120305","nombre":"SAN RAMON","fuente":"INEI"},"geometry":{"type":"MultiPolygon","coordinates":[[[[-75.3875661,-11.0436088],[-75.386518,-11.0448112],[-75.3857086,-11.0459262],[-75.384902,-11.0466375],[-75.3835572,-11.0472231],[-75.382666,-11.0475073],[-75.3818946,-11.0477532],[-75.3808941,-11.0480722],[-75.3798694,-11.0487098],[-75.379534,-11.0492228],[-75.3794484,-11.0494176],[-75.3789585,-11.0505316],[-75.3789585,-11.0517613],[-75.3790495,-11.0548356],[-75.3793684,-11.0592533],[-75.3793,-11.0601415],[-75.3791406,-11.0608928],[-75.3780117,-11.0624082],[-75.3761861,-11.0648045],[-75.3751536,-11.0660606],[-75.3749279,-11.0663355],[-75.374108,-11.0666997],[-75.3731289,-11.0667681],[-75.3716486,-11.0664721],[-75.3704417,-11.0663582],[-75.3692347,-11.0664948],[-75.3689349,-11.0664657],[-75.3661834,-11.0661988],[-75.3641285,-11.0661785],[-75.3622175,-11.0665555],[-75.3592089,-11.0674173],[-75.3568339,-11.0679798],[-75.3545522,-11.0674798],[-75.3528959,-11.0667296],[-75.3518957,-11.0656672],[-75.3512905,-11.0645592],[-75.3502657,-11.0640127],[-75.3488994,-11.064377],[-75.3473016,-11.065386],[-75.3462077,-11.0671048],[-75.3450281,-11.0700017],[-75.3447776,-11.0716641],[-75.3444816,-11.0724383],[-75.3430014,-11.0741007],[-75.3423105,-11.0748301],[-75.3420329,-11.0752645],[-75.3416124,-11.0759225],[-75.3392669,-11.0769016],[-75.3379005,-11.0773571],[-75.3362836,-11.0776302],[-75.334348,-11.077471],[-75.3331639,-11.0773116],[-75.332162,-11.0769927],[-75.3310461,-11.0769245],[-75.3299302,-11.0767422],[-75.3282955,-11.0759195],[-75.3279494,-11.0757888],[-75.3266739,-11.0753076],[-75.3254444,-11.0749205],[-75.3243966,-11.0746927],[-75.3234175,-11.0747611],[-75.3223472,-11.075376],[-75.3216896,-11.0760615],[-75.3212769,-11.0764917],[-75.319774,-11.0777852],[-75.319267,-11.0780512],[-75.3189982,-11.0781921],[-75.3167452,-11.079106],[-75.31547,-11.0793792],[-75.31358,-11.0796847],[-75.3120997,-11.0798575],[-75.3103691,-11.0796523],[-75.308388,-11.0787872],[-75.3070444,-11.0779218],[-75.30645,-11.0777028],[-75.3057464,-11.0774436],[-75.3044939,-11.0772158],[-75.3038107,-11.0774663],[-75.3024445,-11.0779218],[-75.3006226,-11.0783317],[-75.2985505,-11.0784456],[-75.2969336,-11.0788555],[-75.2953396,-11.0791287],[-75.2924961,-11.0798203],[-75.2914842,-11.0793558],[-75.2901716,-11.0778557],[-75.2895152,-11.0759493],[-75.2886401,-11.0747617],[-75.2874376,-11.0740051],[-75.2857649,-11.0735429],[-75.2850575,-11.0732756],[-75.2845364,-11.0730787],[-75.2843585,-11.0730116],[-75.2832021,-11.0723427],[-75.2825177,-11.0724582],[-75.2822021,-11.0725116],[-75.280577,-11.073918],[-75.2791022,-11.074316],[-75.2773724,-11.07462],[-75.2765982,-11.074506],[-75.2753685,-11.0739822],[-75.2745905,-11.0739742],[-75.2724536,-11.0747337],[-75.2712012,-11.0754625],[-75.2704032,-11.0757172],[-75.2688775,-11.0757361],[-75.2667379,-11.0755535],[-75.2647587,-11.0756396],[-75.2641191,-11.0756673],[-75.2633301,-11.0758691],[-75.2630032,-11.0770565],[-75.2626617,-11.0780585],[-75.2626389,-11.0794476],[-75.2624795,-11.0805633],[-75.2619785,-11.0813376],[-75.2605212,-11.0824535],[-75.2598607,-11.0837515],[-75.2587905,-11.0847307],[-75.2572875,-11.0860058],[-75.2569687,-11.0866663],[-75.2563082,-11.0887841],[-75.2561945,-11.089695],[-75.2560122,-11.0907425],[-75.2555997,-11.0915765],[-75.2550309,-11.0919856],[-75.2549564,-11.0920196],[-75.2536509,-11.0924771],[-75.2530396,-11.0928295],[-75.2528036,-11.0929655],[-75.2525529,-11.0930265],[-75.2522771,-11.0930937],[-75.2513956,-11.0932771],[-75.250544,-11.0938242],[-75.2492009,-11.0943743],[-75.2489202,-11.094859],[-75.248461,-11.0963897],[-75.24843,-11.097406],[-75.2481804,-11.0978438],[-75.2478312,-11.0979462],[-75.2468472,-11.0979053],[-75.2457881,-11.0978821],[-75.2456282,-11.097921],[-75.2452276,-11.0980181],[-75.2449509,-11.0984076],[-75.2448586,-11.0986947],[-75.2451969,-11.1006627],[-75.244961,-11.1031126],[-75.2445116,-11.1043587],[-75.2437502,-11.1058102],[-75.2435599,-11.1067857],[-75.2433457,-11.10769],[-75.2434646,-11.1082848],[-75.2442499,-11.1093556],[-75.2451302,-11.1099742],[-75.2466051,-11.1111928],[-75.2470281,-11.1118969],[-75.247278,-11.115684],[-75.2473255,-11.1170721],[-75.2475337,-11.1179942],[-75.2481584,-11.1188865],[-75.2489317,-11.1196895],[-75.2494671,-11.1207603],[-75.2503594,-11.1224853],[-75.2506367,-11.1240742],[-75.2504189,-11.1254002],[-75.2495265,-11.1279878],[-75.2491459,-11.128556],[-75.2480751,-11.1299838],[-75.2473136,-11.1311733],[-75.2461676,-11.1323606],[-75.2458146,-11.133196],[-75.2461051,-11.1345482],[-75.2461432,-11.134619],[-75.2467615,-11.1357671],[-75.2467927,-11.1365797],[-75.2460426,-11.1378298],[-75.245184,-11.1394688],[-75.2450947,-11.1401231],[-75.2451542,-11.1408072],[-75.2452437,-11.145569],[-75.2452459,-11.1456827],[-75.2453149,-11.1490907],[-75.245196,-11.1515892],[-75.2450294,-11.1523268],[-75.2445059,-11.1528265],[-75.2435542,-11.1532548],[-75.2431257,-11.1539686],[-75.2430306,-11.1547538],[-75.2433161,-11.1562053],[-75.2434589,-11.1572285],[-75.243221,-11.1586086],[-75.2422499,-11.1608067],[-75.240556,-11.1627012],[-75.2367012,-11.1662705],[-75.2350916,-11.1676308],[-75.2333224,-11.1691258],[-75.2311855,-11.1700087],[-75.2306112,-11.170246],[-75.2293011,-11.1707201],[-75.2285425,-11.1708346],[-75.22804,-11.1709103],[-75.2260651,-11.1719573],[-75.2240774,-11.1727101],[-75.222829,-11.1728377],[-75.2224484,-11.1729806],[-75.2212347,-11.174313],[-75.2205209,-11.1751935],[-75.2198071,-11.1754076],[-75.2186411,-11.1753123],[-75.2177569,-11.1749619],[-75.216,-11.1742655],[-75.2151195,-11.1739561],[-75.2142826,-11.1738991],[-75.2120899,-11.1746562],[-75.2097894,-11.1760738],[-75.2076242,-11.1773826],[-75.2072864,-11.1776321],[-75.206873,-11.1779375],[-75.20603,-11.1781677],[-75.2049854,-11.178665],[-75.2039836,-11.1792147],[-75.203246,-11.1804045],[-75.2023656,-11.1820225],[-75.2009617,-11.1837118],[-75.1992247,-11.1858535],[-75.1986299,-11.1868765],[-75.1975794,-11.1880337],[-75.1974165,-11.1881138],[-75.196015,-11.1885922],[-75.1947751,-11.1895892],[-75.1940375,-11.189851],[-75.1931802,-11.189829],[-75.1920392,-11.1896432],[-75.1913497,-11.1896967],[-75.1908506,-11.1898363],[-75.1903731,-11.1899698],[-75.1890882,-11.1906123],[-75.1869229,-11.191469],[-75.185995,-11.1923493],[-75.1845196,-11.1934677],[-75.1835899,-11.194059],[-75.1834785,-11.1940877],[-75.1806954,-11.1962735],[-75.1790137,-11.1967922],[-75.1786805,-11.1968672],[-75.176025,-11.1974652],[-75.1747162,-11.1979172],[-75.1737167,-11.1982266],[-75.1722151,-11.1982812],[-75.1713637,-11.1986946],[-75.1701715,-11.1992736],[-75.1691721,-11.2002016],[-75.1678396,-11.2018195],[-75.1661979,-11.2049843],[-75.1651985,-11.2065071],[-75.1647909,-11.2074477],[-75.1645797,-11.2079348],[-75.1642942,-11.2081727],[-75.1630077,-11.208236],[-75.162311,-11.2084768],[-75.1609091,-11.2090321],[-75.1604396,-11.2091712],[-75.160035,-11.2092912],[-75.1575841,-11.2104332],[-75.1562644,-11.2109671],[-75.1554665,-11.2112898],[-75.1539674,-11.2114802],[-75.1529919,-11.2115992],[-75.1511834,-11.2114326],[-75.1496347,-11.2117968],[-75.1478886,-11.2136347],[-75.1448672,-11.2160507],[-75.1436167,-11.2175002],[-75.1430332,-11.2182558],[-75.1426887,-11.2191658],[-75.1431654,-11.2209655],[-75.1435937,-11.2232871],[-75.1435096,-11.2250471],[-75.1432065,-11.2263393],[-75.1416271,-11.2289941],[-75.1409456,-11.2308116],[-75.1400957,-11.2331195],[-75.139252,-11.2365886],[-75.1380955,-11.2381825],[-75.1366457,-11.2385371],[-75.1353131,-11.2387797],[-75.1323866,-11.2390604],[-75.1302404,-11.238776],[-75.129206,-11.2389052],[-75.1273441,-11.2397844],[-75.1255664,-11.2413301],[-75.1245942,-11.2426352],[-75.1238695,-11.2442177],[-75.122819,-11.2462748],[-75.1222836,-11.247513],[-75.1221437,-11.2481846],[-75.1221437,-11.2487908],[-75.1222792,-11.2496464],[-75.1235631,-11.249746],[-75.1261571,-11.2509336],[-75.1285947,-11.2518086],[-75.1298947,-11.2526],[-75.1300324,-11.2526837],[-75.1318451,-11.2534026],[-75.1324701,-11.2542151],[-75.133564,-11.2557152],[-75.1349391,-11.2578717],[-75.1365642,-11.2611532],[-75.1376692,-11.2624133],[-75.1386971,-11.2624133],[-75.1398304,-11.2618341],[-75.1399395,-11.2617783],[-75.142096,-11.2606532],[-75.1434086,-11.2606532],[-75.1449087,-11.261372],[-75.1459401,-11.2624971],[-75.1467145,-11.2644628],[-75.1467526,-11.2645597],[-75.1467867,-11.265242],[-75.1468464,-11.266435],[-75.1470964,-11.2675288],[-75.1479511,-11.2682012],[-75.1498466,-11.2679351],[-75.152805,-11.2670492],[-75.1538852,-11.2670236],[-75.155017,-11.2673322],[-75.1569976,-11.2685926],[-75.1585151,-11.2688755],[-75.1594411,-11.2687212],[-75.1598575,-11.2684417],[-75.15986,-11.26844],[-75.16256,-11.26567],[-75.16372,-11.26407],[-75.16482,-11.26226],[-75.16545,-11.26153],[-75.16639,-11.26003],[-75.16676,-11.25932],[-75.16749,-11.25872],[-75.168,-11.25789],[-75.16959,-11.25648],[-75.17052,-11.25519],[-75.17088,-11.25428],[-75.1713,-11.25362],[-75.17173,-11.25267],[-75.1722,-11.25114],[-75.17258,-11.25061],[-75.17333,-11.2498],[-75.17391,-11.24934],[-75.17411,-11.24912],[-75.17443,-11.24852],[-75.1746835,-11.2477753],[-75.17502,-11.24698],[-75.17576,-11.24572],[-75.17666,-11.24451],[-75.17758,-11.24384],[-75.17842,-11.24291],[-75.17871,-11.24254],[-75.17933,-11.24176],[-75.1794882,-11.2411621],[-75.18071,-11.23986],[-75.18144,-11.23922],[-75.18204,-11.23885],[-75.18301,-11.23767],[-75.18474,-11.23579],[-75.1853621,-11.2353771],[-75.18587,-11.23504],[-75.1863,-11.23465],[-75.18649,-11.23433],[-75.18661,-11.23389],[-75.18672,-11.23237],[-75.18682,-11.23174],[-75.18732,-11.23059],[-75.18763,-11.23021],[-75.18829,-11.22991],[-75.18896,-11.22942],[-75.18928,-11.229],[-75.1898,-11.22801],[-75.19019,-11.2268],[-75.19077,-11.22557],[-75.19114,-11.22476],[-75.1920741,-11.2231562],[-75.19238,-11.22286],[-75.1934,-11.22098],[-75.19354,-11.22047],[-75.19357,-11.22009],[-75.1933,-11.21734],[-75.19332,-11.21683],[-75.19345,-11.21639],[-75.19388,-11.21586],[-75.19496,-11.21533],[-75.19566,-11.21514],[-75.19683,-11.21498],[-75.19766,-11.21546],[-75.19818,-11.21566],[-75.19864,-11.21568],[-75.20048,-11.21553],[-75.20165,-11.21499],[-75.20219,-11.21487],[-75.202605,-11.2148816],[-75.20291,-11.21489],[-75.20351,-11.21499],[-75.20912,-11.21477],[-75.20946,-11.21475],[-75.20966,-11.21477],[-75.21024,-11.21481],[-75.2113,-11.21466],[-75.21205,-11.21443],[-75.21351,-11.2137],[-75.21427,-11.21307],[-75.21488,-11.21242],[-75.21548,-11.21181],[-75.216,-11.21168],[-75.21659,-11.21173],[-75.2170564,-11.2119441],[-75.21757,-11.21218],[-75.21824,-11.21235],[-75.21859,-11.2125],[-75.21922,-11.21293],[-75.21972,-11.21313],[-75.22038,-11.2132],[-75.22086,-11.21312],[-75.22255,-11.21237],[-75.22279,-11.2122],[-75.22307,-11.21187],[-75.22329,-11.2115],[-75.22352,-11.21062],[-75.22371,-11.21024],[-75.22461,-11.20979],[-75.22547,-11.20959],[-75.22634,-11.20922],[-75.22664,-11.20918],[-75.227,-11.20891],[-75.22741,-11.20882],[-75.22874,-11.2088],[-75.22976,-11.20921],[-75.23093,-11.20984],[-75.23138,-11.20998],[-75.23172,-11.21],[-75.23211,-11.20982],[-75.23296,-11.20864],[-75.23335,-11.20826],[-75.23384,-11.20802],[-75.23454,-11.208],[-75.23494,-11.20811],[-75.23542,-11.20836],[-75.23656,-11.20936],[-75.23779,-11.21017],[-75.23825,-11.2103],[-75.23871,-11.21032],[-75.23915,-11.21019],[-75.24068,-11.20916],[-75.24173,-11.2089],[-75.24343,-11.2088],[-75.24407,-11.20869],[-75.24452,-11.20851],[-75.24485,-11.2082],[-75.24489,-11.20802],[-75.24526,-11.20745],[-75.24601,-11.2068],[-75.2468,-11.2064],[-75.2478945,-11.2063672],[-75.24984,-11.2061],[-75.25012,-11.20603],[-75.25139,-11.20547],[-75.25284,-11.20446],[-75.25376,-11.204],[-75.25466,-11.20386],[-75.25582,-11.20413],[-75.2561,-11.20412],[-75.25647,-11.20403],[-75.2569,-11.20375],[-75.257748,-11.2030215],[-75.25806,-11.20266],[-75.25901,-11.20221],[-75.26013,-11.20202],[-75.26096,-11.20175],[-75.2617949,-11.2012808],[-75.26217,-11.20107],[-75.26276,-11.20039],[-75.26377,-11.19946],[-75.26534,-11.19851],[-75.26668,-11.19806],[-75.267,-11.19792],[-75.26755,-11.1977],[-75.26921,-11.19657],[-75.27045,-11.19559],[-75.27079,-11.19532],[-75.27097,-11.19503],[-75.27107,-11.19443],[-75.2712,-11.19425],[-75.27145,-11.1942],[-75.27219,-11.19426],[-75.27295,-11.19449],[-75.27322,-11.19448],[-75.27351,-11.19433],[-75.27463,-11.19339],[-75.27624,-11.19283],[-75.27692,-11.19291],[-75.27765,-11.19292],[-75.27808,-11.19279],[-75.27835,-11.1925],[-75.279,-11.19156],[-75.28035,-11.19048],[-75.28059,-11.19002],[-75.28088,-11.18963],[-75.28097,-11.18925],[-75.28096,-11.18876],[-75.2808,-11.1878],[-75.28086,-11.18754],[-75.28096,-11.18743],[-75.28115,-11.18735],[-75.28139,-11.18737],[-75.28226,-11.18805],[-75.28252,-11.18816],[-75.28271,-11.18817],[-75.28364,-11.18783],[-75.28523,-11.18703],[-75.28544,-11.18678],[-75.28553,-11.18635],[-75.28549,-11.18551],[-75.28519,-11.18441],[-75.285,-11.18406],[-75.28449,-11.1837],[-75.28415,-11.18328],[-75.28411,-11.18304],[-75.28421,-11.18233],[-75.28434,-11.18199],[-75.28479,-11.1812],[-75.28518,-11.18078],[-75.28561,-11.18077],[-75.28594,-11.18092],[-75.2865,-11.18131],[-75.28687,-11.1813],[-75.28744,-11.18114],[-75.2893,-11.18026],[-75.29085,-11.17995],[-75.29121,-11.17973],[-75.29141,-11.17951],[-75.29163,-11.17872],[-75.29191,-11.17828],[-75.29294,-11.17736],[-75.29329,-11.17689],[-75.29353,-11.17674],[-75.29415,-11.17667],[-75.29596,-11.17631],[-75.29693,-11.17591],[-75.2977,-11.17584],[-75.29815,-11.17591],[-75.29949,-11.17636],[-75.30032,-11.17641],[-75.30251,-11.17599],[-75.30359,-11.17597],[-75.30429,-11.17563],[-75.30473,-11.17529],[-75.3053,-11.17508],[-75.30598,-11.175],[-75.30666,-11.17508],[-75.30695,-11.17543],[-75.30798,-11.17607],[-75.30879,-11.17673],[-75.30975,-11.17786],[-75.31015,-11.17844],[-75.31034,-11.17902],[-75.31037,-11.17934],[-75.31028,-11.1802],[-75.3101377,-11.1807061],[-75.31001,-11.18116],[-75.31001,-11.18146],[-75.31015,-11.18174],[-75.31118,-11.18281],[-75.31185,-11.18341],[-75.31235,-11.1837],[-75.3133,-11.18398],[-75.31464,-11.18422],[-75.31545,-11.1841],[-75.31624,-11.18377],[-75.31666,-11.18366],[-75.31742,-11.18362],[-75.31837,-11.18365],[-75.3188,-11.18375],[-75.31943,-11.18402],[-75.32014,-11.18461],[-75.32077,-11.18488],[-75.32191,-11.18509],[-75.32286,-11.18512],[-75.32363,-11.18506],[-75.32402,-11.18494],[-75.32471,-11.18454],[-75.32501,-11.18404],[-75.32551,-11.18366],[-75.3259,-11.1835],[-75.32658,-11.18346],[-75.32703,-11.18354],[-75.32747,-11.1837],[-75.32863,-11.18453],[-75.32915,-11.18478],[-75.32983,-11.18497],[-75.33091,-11.18502],[-75.33128,-11.18493],[-75.33209,-11.18462],[-75.33313,-11.18396],[-75.3338,-11.18371],[-75.33439,-11.18363],[-75.33562,-11.18373],[-75.33594,-11.18368],[-75.33665,-11.18321],[-75.33693,-11.18278],[-75.3371097,-11.1823008],[-75.33711,-11.1823],[-75.3371102,-11.1822991],[-75.3372699,-11.1818273],[-75.33721,-11.1809547],[-75.337201,-11.1808252],[-75.3366874,-11.1791088],[-75.3360839,-11.1760352],[-75.3356754,-11.1733798],[-75.3357207,-11.1723358],[-75.3361066,-11.1713372],[-75.3367647,-11.1695442],[-75.3375066,-11.1680737],[-75.3375654,-11.1679205],[-75.337622,-11.1678236],[-75.3376929,-11.1677953],[-75.3378037,-11.1678095],[-75.3378769,-11.1678426],[-75.3378992,-11.1678691],[-75.3379,-11.16787],[-75.338,-11.16835],[-75.33824,-11.16871],[-75.33931,-11.1696],[-75.33999,-11.17037],[-75.34034,-11.17058],[-75.34143,-11.17068],[-75.341599,-11.1707157],[-75.34247,-11.1709],[-75.34286,-11.17091],[-75.34334,-11.17083],[-75.34452,-11.17032],[-75.34535,-11.17029],[-75.34739,-11.17051],[-75.34888,-11.17099],[-75.34933,-11.17121],[-75.34978,-11.17169],[-75.34993,-11.17239],[-75.34995,-11.17319],[-75.34974,-11.17533],[-75.34982,-11.17586],[-75.35006,-11.17653],[-75.35069,-11.17744],[-75.35121,-11.17794],[-75.35186,-11.17842],[-75.35245,-11.17872],[-75.35274,-11.17904],[-75.353219,-11.1792995],[-75.3532202,-11.1793001],[-75.3537709,-11.1797736],[-75.3541029,-11.1805703],[-75.354612,-11.1818098],[-75.3548111,-11.1828722],[-75.3555351,-11.1848106],[-75.3565379,-11.1871938],[-75.3576229,-11.189364],[-75.3585939,-11.1907345],[-75.3594502,-11.1919908],[-75.3604211,-11.1927903],[-75.3623056,-11.1934185],[-75.3647816,-11.1935296],[-75.3659001,-11.1935627],[-75.3682462,-11.1938062],[-75.3696406,-11.1942488],[-75.3705039,-11.194935],[-75.3707916,-11.1959975],[-75.3709465,-11.1974803],[-75.3709022,-11.1990297],[-75.3709072,-11.1991051],[-75.3710571,-11.2013758],[-75.3711961,-11.2016478],[-75.3715662,-11.2023718],[-75.3728057,-11.2032792],[-75.3736189,-11.2035411],[-75.3748715,-11.20405],[-75.3763086,-11.2044062],[-75.376594,-11.2049307],[-75.376594,-11.2055962],[-75.3765324,-11.2081218],[-75.3765156,-11.2088062],[-75.3769071,-11.2109006],[-75.3773769,-11.2139932],[-75.3775922,-11.2155396],[-75.3778271,-11.2161462],[-75.3785121,-11.2170271],[-75.3785905,-11.2175751],[-75.3786491,-11.2187886],[-75.3790797,-11.2195325],[-75.3796571,-11.21999],[-75.3822752,-11.2202346],[-75.3843059,-11.2204792],[-75.3874131,-11.2206506],[-75.3890279,-11.2207728],[-75.3906671,-11.2208952],[-75.3912299,-11.2211643],[-75.3919884,-11.2218738],[-75.3943371,-11.2233418],[-75.3965881,-11.2239291],[-75.3987656,-11.2253971],[-75.400954,-11.2261643],[-75.4029739,-11.2265715],[-75.4044664,-11.2273788],[-75.4052642,-11.2282015],[-75.4068396,-11.2304616],[-75.4078182,-11.2321987],[-75.4091639,-11.2342051],[-75.410216,-11.2357465],[-75.4111212,-11.2373612],[-75.4118062,-11.2383888],[-75.4121244,-11.2403706],[-75.4124424,-11.241912],[-75.4125892,-11.2439672],[-75.4123446,-11.2454841],[-75.4122469,-11.246316],[-75.4124424,-11.2468053],[-75.4129072,-11.247099],[-75.4140817,-11.2477351],[-75.4148891,-11.2484201],[-75.4162347,-11.2501572],[-75.4176782,-11.2519678],[-75.4196111,-11.2536315],[-75.4207855,-11.2552218],[-75.4212117,-11.2562227],[-75.4216907,-11.2567877],[-75.4228054,-11.2570638],[-75.4249745,-11.2573295],[-75.4267009,-11.2576836],[-75.427523,-11.2576974],[-75.4293347,-11.2577278],[-75.431371,-11.25775],[-75.4334959,-11.2579271],[-75.4347896,-11.2582078],[-75.4792222,-11.2371258],[-75.490272,-11.2317365],[-75.50556,-11.22428],[-75.50584,-11.22426],[-75.50599,-11.22429],[-75.50618,-11.2244],[-75.5075132,-11.2241267],[-75.5607876,-11.2275424],[-75.5780194,-11.2286472],[-75.5793087,-11.2287298],[-75.57931,-11.22873],[-75.57983,-11.22818],[-75.58068,-11.22778],[-75.58183,-11.22709],[-75.58225,-11.22665],[-75.58281,-11.22592],[-75.5844,-11.22436],[-75.58581,-11.22278],[-75.58615,-11.22252],[-75.58636,-11.22225],[-75.58648,-11.22162],[-75.58652,-11.22114],[-75.58643,-11.2209],[-75.58613,-11.22067],[-75.58603,-11.22052],[-75.58608,-11.21996],[-75.58601,-11.21961],[-75.58567,-11.21919],[-75.58551,-11.21893],[-75.58518,-11.21811],[-75.58467,-11.21758],[-75.58457,-11.21692],[-75.58446,-11.21669],[-75.58421,-11.21645],[-75.58354,-11.21619],[-75.58297,-11.21579],[-75.58284,-11.21558],[-75.58275,-11.2153],[-75.58267,-11.21475],[-75.58276,-11.21422],[-75.58289,-11.21392],[-75.5830399,-11.2136901],[-75.58409,-11.21314],[-75.58533,-11.21275],[-75.5857,-11.21252],[-75.58611,-11.21204],[-75.58644,-11.2113],[-75.58701,-11.20963],[-75.58709,-11.20911],[-75.58706,-11.20869],[-75.58699,-11.20842],[-75.5866,-11.20747],[-75.58688,-11.20678],[-75.5869,-11.20625],[-75.58697,-11.20598],[-75.58742,-11.20522],[-75.58758,-11.2047],[-75.5875882,-11.2046447],[-75.58762,-11.20443],[-75.58762,-11.20355],[-75.58771,-11.20318],[-75.58767,-11.20287],[-75.58745,-11.20237],[-75.58742,-11.20202],[-75.58754,-11.20146],[-75.58755,-11.20087],[-75.58751,-11.20047],[-75.58738,-11.19994],[-75.5873502,-11.1996771],[-75.58732,-11.19941],[-75.58746,-11.1985],[-75.58775,-11.19772],[-75.58798,-11.1973],[-75.58818,-11.19678],[-75.58914,-11.19559],[-75.58933,-11.19525],[-75.58945,-11.19464],[-75.58962,-11.19438],[-75.58994,-11.19404],[-75.59025,-11.19357],[-75.5903964,-11.1925691],[-75.5904915,-11.1919192],[-75.5905592,-11.1914551],[-75.5905599,-11.1914508],[-75.59056,-11.19145],[-75.5905599,-11.1914492],[-75.5904566,-11.1906941],[-75.589765,-11.189838],[-75.5887441,-11.1893108],[-75.5879379,-11.1890131],[-75.5874595,-11.1883557],[-75.5873262,-11.1863488],[-75.5878217,-11.1839095],[-75.5881235,-11.1829652],[-75.5883051,-11.1823965],[-75.5885792,-11.1815381],[-75.588544,-11.1815007],[-75.5886046,-11.1812732],[-75.5888345,-11.1790755],[-75.5887827,-11.1780338],[-75.5883726,-11.177128],[-75.5862644,-11.1752337],[-75.5856479,-11.174432],[-75.5843965,-11.172514],[-75.5840014,-11.1709331],[-75.5838366,-11.1688252],[-75.5839355,-11.167903],[-75.584693,-11.1673761],[-75.586175,-11.1666515],[-75.5870102,-11.1663732],[-75.5874386,-11.1662197],[-75.5885466,-11.1658225],[-75.5894324,-11.1653665],[-75.5896105,-11.165275],[-75.5905179,-11.1648077],[-75.5911557,-11.164663],[-75.5919962,-11.1648948],[-75.5929595,-11.165473],[-75.5934514,-11.1657683],[-75.5944602,-11.1662863],[-75.5952961,-11.167053],[-75.5966054,-11.1679386],[-75.5984316,-11.1680546],[-75.5997114,-11.1683641],[-75.6006335,-11.168957],[-75.6010287,-11.1700439],[-75.6013581,-11.1715917],[-75.6018522,-11.1724028],[-75.602207,-11.1724923],[-75.6033307,-11.1711853],[-75.6064004,-11.167496],[-75.6078529,-11.1650689],[-75.6086645,-11.1642861],[-75.6093892,-11.1638513],[-75.6106357,-11.16217],[-75.6121309,-11.160484],[-75.6130707,-11.1593291],[-75.613588,-11.1584361],[-75.6137765,-11.1581107],[-75.6151121,-11.1570511],[-75.6170082,-11.156106],[-75.6187235,-11.1553867],[-75.6202019,-11.1551838],[-75.6216222,-11.1552417],[-75.6229557,-11.1558216],[-75.6245501,-11.157097],[-75.6263472,-11.1588363],[-75.6277679,-11.15959],[-75.629884,-11.1601408],[-75.6317972,-11.1610395],[-75.6349859,-11.1638513],[-75.6361744,-11.1644311],[-75.6369861,-11.1644602],[-75.637676,-11.1642021],[-75.6388152,-11.1627935],[-75.639755,-11.1616316],[-75.640227,-11.1610481],[-75.6411777,-11.1600741],[-75.6412096,-11.1588788],[-75.6403204,-11.1569687],[-75.6397275,-11.1561781],[-75.639497,-11.1553877],[-75.6398592,-11.1532798],[-75.6400285,-11.1528005],[-75.6402545,-11.1521601],[-75.6408474,-11.1505792],[-75.642059,-11.147157],[-75.6425229,-11.1459046],[-75.642894,-11.144977],[-75.6439142,-11.1433073],[-75.6449356,-11.1424455],[-75.6464885,-11.1407795],[-75.6468551,-11.1399695],[-75.6475089,-11.1389242],[-75.6485751,-11.1362377],[-75.6488259,-11.1359626],[-75.650662,-11.1335846],[-75.6515182,-11.1325307],[-75.6525722,-11.1323331],[-75.6526555,-11.1323558],[-75.6540214,-11.1327283],[-75.6550457,-11.1325932],[-75.6556256,-11.1320135],[-75.6562939,-11.1300276],[-75.6559966,-11.1287203],[-75.6554069,-11.126348],[-75.6554046,-11.126339],[-75.6554034,-11.1263366],[-75.6546051,-11.1248707],[-75.6546284,-11.1243142],[-75.6552314,-11.1228068],[-75.6558342,-11.1213457],[-75.6564604,-11.1207892],[-75.65762,-11.1203253],[-75.658594,-11.1196065],[-75.6594984,-11.1187948],[-75.6597189,-11.1186358],[-75.6620472,-11.1169578],[-75.6633386,-11.1162587],[-75.664628,-11.1158367],[-75.6676846,-11.1159656],[-75.6684077,-11.1158798],[-75.6692066,-11.1156442],[-75.669647,-11.1153063],[-75.669944,-11.1138213],[-75.6701897,-11.1131661],[-75.6706915,-11.1122955],[-75.6708399,-11.1114568],[-75.6707017,-11.1105136],[-75.6704049,-11.1095712],[-75.6703282,-11.1085446],[-75.6701892,-11.106898],[-75.6707222,-11.1052292],[-75.6709066,-11.1043384],[-75.6709066,-11.1041867],[-75.6709066,-11.1037546],[-75.6707222,-11.1028328],[-75.6704662,-11.102454],[-75.6698617,-11.1019573],[-75.6693956,-11.1016146],[-75.669149,-11.1012445],[-75.6689556,-11.1008027],[-75.6682951,-11.1016552],[-75.6672199,-11.102362],[-75.6663084,-11.1026383],[-75.6651307,-11.1026896],[-75.6637585,-11.1027305],[-75.6629596,-11.1024745],[-75.662253,-11.1020853],[-75.6613927,-11.1017473],[-75.6606901,-11.10151],[-75.65995,-11.10128],[-75.6597979,-11.1012747],[-75.65966,-11.10127],[-75.65932,-11.10137],[-75.65909,-11.1017],[-75.659012,-11.1019118],[-75.65895,-11.10208],[-75.6588315,-11.1021926],[-75.65875,-11.10227],[-75.6584,-11.10239],[-75.65792,-11.10246],[-75.6575899,-11.1027001],[-75.6573669,-11.1029721],[-75.6573196,-11.1030901],[-75.65731,-11.1034294],[-75.65731,-11.1034303],[-75.65722,-11.10397],[-75.6571,-11.10425],[-75.6569387,-11.1043871],[-75.6569,-11.10442],[-75.6568156,-11.1048703],[-75.65669,-11.10554],[-75.65643,-11.10579],[-75.65414,-11.10672],[-75.6541392,-11.1067206],[-75.6531542,-11.1075542],[-75.65256,-11.10782],[-75.6517461,-11.1082103],[-75.649842,-11.1088663],[-75.6478579,-11.1095225],[-75.6457136,-11.1100665],[-75.6444335,-11.1102266],[-75.6432494,-11.1100505],[-75.642625,-11.1097461],[-75.6421401,-11.1092202],[-75.6419327,-11.1090891],[-75.6419212,-11.1090819],[-75.64176,-11.10898],[-75.64125,-11.10846],[-75.64068,-11.10816],[-75.64026,-11.10804],[-75.63884,-11.10786],[-75.63834,-11.10745],[-75.63797,-11.10723],[-75.63718,-11.10698],[-75.6363379,-11.1066642],[-75.63622,-11.10662],[-75.6361,-11.10662],[-75.63587,-11.10673],[-75.63565,-11.10662],[-75.63547,-11.10659],[-75.63512,-11.10673],[-75.63454,-11.10667],[-75.63402,-11.10672],[-75.6337,-11.10669],[-75.63361,-11.10657],[-75.63336,-11.10639],[-75.63295,-11.10627],[-75.63283,-11.10607],[-75.63263,-11.10595],[-75.63229,-11.10587],[-75.632,-11.10585],[-75.63087,-11.10542],[-75.62946,-11.10461],[-75.62874,-11.10435],[-75.62828,-11.10426],[-75.62771,-11.10424],[-75.62665,-11.10442],[-75.62601,-11.10435],[-75.62592,-11.10438],[-75.6257,-11.10464],[-75.62539,-11.10475],[-75.6247,-11.10474],[-75.62439,-11.10489],[-75.62405,-11.10492],[-75.62333,-11.10477],[-75.62287,-11.10481],[-75.62252,-11.10504],[-75.62146,-11.10483],[-75.62107,-11.10485],[-75.62053,-11.10479],[-75.62018,-11.10486],[-75.6198,-11.10526],[-75.61931,-11.1056],[-75.61905,-11.1061],[-75.61892,-11.10627],[-75.61879,-11.10635],[-75.61852,-11.10643],[-75.61835,-11.10655],[-75.61779,-11.10733],[-75.61773,-11.1076],[-75.61776,-11.10818],[-75.61717,-11.10948],[-75.61712,-11.11043],[-75.61682,-11.11112],[-75.61671,-11.11151],[-75.6163,-11.11218],[-75.61592,-11.1127],[-75.61584,-11.11291],[-75.61575,-11.11347],[-75.61557,-11.11387],[-75.61523,-11.11432],[-75.61474,-11.11455],[-75.61463,-11.11465],[-75.61454,-11.11483],[-75.61446,-11.1153],[-75.61409,-11.11587],[-75.61398,-11.11619],[-75.61348,-11.11668],[-75.61323,-11.11726],[-75.6131,-11.11756],[-75.61288,-11.11813],[-75.61262,-11.11862],[-75.61258,-11.11885],[-75.6126,-11.11923],[-75.61254,-11.11943],[-75.61243,-11.11955],[-75.61206,-11.11976],[-75.61194,-11.11989],[-75.61188,-11.12008],[-75.61184,-11.1205],[-75.61171,-11.12078],[-75.61147,-11.12096],[-75.6111,-11.12111],[-75.61097,-11.12125],[-75.61059,-11.12202],[-75.61056,-11.12287],[-75.6103,-11.1232],[-75.6098,-11.12363],[-75.60966,-11.12389],[-75.60918,-11.12537],[-75.60884,-11.12626],[-75.60861,-11.12661],[-75.60838,-11.12681],[-75.60793,-11.12708],[-75.60765,-11.12729],[-75.6066,-11.12867],[-75.60638,-11.12912],[-75.60609,-11.13004],[-75.60602,-11.13062],[-75.60596,-11.13076],[-75.60552,-11.13139],[-75.605,-11.13189],[-75.60474,-11.13222],[-75.60387,-11.13372],[-75.6036,-11.13398],[-75.60321,-11.13422],[-75.60259,-11.13487],[-75.60207,-11.13532],[-75.6016,-11.13582],[-75.60094,-11.13668],[-75.60034,-11.13713],[-75.59906,-11.13765],[-75.59842,-11.13786],[-75.59823,-11.13787],[-75.59786,-11.13788],[-75.59698,-11.13771],[-75.59668,-11.13782],[-75.59644,-11.13802],[-75.59609,-11.13845],[-75.59553,-11.13935],[-75.59474,-11.14012],[-75.59371,-11.14088],[-75.59358,-11.14107],[-75.59349,-11.14114],[-75.59306,-11.14153],[-75.59248,-11.14194],[-75.59168,-11.14238],[-75.59126,-11.14246],[-75.59071,-11.1427],[-75.59009,-11.14289],[-75.58779,-11.14335],[-75.58698,-11.14331],[-75.58648,-11.14347],[-75.58583,-11.14377],[-75.58521,-11.14383],[-75.58491,-11.14392],[-75.58474,-11.14402],[-75.58452,-11.14412],[-75.5843,-11.14436],[-75.584,-11.14484],[-75.58379,-11.14497],[-75.58244,-11.14499],[-75.58183,-11.14494],[-75.58106,-11.14513],[-75.58003,-11.14509],[-75.57921,-11.1454],[-75.57879,-11.14542],[-75.57855,-11.14538],[-75.57843,-11.14537],[-75.57791,-11.14522],[-75.5766,-11.14475],[-75.57454,-11.14419],[-75.57378,-11.14405],[-75.57245,-11.14394],[-75.57188,-11.14387],[-75.57134,-11.14391],[-75.57082,-11.14402],[-75.56997,-11.14437],[-75.56918,-11.14464],[-75.56868,-11.14472],[-75.56831,-11.14466],[-75.56727,-11.14414],[-75.56653,-11.1441],[-75.5654,-11.14394],[-75.56416,-11.14398],[-75.56284,-11.14371],[-75.56243,-11.14351],[-75.56201,-11.14319],[-75.5609,-11.14251],[-75.56071,-11.14226],[-75.56023,-11.14129],[-75.55997,-11.14101],[-75.55967,-11.14061],[-75.55892,-11.14026],[-75.55857,-11.14014],[-75.55796,-11.14002],[-75.55757,-11.13979],[-75.55692,-11.13914],[-75.55613,-11.1385],[-75.55586,-11.13816],[-75.55534,-11.13737],[-75.5548,-11.1369],[-75.55409,-11.13659],[-75.55274,-11.13618],[-75.55182,-11.13582],[-75.55017,-11.13569],[-75.54735,-11.13535],[-75.54703,-11.13528],[-75.54678,-11.13505],[-75.5466,-11.13469],[-75.54646,-11.13381],[-75.54624,-11.13354],[-75.54592,-11.13324],[-75.54578,-11.13316],[-75.54562,-11.13312],[-75.54538,-11.13306],[-75.54476,-11.13304],[-75.54447,-11.13298],[-75.54366,-11.13262],[-75.54264,-11.13186],[-75.54173,-11.13105],[-75.54132,-11.13058],[-75.54108,-11.13037],[-75.5408,-11.13027],[-75.54036,-11.13011],[-75.53899,-11.12939],[-75.53873,-11.12905],[-75.53858,-11.12857],[-75.53829,-11.12801],[-75.53765,-11.12726],[-75.53724,-11.12695],[-75.53532,-11.12617],[-75.5344,-11.12597],[-75.5339,-11.12602],[-75.5335431,-11.1261886],[-75.53318,-11.12636],[-75.53218,-11.1266],[-75.53184,-11.12658],[-75.53123,-11.12619],[-75.53083,-11.12606],[-75.53049,-11.12612],[-75.53012,-11.12629],[-75.52968,-11.12636],[-75.52922,-11.12626],[-75.52823,-11.12648],[-75.52783,-11.12642],[-75.5275,-11.12627],[-75.52722,-11.126],[-75.52704,-11.12571],[-75.5269,-11.12495],[-75.52668,-11.12448],[-75.52645,-11.12422],[-75.52629,-11.1236],[-75.52614,-11.12343],[-75.52566,-11.12312],[-75.52535,-11.12262],[-75.52533,-11.12247],[-75.52537,-11.12177],[-75.52526,-11.12131],[-75.52513,-11.12103],[-75.52521,-11.12057],[-75.52515,-11.12036],[-75.52484,-11.12018],[-75.52432,-11.12005],[-75.5233,-11.11948],[-75.52225,-11.11917],[-75.52183,-11.11886],[-75.52149,-11.11838],[-75.52125,-11.11773],[-75.52079,-11.11718],[-75.52026,-11.11641],[-75.51978,-11.11561],[-75.5195,-11.11528],[-75.51915,-11.11502],[-75.51782,-11.114],[-75.5167,-11.11328],[-75.51589,-11.11236],[-75.51482,-11.11156],[-75.51455,-11.11107],[-75.5144986,-11.1107951],[-75.51421,-11.10925],[-75.5138,-11.10803],[-75.51352,-11.1074],[-75.51307,-11.10679],[-75.51273,-11.10651],[-75.51253,-11.10643],[-75.5113,-11.10622],[-75.51027,-11.10617],[-75.50979,-11.10605],[-75.50899,-11.10549],[-75.50832,-11.10491],[-75.50789,-11.10426],[-75.50776,-11.10383],[-75.50811,-11.10278],[-75.50806,-11.10236],[-75.50784,-11.10175],[-75.50748,-11.10111],[-75.50732,-11.1006],[-75.50763,-11.09944],[-75.50762,-11.09922],[-75.50754,-11.09904],[-75.50715,-11.09866],[-75.50622,-11.09835],[-75.50586,-11.09791],[-75.50532,-11.09748],[-75.50498,-11.09734],[-75.50489,-11.09715],[-75.50481,-11.09716],[-75.50451,-11.09719],[-75.50383,-11.09707],[-75.50353,-11.0971],[-75.50227,-11.09783],[-75.50041,-11.09851],[-75.50021,-11.09863],[-75.5,-11.09876],[-75.4996,-11.09897],[-75.49924,-11.09918],[-75.49896,-11.09948],[-75.4985,-11.10016],[-75.49756,-11.10101],[-75.49713,-11.1012],[-75.49617,-11.10134],[-75.49562,-11.10131],[-75.49459,-11.10112],[-75.4939,-11.10125],[-75.49361,-11.10124],[-75.49334,-11.10107],[-75.49285,-11.1006],[-75.49259,-11.10051],[-75.49197,-11.10044],[-75.49137,-11.09998],[-75.49112,-11.09986],[-75.49071,-11.09977],[-75.48979,-11.0997],[-75.48901,-11.09941],[-75.4877557,-11.0993555],[-75.48655,-11.09873],[-75.48539,-11.09837],[-75.48471,-11.09803],[-75.48444,-11.09781],[-75.48441,-11.09776],[-75.4843,-11.09756],[-75.48418,-11.09712],[-75.48415,-11.09579],[-75.48403,-11.09528],[-75.48378,-11.09495],[-75.4834,-11.09459],[-75.48293,-11.09441],[-75.4821,-11.09431],[-75.4819,-11.09419],[-75.48161,-11.0939],[-75.48152,-11.0937],[-75.48146,-11.09359],[-75.48144,-11.09294],[-75.48133,-11.09241],[-75.48074,-11.09146],[-75.48069,-11.09095],[-75.48065,-11.09087],[-75.48054,-11.09054],[-75.48035,-11.0903],[-75.48006,-11.0901],[-75.47804,-11.08958],[-75.47698,-11.08904],[-75.47658,-11.08897],[-75.4763,-11.08908],[-75.47486,-11.09004],[-75.47345,-11.09043],[-75.4722,-11.09106],[-75.47196,-11.09109],[-75.4718,-11.09102],[-75.47167,-11.09081],[-75.4715,-11.08974],[-75.47119,-11.08881],[-75.47088,-11.08858],[-75.47055,-11.08832],[-75.46956,-11.08739],[-75.46897,-11.08706],[-75.46873,-11.08686],[-75.46841,-11.0864],[-75.4684,-11.08583],[-75.4683,-11.08559],[-75.46747,-11.08507],[-75.46695,-11.08451],[-75.46659,-11.08401],[-75.46644,-11.08358],[-75.4666,-11.08251],[-75.46647,-11.08174],[-75.46618,-11.08124],[-75.4652,-11.0804],[-75.46407,-11.07975],[-75.46339,-11.0792],[-75.463,-11.07866],[-75.46271,-11.07762],[-75.46249,-11.07736],[-75.46197,-11.07697],[-75.46115,-11.07662],[-75.46069,-11.07621],[-75.46029,-11.07598],[-75.45982,-11.07586],[-75.45946,-11.0759],[-75.45922,-11.07604],[-75.45895,-11.07638],[-75.4588,-11.07676],[-75.45851,-11.07794],[-75.45823,-11.07847],[-75.45795,-11.0788],[-75.45745,-11.07914],[-75.45708,-11.07926],[-75.45647,-11.07931],[-75.45581,-11.07926],[-75.45572,-11.0793],[-75.45499,-11.07939],[-75.45387,-11.07921],[-75.45212,-11.07856],[-75.45081,-11.0783],[-75.4505097,-11.0776367],[-75.44948,-11.07691],[-75.44858,-11.07616],[-75.44818,-11.076],[-75.44742,-11.0759],[-75.4467141,-11.0752647],[-75.44662,-11.07518],[-75.44597,-11.07491],[-75.44558,-11.07485],[-75.44453,-11.07491],[-75.44351,-11.07471],[-75.44232,-11.07496],[-75.44085,-11.07498],[-75.44027,-11.07479],[-75.43957,-11.07431],[-75.43872,-11.07373],[-75.43812,-11.07348],[-75.43768,-11.07341],[-75.43562,-11.07334],[-75.4348,-11.07319],[-75.43453,-11.07304],[-75.43352,-11.07226],[-75.43292,-11.07194],[-75.43256,-11.0718],[-75.43109,-11.0716],[-75.42751,-11.07146],[-75.42688,-11.07135],[-75.42657,-11.07113],[-75.42638,-11.0708],[-75.4264,-11.07056],[-75.42645,-11.06988],[-75.42641,-11.06942],[-75.42586,-11.06736],[-75.42566,-11.06686],[-75.4254,-11.06645],[-75.42499,-11.06601],[-75.4238,-11.06502],[-75.42283,-11.06453],[-75.42105,-11.06401],[-75.42049,-11.06373],[-75.4195,-11.06338],[-75.4189726,-11.0631495],[-75.41799,-11.06272],[-75.41726,-11.06226],[-75.41601,-11.06116],[-75.41515,-11.06062],[-75.41382,-11.05994],[-75.41325,-11.05978],[-75.41222,-11.05979],[-75.4110136,-11.0595703],[-75.40853,-11.05881],[-75.40803,-11.05869],[-75.4075201,-11.05886],[-75.4067196,-11.0587231],[-75.4052442,-11.0587603],[-75.4017126,-11.0581351],[-75.3997125,-11.0575102],[-75.3986301,-11.056603],[-75.3975347,-11.0535358],[-75.3967352,-11.0505091],[-75.395536,-11.046169],[-75.3954789,-11.0443416],[-75.3954681,-11.0432901],[-75.3952177,-11.0424931],[-75.3943751,-11.0418555],[-75.3927811,-11.0411496],[-75.3918577,-11.0410277],[-75.3903354,-11.0413818],[-75.3888067,-11.0425227],[-75.3875661,-11.0436088]]]]}},
{"type":"Feature","properties":{"ubigeo":"120306","nombre":"VITOC","fuente":"INEI"},"geometry":{"type":"MultiPolygon","coordinates":[[[[-75.3375066,-11.1680737],[-75.3367647,-11.1695442],[-75.3361066,-11.1713372],[-75.3357207,-11.1723358],[-75.3356754,-11.1733798],[-75.3360839,-11.1760352],[-75.3366874,-11.1791088],[-75.337201,-11.1808252],[-75.33721,-11.1809547],[-75.3372699,-11.1818273],[-75.3371102,-11.1822991],[-75.33711,-11.1823],[-75.3371097,-11.1823008],[-75.33693,-11.18278],[-75.33665,-11.18321],[-75.33594,-11.18368],[-75.33562,-11.18373],[-75.33439,-11.18363],[-75.3338,-11.18371],[-75.33313,-11.18396],[-75.33209,-11.18462],[-75.33128,-11.18493],[-75.33091,-11.18502],[-75.32983,-11.18497],[-75.32915,-11.18478],[-75.32863,-11.18453],[-75.32747,-11.1837],[-75.32703,-11.18354],[-75.32658,-11.18346],[-75.3259,-11.1835],[-75.32551,-11.18366],[-75.32501,-11.18404],[-75.32471,-11.18454],[-75.32402,-11.18494],[-75.32363,-11.18506],[-75.32286,-11.18512],[-75.32191,-11.18509],[-75.32077,-11.18488],[-75.32014,-11.18461],[-75.31943,-11.18402],[-75.3188,-11.18375],[-75.31837,-11.18365],[-75.31742,-11.18362],[-75.31666,-11.18366],[-75.31624,-11.18377],[-75.31545,-11.1841],[-75.31464,-11.18422],[-75.3133,-11.18398],[-75.31235,-11.1837],[-75.31185,-11.18341],[-75.31118,-11.18281],[-75.31015,-11.18174],[-75.31001,-11.18146],[-75.31001,-11.18116],[-75.3101377,-11.1807061],[-75.31028,-11.1802],[-75.31037,-11.17934],[-75.31034,-11.17902],[-75.31015,-11.17844],[-75.30975,-11.17786],[-75.30879,-11.17673],[-75.30798,-11.17607],[-75.30695,-11.17543],[-75.30666,-11.17508],[-75.30598,-11.175],[-75.3053,-11.17508],[-75.30473,-11.17529],[-75.30429,-11.17563],[-75.30359,-11.17597],[-75.30251,-11.17599],[-75.30032,-11.17641],[-75.29949,-11.17636],[-75.29815,-11.17591],[-75.2977,-11.17584],[-75.29693,-11.17591],[-75.29596,-11.17631],[-75.29415,-11.17667],[-75.29353,-11.17674],[-75.29329,-11.17689],[-75.29294,-11.17736],[-75.29191,-11.17828],[-75.29163,-11.17872],[-75.29141,-11.17951],[-75.29121,-11.17973],[-75.29085,-11.17995],[-75.2893,-11.18026],[-75.28744,-11.18114],[-75.28687,-11.1813],[-75.2865,-11.18131],[-75.28594,-11.18092],[-75.28561,-11.18077],[-75.28518,-11.18078],[-75.28479,-11.1812],[-75.28434,-11.18199],[-75.28421,-11.18233],[-75.28411,-11.18304],[-75.28415,-11.18328],[-75.28449,-11.1837],[-75.285,-11.18406],[-75.28519,-11.18441],[-75.28549,-11.18551],[-75.28553,-11.18635],[-75.28544,-11.18678],[-75.28523,-11.18703],[-75.28364,-11.18783],[-75.28271,-11.18817],[-75.28252,-11.18816],[-75.28226,-11.18805],[-75.28139,-11.18737],[-75.28115,-11.18735],[-75.28096,-11.18743],[-75.28086,-11.18754],[-75.2808,-11.1878],[-75.28096,-11.18876],[-75.28097,-11.18925],[-75.28088,-11.18963],[-75.28059,-11.19002],[-75.28035,-11.19048],[-75.279,-11.19156],[-75.27835,-11.1925],[-75.27808,-11.19279],[-75.27765,-11.19292],[-75.27692,-11.19291],[-75.27624,-11.19283],[-75.27463,-11.19339],[-75.27351,-11.19433],[-75.27322,-11.19448],[-75.27295,-11.19449],[-75.27219,-11.19426],[-75.27145,-11.1942],[-75.2712,-11.19425],[-75.27107,-11.19443],[-75.27097,-11.19503],[-75.27079,-11.19532],[-75.27045,-11.19559],[-75.26921,-11.19657],[-75.26755,-11.1977],[-75.267,-11.19792],[-75.26668,-11.19806],[-75.26534,-11.19851],[-75.26377,-11.19946],[-75.26276,-11.20039],[-75.26217,-11.20107],[-75.2617949,-11.2012808],[-75.26096,-11.20175],[-75.26013,-11.20202],[-75.25901,-11.20221],[-75.25806,-11.20266],[-75.257748,-11.2030215],[-75.2569,-11.20375],[-75.25647,-11.20403],[-75.2561,-11.20412],[-75.25582,-11.20413],[-75.25466,-11.20386],[-75.25376,-11.204],[-75.25284,-11.20446],[-75.25139,-11.20547],[-75.25012,-11.20603],[-75.24984,-11.2061],[-75.2478945,-11.2063672],[-75.2468,-11.2064],[-75.24601,-11.2068],[-75.24526,-11.20745],[-75.24489,-11.20802],[-75.24485,-11.2082],[-75.24452,-11.20851],[-75.24407,-11.20869],[-75.24343,-11.2088],[-75.24173,-11.2089],[-75.24068,-11.20916],[-75.23915,-11.21019],[-75.23871,-11.21032],[-75.23825,-11.2103],[-75.23779,-11.21017],[-75.23656,-11.20936],[-75.23542,-11.20836],[-75.23494,-11.20811],[-75.23454,-11.208],[-75.23384,-11.20802],[-75.23335,-11.20826],[-75.23296,-11.20864],[-75.23211,-11.20982],[-75.23172,-11.21],[-75.23138,-11.20998],[-75.23093,-11.20984],[-75.22976,-11.20921],[-75.22874,-11.2088],[-75.22741,-11.20882],[-75.227,-11.20891],[-75.22664,-11.20918],[-75.22634,-11.20922],[-75.22547,-11.20959],[-75.22461,-11.20979],[-75.22371,-11.21024],[-75.22352,-11.21062],[-75.22329,-11.2115],[-75.22307,-11.21187],[-75.22279,-11.2122],[-75.22255,-11.21237],[-75.22086,-11.21312],[-75.22038,-11.2132],[-75.21972,-11.21313],[-75.21922,-11.21293],[-75.21859,-11.2125],[-75.21824,-11.21235],[-75.21757,-11.21218],[-75.2170564,-11.2119441],[-75.21659,-11.21173],[-75.216,-11.21168],[-75.21548,-11.21181],[-75.21488,-11.21242],[-75.21427,-11.21307],[-75.21351,-11.2137],[-75.21205,-11.21443],[-75.2113,-11.21466],[-75.21024,-11.21481],[-75.20966,-11.21477],[-75.20946,-11.21475],[-75.20912,-11.21477],[-75.20351,-11.21499],[-75.20291,-11.21489],[-75.202605,-11.2148816],[-75.20219,-11.21487],[-75.20165,-11.21499],[-75.20048,-11.21553],[-75.19864,-11.21568],[-75.19818,-11.21566],[-75.19766,-11.21546],[-75.19683,-11.21498],[-75.19566,-11.21514],[-75.19496,-11.21533],[-75.19388,-11.21586],[-75.19345,-11.21639],[-75.19332,-11.21683],[-75.1933,-11.21734],[-75.19357,-11.22009],[-75.19354,-11.22047],[-75.1934,-11.22098],[-75.19238,-11.22286],[-75.1920741,-11.2231562],[-75.19114,-11.22476],[-75.19077,-11.22557],[-75.19019,-11.2268],[-75.1898,-11.22801],[-75.18928,-11.229],[-75.18896,-11.22942],[-75.18829,-11.22991],[-75.18763,-11.23021],[-75.18732,-11.23059],[-75.18682,-11.23174],[-75.18672,-11.23237],[-75.18661,-11.23389],[-75.18649,-11.23433],[-75.1863,-11.23465],[-75.18587,-11.23504],[-75.1853621,-11.2353771],[-75.18474,-11.23579],[-75.18301,-11.23767],[-75.18204,-11.23885],[-75.18144,-11.23922],[-75.18071,-11.23986],[-75.1794882,-11.2411621],[-75.17933,-11.24176],[-75.17871,-11.24254],[-75.17842,-11.24291],[-75.17758,-11.24384],[-75.17666,-11.24451],[-75.17576,-11.24572],[-75.17502,-11.24698],[-75.1746835,-11.2477753],[-75.17443,-11.24852],[-75.17411,-11.24912],[-75.17391,-11.24934],[-75.17333,-11.2498],[-75.17258,-11.25061],[-75.1722,-11.25114],[-75.17173,-11.25267],[-75.1713,-11.25362],[-75.17088,-11.25428],[-75.17052,-11.25519],[-75.16959,-11.25648],[-75.168,-11.25789],[-75.16749,-11.25872],[-75.16676,-11.25932],[-75.16639,-11.26003],[-75.16545,-11.26153],[-75.16482,-11.26226],[-75.16372,-11.26407],[-75.16256,-11.26567],[-75.15986,-11.26844],[-75.1598575,-11.2684417],[-75.1594411,-11.2687212],[-75.1585151,-11.2688755],[-75.1569976,-11.2685926],[-75.155017,-11.2673322],[-75.1538852,-11.2670236],[-75.152805,-11.2670492],[-75.1498466,-11.2679351],[-75.1479511,-11.2682012],[-75.1470964,-11.2675288],[-75.1468464,-11.266435],[-75.1467867,-11.265242],[-75.1467526,-11.2645597],[-75.1467145,-11.2644628],[-75.1459401,-11.2624971],[-75.1449087,-11.261372],[-75.1434086,-11.2606532],[-75.142096,-11.2606532],[-75.1399395,-11.2617783],[-75.1398304,-11.2618341],[-75.1386971,-11.2624133],[-75.1376692,-11.2624133],[-75.1365642,-11.2611532],[-75.1349391,-11.2578717],[-75.133564,-11.2557152],[-75.1324701,-11.2542151],[-75.1318451,-11.2534026],[-75.1300324,-11.2526837],[-75.1298947,-11.2526],[-75.1285947,-11.2518086],[-75.1261571,-11.2509336],[-75.1235631,-11.249746],[-75.1222792,-11.2496464],[-75.1226567,-11.2505899],[-75.122813,-11.2514961],[-75.1226191,-11.2524097],[-75.1210347,-11.2546141],[-75.1200894,-11.2564562],[-75.1195454,-11.2578412],[-75.1191591,-11.258586],[-75.1176876,-11.2598718],[-75.1157186,-11.2613095],[-75.1147497,-11.2630284],[-75.1135622,-11.2648411],[-75.1119057,-11.2657473],[-75.1107182,-11.2656536],[-75.1099369,-11.2646848],[-75.1099369,-11.2620908],[-75.110131,-11.2598588],[-75.1101869,-11.2592156],[-75.1099549,-11.2586163],[-75.1098977,-11.2584686],[-75.1098119,-11.2582467],[-75.1097882,-11.2582678],[-75.1096157,-11.2579515],[-75.1089287,-11.2576636],[-75.1085305,-11.2574965],[-75.106249,-11.2571217],[-75.101403,-11.2554186],[-75.1000255,-11.2551591],[-75.0947481,-11.2534651],[-75.0946855,-11.2541526],[-75.094498,-11.2554652],[-75.0945606,-11.2571217],[-75.09504,-11.2599187],[-75.0951231,-11.2604033],[-75.0950511,-11.2613602],[-75.0943417,-11.2620595],[-75.0919779,-11.2629392],[-75.0903919,-11.2633817],[-75.0868079,-11.2638172],[-75.0841616,-11.2645876],[-75.0824869,-11.2654585],[-75.0789697,-11.2669992],[-75.0769034,-11.2673867],[-75.0758912,-11.2675765],[-75.076324,-11.2679427],[-75.0777499,-11.2701145],[-75.0802999,-11.2753547],[-75.0808324,-11.2770641],[-75.080852,-11.2772907],[-75.0808965,-11.2778047],[-75.0782262,-11.2786335],[-75.0770492,-11.2789696],[-75.0743311,-11.2802307],[-75.0737146,-11.2809872],[-75.0726217,-11.2829208],[-75.0715009,-11.2839577],[-75.0695392,-11.2851066],[-75.0686425,-11.2859193],[-75.0676552,-11.2874727],[-75.0676309,-11.2875262],[-75.0668739,-11.2891917],[-75.0663855,-11.2903247],[-75.0663187,-11.2903707],[-75.0655065,-11.2909302],[-75.0644907,-11.2911841],[-75.0635921,-11.2910865],[-75.0631819,-11.2910475],[-75.0628107,-11.2912232],[-75.0620685,-11.2920436],[-75.0619565,-11.2921045],[-75.0613849,-11.2924148],[-75.0586622,-11.2931398],[-75.0571426,-11.2937027],[-75.0562046,-11.2937777],[-75.0547975,-11.2936277],[-75.0527715,-11.2930085],[-75.0515334,-11.292277],[-75.0506515,-11.2922018],[-75.0498566,-11.292348],[-75.0497322,-11.2923707],[-75.0472429,-11.2944286],[-75.0469182,-11.294697],[-75.045703,-11.2957323],[-75.0452314,-11.2962292],[-75.0447982,-11.2966856],[-75.0441604,-11.2975862],[-75.0449282,-11.2987785],[-75.0457779,-11.3000688],[-75.0469109,-11.30095],[-75.0473514,-11.3016423],[-75.0474772,-11.3028068],[-75.0476031,-11.3042545],[-75.0481067,-11.3055762],[-75.0492397,-11.3065205],[-75.0504671,-11.306961],[-75.0509691,-11.3078553],[-75.0510012,-11.3086871],[-75.0508396,-11.3091428],[-75.0499682,-11.310394],[-75.0466739,-11.3125722],[-75.0463265,-11.3129633],[-75.0460585,-11.3134772],[-75.0460136,-11.3159348],[-75.0460136,-11.3176105],[-75.0458009,-11.3183315],[-75.0456115,-11.3189733],[-75.0452094,-11.3196436],[-75.0445837,-11.3201575],[-75.043489,-11.3204702],[-75.0422379,-11.3200235],[-75.0394961,-11.3194512],[-75.0391322,-11.3197107],[-75.0383056,-11.3207607],[-75.0378364,-11.3217661],[-75.0374119,-11.3225258],[-75.0368756,-11.3233971],[-75.0360714,-11.3247377],[-75.0345516,-11.3265282],[-75.0338147,-11.3273964],[-75.033368,-11.3284465],[-75.0333232,-11.3290273],[-75.0337701,-11.32972],[-75.0343286,-11.3303008],[-75.0358256,-11.331217],[-75.0360714,-11.3315075],[-75.0362277,-11.3322445],[-75.0358262,-11.3342338],[-75.0357362,-11.33468],[-75.035066,-11.3358195],[-75.031737,-11.3373163],[-75.0306422,-11.3376515],[-75.0288549,-11.3375621],[-75.0278494,-11.3376738],[-75.0268814,-11.3383403],[-75.0264865,-11.3386122],[-75.0257716,-11.3397068],[-75.025012,-11.3413826],[-75.0246545,-11.3429466],[-75.0247167,-11.344377],[-75.0263301,-11.3467447],[-75.0271345,-11.3485546],[-75.0284042,-11.3502325],[-75.30659,-11.3008498],[-75.313668,-11.2991992],[-75.358252,-11.2850078],[-75.3784006,-11.2779527],[-75.4347896,-11.2582078],[-75.4334959,-11.2579271],[-75.431371,-11.25775],[-75.4293347,-11.2577278],[-75.427523,-11.2576974],[-75.4267009,-11.2576836],[-75.4249745,-11.2573295],[-75.4228054,-11.2570638],[-75.4216907,-11.2567877],[-75.4212117,-11.2562227],[-75.4207855,-11.2552218],[-75.4196111,-11.2536315],[-75.4176782,-11.2519678],[-75.4162347,-11.2501572],[-75.4148891,-11.2484201],[-75.4140817,-11.2477351],[-75.4129072,-11.247099],[-75.4124424,-11.2468053],[-75.4122469,-11.246316],[-75.4123446,-11.2454841],[-75.4125892,-11.2439672],[-75.4124424,-11.241912],[-75.4121244,-11.2403706],[-75.4118062,-11.2383888],[-75.4111212,-11.2373612],[-75.410216,-11.2357465],[-75.4091639,-11.2342051],[-75.4078182,-11.2321987],[-75.4068396,-11.2304616],[-75.4052642,-11.2282015],[-75.4044664,-11.2273788],[-75.4029739,-11.2265715],[-75.400954,-11.2261643],[-75.3987656,-11.2253971],[-75.3965881,-11.2239291],[-75.3943371,-11.2233418],[-75.3919884,-11.2218738],[-75.3912299,-11.2211643],[-75.3906671,-11.2208952],[-75.3890279,-11.2207728],[-75.3874131,-11.2206506],[-75.3843059,-11.2204792],[-75.3822752,-11.2202346],[-75.3796571,-11.21999],[-75.3790797,-11.2195325],[-75.3786491,-11.2187886],[-75.3785905,-11.2175751],[-75.3785121,-11.2170271],[-75.3778271,-11.2161462],[-75.3775922,-11.2155396],[-75.3773769,-11.2139932],[-75.3769071,-11.2109006],[-75.3765156,-11.2088062],[-75.3765324,-11.2081218],[-75.376594,-11.2055962],[-75.376594,-11.2049307],[-75.3763086,-11.2044062],[-75.3748715,-11.20405],[-75.3736189,-11.2035411],[-75.3728057,-11.2032792],[-75.3715662,-11.2023718],[-75.3711961,-11.2016478],[-75.3710571,-11.2013758],[-75.3709072,-11.1991051],[-75.3709022,-11.1990297],[-75.3709465,-11.1974803],[-75.3707916,-11.1959975],[-75.3705039,-11.194935],[-75.3696406,-11.1942488],[-75.3682462,-11.1938062],[-75.3659001,-11.1935627],[-75.3647816,-11.1935296],[-75.3623056,-11.1934185],[-75.3604211,-11.1927903],[-75.3594502,-11.1919908],[-75.3585939,-11.1907345],[-75.3576229,-11.189364],[-75.3565379,-11.1871938],[-75.3555351,-11.1848106],[-75.3548111,-11.1828722],[-75.354612,-11.1818098],[-75.3541029,-11.1805703],[-75.3537709,-11.1797736],[-75.3532202,-11.1793001],[-75.353219,-11.1792995],[-75.35274,-11.17904],[-75.35245,-11.17872],[-75.35186,-11.17842],[-75.35121,-11.17794],[-75.35069,-11.17744],[-75.35006,-11.17653],[-75.34982,-11.17586],[-75.34974,-11.17533],[-75.34995,-11.17319],[-75.34993,-11.17239],[-75.34978,-11.17169],[-75.34933,-11.17121],[-75.34888,-11.17099],[-75.34739,-11.17051],[-75.34535,-11.17029],[-75.34452,-11.17032],[-75.34334,-11.17083],[-75.34286,-11.17091],[-75.34247,-11.1709],[-75.341599,-11.1707157],[-75.34143,-11.17068],[-75.34034,-11.17058],[-75.33999,-11.17037],[-75.33931,-11.1696],[-75.33824,-11.16871],[-75.338,-11.16835],[-75.3379,-11.16787],[-75.3378992,-11.1678691],[-75.3378769,-11.1678426],[-75.3378037,-11.1678095],[-75.3376929,-11.1677953],[-75.337622,-11.1678236],[-75.3375654,-11.1679205],[-75.3375066,-11.1680737]]]]}},
{"type":"Feature","properties":{"ubigeo":"120307","nombre":"SANGANI","fuente":"derivado"},"geometry":{"type":"Polygon","coordinates":[[[-74.9828176,-10.7497871],[-74.9817642,-10.7502097],[-74.9798499,-10.7502487],[-74.9777207,-10.7501706],[-74.9769657,-10.7500312],[-74.976451,-10.7499362],[-74.9745366,-10.749819],[-74.9725246,-10.7499167],[-74.9706494,-10.7500535],[-74.9693797,-10.7499362],[-74.9685397,-10.7495846],[-74.9683511,-10.749363],[-74.9683397,-10.7493515],[-74.96775,-10.7488007],[-74.9672187,-10.7484902],[-74.9659434,-10.7485527],[-74.9653594,-10.7484706],[-74.9647987,-10.7487206],[-74.9644394,-10.7489511],[-74.9631504,-10.7491015],[-74.962709,-10.7495],[-74.962289,-10.7497402],[-74.9618496,-10.749791],[-74.9612987,-10.7496914],[-74.9605605,-10.7499101],[-74.9594687,-10.7509805],[-74.9589394,-10.7513202],[-74.9582987,-10.7514511],[-74.957539,-10.7514805],[-74.9569804,-10.7515605],[-74.95575,-10.752041],[-74.9550507,-10.7520468],[-74.9529004,-10.7524608],[-74.95233,-10.7531015],[-74.952,-10.7536698],[-74.951709,-10.7543515],[-74.9511796,-10.75508],[-74.9511289,-10.7554003],[-74.9511504,-10.7567305],[-74.951039,-10.7572402],[-74.9502695,-10.7578711],[-74.9495097,-10.7589198],[-74.9493691,-10.759],[-74.9490996,-10.7590097],[-74.948709,-10.75883],[-74.9482987,-10.7588808],[-74.9475292,-10.7597011],[-74.9473691,-10.7597812],[-74.9471894,-10.7597812],[-74.9467695,-10.7596112],[-74.9465897,-10.7595898],[-74.94633,-10.7598007],[-74.946039,-10.7603612],[-74.9458105,-10.7605312],[-74.9454394,-10.7605097],[-74.945,-10.76025],[-74.9444394,-10.7602011],[-74.9442987,-10.76058],[-74.9442792,-10.7613007],[-74.9441699,-10.7617011],[-74.9438906,-10.7620215],[-74.9431796,-10.7625702],[-74.943,-10.7630215],[-74.9425049,-10.7633971],[-74.9423691,-10.7635],[-74.941789,-10.7637597],[-74.9415605,-10.763791],[-74.9410897,-10.7636913],[-74.94083,-10.7637011],[-74.9406601,-10.764041],[-74.94058,-10.7643711],[-74.9403397,-10.7646015],[-74.9390097,-10.7649706],[-74.9389004,-10.7651601],[-74.9386894,-10.7659511],[-74.9380097,-10.766041],[-74.93775,-10.7659511],[-74.9373594,-10.7656914],[-74.9372402,-10.7656698],[-74.9366796,-10.7662597],[-74.9354902,-10.766291],[-74.9349687,-10.7667812],[-74.9348105,-10.7668515],[-74.9346406,-10.7668515],[-74.934459,-10.7667305],[-74.9340487,-10.7661406],[-74.9338691,-10.7654101],[-74.9335195,-10.7648398],[-74.9330487,-10.7651211],[-74.9327304,-10.76583],[-74.9325487,-10.7659511],[-74.93233,-10.7659706],[-74.9321894,-10.76583],[-74.932039,-10.7654511],[-74.9317792,-10.7651308],[-74.9314687,-10.7650702],[-74.930789,-10.7651601],[-74.9304902,-10.7654198],[-74.9302402,-10.7663808],[-74.9300195,-10.766541],[-74.9296991,-10.7665507],[-74.9292949,-10.7664511],[-74.9288906,-10.7663515],[-74.9281289,-10.7663398],[-74.92725,-10.7664902],[-74.9262987,-10.7669706],[-74.9256406,-10.7671406],[-74.925039,-10.7671698],[-74.9244804,-10.7672108],[-74.9239004,-10.7676406],[-74.9239199,-10.7680312],[-74.9240487,-10.7683906],[-74.9241094,-10.7688399],[-74.92408,-10.7692402],[-74.9238691,-10.7695507],[-74.923539,-10.7696503],[-74.9204687,-10.769541],[-74.9202987,-10.7696698],[-74.9201699,-10.7698515],[-74.920539,-10.7702812],[-74.9205487,-10.7703906],[-74.9207304,-10.7707011],[-74.9207402,-10.7709101],[-74.92058,-10.7711211],[-74.9200702,-10.7713007],[-74.9198105,-10.7716406],[-74.9196504,-10.7720507],[-74.9194199,-10.77233],[-74.9190292,-10.77233],[-74.9184101,-10.7721112],[-74.9181406,-10.7720702],[-74.9174687,-10.7722812],[-74.9168397,-10.77233],[-74.9165605,-10.7725312],[-74.916459,-10.7729706],[-74.916539,-10.7736308],[-74.9166601,-10.7738906],[-74.9171796,-10.77458],[-74.9172792,-10.774791],[-74.917289,-10.775041],[-74.9170487,-10.7753515],[-74.9159199,-10.7759805],[-74.9152792,-10.7764101],[-74.9149101,-10.77675],[-74.914789,-10.7770507],[-74.914709,-10.7776913],[-74.914539,-10.7783612],[-74.9142792,-10.7791211],[-74.9139004,-10.7798007],[-74.9137402,-10.780541],[-74.9137402,-10.7810899],[-74.914039,-10.7820898],[-74.9139687,-10.782541],[-74.9136699,-10.7829101],[-74.9131991,-10.78325],[-74.9125195,-10.7834706],[-74.9112304,-10.7836913],[-74.9109394,-10.7838808],[-74.9108202,-10.7841015],[-74.9107402,-10.7845097],[-74.9109004,-10.7851015],[-74.9109296,-10.7855],[-74.9105897,-10.7876698],[-74.9108496,-10.7886796],[-74.9108691,-10.7891913],[-74.9107695,-10.7895605],[-74.9102187,-10.7904003],[-74.9093954,-10.7909565],[-74.908709,-10.7914198],[-74.9076796,-10.7917305],[-74.9074004,-10.7920097],[-74.9072695,-10.7924413],[-74.9072597,-10.7927715],[-74.90775,-10.7934805],[-74.9078496,-10.7939296],[-74.90775,-10.79433],[-74.9073691,-10.7949902],[-74.9073594,-10.7952812],[-74.9074296,-10.7954296],[-74.90808,-10.7956112],[-74.9081191,-10.7957305],[-74.9080702,-10.7959003],[-74.9072402,-10.7969608],[-74.9061094,-10.7979004],[-74.9056504,-10.7983808],[-74.9051094,-10.7998202],[-74.9048789,-10.8002206],[-74.9045292,-10.8005605],[-74.9036991,-10.8011112],[-74.9030897,-10.8016015],[-74.9030292,-10.8019101],[-74.9030605,-10.8024805],[-74.903459,-10.8032597],[-74.9035,-10.8036112],[-74.9034394,-10.8038105],[-74.90283,-10.8042108],[-74.900539,-10.8052011],[-74.90025,-10.8056503],[-74.9001191,-10.8064003],[-74.8998202,-10.8068398],[-74.8997792,-10.8071503],[-74.8998202,-10.8073612],[-74.900789,-10.8087402],[-74.9011406,-10.809541],[-74.90125,-10.8115702],[-74.9014394,-10.8123808],[-74.9018202,-10.8134296],[-74.9018105,-10.8139609],[-74.9014004,-10.8145],[-74.901539,-10.8151211],[-74.9015097,-10.8155605],[-74.9010897,-10.816],[-74.9005195,-10.8170215],[-74.9002792,-10.8178515],[-74.8992695,-10.8203105],[-74.8989199,-10.8206211],[-74.897959,-10.8210097],[-74.8977792,-10.8211698],[-74.8974296,-10.8216308],[-74.8974004,-10.8218612],[-74.8975487,-10.8225312],[-74.8975097,-10.8227206],[-74.897,-10.8231913],[-74.8967792,-10.8236913],[-74.8964804,-10.8248906],[-74.896289,-10.8253906],[-74.8953789,-10.8265312],[-74.8953594,-10.8268398],[-74.8955605,-10.82758],[-74.8954199,-10.8279413],[-74.895039,-10.8286211],[-74.8948105,-10.82933],[-74.8947792,-10.8304413],[-74.8953691,-10.83275],[-74.8955097,-10.83408],[-74.8955097,-10.8347206],[-74.8954101,-10.8351308],[-74.8952187,-10.8355],[-74.8941094,-10.8369608],[-74.8939004,-10.8376698],[-74.8938789,-10.83825],[-74.8939491,-10.8386112],[-74.894459,-10.8394706],[-74.8946191,-10.8399296],[-74.8946504,-10.8403906],[-74.8945195,-10.8411309],[-74.893459,-10.84225],[-74.893289,-10.8425605],[-74.8931699,-10.8429511],[-74.8932187,-10.8433515],[-74.8933594,-10.8437597],[-74.8936191,-10.8442715],[-74.8940487,-10.8448906],[-74.8943906,-10.8458906],[-74.8944902,-10.8467715],[-74.8946406,-10.8473515],[-74.8950607,-10.8479123],[-74.8950897,-10.8479511],[-74.8966289,-10.8489003],[-74.8969004,-10.8491601],[-74.8970097,-10.8493711],[-74.897209,-10.8504198],[-74.897789,-10.8512812],[-74.8980195,-10.8520097],[-74.8982987,-10.8526112],[-74.8986796,-10.85308],[-74.8993496,-10.8535605],[-74.9000292,-10.8542108],[-74.9007304,-10.8553612],[-74.9007792,-10.8561913],[-74.9005605,-10.8571914],[-74.9005702,-10.858],[-74.9008397,-10.8587011],[-74.90158,-10.8593906],[-74.9017304,-10.8596698],[-74.9017402,-10.8601211],[-74.9014902,-10.86083],[-74.9015605,-10.8613711],[-74.9018594,-10.8615312],[-74.9025702,-10.8614296],[-74.9029491,-10.8614706],[-74.903539,-10.86183],[-74.9037597,-10.8621308],[-74.9040897,-10.8631601],[-74.904459,-10.8637597],[-74.9046894,-10.8639902],[-74.9059101,-10.8646503],[-74.9073105,-10.8661796],[-74.9073906,-10.866791],[-74.9073906,-10.8676112],[-74.9072987,-10.8680312],[-74.9069687,-10.8687108],[-74.9069687,-10.8689608],[-74.9070702,-10.8691211],[-74.9074199,-10.8694198],[-74.9076406,-10.8695312],[-74.9085996,-10.8697402],[-74.9094804,-10.86975],[-74.9104199,-10.8694902],[-74.9108906,-10.8694706],[-74.9128202,-10.86975],[-74.913459,-10.8698906],[-74.9141191,-10.8702206],[-74.9145097,-10.8706406],[-74.9150702,-10.8710702],[-74.9154687,-10.8715702],[-74.9158691,-10.8719511],[-74.9161406,-10.8721015],[-74.9164491,-10.8721796],[-74.9169804,-10.8724706],[-74.9176094,-10.8729413],[-74.9187187,-10.8739805],[-74.91933,-10.87475],[-74.9194101,-10.8749296],[-74.9195292,-10.8760097],[-74.9196894,-10.8763808],[-74.9204784,-10.8771207],[-74.921289,-10.8778808],[-74.9216289,-10.8783202],[-74.9219394,-10.87908],[-74.922,-10.8796601],[-74.9218906,-10.8799902],[-74.9212131,-10.8810348],[-74.9212095,-10.8810405],[-74.921209,-10.881041],[-74.9212051,-10.8810437],[-74.9211721,-10.881069],[-74.9207986,-10.8826892],[-74.9208182,-10.8839002],[-74.9207414,-10.884515],[-74.9207205,-10.8846817],[-74.9199587,-10.8857366],[-74.9186504,-10.8864981],[-74.9186497,-10.8864984],[-74.9156486,-10.8867472],[-74.9138901,-10.886614],[-74.9126101,-10.8865171],[-74.9095256,-10.8869775],[-74.9055202,-10.8883586],[-74.9012362,-10.8898359],[-74.8989987,-10.8913232],[-74.8945254,-10.893765],[-74.8896844,-10.895172],[-74.8875282,-10.8960718],[-74.885747,-10.8972531],[-74.8850531,-10.8977133],[-74.8839771,-10.8989025],[-74.8829417,-10.9007387],[-74.8818172,-10.9033551],[-74.881614,-10.9040903],[-74.8812227,-10.905076],[-74.880754,-10.906384],[-74.8792499,-10.9083765],[-74.8769644,-10.9103298],[-74.8756751,-10.9115215],[-74.8738194,-10.9131819],[-74.8723349,-10.9144125],[-74.8708892,-10.9157603],[-74.8701894,-10.9162446],[-74.8691921,-10.9169346],[-74.8688577,-10.9175575],[-74.8687601,-10.918417],[-74.8690921,-10.9191006],[-74.8700236,-10.920336],[-74.8714326,-10.9209802],[-74.8736329,-10.922178],[-74.8748824,-10.9230083],[-74.8783725,-10.9255122],[-74.8789562,-10.9260825],[-74.8799189,-10.9271243],[-74.8804646,-10.9274518],[-74.8812089,-10.9277893],[-74.8819125,-10.9281082],[-74.8825586,-10.9285832],[-74.883025,-10.9290992],[-74.883025,-10.9294862],[-74.8829159,-10.9300122],[-74.8825982,-10.9308656],[-74.8825586,-10.9314313],[-74.8827074,-10.9318083],[-74.8830846,-10.9319076],[-74.8835112,-10.931858],[-74.8847815,-10.9311832],[-74.8859724,-10.930955],[-74.8863099,-10.9310145],[-74.887312,-10.9312527],[-74.8880562,-10.9316496],[-74.8901204,-10.9328405],[-74.8909044,-10.9332076],[-74.8917181,-10.9334458],[-74.8918471,-10.933684],[-74.8917876,-10.9339817],[-74.8913112,-10.934468],[-74.8910136,-10.934984],[-74.8909937,-10.935381],[-74.8911426,-10.9356488],[-74.8929486,-10.9368992],[-74.8933854,-10.9370778],[-74.8937724,-10.9370778],[-74.8942685,-10.9369588],[-74.894993,-10.9367206],[-74.8953105,-10.9367307],[-74.8955487,-10.9368795],[-74.8971365,-10.9386458],[-74.8976029,-10.9389237],[-74.8979701,-10.9389832],[-74.8984266,-10.9389932],[-74.9000739,-10.9385763],[-74.90058,-10.9386061],[-74.9011854,-10.9387252],[-74.9015525,-10.938904],[-74.90189,-10.9392313],[-74.9019892,-10.9398267],[-74.9018404,-10.9406702],[-74.9018105,-10.941226],[-74.9019892,-10.941623],[-74.9023861,-10.9418016],[-74.9026739,-10.9418016],[-74.9035274,-10.941494],[-74.9038109,-10.9413917],[-74.904083,-10.9415038],[-74.9041824,-10.9418016],[-74.9042419,-10.9423771],[-74.9042419,-10.9432702],[-74.9043411,-10.9440642],[-74.904619,-10.944739],[-74.9049365,-10.9450566],[-74.9052441,-10.9452153],[-74.9055021,-10.9452352],[-74.9057701,-10.9450863],[-74.9059486,-10.9447092],[-74.9064647,-10.9432901],[-74.90709,-10.9426748],[-74.9075465,-10.9423077],[-74.9080426,-10.942139],[-74.9087075,-10.9420596],[-74.9091144,-10.9420893],[-74.9093426,-10.9422481],[-74.909422,-10.9426153],[-74.9094121,-10.943052],[-74.9092732,-10.9435085],[-74.9090151,-10.944104],[-74.9090549,-10.9444215],[-74.9093227,-10.9445107],[-74.9096006,-10.9444215],[-74.9099777,-10.9441932],[-74.9106724,-10.9436176],[-74.9110197,-10.9436276],[-74.9113374,-10.9438856],[-74.9115457,-10.9443122],[-74.9116052,-10.9449176],[-74.9115656,-10.9458602],[-74.9117342,-10.9470115],[-74.911903,-10.9477558],[-74.9122899,-10.9486192],[-74.9128656,-10.9502863],[-74.9133419,-10.9508817],[-74.9137785,-10.951239],[-74.9142549,-10.9514772],[-74.914601,-10.9516502],[-74.9147909,-10.9518543],[-74.9148504,-10.9521125],[-74.9148007,-10.9524696],[-74.9147524,-10.9528171],[-74.9149099,-10.9530947],[-74.9154359,-10.9534123],[-74.9158625,-10.9535313],[-74.9174205,-10.9537298],[-74.9178076,-10.9540276],[-74.9182045,-10.9545237],[-74.9184526,-10.9549306],[-74.9187305,-10.9550497],[-74.9191571,-10.9550795],[-74.9210526,-10.9548215],[-74.921787,-10.9548215],[-74.922174,-10.9549902],[-74.9223626,-10.9552482],[-74.9223229,-10.9555757],[-74.922174,-10.955794],[-74.9217807,-10.9561816],[-74.9214714,-10.956577],[-74.9212431,-10.9573073],[-74.9212127,-10.9577891],[-74.9212889,-10.9581036],[-74.921446,-10.9581796],[-74.92173,-10.9581796],[-74.9225009,-10.9580376],[-74.9236976,-10.9575913],[-74.9241744,-10.9576522],[-74.9244481,-10.957845],[-74.9250669,-10.958418],[-74.9253357,-10.9585853],[-74.9255841,-10.9586107],[-74.9258326,-10.9585548],[-74.9260557,-10.958423],[-74.926142,-10.9582202],[-74.926142,-10.9577891],[-74.9260964,-10.957135],[-74.9262029,-10.9566683],[-74.9264817,-10.9562525],[-74.9269179,-10.9560751],[-74.9281247,-10.9560648],[-74.9283327,-10.9559736],[-74.9288957,-10.9554563],[-74.9290935,-10.9554766],[-74.9292811,-10.9555628],[-74.9294332,-10.9559635],[-74.9294687,-10.9567647],[-74.92956,-10.9571755],[-74.929697,-10.9574797],[-74.9299354,-10.9576725],[-74.9302954,-10.9578246],[-74.9307822,-10.9578855],[-74.9315936,-10.9578855],[-74.9321007,-10.9579717],[-74.932471,-10.9581847],[-74.9326331,-10.9583572],[-74.9327751,-10.9586258],[-74.9328056,-10.9589098],[-74.9327751,-10.9591583],[-74.932684,-10.959412],[-74.9318929,-10.9605732],[-74.9315835,-10.9612071],[-74.9315176,-10.9617142],[-74.9315682,-10.9626322],[-74.9316849,-10.9628553],[-74.9318776,-10.9630733],[-74.9322021,-10.9632255],[-74.9326485,-10.9633827],[-74.9329577,-10.9634233],[-74.933257,-10.9633827],[-74.9345856,-10.9628502],[-74.936031,-10.9619375],[-74.9363454,-10.9619272],[-74.936533,-10.9620236],[-74.93667,-10.9622062],[-74.9367967,-10.96283],[-74.9369336,-10.9629618],[-74.9372785,-10.962977],[-74.9376335,-10.9630277],[-74.9378921,-10.9632203],[-74.9384421,-10.9636302],[-74.9386579,-10.9636717],[-74.9392461,-10.9637326],[-74.9394946,-10.963824],[-74.9413,-10.9647012],[-74.9419846,-10.9649193],[-74.9423194,-10.9651171],[-74.9424512,-10.9653352],[-74.9424461,-10.9656698],[-74.9424157,-10.9659842],[-74.9422686,-10.9662378],[-74.9420049,-10.9666081],[-74.9416956,-10.9671963],[-74.9416956,-10.9674803],[-74.9418629,-10.9682308],[-74.942147,-10.968738],[-74.9425526,-10.9693617],[-74.9429076,-10.9698435],[-74.9432069,-10.9701935],[-74.9434806,-10.9703506],[-74.9437392,-10.9703303],[-74.944145,-10.9701124],[-74.9445657,-10.9699196],[-74.9462242,-10.969311],[-74.9481006,-10.9685605],[-74.9487244,-10.968378],[-74.9489576,-10.9683931],[-74.9490895,-10.9684845],[-74.9490945,-10.9686923],[-74.9489525,-10.9689763],[-74.9484807,-10.969519],[-74.9484404,-10.9696913],[-74.9484961,-10.9698993],[-74.9486482,-10.9700515],[-74.9488562,-10.9701478],[-74.9494445,-10.9703101],[-74.9497132,-10.9704977],[-74.9498602,-10.9706955],[-74.9499262,-10.9710302],[-74.9499211,-10.9714003],[-74.9497132,-10.9741287],[-74.9498654,-10.9747677],[-74.9500226,-10.9751076],[-74.9504891,-10.9754777],[-74.9507072,-10.9755638],[-74.9509455,-10.9755791],[-74.9512447,-10.9755283],[-74.9515389,-10.9753458],[-74.9526697,-10.9745496],[-74.9528827,-10.9745141],[-74.9531414,-10.9745648],[-74.9548757,-10.9755537],[-74.9552359,-10.9758225],[-74.9558595,-10.976142],[-74.9565696,-10.9771411],[-74.9568787,-10.9772577],[-74.9572035,-10.9772121],[-74.9574621,-10.9770548],[-74.9575484,-10.976847],[-74.9575839,-10.9764868],[-74.9572237,-10.975356],[-74.9570107,-10.9745496],[-74.9570412,-10.9739665],[-74.9572694,-10.9735607],[-74.9577207,-10.9734086],[-74.9581519,-10.9733933],[-74.9585676,-10.9735304],[-74.9591154,-10.9739258],[-74.9594095,-10.9744228],[-74.9595059,-10.9747931],[-74.9595362,-10.9758276],[-74.9597391,-10.9761471],[-74.9600281,-10.9764666],[-74.9603224,-10.9766643],[-74.9621429,-10.9773388],[-74.9625029,-10.9775973],[-74.9625536,-10.9778257],[-74.9624929,-10.9782922],[-74.962269,-10.9789813],[-74.9611724,-10.9795455],[-74.9607032,-10.9799069],[-74.9606399,-10.9802047],[-74.9605701,-10.9810986],[-74.9606399,-10.9819163],[-74.9608554,-10.9832095],[-74.9610329,-10.9835391],[-74.9613499,-10.9838054],[-74.9616859,-10.9839828],[-74.9624909,-10.9842555],[-74.9634607,-10.9842301],[-74.9639109,-10.9843188],[-74.9641644,-10.984471],[-74.9645257,-10.9848956],[-74.9647412,-10.9853901],[-74.9649187,-10.985593],[-74.9658126,-10.986024],[-74.9660345,-10.9862838],[-74.9660915,-10.9865057],[-74.9660155,-10.9872918],[-74.9661422,-10.9880525],[-74.9663577,-10.9883758],[-74.9667254,-10.9886865],[-74.9670994,-10.9888258],[-74.9675559,-10.9888956],[-74.9679361,-10.9888956],[-74.9682595,-10.9887878],[-74.9690139,-10.9882807],[-74.9694195,-10.9882743],[-74.9696857,-10.9883505],[-74.9697745,-10.988528],[-74.9697619,-10.9889464],[-74.9697935,-10.9897831],[-74.969876,-10.9901951],[-74.9701169,-10.9904487],[-74.9706746,-10.9908607],[-74.9709029,-10.9911903],[-74.9709281,-10.9914376],[-74.9708205,-10.9921855],[-74.9707697,-10.9936308],[-74.9707824,-10.9947338],[-74.9710234,-10.9953425],[-74.971353,-10.9960207],[-74.9715431,-10.9961792],[-74.9718284,-10.9962046],[-74.972139,-10.9961095],[-74.9725574,-10.9957925],[-74.9729377,-10.9954566],[-74.9734892,-10.9952473],[-74.9756571,-10.994829],[-74.9766461,-10.9941761],[-74.9770771,-10.9939922],[-74.977616,-10.9941253],[-74.9778187,-10.9942331],[-74.9786492,-10.9949177],[-74.9794796,-10.9955073],[-74.9797904,-10.9955453],[-74.9800565,-10.9954628],[-74.980196,-10.9953171],[-74.9810137,-10.9939542],[-74.9814637,-10.9930985],[-74.9821864,-10.9921348],[-74.9825224,-10.9921222],[-74.9829155,-10.9924138],[-74.9832324,-10.9928258],[-74.9835366,-10.9933076],[-74.9837269,-10.9936816],[-74.9837839,-10.9941063],[-74.9837775,-10.9943916],[-74.9836444,-10.9949051],[-74.983486,-10.995241],[-74.9831944,-10.9955453],[-74.9826609,-10.996102],[-74.9826047,-10.9962933],[-74.9825985,-10.9965215],[-74.9829345,-10.9970603],[-74.9834922,-10.9975928],[-74.9838029,-10.998119],[-74.9840817,-10.9983662],[-74.9844749,-10.9985247],[-74.9856032,-10.9986261],[-74.9859075,-10.9987465],[-74.9863131,-10.9993043],[-74.9865224,-10.9999763],[-74.9865233,-10.9999958],[-74.9865256,-10.9999958],[-74.986975,-10.9999958],[-74.9874245,-10.9999958],[-74.9878739,-10.9999958],[-74.9883234,-10.9999959],[-74.9887728,-10.9999959],[-74.9892223,-10.9999959],[-74.9896717,-10.9999959],[-74.9901212,-10.9999959],[-74.9905706,-10.9999959],[-74.9910201,-10.9999959],[-74.9914695,-10.999996],[-74.991919,-10.999996],[-74.9923684,-10.999996],[-74.9928179,-10.999996],[-74.9932674,-10.999996],[-74.9937168,-10.999996],[-74.9941663,-10.999996],[-74.9946157,-10.999996],[-74.9950652,-10.999996],[-74.9955146,-10.999996],[-74.9959641,-10.9999961],[-74.9964135,-10.9999961],[-74.996863,-10.9999961],[-74.9973124,-10.9999961],[-74.9977619,-10.9999961],[-74.9982113,-10.9999961],[-74.9986608,-10.9999961],[-74.9991102,-10.9999961],[-74.9995597,-10.9999961],[-75.0000092,-10.9999961],[-75.0003122,-10.9996624],[-75.0006152,-10.9993287],[-75.0009182,-10.998995],[-75.0012212,-10.9986612],[-75.0015242,-10.9983275],[-75.0018272,-10.9979938],[-75.0021302,-10.9976601],[-75.0024332,-10.9973264],[-75.0027362,-10.9969927],[-75.0030392,-10.996659],[-75.0033422,-10.9963253],[-75.0036452,-10.9959916],[-75.0039482,-10.9956578],[-75.0042512,-10.9953241],[-75.0045542,-10.9949904],[-75.0048572,-10.9946567],[-75.0051602,-10.994323],[-75.0054632,-10.9939893],[-75.0057662,-10.9936556],[-75.0060692,-10.9933218],[-75.0063722,-10.9929881],[-75.0066752,-10.9926544],[-75.0069781,-10.9923207],[-75.0072811,-10.991987],[-75.0075841,-10.9916533],[-75.0078871,-10.9913196],[-75.0081901,-10.9909858],[-75.0084931,-10.9906521],[-75.0087961,-10.9903184],[-75.0090991,-10.9899847],[-75.0094021,-10.989651],[-75.009705,-10.9893172],[-75.010008,-10.9889835],[-75.010311,-10.9886498],[-75.010614,-10.9883161],[-75.010917,-10.9879824],[-75.01122,-10.9876487],[-75.0115229,-10.9873149],[-75.0118259,-10.9869812],[-75.0121289,-10.9866475],[-75.0124319,-10.9863138],[-75.0127349,-10.9859801],[-75.0130378,-10.9856463],[-75.0133408,-10.9853126],[-75.0136438,-10.9849789],[-75.0139468,-10.9846452],[-75.0142497,-10.9843114],[-75.0145527,-10.9839777],[-75.0148557,-10.983644],[-75.0151587,-10.9833103],[-75.0154616,-10.9829765],[-75.0157646,-10.9826428],[-75.0160676,-10.9823091],[-75.0163706,-10.9819754],[-75.0166735,-10.9816416],[-75.0169765,-10.9813079],[-75.0172795,-10.9809742],[-75.0175824,-10.9806405],[-75.0178854,-10.9803067],[-75.017711,-10.979908],[-75.0175367,-10.9795092],[-75.0173623,-10.9791104],[-75.0171879,-10.9787116],[-75.0170136,-10.9783128],[-75.0168392,-10.977914],[-75.0166648,-10.9775152],[-75.0164905,-10.9771164],[-75.0163161,-10.9767176],[-75.0161417,-10.9763189],[-75.0159674,-10.9759201],[-75.015793,-10.9755213],[-75.0156186,-10.9751225],[-75.0154443,-10.9747237],[-75.0152699,-10.9743249],[-75.0150955,-10.9739261],[-75.0149212,-10.9735273],[-75.0147468,-10.9731285],[-75.0145724,-10.9727298],[-75.0143981,-10.972331],[-75.0142237,-10.9719322],[-75.0141756,-10.9714981],[-75.0141276,-10.9710639],[-75.0140795,-10.9706298],[-75.0140314,-10.9701957],[-75.0139833,-10.9697616],[-75.0139353,-10.9693275],[-75.0138872,-10.9688934],[-75.0138391,-10.9684593],[-75.0137911,-10.9680252],[-75.013743,-10.9675911],[-75.0136949,-10.967157],[-75.0136468,-10.9667228],[-75.0135988,-10.9662887],[-75.0135507,-10.9658546],[-75.0135026,-10.9654205],[-75.0134546,-10.9649864],[-75.0134065,-10.9645523],[-75.0133584,-10.9641182],[-75.0133103,-10.9636841],[-75.0132623,-10.96325],[-75.0132142,-10.9628158],[-75.0131661,-10.9623817],[-75.0131181,-10.9619476],[-75.01307,-10.9615135],[-75.0130219,-10.9610794],[-75.0129738,-10.9606453],[-75.0129258,-10.9602112],[-75.0128777,-10.9597771],[-75.0131776,-10.9594397],[-75.0134776,-10.9591023],[-75.0137775,-10.9587649],[-75.0140775,-10.9584275],[-75.0143774,-10.9580901],[-75.0146773,-10.9577528],[-75.0149773,-10.9574154],[-75.0152772,-10.957078],[-75.0155771,-10.9567406],[-75.0158771,-10.9564032],[-75.016177,-10.9560658],[-75.0164769,-10.9557284],[-75.0167769,-10.9553911],[-75.0170768,-10.9550537],[-75.0173767,-10.9547163],[-75.0176767,-10.9543789],[-75.0179766,-10.9540415],[-75.0182765,-10.9537041],[-75.0185765,-10.9533667],[-75.0188764,-10.9530294],[-75.0191763,-10.952692],[-75.0194762,-10.9523546],[-75.0197762,-10.9520172],[-75.0200761,-10.9516798],[-75.020376,-10.9513424],[-75.0206759,-10.951005],[-75.0209759,-10.9506676],[-75.0212758,-10.9503302],[-75.0215757,-10.9499928],[-75.0218756,-10.9496555],[-75.0221755,-10.9493181],[-75.0224755,-10.9489807],[-75.0227754,-10.9486433],[-75.0230753,-10.9483059],[-75.0233752,-10.9479685],[-75.0236751,-10.9476311],[-75.0239751,-10.9472937],[-75.024275,-10.9469563],[-75.0245749,-10.9466189],[-75.0248748,-10.9462815],[-75.0251747,-10.9459441],[-75.0254746,-10.9456067],[-75.0257745,-10.9452693],[-75.0260744,-10.9449319],[-75.0263744,-10.9445945],[-75.0266743,-10.9442572],[-75.0269742,-10.9439198],[-75.0272741,-10.9435824],[-75.027574,-10.943245],[-75.0278739,-10.9429076],[-75.0281738,-10.9425702],[-75.0284737,-10.9422328],[-75.0287736,-10.9418954],[-75.0290735,-10.941558],[-75.0293734,-10.9412206],[-75.0296733,-10.9408832],[-75.0299732,-10.9405458],[-75.0302731,-10.9402084],[-75.030573,-10.939871],[-75.0308729,-10.9395336],[-75.0311728,-10.9391962],[-75.0314727,-10.9388588],[-75.0317726,-10.9385214],[-75.0320725,-10.938184],[-75.0323724,-10.9378466],[-75.0326723,-10.9375092],[-75.0322637,-10.9373203],[-75.0318551,-10.9371313],[-75.0314466,-10.9369424],[-75.031038,-10.9367535],[-75.0306294,-10.9365646],[-75.0302208,-10.9363757],[-75.0298122,-10.9361868],[-75.0294036,-10.9359979],[-75.0289951,-10.9358089],[-75.0285865,-10.93562],[-75.0281779,-10.9354311],[-75.0277693,-10.9352422],[-75.0273607,-10.9350533],[-75.0269521,-10.9348643],[-75.0265436,-10.9346754],[-75.026135,-10.9344865],[-75.0257264,-10.9342976],[-75.0253178,-10.9341087],[-75.0249092,-10.9339197],[-75.0245007,-10.9337308],[-75.0240921,-10.9335419],[-75.0236835,-10.933353],[-75.0232749,-10.933164],[-75.0228664,-10.9329751],[-75.0224578,-10.9327862],[-75.0220492,-10.9325973],[-75.0216406,-10.9324083],[-75.0212321,-10.9322194],[-75.0208019,-10.932366],[-75.0203718,-10.9325125],[-75.0199417,-10.932659],[-75.0195116,-10.9328056],[-75.0190814,-10.9329521],[-75.0187559,-10.9332689],[-75.0184304,-10.9335856],[-75.0181049,-10.9339024],[-75.0177794,-10.9342191],[-75.0174538,-10.9345358],[-75.0171283,-10.9348526],[-75.0168028,-10.9351693],[-75.0164773,-10.9354861],[-75.0161517,-10.9358028],[-75.0158262,-10.9361196],[-75.0155007,-10.9364363],[-75.0151751,-10.9367531],[-75.0148496,-10.9370698],[-75.0145241,-10.9373865],[-75.0141985,-10.9377033],[-75.013873,-10.93802],[-75.0135475,-10.9383368],[-75.0132219,-10.9386535],[-75.0128964,-10.9389702],[-75.0125709,-10.939287],[-75.0122453,-10.9396037],[-75.0119198,-10.9399205],[-75.0115943,-10.9402372],[-75.0112687,-10.9405539],[-75.0109432,-10.9408707],[-75.0106177,-10.9411874],[-75.0102921,-10.9415041],[-75.0099666,-10.9418209],[-75.009641,-10.9421376],[-75.0093155,-10.9424544],[-75.00899,-10.9427711],[-75.0086644,-10.9430878],[-75.0083389,-10.9434046],[-75.0080133,-10.9437213],[-75.0076878,-10.944038],[-75.0073622,-10.9443548],[-75.0070367,-10.9446715],[-75.0067111,-10.9449882],[-75.0063856,-10.945305],[-75.00606,-10.9456217],[-75.0057345,-10.9459384],[-75.0054089,-10.9462552],[-75.0050834,-10.9465719],[-75.0047578,-10.9468886],[-75.0044323,-10.9472054],[-75.0041067,-10.9475221],[-75.0037812,-10.9478388],[-75.0034556,-10.9481555],[-75.0031301,-10.9484723],[-75.0028933,-10.9480924],[-75.0026565,-10.9477126],[-75.0024197,-10.9473327],[-75.0021829,-10.9469529],[-75.0019462,-10.946573],[-75.0017094,-10.9461932],[-75.0014726,-10.9458133],[-75.0012358,-10.9454335],[-75.0009991,-10.9450536],[-75.0007623,-10.9446738],[-75.0005255,-10.9442939],[-75.0002887,-10.9439141],[-75.000052,-10.9435342],[-74.9998152,-10.9431544],[-74.9995784,-10.9427745],[-74.9993416,-10.9423947],[-74.9991049,-10.9420148],[-74.9988681,-10.941635],[-74.9986313,-10.9412551],[-74.9983946,-10.9408753],[-74.9981578,-10.9404954],[-74.997921,-10.9401156],[-74.9976843,-10.9397357],[-74.9974475,-10.9393559],[-74.9972107,-10.938976],[-74.996974,-10.9385962],[-74.9967372,-10.9382163],[-74.9965004,-10.9378365],[-74.9962637,-10.9374566],[-74.9960269,-10.9370768],[-74.9957901,-10.9366969],[-74.9958834,-10.9362572],[-74.9959767,-10.9358176],[-74.99607,-10.9353779],[-74.9961633,-10.9349382],[-74.9962566,-10.9344985],[-74.9963498,-10.9340588],[-74.9964431,-10.9336192],[-74.9965364,-10.9331795],[-74.9966297,-10.9327398],[-74.996723,-10.9323001],[-74.9968163,-10.9318605],[-74.9969095,-10.9314208],[-74.9970028,-10.9309811],[-74.9970961,-10.9305414],[-74.9971894,-10.9301017],[-74.9972827,-10.9296621],[-74.9973759,-10.9292224],[-74.9974692,-10.9287827],[-74.9975625,-10.928343],[-74.9976558,-10.9279033],[-74.9977491,-10.9274637],[-74.9978423,-10.927024],[-74.9979356,-10.9265843],[-74.9980289,-10.9261446],[-74.9981222,-10.9257049],[-74.9982155,-10.9252653],[-74.9977876,-10.9254194],[-74.9973597,-10.9255736],[-74.9969318,-10.9257277],[-74.9965039,-10.9258819],[-74.996076,-10.926036],[-74.9956481,-10.9261901],[-74.9952202,-10.9263443],[-74.9947923,-10.9264984],[-74.9943645,-10.9266526],[-74.9939366,-10.9268067],[-74.9935087,-10.9269609],[-74.9930808,-10.927115],[-74.9926529,-10.9272691],[-74.992225,-10.9274233],[-74.9917971,-10.9275774],[-74.9913692,-10.9277316],[-74.9909413,-10.9278857],[-74.9905134,-10.9280398],[-74.9900855,-10.928194],[-74.9896576,-10.9283481],[-74.9892297,-10.9285023],[-74.9888018,-10.9286564],[-74.988374,-10.9288105],[-74.9879461,-10.9289647],[-74.9875182,-10.9291188],[-74.9870903,-10.9292729],[-74.9866624,-10.9294271],[-74.9862345,-10.9295812],[-74.9858066,-10.9297353],[-74.9853787,-10.9298894],[-74.9849508,-10.9300436],[-74.9845229,-10.9301977],[-74.984095,-10.9303518],[-74.9836671,-10.930506],[-74.9832392,-10.9306601],[-74.9828113,-10.9308142],[-74.9823834,-10.9309683],[-74.9819555,-10.9311225],[-74.9815276,-10.9312766],[-74.9810997,-10.9314307],[-74.9806717,-10.9315848],[-74.9802438,-10.931739],[-74.9798159,-10.9318931],[-74.979388,-10.9320472],[-74.9789601,-10.9322013],[-74.9787942,-10.9317824],[-74.9786283,-10.9313635],[-74.9784624,-10.9309447],[-74.9782965,-10.9305258],[-74.9781306,-10.9301069],[-74.9779647,-10.929688],[-74.9777988,-10.9292691],[-74.9776329,-10.9288502],[-74.977467,-10.9284313],[-74.9773011,-10.9280124],[-74.9771352,-10.9275935],[-74.9769693,-10.9271746],[-74.9768034,-10.9267557],[-74.9766375,-10.9263368],[-74.9764716,-10.9259179],[-74.9763057,-10.925499],[-74.9761398,-10.9250801],[-74.9759739,-10.9246612],[-74.975808,-10.9242423],[-74.9756421,-10.9238234],[-74.9754762,-10.9234045],[-74.9753103,-10.9229857],[-74.9751444,-10.9225668],[-74.9749785,-10.9221479],[-74.9748126,-10.921729],[-74.9746467,-10.9213101],[-74.9744808,-10.9208912],[-74.9743149,-10.9204723],[-74.974149,-10.9200534],[-74.9739832,-10.9196345],[-74.9738173,-10.9192156],[-74.9736514,-10.9187967],[-74.9734855,-10.9183778],[-74.9733196,-10.9179589],[-74.9731537,-10.91754],[-74.9729878,-10.9171211],[-74.9728219,-10.9167022],[-74.972656,-10.9162833],[-74.9724901,-10.9158644],[-74.9723243,-10.9154455],[-74.9721584,-10.9150266],[-74.9719925,-10.9146077],[-74.9718266,-10.9141888],[-74.9716607,-10.9137699],[-74.9714948,-10.913351],[-74.9713289,-10.9129321],[-74.9711631,-10.9125132],[-74.9709972,-10.9120943],[-74.9708313,-10.9116754],[-74.9706654,-10.9112565],[-74.9704995,-10.9108376],[-74.9703336,-10.9104187],[-74.9701678,-10.9099998],[-74.9700019,-10.9095809],[-74.969836,-10.909162],[-74.9696701,-10.9087431],[-74.9695042,-10.9083242],[-74.9693384,-10.9079053],[-74.9691725,-10.9074864],[-74.9690066,-10.9070675],[-74.9688407,-10.9066486],[-74.9686748,-10.9062297],[-74.968509,-10.9058108],[-74.9683431,-10.9053919],[-74.9681772,-10.904973],[-74.9680113,-10.9045541],[-74.9678455,-10.9041352],[-74.9676796,-10.9037163],[-74.9675137,-10.9032974],[-74.9673478,-10.9028785],[-74.967182,-10.9024596],[-74.9670161,-10.9020407],[-74.9668502,-10.9016218],[-74.9666843,-10.9012029],[-74.9665185,-10.900784],[-74.9663526,-10.9003651],[-74.9663527,-10.8999208],[-74.9663527,-10.8994765],[-74.9663528,-10.8990322],[-74.9663528,-10.8985878],[-74.9663529,-10.8981435],[-74.9663529,-10.8976992],[-74.966353,-10.8972549],[-74.966353,-10.8968105],[-74.9663531,-10.8963662],[-74.9663531,-10.8959219],[-74.9663532,-10.8954775],[-74.9663532,-10.8950332],[-74.9663533,-10.8945889],[-74.9663533,-10.8941446],[-74.9663534,-10.8937002],[-74.9663534,-10.8932559],[-74.9663535,-10.8928116],[-74.9663535,-10.8923673],[-74.9663536,-10.8919229],[-74.9663536,-10.8914786],[-74.9663537,-10.8910343],[-74.9663537,-10.89059],[-74.9663538,-10.8901456],[-74.9663538,-10.8897013],[-74.9663539,-10.889257],[-74.9663539,-10.8888127],[-74.966354,-10.8883683],[-74.966354,-10.887924],[-74.9663541,-10.8874797],[-74.9663541,-10.8870353],[-74.9663542,-10.886591],[-74.9667182,-10.8863708],[-74.9670823,-10.8861505],[-74.9674464,-10.8859303],[-74.9678105,-10.88571],[-74.9681745,-10.8854898],[-74.9685386,-10.8852695],[-74.9689027,-10.8850493],[-74.9692668,-10.884829],[-74.9696308,-10.8846088],[-74.9699949,-10.8843885],[-74.970359,-10.8841683],[-74.970723,-10.883948],[-74.9710871,-10.8837278],[-74.9714512,-10.8835075],[-74.9712412,-10.8831076],[-74.9710312,-10.8827077],[-74.9708212,-10.8823078],[-74.9706113,-10.8819079],[-74.9704013,-10.881508],[-74.9701913,-10.8811081],[-74.9699813,-10.8807082],[-74.9697714,-10.8803083],[-74.9695614,-10.8799084],[-74.9693514,-10.8795085],[-74.9691414,-10.8791086],[-74.9689314,-10.8787087],[-74.9687215,-10.8783088],[-74.9685115,-10.8779089],[-74.9683015,-10.877509],[-74.9680915,-10.8771091],[-74.9678816,-10.8767092],[-74.9676716,-10.8763093],[-74.9674616,-10.8759094],[-74.9672517,-10.8755095],[-74.9670417,-10.8751096],[-74.9668317,-10.8747097],[-74.9666217,-10.8743098],[-74.9664118,-10.8739099],[-74.9662018,-10.87351],[-74.9659918,-10.8731101],[-74.9657819,-10.8727102],[-74.9655719,-10.8723103],[-74.9653619,-10.8719104],[-74.965152,-10.8715105],[-74.964942,-10.8711106],[-74.964732,-10.8707107],[-74.9645221,-10.8703108],[-74.9643121,-10.8699109],[-74.9641022,-10.869511],[-74.9638922,-10.8691111],[-74.9636822,-10.8687112],[-74.9634723,-10.8683113],[-74.9632623,-10.8679114],[-74.9630524,-10.8675115],[-74.9628424,-10.8671116],[-74.9626324,-10.8667117],[-74.9629445,-10.8663848],[-74.9632567,-10.8660578],[-74.9635688,-10.8657309],[-74.9638809,-10.8654039],[-74.964193,-10.865077],[-74.9645051,-10.8647501],[-74.9648172,-10.8644231],[-74.9651293,-10.8640962],[-74.9654415,-10.8637692],[-74.9657536,-10.8634423],[-74.9660657,-10.8631153],[-74.9663778,-10.8627884],[-74.9666899,-10.8624615],[-74.967002,-10.8621345],[-74.9673141,-10.8618076],[-74.9676262,-10.8614806],[-74.9679383,-10.8611537],[-74.9682504,-10.8608267],[-74.9685625,-10.8604998],[-74.9688746,-10.8601728],[-74.9691867,-10.8598459],[-74.9694989,-10.8595189],[-74.969811,-10.859192],[-74.9701231,-10.858865],[-74.9704352,-10.8585381],[-74.9707473,-10.8582111],[-74.9710594,-10.8578842],[-74.9713715,-10.8575572],[-74.9716836,-10.8572303],[-74.9719956,-10.8569033],[-74.9723077,-10.8565764],[-74.9726198,-10.8562494],[-74.9729319,-10.8559225],[-74.973244,-10.8555955],[-74.9735561,-10.8552686],[-74.9738682,-10.8549416],[-74.9741803,-10.8546147],[-74.9744924,-10.8542877],[-74.9748045,-10.8539608],[-74.9751166,-10.8536338],[-74.9754287,-10.8533069],[-74.9757408,-10.8529799],[-74.9760529,-10.852653],[-74.9763649,-10.852326],[-74.976677,-10.8519991],[-74.9769891,-10.8516721],[-74.9773012,-10.8513451],[-74.9776133,-10.8510182],[-74.9779254,-10.8506912],[-74.9782375,-10.8503643],[-74.9785495,-10.8500373],[-74.9788616,-10.8497104],[-74.9791737,-10.8493834],[-74.9794858,-10.8490564],[-74.9797979,-10.8487295],[-74.9801099,-10.8484025],[-74.980422,-10.8480756],[-74.9807341,-10.8477486],[-74.9810462,-10.8474217],[-74.9813583,-10.8470947],[-74.9816703,-10.8467677],[-74.9819824,-10.8464408],[-74.9822945,-10.8461138],[-74.9826066,-10.8457869],[-74.9829186,-10.8454599],[-74.9833608,-10.8454599],[-74.983803,-10.8454599],[-74.9842452,-10.84546],[-74.9846875,-10.84546],[-74.9851297,-10.84546],[-74.9855719,-10.84546],[-74.9860141,-10.84546],[-74.9864563,-10.8454601],[-74.9868985,-10.8454601],[-74.9873407,-10.8454601],[-74.9877829,-10.8454601],[-74.9882251,-10.8454601],[-74.9886673,-10.8454602],[-74.9891095,-10.8454602],[-74.9895517,-10.8454602],[-74.9899939,-10.8454602],[-74.9904361,-10.8454602],[-74.9908783,-10.8454602],[-74.9913206,-10.8454602],[-74.9917628,-10.8454603],[-74.992205,-10.8454603],[-74.9922516,-10.8450233],[-74.9922981,-10.8445863],[-74.9923447,-10.8441493],[-74.9923913,-10.8437123],[-74.9924379,-10.8432753],[-74.9924845,-10.8428383],[-74.9925311,-10.8424013],[-74.9925777,-10.8419643],[-74.9926243,-10.8415273],[-74.9926708,-10.8410903],[-74.9927174,-10.8406533],[-74.992764,-10.8402163],[-74.9928106,-10.8397794],[-74.9928572,-10.8393424],[-74.9929038,-10.8389054],[-74.9929504,-10.8384684],[-74.992997,-10.8380314],[-74.9930435,-10.8375944],[-74.9930901,-10.8371574],[-74.9931367,-10.8367204],[-74.9931833,-10.8362834],[-74.9932299,-10.8358464],[-74.9933018,-10.8354562],[-74.9933737,-10.835066],[-74.9934456,-10.8346759],[-74.9935174,-10.8342857],[-74.9935893,-10.8338955],[-74.9936612,-10.8335053],[-74.9937331,-10.8331151],[-74.9937289,-10.8326673],[-74.9937248,-10.8322195],[-74.9937206,-10.8317717],[-74.9937164,-10.8313239],[-74.9937123,-10.830876],[-74.9937081,-10.8304282],[-74.9937039,-10.8299804],[-74.9936997,-10.8295326],[-74.9936956,-10.8290848],[-74.9936914,-10.828637],[-74.9936872,-10.8281892],[-74.993683,-10.8277414],[-74.9936789,-10.8272935],[-74.9936747,-10.8268457],[-74.9936705,-10.8263979],[-74.9936664,-10.8259501],[-74.9936622,-10.8255023],[-74.993658,-10.8250545],[-74.9936538,-10.8246067],[-74.9936497,-10.8241589],[-74.9936455,-10.823711],[-74.9936413,-10.8232632],[-74.9936371,-10.8228154],[-74.993633,-10.8223676],[-74.9936288,-10.8219198],[-74.9936246,-10.821472],[-74.9936205,-10.8210242],[-74.9936163,-10.8205763],[-74.9936121,-10.8201285],[-74.9936079,-10.8196807],[-74.9936038,-10.8192329],[-74.9935996,-10.8187851],[-74.9935954,-10.8183373],[-74.9935912,-10.8178895],[-74.9935871,-10.8174417],[-74.9936215,-10.8170054],[-74.9936559,-10.8165691],[-74.9936903,-10.8161328],[-74.9937247,-10.8156965],[-74.9937591,-10.8152602],[-74.9937935,-10.8148239],[-74.9938279,-10.8143876],[-74.9938623,-10.8139514],[-74.9938967,-10.8135151],[-74.9939311,-10.8130788],[-74.9939655,-10.8126425],[-74.9939999,-10.8122062],[-74.9940344,-10.8117699],[-74.9940688,-10.8113336],[-74.9941032,-10.8108973],[-74.9941376,-10.8104611],[-74.994172,-10.8100248],[-74.9942064,-10.8095885],[-74.9942408,-10.8091522],[-74.9942752,-10.8087159],[-74.9943096,-10.8082796],[-74.994344,-10.8078433],[-74.9943784,-10.807407],[-74.9944128,-10.8069708],[-74.9944472,-10.8065345],[-74.9940016,-10.8064459],[-74.993556,-10.8063574],[-74.9931104,-10.8062689],[-74.9926648,-10.8061803],[-74.9922192,-10.8060918],[-74.9917736,-10.8060032],[-74.991328,-10.8059147],[-74.9908824,-10.8058262],[-74.9904368,-10.8057376],[-74.9899911,-10.8056491],[-74.9895455,-10.8055605],[-74.9890999,-10.805472],[-74.9886543,-10.8053834],[-74.9882087,-10.8052949],[-74.9877631,-10.8052064],[-74.9873175,-10.8051178],[-74.9868719,-10.8050293],[-74.9864263,-10.8049407],[-74.9859807,-10.8048522],[-74.9855351,-10.8047636],[-74.9850895,-10.8046751],[-74.9846439,-10.8045865],[-74.9841983,-10.804498],[-74.9837527,-10.8044094],[-74.9833071,-10.8043209],[-74.9828615,-10.8042323],[-74.9824159,-10.8041438],[-74.9819703,-10.8040552],[-74.9815247,-10.8039667],[-74.9810791,-10.8038781],[-74.9806335,-10.8037895],[-74.9801879,-10.803701],[-74.9797423,-10.8036124],[-74.9792967,-10.8035239],[-74.9788511,-10.8034353],[-74.9784055,-10.8033468],[-74.9779599,-10.8032582],[-74.9775143,-10.8031696],[-74.9770687,-10.8030811],[-74.9766231,-10.8029925],[-74.9761775,-10.802904],[-74.9757319,-10.8028154],[-74.9752863,-10.8027268],[-74.9748407,-10.8026383],[-74.9743951,-10.8025497],[-74.9739495,-10.8024611],[-74.9735039,-10.8023726],[-74.9730583,-10.802284],[-74.9726128,-10.8021954],[-74.9721672,-10.8021069],[-74.9717216,-10.8020183],[-74.971276,-10.8019297],[-74.9710931,-10.8015312],[-74.9709101,-10.8011326],[-74.9707272,-10.800734],[-74.9705443,-10.8003355],[-74.9703614,-10.7999369],[-74.9701785,-10.7995384],[-74.9699956,-10.7991398],[-74.9698126,-10.7987412],[-74.9696297,-10.7983427],[-74.9694468,-10.7979441],[-74.9692639,-10.7975455],[-74.969081,-10.797147],[-74.9688981,-10.7967484],[-74.9687152,-10.7963499],[-74.9685323,-10.7959513],[-74.9686658,-10.7955218],[-74.9687994,-10.7950922],[-74.968933,-10.7946627],[-74.9690666,-10.7942331],[-74.9692002,-10.7938036],[-74.9693337,-10.7933741],[-74.9694673,-10.7929445],[-74.9696009,-10.792515],[-74.9697345,-10.7920854],[-74.9698681,-10.7916559],[-74.9700016,-10.7912264],[-74.9701352,-10.7907968],[-74.9702688,-10.7903673],[-74.9704024,-10.7899377],[-74.970536,-10.7895082],[-74.9706695,-10.7890786],[-74.9708031,-10.7886491],[-74.9709367,-10.7882196],[-74.9710703,-10.78779],[-74.9712038,-10.7873605],[-74.9713374,-10.7869309],[-74.971471,-10.7865014],[-74.9716046,-10.7860719],[-74.9717381,-10.7856423],[-74.9718717,-10.7852128],[-74.9720053,-10.7847832],[-74.9721388,-10.7843537],[-74.9722724,-10.7839241],[-74.972406,-10.7834946],[-74.9725396,-10.7830651],[-74.9726731,-10.7826355],[-74.9728067,-10.782206],[-74.9729403,-10.7817764],[-74.9730738,-10.7813469],[-74.9732074,-10.7809173],[-74.973341,-10.7804878],[-74.9734746,-10.7800583],[-74.9736081,-10.7796287],[-74.9737417,-10.7791992],[-74.9738753,-10.7787696],[-74.9740088,-10.7783401],[-74.9741424,-10.7779105],[-74.974276,-10.777481],[-74.9744095,-10.7770515],[-74.9745431,-10.7766219],[-74.9746767,-10.7761924],[-74.9748102,-10.7757628],[-74.9749438,-10.7753333],[-74.9750773,-10.7749037],[-74.9752109,-10.7744742],[-74.9753445,-10.7740447],[-74.975478,-10.7736151],[-74.9756116,-10.7731856],[-74.9757452,-10.772756],[-74.9758787,-10.7723265],[-74.9760123,-10.7718969],[-74.9761458,-10.7714674],[-74.9762794,-10.7710379],[-74.976413,-10.7706083],[-74.9765465,-10.7701788],[-74.9766801,-10.7697492],[-74.9768136,-10.7693197],[-74.9769472,-10.7688901],[-74.9770808,-10.7684606],[-74.9772143,-10.768031],[-74.9773479,-10.7676015],[-74.9774814,-10.767172],[-74.977615,-10.7667424],[-74.9777485,-10.7663129],[-74.9778821,-10.7658833],[-74.9780157,-10.7654538],[-74.9781492,-10.7650242],[-74.9782828,-10.7645947],[-74.9784163,-10.7641651],[-74.9785499,-10.7637356],[-74.9786834,-10.763306],[-74.978817,-10.7628765],[-74.9789505,-10.762447],[-74.9790841,-10.7620174],[-74.9792176,-10.7615879],[-74.9793512,-10.7611583],[-74.9794847,-10.7607288],[-74.9796183,-10.7602992],[-74.9797518,-10.7598697],[-74.9798854,-10.7594401],[-74.9800189,-10.7590106],[-74.9801525,-10.758581],[-74.980286,-10.7581515],[-74.9804196,-10.7577219],[-74.9805531,-10.7572924],[-74.9806867,-10.7568629],[-74.9808202,-10.7564333],[-74.9809538,-10.7560038],[-74.9810873,-10.7555742],[-74.9812209,-10.7551447],[-74.9813544,-10.7547151],[-74.981488,-10.7542856],[-74.9816215,-10.753856],[-74.9817551,-10.7534265],[-74.9818886,-10.7529969],[-74.9820222,-10.7525674],[-74.9821557,-10.7521378],[-74.9822892,-10.7517083],[-74.9824228,-10.7512787],[-74.9825563,-10.7508492],[-74.9826899,-10.7504197],[-74.9828234,-10.7499901],[-74.9829091,-10.7497145],[-74.9828176,-10.7497871]]]}}
]}
