{"type":"FeatureCollection","features":[
{"type":"Feature","properties":{"ubigeo":"130101","nombre":"TRUJILLO"},"geometry":{"type":"MultiPolygon","coordinates":[[[[-79.04709,-8.08394],[-79.04562,-8.08398],[-79.04371,-8.08453],[-79.0436941,-8.0845371],[-79.04215,-8.08522],[-79.03982,-8.08691],[-79.03882,-8.08723],[-79.03462,-8.08741],[-79.0331357,-8.0873625],[-79.0330896,-8.087361],[-79.0330814,-8.0873607],[-79.0330644,-8.0873601],[-79.03306,-8.08736],[-79.03069,-8.08878],[-79.02936,-8.08882],[-79.02895,-8.08901],[-79.02868,-8.08896],[-79.02849,-8.08864],[-79.02735,-8.08873],[-79.0269,-8.08905],[-79.02402,-8.08901],[-79.02279,-8.08919],[-79.02233,-8.08869],[-79.02155,-8.08846],[-79.02004,-8.08846],[-79.01863,-8.08791],[-79.01758,-8.08736],[-79.01717,-8.08681],[-79.01616,-8.08622],[-79.0158227,-8.0861322],[-79.01493,-8.0859],[-79.01342,-8.08604],[-79.01191,-8.08654],[-79.0116,-8.08662],[-79.01018,-8.087],[-79.0094,-8.08732],[-79.00849,-8.08754],[-79.00766,-8.08754],[-79.00693,-8.08727],[-79.0057,-8.08746],[-79.0050246,-8.0878672],[-79.00502,-8.08787],[-79.00364,-8.08768],[-79.00246,-8.08746],[-79.00196,-8.08754],[-79.00145,-8.08828],[-78.99894,-8.08869],[-78.99684,-8.08924],[-78.99529,-8.08956],[-78.99391,-8.08978],[-78.99305,-8.08951],[-78.9926107,-8.0892707],[-78.992434,-8.0891745],[-78.99204,-8.08896],[-78.99166,-8.0888441],[-78.9914555,-8.0887816],[-78.99145,-8.08878],[-78.9915664,-8.0891524],[-78.9917792,-8.0896055],[-78.9920156,-8.0900586],[-78.9922676,-8.090457],[-78.9923632,-8.0905918],[-78.9926172,-8.0910371],[-78.9928555,-8.0913965],[-78.9932071,-8.0919433],[-78.9935291,-8.0923788],[-78.9937382,-8.0926738],[-78.9940059,-8.0929687],[-78.9943572,-8.0931777],[-78.99475,-8.0933613],[-78.9951152,-8.0935019],[-78.9955351,-8.0935996],[-78.9958164,-8.09367],[-78.9962461,-8.0942285],[-78.9959375,-8.0945175],[-78.9955742,-8.0948632],[-78.9952167,-8.0952558],[-78.9948086,-8.0958006],[-78.9944355,-8.0963985],[-78.9942597,-8.0970137],[-78.994248,-8.097461],[-78.9943222,-8.0978516],[-78.9945469,-8.0982812],[-78.9948829,-8.0990861],[-78.994752,-8.0993086],[-78.9950136,-8.0996816],[-78.9954434,-8.1000195],[-78.9958534,-8.100336],[-78.9962656,-8.1007285],[-78.9966914,-8.1011406],[-78.9974569,-8.1016525],[-78.9982969,-8.1019805],[-78.9992832,-8.10242],[-79.0002324,-8.1029648],[-79.0009101,-8.1032441],[-79.0006699,-8.103502],[-79.000334,-8.1038847],[-78.9994865,-8.1048887],[-78.9991504,-8.1050312],[-78.9986035,-8.1052597],[-78.9979316,-8.1054745],[-78.997168,-8.1056777],[-78.9959024,-8.1060351],[-78.9953984,-8.1061913],[-78.994,-8.106584],[-78.9947735,-8.1074512],[-78.9959434,-8.1087656],[-78.9979902,-8.1111523],[-78.9988809,-8.1120137],[-78.999128,-8.1121806],[-79.0000235,-8.1127851],[-79.0006816,-8.1129257],[-79.0007934,-8.1130075],[-78.99848,-8.11304],[-78.99729,-8.11308],[-78.99666,-8.11276],[-78.99588,-8.11253],[-78.9951,-8.11244],[-78.99423,-8.11272],[-78.99355,-8.11262],[-78.99318,-8.11244],[-78.99241,-8.1123],[-78.99172,-8.11249],[-78.99117,-8.1129],[-78.9903652,-8.1157715],[-78.9903184,-8.1162382],[-78.988123,-8.1183398],[-78.9857422,-8.1204413],[-78.9848535,-8.121002],[-78.9841914,-8.122293],[-78.9832832,-8.1246309],[-78.9830499,-8.125408],[-78.9828844,-8.1260006],[-78.9828431,-8.126428],[-78.9827741,-8.1269517],[-78.9827726,-8.1269837],[-78.98324,-8.12704],[-78.98382,-8.12703],[-78.98476,-8.12686],[-78.98517,-8.12687],[-78.98569,-8.12701],[-78.9868,-8.12753],[-78.98727,-8.12786],[-78.98808,-8.12867],[-78.98848,-8.12888],[-78.98877,-8.12895],[-78.9888897,-8.128923],[-78.9893,-8.12883],[-78.98945,-8.12858],[-78.98962,-8.12799],[-78.98986,-8.12766],[-78.99053,-8.12763],[-78.99175,-8.12775],[-78.9919,-8.12775],[-78.99264,-8.12774],[-78.99426,-8.12798],[-78.99525,-8.12855],[-78.9953982,-8.1286835],[-78.99626,-8.12946],[-78.9969807,-8.1299881],[-78.99742,-8.13031],[-79.0,-8.1326],[-79.00207,-8.13615],[-79.00315,-8.13753],[-79.00377,-8.13867],[-79.00452,-8.13993],[-79.00524,-8.14056],[-79.00576,-8.14092],[-79.005832,-8.1409346],[-79.00655,-8.14108],[-79.00704,-8.14097],[-79.00787,-8.1414],[-79.00884,-8.14214],[-79.00944,-8.14206],[-79.0100191,-8.1421785],[-79.01115,-8.14241],[-79.0117896,-8.1426332],[-79.01307,-8.14308],[-79.0134998,-8.1432258],[-79.01416,-8.14345],[-79.01487,-8.14392],[-79.01542,-8.14525],[-79.01609,-8.14586],[-79.01699,-8.146],[-79.01785,-8.14594],[-79.01812,-8.14657],[-79.018,-8.14714],[-79.018,-8.14779],[-79.01807,-8.1481],[-79.01877,-8.1485],[-79.01914,-8.14847],[-79.01976,-8.14827],[-79.02039,-8.14814],[-79.02089,-8.14817],[-79.02137,-8.14851],[-79.02161,-8.14888],[-79.02405,-8.15043],[-79.02544,-8.15118],[-79.02664,-8.15125],[-79.0267285,-8.1512546],[-79.027373,-8.1431601],[-79.0274062,-8.140162],[-79.0274199,-8.137295],[-79.0293007,-8.1355312],[-79.0352559,-8.1301856],[-79.0360079,-8.1298613],[-79.0382305,-8.1290957],[-79.0390156,-8.1288242],[-79.0404199,-8.1283262],[-79.04126,-8.12763],[-79.0414024,-8.127793],[-79.0423425,-8.1288925],[-79.0425419,-8.1291256],[-79.042587,-8.1291783],[-79.042601,-8.1291947],[-79.042625,-8.1291739],[-79.046375,-8.1259178],[-79.0460625,-8.125502],[-79.0468105,-8.1243398],[-79.0514219,-8.1222891],[-79.0538047,-8.1212305],[-79.0536347,-8.1205312],[-79.054252,-8.120211],[-79.0609355,-8.1186543],[-79.0618281,-8.1165976],[-79.063209,-8.1157617],[-79.063461,-8.1149375],[-79.06499,-8.11062],[-79.0648377,-8.1102652],[-79.0644577,-8.1093793],[-79.06381,-8.10787],[-79.0636934,-8.1072692],[-79.06335,-8.1055],[-79.06344,-8.10449],[-79.06294,-8.10321],[-79.05896,-8.10449],[-79.0584995,-8.1038332],[-79.05842,-8.10372],[-79.0572306,-8.101142],[-79.05627,-8.09906],[-79.05499,-8.09421],[-79.052711,-8.0910468],[-79.0513437,-8.0864218],[-79.04996,-8.08316],[-79.04796,-8.08357],[-79.04709,-8.08394]]]]}},
{"type":"Feature","properties":{"ubigeo":"130103","nombre":"FLORENCIA DE MORA"},"geometry":{"type":"MultiPolygon","coordinates":[[[[-79.0147539,-8.0735507],[-79.0145331,-8.0757558],[-79.0143281,-8.0768808],[-79.0140899,-8.0779726],[-79.0139042,-8.0788593],[-79.01375,-8.079916],[-79.0132031,-8.080375],[-79.0127597,-8.08092],[-79.0122656,-8.0812285],[-79.0113632,-8.0814825],[-79.010631,-8.08167],[-79.0103574,-8.0816875],[-79.0098985,-8.0816718],[-79.0095742,-8.0816856],[-79.0093672,-8.0817951],[-79.0091719,-8.0821191],[-79.0091504,-8.0825721],[-79.0097851,-8.084377],[-79.0098847,-8.0845547],[-79.0100176,-8.0847325],[-79.0101699,-8.0848457],[-79.0103106,-8.0849277],[-79.0108906,-8.0849413],[-79.0119942,-8.0849003],[-79.0131114,-8.0849141],[-79.0141719,-8.0849551],[-79.015127,-8.0850762],[-79.0159491,-8.0851621],[-79.0158227,-8.0861322],[-79.01616,-8.08622],[-79.01717,-8.08681],[-79.01758,-8.08736],[-79.01863,-8.08791],[-79.02004,-8.08846],[-79.02155,-8.08846],[-79.02233,-8.08869],[-79.02279,-8.08919],[-79.02402,-8.08901],[-79.0269,-8.08905],[-79.02735,-8.08873],[-79.02849,-8.08864],[-79.02868,-8.08896],[-79.02895,-8.08901],[-79.02936,-8.08882],[-79.03069,-8.08878],[-79.03306,-8.08736],[-79.0326934,-8.087457],[-79.0321347,-8.0876055],[-79.0317949,-8.0876035],[-79.0305761,-8.0875762],[-79.030293,-8.0875762],[-79.0302969,-8.086541],[-79.0300722,-8.0865293],[-79.0300859,-8.0853828],[-79.0303379,-8.0848516],[-79.0302051,-8.0841016],[-79.030375,-8.0836718],[-79.0309686,-8.0822245],[-79.0312167,-8.0813985],[-79.0313125,-8.0807363],[-79.0315742,-8.0794395],[-79.0300351,-8.079252],[-79.0277226,-8.078957],[-79.0278965,-8.0776445],[-79.0255156,-8.077332],[-79.0240176,-8.077125],[-79.0227636,-8.0769023],[-79.0220274,-8.0767773],[-79.0188945,-8.07625],[-79.0188652,-8.0764375],[-79.0166524,-8.0760898],[-79.0167676,-8.0751856],[-79.0164024,-8.075086],[-79.0165097,-8.074666],[-79.0162207,-8.0739668],[-79.0156797,-8.0731191],[-79.0154882,-8.0729277],[-79.0151641,-8.0726036],[-79.014961,-8.0723419],[-79.0149024,-8.0726113],[-79.0147539,-8.0735507]]]]}},
{"type":"Feature","properties":{"ubigeo":"130104","nombre":"HUANCHACO"},"geometry":{"type":"MultiPolygon","coordinates":[[[[-78.9794265,-7.8925882],[-78.9794256,-7.8925884],[-78.9775391,-7.8930645],[-78.9758587,-7.8937035],[-78.9753729,-7.8940535],[-78.9742359,-7.895159],[-78.972362,-7.8961963],[-78.971559,-7.8965643],[-78.9701201,-7.8976518],[-78.9691162,-7.8979363],[-78.9683801,-7.8983546],[-78.9676607,-7.8990907],[-78.9668332,-7.8999375],[-78.966339,-7.9005963],[-78.9659711,-7.9009646],[-78.9653352,-7.9013326],[-78.9645489,-7.9015501],[-78.9638629,-7.9016672],[-78.9631936,-7.901684],[-78.9619054,-7.9013661],[-78.9613341,-7.9012855],[-78.9606005,-7.9011821],[-78.9599375,-7.9014716],[-78.9594126,-7.9017007],[-78.9586597,-7.9022528],[-78.9578231,-7.902554],[-78.9571706,-7.9026711],[-78.9566669,-7.9027615],[-78.9560897,-7.902795],[-78.9553711,-7.9028366],[-78.9552141,-7.9028457],[-78.9549735,-7.9025836],[-78.9545774,-7.9021525],[-78.9543097,-7.901734],[-78.9540587,-7.9010316],[-78.9536237,-7.9000276],[-78.9533895,-7.8998436],[-78.9528876,-7.8995425],[-78.9523389,-7.8993066],[-78.9515749,-7.8989781],[-78.9509804,-7.8988732],[-78.9501795,-7.8987393],[-78.9501421,-7.8987303],[-78.9493084,-7.8985276],[-78.9490166,-7.8983771],[-78.9486157,-7.8980535],[-78.9482841,-7.8977085],[-78.9477777,-7.8973723],[-78.9472579,-7.8970138],[-78.9470249,-7.8968838],[-78.9460222,-7.8963057],[-78.9458171,-7.8969212],[-78.9455146,-7.8974207],[-78.9447632,-7.897972],[-78.9443121,-7.8984397],[-78.9438445,-7.8990908],[-78.9432432,-7.899926],[-78.9427822,-7.900657],[-78.9415897,-7.9025482],[-78.9401032,-7.9035522],[-78.9387121,-7.904623],[-78.9380289,-7.9053405],[-78.9375354,-7.9066213],[-78.9372849,-7.9072893],[-78.9361366,-7.909064],[-78.9356146,-7.9102331],[-78.9350927,-7.9107341],[-78.934195,-7.9114231],[-78.9337984,-7.9120493],[-78.9336522,-7.9130306],[-78.9334226,-7.9140327],[-78.933005,-7.9151808],[-78.9323579,-7.9155776],[-78.9315227,-7.9162248],[-78.9307711,-7.9170808],[-78.9303536,-7.9181665],[-78.9300405,-7.9190641],[-78.9298109,-7.9205882],[-78.9299779,-7.9219452],[-78.9298735,-7.9235318],[-78.9288714,-7.9256405],[-78.9286626,-7.9275193],[-78.9286835,-7.929628],[-78.9286417,-7.9308388],[-78.9285372,-7.9317575],[-78.9285581,-7.9329057],[-78.9287599,-7.9335932],[-78.9288714,-7.934221],[-78.92917,-7.9348317],[-78.9298737,-7.9359168],[-78.9306995,-7.9367618],[-78.9314392,-7.9380207],[-78.9315436,-7.9387305],[-78.9314392,-7.9401292],[-78.9310217,-7.9414446],[-78.9308129,-7.9422796],[-78.9304997,-7.9436575],[-78.9305075,-7.9451931],[-78.9308532,-7.9463838],[-78.9311989,-7.9475937],[-78.9313766,-7.9493987],[-78.931502,-7.950547],[-78.931481,-7.9517161],[-78.9312305,-7.9526347],[-78.9311261,-7.9533237],[-78.9308851,-7.9542875],[-78.930707,-7.955],[-78.9301382,-7.9554417],[-78.9290364,-7.9559441],[-78.9282044,-7.9563941],[-78.9275631,-7.9567487],[-78.9268676,-7.9569397],[-78.9262811,-7.9569943],[-78.9256127,-7.9571852],[-78.9250671,-7.9574307],[-78.9246851,-7.9577991],[-78.9244942,-7.9583175],[-78.9243399,-7.9590528],[-78.9235976,-7.9599883],[-78.9233652,-7.9603906],[-78.9230469,-7.9607735],[-78.9228555,-7.9610253],[-78.9226426,-7.9613027],[-78.9224297,-7.9617285],[-78.9222617,-7.9621738],[-78.921965,-7.9629167],[-78.9218602,-7.9635103],[-78.9218515,-7.9639992],[-78.9218166,-7.9646802],[-78.9218079,-7.9655881],[-78.921801,-7.9667181],[-78.9219014,-7.9674541],[-78.9226494,-7.9685233],[-78.9234571,-7.9692051],[-78.9245186,-7.969617],[-78.9252969,-7.969668],[-78.9263069,-7.9695455],[-78.9277419,-7.9695455],[-78.9283949,-7.9696607],[-78.9289917,-7.9699185],[-78.9292015,-7.9701025],[-78.9293551,-7.9704097],[-78.9294301,-7.9717048],[-78.9294896,-7.9723495],[-78.9297969,-7.9733866],[-78.930181,-7.974827],[-78.9306035,-7.9758641],[-78.9313987,-7.9768352],[-78.9324526,-7.9781673],[-78.9336259,-7.9796588],[-78.9340434,-7.9805935],[-78.9343616,-7.9816273],[-78.9351966,-7.9831586],[-78.9364454,-7.9844961],[-78.9368555,-7.9846075],[-78.9372832,-7.9847012],[-78.9376542,-7.984832],[-78.9383047,-7.9849805],[-78.9388614,-7.9852773],[-78.939252,-7.9855742],[-78.9398654,-7.9859453],[-78.9402754,-7.9861875],[-78.9406641,-7.9864843],[-78.9410547,-7.9868007],[-78.9414629,-7.9871543],[-78.9417422,-7.987377],[-78.9420809,-7.9877341],[-78.9421605,-7.9881317],[-78.942224,-7.9890385],[-78.9422717,-7.9895476],[-78.9424101,-7.9902753],[-78.9426699,-7.990666],[-78.9429687,-7.9910566],[-78.9433535,-7.9913808],[-78.9438417,-7.9916132],[-78.9441757,-7.9918731],[-78.9444922,-7.9920781],[-78.9458351,-7.9933336],[-78.946666,-7.99442],[-78.946901,-7.9949245],[-78.9472985,-7.9957993],[-78.9477759,-7.9971992],[-78.948261,-7.9979067],[-78.9485395,-7.9983128],[-78.9492394,-7.9988537],[-78.950952,-7.9996468],[-78.9517045,-7.999769],[-78.952371,-8.0001173],[-78.9540582,-8.0013948],[-78.9550475,-8.002144],[-78.9553304,-8.0024267],[-78.9553869,-8.0027945],[-78.9553304,-8.003756],[-78.9554152,-8.0054245],[-78.9561505,-8.0070931],[-78.9568292,-8.0078566],[-78.9576211,-8.0085353],[-78.9584824,-8.0094707],[-78.9587989,-8.009916],[-78.9590957,-8.010418],[-78.9594492,-8.0109356],[-78.9599141,-8.0116075],[-78.9603417,-8.0121641],[-78.9606954,-8.0126465],[-78.9611954,-8.0132793],[-78.961586,-8.0137441],[-78.9619199,-8.0141523],[-78.9621621,-8.0143945],[-78.9623379,-8.0145957],[-78.9627597,-8.0151718],[-78.9629766,-8.0151328],[-78.9632324,-8.015082],[-78.9634492,-8.015043],[-78.9637187,-8.0149922],[-78.9639785,-8.0149414],[-78.9643125,-8.0148027],[-78.9645937,-8.0146523],[-78.9647402,-8.0145585],[-78.9648437,-8.0144902],[-78.9651719,-8.0143086],[-78.9654844,-8.0142108],[-78.9655684,-8.0141837],[-78.966166,-8.0143041],[-78.9667551,-8.0145307],[-78.9675481,-8.0146893],[-78.9684997,-8.0147572],[-78.9703354,-8.0148883],[-78.9720342,-8.0150097],[-78.9744362,-8.0148932],[-78.9763849,-8.0146893],[-78.9790586,-8.0152926],[-78.9798269,-8.0156],[-78.9806526,-8.0160032],[-78.9812226,-8.0161211],[-78.9827971,-8.0159808],[-78.9835419,-8.0159145],[-78.9844511,-8.0161847],[-78.984927,-8.0166152],[-78.9854029,-8.0172725],[-78.9858412,-8.0178842],[-78.9862305,-8.0184275],[-78.9868242,-8.0197207],[-78.9870334,-8.0201601],[-78.9872851,-8.0206426],[-78.9874941,-8.021252],[-78.9876406,-8.0217968],[-78.9877461,-8.0223615],[-78.9878085,-8.0228027],[-78.9878085,-8.0231172],[-78.9881995,-8.0238417],[-78.9887796,-8.0243915],[-78.9895124,-8.0248368],[-78.9902867,-8.0253076],[-78.9912275,-8.0256838],[-78.9927097,-8.0262767],[-78.9943402,-8.0265943],[-78.9954201,-8.0267215],[-78.9958647,-8.026912],[-78.9962882,-8.0279918],[-78.9967752,-8.0285636],[-78.9976222,-8.0290295],[-78.9979537,-8.0290696],[-78.9988594,-8.029447],[-78.9994739,-8.029831],[-78.9999542,-8.030196],[-79.0005686,-8.0312907],[-79.0012024,-8.0319821],[-79.002556,-8.0328621],[-79.0030845,-8.0331727],[-79.0042176,-8.033557],[-79.005466,-8.0336722],[-79.0069832,-8.0338066],[-79.0077514,-8.0339027],[-79.0083852,-8.0344788],[-79.0096026,-8.035914],[-79.0115349,-8.0375708],[-79.013417,-8.0390688],[-79.0149375,-8.040043],[-79.0156631,-8.0405908],[-79.01658,-8.0414495],[-79.0186275,-8.0427718],[-79.0196439,-8.0434282],[-79.021105,-8.0449105],[-79.0212891,-8.0454453],[-79.0214375,-8.0458006],[-79.0216875,-8.0463672],[-79.0219395,-8.0470371],[-79.0222129,-8.047834],[-79.0224649,-8.0485255],[-79.0227579,-8.0492187],[-79.0230937,-8.0497207],[-79.0235547,-8.0502461],[-79.0238866,-8.0506856],[-79.0253051,-8.0520517],[-79.026227,-8.0531272],[-79.0273601,-8.0544907],[-79.0281284,-8.0550477],[-79.0292149,-8.0553283],[-79.0310667,-8.0552973],[-79.032776,-8.0549517],[-79.0344469,-8.0544331],[-79.0354794,-8.0541791],[-79.0358677,-8.053195],[-79.0362052,-8.0521192],[-79.0367256,-8.0509646],[-79.0377142,-8.0492273],[-79.0387575,-8.0473945],[-79.0396934,-8.04575],[-79.0407626,-8.0442926],[-79.0419846,-8.0433025],[-79.042428,-8.0430001],[-79.0429127,-8.0426697],[-79.0434822,-8.0424588],[-79.044115,-8.04248],[-79.0451696,-8.0429861],[-79.0455276,-8.0430204],[-79.0464562,-8.0424377],[-79.047532,-8.0417627],[-79.0483757,-8.0414886],[-79.0491772,-8.0410456],[-79.0494936,-8.0404128],[-79.0499787,-8.0398433],[-79.0506115,-8.0396113],[-79.0514991,-8.0395751],[-79.0516954,-8.0395625],[-79.0522266,-8.0396075],[-79.0526972,-8.0396525],[-79.053002,-8.0397148],[-79.0532754,-8.039836],[-79.053748,-8.0400645],[-79.0546739,-8.0405801],[-79.0554199,-8.0409766],[-79.0560879,-8.041295],[-79.0568027,-8.0416601],[-79.057336,-8.0419629],[-79.057791,-8.0421621],[-79.0579882,-8.0423145],[-79.0581562,-8.0425273],[-79.0583691,-8.0426933],[-79.0584746,-8.0428183],[-79.0603535,-8.0432718],[-79.0620547,-8.0436719],[-79.0645274,-8.0423515],[-79.0669492,-8.0469531],[-79.0684511,-8.0449825],[-79.0697539,-8.0458926],[-79.070877,-8.0444023],[-79.0861445,-8.0564766],[-79.0812344,-8.0628809],[-79.082377,-8.0637422],[-79.0835039,-8.0653847],[-79.0828301,-8.0658222],[-79.0835195,-8.0674961],[-79.0810312,-8.0688575],[-79.080328,-8.0674961],[-79.0783399,-8.0687481],[-79.0786855,-8.0695468],[-79.0783555,-8.0697187],[-79.0791386,-8.071457],[-79.0769316,-8.0729101],[-79.0731152,-8.0741933],[-79.0722382,-8.0747715],[-79.0694531,-8.075834],[-79.0696875,-8.0766523],[-79.0698926,-8.07742],[-79.0700605,-8.0777988],[-79.0702441,-8.0782558],[-79.0703281,-8.0786132],[-79.06988,-8.07914],[-79.06851,-8.08001],[-79.06805,-8.0801],[-79.06714,-8.0801],[-79.06637,-8.08028],[-79.06509,-8.08097],[-79.06417,-8.08092],[-79.06353,-8.08129],[-79.06257,-8.08111],[-79.06212,-8.08115],[-79.06129,-8.08111],[-79.06043,-8.08124],[-79.05983,-8.08197],[-79.05951,-8.08293],[-79.05663,-8.08298],[-79.05641,-8.08275],[-79.0554,-8.08261],[-79.04996,-8.08316],[-79.0513437,-8.0864218],[-79.052711,-8.0910468],[-79.05499,-8.09421],[-79.05627,-8.09906],[-79.0572306,-8.101142],[-79.05842,-8.10372],[-79.0584995,-8.1038332],[-79.05896,-8.10449],[-79.06294,-8.10321],[-79.06344,-8.10449],[-79.06335,-8.1055],[-79.0636934,-8.1072692],[-79.06381,-8.10787],[-79.0644577,-8.1093793],[-79.0648377,-8.1102652],[-79.06499,-8.11062],[-79.063461,-8.1149375],[-79.063209,-8.1157617],[-79.0618281,-8.1165976],[-79.0609355,-8.1186543],[-79.0615972,-8.1209683],[-79.0620538,-8.1227458],[-79.0622821,-8.123284],[-79.0628692,-8.1244255],[-79.0635215,-8.1257464],[-79.0642227,-8.1272141],[-79.0647282,-8.128323],[-79.0651033,-8.1288938],[-79.0657719,-8.1297418],[-79.0666199,-8.1306713],[-79.0673537,-8.1314051],[-79.0679734,-8.1320085],[-79.0683811,-8.1323509],[-79.0688051,-8.1327749],[-79.0691802,-8.1329543],[-79.0695389,-8.1331174],[-79.0699955,-8.1330685],[-79.07055,-8.132938],[-79.0709903,-8.1328565],[-79.0728004,-8.1312583],[-79.0765625,-8.1282753],[-79.0805155,-8.1249766],[-79.0844336,-8.1216856],[-79.0882949,-8.1181777],[-79.0888242,-8.1176387],[-79.0923027,-8.1150138],[-79.092545,-8.1148188],[-79.0940012,-8.113944],[-79.0950039,-8.1132498],[-79.0955535,-8.1128545],[-79.096508,-8.1119964],[-79.0977036,-8.1110515],[-79.099227,-8.1097884],[-79.1001333,-8.1089881],[-79.1010878,-8.108265],[-79.1018206,-8.1076576],[-79.103344,-8.1064234],[-79.1045299,-8.105546],[-79.1054556,-8.1048615],[-79.1064294,-8.104148],[-79.1073357,-8.103502],[-79.1082999,-8.1028078],[-79.1093508,-8.102075],[-79.1100257,-8.1014386],[-79.1107585,-8.1007926],[-79.1112599,-8.1003202],[-79.111877,-8.0997899],[-79.1124265,-8.0992114],[-79.11314,-8.0985943],[-79.1135257,-8.0981701],[-79.1140174,-8.0978037],[-79.1144575,-8.0974005],[-79.1149844,-8.0971465],[-79.1155664,-8.0966621],[-79.1165254,-8.0952285],[-79.1176757,-8.0932988],[-79.1185176,-8.0922987],[-79.1188632,-8.092002],[-79.119465,-8.0915269],[-79.1197639,-8.0911798],[-79.1198796,-8.0909002],[-79.1202074,-8.090476],[-79.120622,-8.0900614],[-79.1207956,-8.0897239],[-79.1209595,-8.0895504],[-79.1212391,-8.0892418],[-79.1213934,-8.0890201],[-79.1215476,-8.0887887],[-79.1217598,-8.0886151],[-79.1219044,-8.0883644],[-79.1220876,-8.0881041],[-79.122319,-8.0878341],[-79.122454,-8.0876317],[-79.1225793,-8.0874774],[-79.1227143,-8.0871206],[-79.1229815,-8.0862593],[-79.1231678,-8.0855353],[-79.1232583,-8.0853702],[-79.1232849,-8.0850189],[-79.1234659,-8.0842843],[-79.1235458,-8.0835922],[-79.1234659,-8.0829215],[-79.123269,-8.0821176],[-79.1228692,-8.0805293],[-79.1227313,-8.0801693],[-79.1224492,-8.0796955],[-79.1220286,-8.0791205],[-79.1216773,-8.078881],[-79.1214377,-8.0788224],[-79.1212514,-8.0787639],[-79.1221777,-8.0780399],[-79.1221404,-8.0779866],[-79.1211577,-8.0787422],[-79.1209794,-8.0785937],[-79.1204984,-8.0781814],[-79.1201204,-8.0778034],[-79.1197424,-8.0772536],[-79.1195134,-8.0766008],[-79.1194676,-8.0759937],[-79.1193988,-8.0753867],[-79.1195821,-8.0748255],[-79.1196394,-8.0744246],[-79.119731,-8.0740238],[-79.1198684,-8.0733938],[-79.1199486,-8.0730731],[-79.1202349,-8.0725577],[-79.1204411,-8.0720767],[-79.1207045,-8.0715384],[-79.1212199,-8.0705877],[-79.1214834,-8.0701181],[-79.1218384,-8.0696485],[-79.1221706,-8.0692477],[-79.1224455,-8.0689041],[-79.1229199,-8.0681797],[-79.1263242,-8.0636757],[-79.1300781,-8.0598496],[-79.1342656,-8.0567871],[-79.1384259,-8.0537128],[-79.1393926,-8.0526328],[-79.1426035,-8.0503692],[-79.1435507,-8.0496582],[-79.1455274,-8.0477246],[-79.1468574,-8.0464551],[-79.1469395,-8.046375],[-79.1471387,-8.046168],[-79.1474511,-8.0458517],[-79.1476426,-8.0456642],[-79.1479511,-8.045457],[-79.1482695,-8.0452226],[-79.148543,-8.0449706],[-79.1488164,-8.0447833],[-79.1490527,-8.0445391],[-79.1493261,-8.0443788],[-79.1496074,-8.0441445],[-79.1499082,-8.0439375],[-79.1501562,-8.0437031],[-79.1504277,-8.043543],[-79.1506992,-8.0433437],[-79.1509726,-8.0431465],[-79.1512461,-8.0429492],[-79.1515214,-8.0427422],[-79.1518379,-8.042545],[-79.1521465,-8.0423476],[-79.1524649,-8.0421503],[-79.1527754,-8.0419062],[-79.1530937,-8.0417461],[-79.1534024,-8.0415038],[-79.1534472,-8.0414669],[-79.1537111,-8.0414687],[-79.1538301,-8.0413516],[-79.1539922,-8.0413437],[-79.1540292,-8.0412617],[-79.1541485,-8.0411816],[-79.1542656,-8.0411465],[-79.1543476,-8.0410293],[-79.1544219,-8.0409472],[-79.154457,-8.04091],[-79.154621,-8.040795],[-79.1548945,-8.040588],[-79.1551211,-8.0403535],[-79.1554042,-8.0401465],[-79.1556406,-8.0399141],[-79.1559141,-8.0397148],[-79.1562226,-8.0394726],[-79.1565332,-8.0391933],[-79.1568516,-8.0389512],[-79.1571621,-8.0387167],[-79.1574434,-8.0384395],[-79.1577539,-8.0381953],[-79.1580274,-8.0379628],[-79.1582989,-8.0377187],[-79.1586094,-8.0374863],[-79.1589726,-8.0372793],[-79.1592364,-8.0371172],[-79.1595195,-8.0369316],[-79.1597832,-8.0367226],[-79.1600196,-8.0364882],[-79.1603027,-8.0362363],[-79.1605664,-8.0359668],[-79.1608847,-8.0357325],[-79.1611934,-8.0354902],[-79.1614766,-8.0352481],[-79.1615937,-8.0352481],[-79.161668,-8.035166],[-79.1617871,-8.0351211],[-79.1621036,-8.0348887],[-79.1624042,-8.0346445],[-79.1627226,-8.0344121],[-79.163041,-8.03417],[-79.1633516,-8.0339356],[-79.1636329,-8.0336932],[-79.1638965,-8.0334941],[-79.1641797,-8.0332968],[-79.1645254,-8.0330898],[-79.1648437,-8.0328906],[-79.1651172,-8.0326504],[-79.1653886,-8.0324531],[-79.1656621,-8.0322558],[-79.1658984,-8.0320566],[-79.1661719,-8.0318985],[-79.1664902,-8.0316172],[-79.1668007,-8.031375],[-79.1671191,-8.0311406],[-79.1673829,-8.0308985],[-79.1676641,-8.0306994],[-79.1678926,-8.030457],[-79.168127,-8.0302226],[-79.1684141,-8.0300253],[-79.1686386,-8.0297812],[-79.168877,-8.0295488],[-79.1691035,-8.0293145],[-79.1693867,-8.0291075],[-79.1696875,-8.0289121],[-79.1700039,-8.0287031],[-79.1703242,-8.0284687],[-79.1706329,-8.0282363],[-79.1709511,-8.0279941],[-79.1712246,-8.0277148],[-79.171498,-8.0275156],[-79.1717266,-8.0272735],[-79.1719629,-8.027039],[-79.1722812,-8.026832],[-79.1725899,-8.0265996],[-79.172873,-8.0263555],[-79.1731016,-8.026125],[-79.1734551,-8.0258437],[-79.1736836,-8.0255996],[-79.1739199,-8.0253672],[-79.1741582,-8.0251328],[-79.1744297,-8.0248887],[-79.1747402,-8.0246562],[-79.1750586,-8.0244043],[-79.1752129,-8.0242148],[-79.1752871,-8.0240976],[-79.1755235,-8.0238555],[-79.1758691,-8.0235312],[-79.1761152,-8.0233787],[-79.1763886,-8.0230996],[-79.1766172,-8.0229003],[-79.1768535,-8.0227031],[-79.1771621,-8.022496],[-79.1774805,-8.0222637],[-79.177836,-8.0220918],[-79.1781445,-8.0218593],[-79.1784629,-8.0216172],[-79.1787735,-8.0213828],[-79.1790917,-8.0211406],[-79.1794004,-8.0209413],[-79.1797187,-8.020709],[-79.1800371,-8.0205391],[-79.1803457,-8.0203516],[-79.1806562,-8.0200976],[-79.1809649,-8.0199101],[-79.1812832,-8.0196582],[-79.1815566,-8.0193887],[-79.181875,-8.0191445],[-79.1821406,-8.0189121],[-79.1824219,-8.0187128],[-79.1826582,-8.0185058],[-79.1829217,-8.0183536],[-79.1832402,-8.0181016],[-79.1835507,-8.0178691],[-79.1838691,-8.0176347],[-79.1841426,-8.0173555],[-79.1867285,-8.0153516],[-79.187584,-8.0145762],[-79.1883007,-8.0142343],[-79.192459,-8.011217],[-79.1965722,-8.0081972],[-79.2006836,-8.0057285],[-79.2008301,-8.0055762],[-79.2011114,-8.0053788],[-79.2016114,-8.0049825],[-79.202166,-8.0045781],[-79.2027579,-8.0042558],[-79.2031855,-8.0040215],[-79.2033867,-8.0037793],[-79.2036584,-8.003545],[-79.204168,-8.0031406],[-79.2045155,-8.0028261],[-79.2050254,-8.0023847],[-79.205416,-8.0021054],[-79.205961,-8.0018281],[-79.2063261,-8.0014687],[-79.206791,-8.0010273],[-79.2071992,-8.0007402],[-79.2080547,-8.0002012],[-79.2083555,-8.0],[-79.2091172,-7.9999785],[-79.2104961,-7.9990312],[-79.2107972,-7.9988243],[-79.2090505,-7.996453],[-79.20905,-7.99645],[-79.20864,-7.99632],[-79.20772,-7.99579],[-79.20673,-7.99496],[-79.20504,-7.99288],[-79.20369,-7.99153],[-79.20312,-7.99103],[-79.20252,-7.99012],[-79.20183,-7.98943],[-79.20077,-7.98868],[-79.19889,-7.9877],[-79.19687,-7.98621],[-79.19608,-7.98585],[-79.196032,-7.9858368],[-79.19499,-7.98555],[-79.19432,-7.9851],[-79.19346,-7.98467],[-79.1921,-7.98426],[-79.1911,-7.9838],[-79.19,-7.98382],[-79.1898,-7.98378],[-79.18716,-7.98233],[-79.18503,-7.98165],[-79.18428,-7.98122],[-79.18289,-7.98025],[-79.18168,-7.97989],[-79.18115,-7.97965],[-79.18076,-7.9793],[-79.1803,-7.97849],[-79.17964,-7.97788],[-79.17919,-7.97777],[-79.17848,-7.97771],[-79.17798,-7.97709],[-79.17759,-7.97604],[-79.17592,-7.97246],[-79.17549,-7.97128],[-79.17458,-7.96914],[-79.17406,-7.96831],[-79.17333,-7.96752],[-79.17185,-7.96618],[-79.17018,-7.96488],[-79.16847,-7.9639],[-79.16772,-7.96363],[-79.1675533,-7.9638051],[-79.1526538,-7.9468696],[-79.1499694,-7.9438181],[-79.1495404,-7.9436978],[-79.1495017,-7.943687],[-79.1494946,-7.943685],[-79.1484056,-7.9433797],[-79.1473467,-7.9431681],[-79.1463937,-7.9428151],[-79.1453671,-7.9424348],[-79.1442785,-7.9420316],[-79.1427229,-7.9416856],[-79.1417526,-7.9414697],[-79.1393697,-7.9411561],[-79.1381696,-7.9413326],[-79.1371107,-7.9418973],[-79.1360871,-7.9420386],[-79.134287,-7.9425327],[-79.1336164,-7.9432033],[-79.1329105,-7.9433797],[-79.1312162,-7.942921],[-79.1301574,-7.9423916],[-79.1289925,-7.9410856],[-79.128634,-7.9405691],[-79.1278375,-7.9394215],[-79.1277317,-7.9392198],[-79.1271924,-7.9381912],[-79.1268405,-7.93752],[-79.1264159,-7.9371676],[-79.1259216,-7.9369911],[-79.1248275,-7.9374147],[-79.1243661,-7.9378443],[-79.123804,-7.9383677],[-79.122546,-7.9393763],[-79.1223282,-7.9396902],[-79.1217076,-7.9405846],[-79.1212272,-7.9416502],[-79.1204992,-7.9430721],[-79.1202035,-7.9436498],[-79.1198839,-7.944045],[-79.1186727,-7.9448987],[-79.116866,-7.9459907],[-79.1164471,-7.9465171],[-79.1160917,-7.947582],[-79.1160916,-7.9487107],[-79.11631,-7.9498226],[-79.1162505,-7.9502196],[-79.1159026,-7.9508132],[-79.1156457,-7.9512118],[-79.115442,-7.9516548],[-79.1154509,-7.9521686],[-79.115357,-7.9531382],[-79.1153769,-7.9543891],[-79.1151386,-7.955481],[-79.1150966,-7.9555571],[-79.1137091,-7.9577842],[-79.1133306,-7.9583917],[-79.1131135,-7.9589753],[-79.1132242,-7.9596292],[-79.1133121,-7.9601468],[-79.1132735,-7.9624043],[-79.1132929,-7.9624791],[-79.1134311,-7.9644155],[-79.1136816,-7.9659433],[-79.1138692,-7.9670875],[-79.1137686,-7.9680687],[-79.1132921,-7.96928],[-79.1124186,-7.971027],[-79.1114457,-7.9716027],[-79.1108501,-7.9722182],[-79.1100976,-7.9729956],[-79.1095595,-7.9733301],[-79.1089242,-7.9734293],[-79.1072364,-7.9734293],[-79.1065615,-7.9735087],[-79.1060255,-7.9737867],[-79.1055851,-7.9746893],[-79.1052314,-7.9761891],[-79.1051994,-7.9773522],[-79.1051959,-7.9774791],[-79.1049931,-7.9784525],[-79.1051519,-7.9797033],[-79.1056067,-7.9808528],[-79.105888,-7.9819775],[-79.0774254,-7.984718],[-79.0400062,-7.988321],[-79.0394731,-7.9875526],[-79.038824,-7.9863238],[-79.0383836,-7.985443],[-79.0376611,-7.9844662],[-79.0370831,-7.9833418],[-79.0364595,-7.9828233],[-79.0361349,-7.9824293],[-79.0361836,-7.9819927],[-79.0363537,-7.9816715],[-79.0364726,-7.9814467],[-79.0370581,-7.980341],[-79.0378861,-7.9784913],[-79.0387856,-7.975761],[-79.0388472,-7.9748023],[-79.0385457,-7.9738287],[-79.0378504,-7.9725305],[-79.0372611,-7.9710555],[-79.0368072,-7.9705137],[-79.0345787,-7.9696995],[-79.0332169,-7.968946],[-79.0318549,-7.9681926],[-79.0310145,-7.9674971],[-79.0303191,-7.9669755],[-79.0299437,-7.9667626],[-79.0292934,-7.9662807],[-79.0282091,-7.9658711],[-79.0263541,-7.9657266],[-79.0255831,-7.9653652],[-79.0245471,-7.9644016],[-79.023728,-7.9637751],[-79.02264,-7.9629476],[-79.0217707,-7.962484],[-79.0212201,-7.9621943],[-79.0206814,-7.961696],[-79.0202336,-7.9615136],[-79.0190301,-7.961366],[-79.0182351,-7.961101],[-79.0173677,-7.9606191],[-79.0164764,-7.9604022],[-79.0151031,-7.9604263],[-79.0141142,-7.9604437],[-79.013248,-7.9602818],[-79.0122844,-7.9597036],[-79.0117061,-7.9585712],[-79.0107425,-7.956403],[-79.0101642,-7.9547166],[-79.0100437,-7.9532228],[-79.0102847,-7.9523315],[-79.0105259,-7.95192],[-79.0106942,-7.9516327],[-79.0104577,-7.9503022],[-79.0099319,-7.9485545],[-79.00945,-7.9476221],[-79.0085501,-7.9465735],[-79.0075141,-7.945682],[-79.0069069,-7.9451597],[-79.0063337,-7.943321],[-79.006165,-7.941731],[-79.0058749,-7.9410488],[-79.0052012,-7.9401167],[-79.0051531,-7.9388158],[-79.0047676,-7.9370088],[-79.004334,-7.9357802],[-79.0037076,-7.9348165],[-79.0022515,-7.9330672],[-79.0015271,-7.9311202],[-79.0016176,-7.9289922],[-79.001482,-7.926185],[-79.0009249,-7.9237727],[-79.0008056,-7.9232568],[-79.0004724,-7.9208848],[-79.0001035,-7.9195647],[-78.9995599,-7.9190793],[-78.998822,-7.9186328],[-78.9977544,-7.917565],[-78.9968031,-7.9162837],[-78.99591,-7.9145558],[-78.9951335,-7.912362],[-78.9946675,-7.9114883],[-78.9943569,-7.9107312],[-78.9935415,-7.9081685],[-78.9930755,-7.9063823],[-78.991898,-7.9047178],[-78.991503,-7.9029848],[-78.9913282,-7.9016452],[-78.991037,-7.9009657],[-78.9905711,-7.9003251],[-78.9899387,-7.8995812],[-78.9893244,-7.8988586],[-78.9882615,-7.8975965],[-78.9870991,-7.8959357],[-78.9850914,-7.8934946],[-78.9833707,-7.8927248],[-78.982065,-7.8923808],[-78.9815177,-7.8922618],[-78.9807325,-7.8923331],[-78.9794265,-7.8925882]]]]}},
{"type":"Feature","properties":{"ubigeo":"130105","nombre":"LA ESPERANZA"},"geometry":{"type":"MultiPolygon","coordinates":[[[[-79.0506115,-8.0396113],[-79.0499787,-8.0398433],[-79.0494936,-8.0404128],[-79.0491772,-8.0410456],[-79.0483757,-8.0414886],[-79.047532,-8.0417627],[-79.0464562,-8.0424377],[-79.0455276,-8.0430204],[-79.0451696,-8.0429861],[-79.044115,-8.04248],[-79.0434822,-8.0424588],[-79.0429127,-8.0426697],[-79.042428,-8.0430001],[-79.0419846,-8.0433025],[-79.0407626,-8.0442926],[-79.0396934,-8.04575],[-79.0387575,-8.0473945],[-79.0377142,-8.0492273],[-79.0367256,-8.0509646],[-79.0362052,-8.0521192],[-79.0358677,-8.053195],[-79.0354794,-8.0541791],[-79.0359902,-8.0549024],[-79.0360586,-8.0551211],[-79.0361152,-8.0554551],[-79.0362402,-8.0643242],[-79.0359082,-8.0686191],[-79.0358496,-8.0693906],[-79.0349864,-8.0700195],[-79.0338847,-8.0705156],[-79.0330312,-8.0706953],[-79.033373,-8.0724238],[-79.0332636,-8.0735371],[-79.0331132,-8.0742695],[-79.0329649,-8.0746523],[-79.0328829,-8.0750607],[-79.0327325,-8.0765273],[-79.0326251,-8.0772207],[-79.0325292,-8.0774375],[-79.0320664,-8.0784726],[-79.0315742,-8.0794395],[-79.0313125,-8.0807363],[-79.0312167,-8.0813985],[-79.0309686,-8.0822245],[-79.030375,-8.0836718],[-79.0302051,-8.0841016],[-79.0303379,-8.0848516],[-79.0300859,-8.0853828],[-79.0300722,-8.0865293],[-79.0302969,-8.086541],[-79.030293,-8.0875762],[-79.0305761,-8.0875762],[-79.0317949,-8.0876035],[-79.0321347,-8.0876055],[-79.0326934,-8.087457],[-79.03306,-8.08736],[-79.0330644,-8.0873601],[-79.0330814,-8.0873607],[-79.0330896,-8.087361],[-79.0331357,-8.0873625],[-79.03462,-8.08741],[-79.03882,-8.08723],[-79.03982,-8.08691],[-79.04215,-8.08522],[-79.0436941,-8.0845371],[-79.04371,-8.08453],[-79.04562,-8.08398],[-79.04709,-8.08394],[-79.04796,-8.08357],[-79.04996,-8.08316],[-79.0554,-8.08261],[-79.05641,-8.08275],[-79.05663,-8.08298],[-79.05951,-8.08293],[-79.05983,-8.08197],[-79.06043,-8.08124],[-79.06129,-8.08111],[-79.06212,-8.08115],[-79.06257,-8.08111],[-79.06353,-8.08129],[-79.06417,-8.08092],[-79.06509,-8.08097],[-79.06637,-8.08028],[-79.06714,-8.0801],[-79.06805,-8.0801],[-79.06851,-8.08001],[-79.06988,-8.07914],[-79.0703281,-8.0786132],[-79.0702441,-8.0782558],[-79.0700605,-8.0777988],[-79.0698926,-8.07742],[-79.0696875,-8.0766523],[-79.0694531,-8.075834],[-79.0722382,-8.0747715],[-79.0731152,-8.0741933],[-79.0769316,-8.0729101],[-79.0791386,-8.071457],[-79.0783555,-8.0697187],[-79.0786855,-8.0695468],[-79.0783399,-8.0687481],[-79.080328,-8.0674961],[-79.0810312,-8.0688575],[-79.0835195,-8.0674961],[-79.0828301,-8.0658222],[-79.0835039,-8.0653847],[-79.082377,-8.0637422],[-79.0812344,-8.0628809],[-79.0861445,-8.0564766],[-79.070877,-8.0444023],[-79.0697539,-8.0458926],[-79.0684511,-8.0449825],[-79.0669492,-8.0469531],[-79.0645274,-8.0423515],[-79.0620547,-8.0436719],[-79.0603535,-8.0432718],[-79.0584746,-8.0428183],[-79.0583691,-8.0426933],[-79.0581562,-8.0425273],[-79.0579882,-8.0423145],[-79.057791,-8.0421621],[-79.057336,-8.0419629],[-79.0568027,-8.0416601],[-79.0560879,-8.041295],[-79.0554199,-8.0409766],[-79.0546739,-8.0405801],[-79.053748,-8.0400645],[-79.0532754,-8.039836],[-79.053002,-8.0397148],[-79.0526972,-8.0396525],[-79.0522266,-8.0396075],[-79.0516954,-8.0395625],[-79.0514991,-8.0395751],[-79.0506115,-8.0396113]]]]}},
{"type":"Feature","properties":{"ubigeo":"130106","nombre":"LAREDO"},"geometry":{"type":"MultiPolygon","coordinates":[[[[-78.9208195,-7.9678445],[-78.9199831,-7.9680452],[-78.9193029,-7.9683575],[-78.9182656,-7.9689487],[-78.9171172,-7.9695866],[-78.9167601,-7.969785],[-78.9165842,-7.9702798],[-78.9165842,-7.9711023],[-78.9167796,-7.9719667],[-78.9171281,-7.9725382],[-78.9178529,-7.9734862],[-78.9190351,-7.9756916],[-78.9192331,-7.9762882],[-78.9192472,-7.9770828],[-78.9187591,-7.9776962],[-78.9182572,-7.9783932],[-78.9178809,-7.9791878],[-78.91763,-7.9796478],[-78.9173652,-7.9800661],[-78.9161385,-7.9812928],[-78.9155946,-7.9820875],[-78.9149395,-7.9831052],[-78.9146187,-7.9838718],[-78.9144655,-7.985029],[-78.9143121,-7.9856423],[-78.9138939,-7.9862697],[-78.9134755,-7.9864927],[-78.9125416,-7.9867576],[-78.9116495,-7.9877056],[-78.9111615,-7.988584],[-78.9105481,-7.989713],[-78.9101021,-7.9903961],[-78.9097536,-7.9913161],[-78.9096699,-7.9920271],[-78.9095724,-7.9923061],[-78.9084571,-7.9924871],[-78.9074674,-7.9923617],[-78.9064079,-7.9920968],[-78.905432,-7.9914835],[-78.9052229,-7.991581],[-78.904958,-7.9921385],[-78.9046374,-7.9928915],[-78.904484,-7.9937697],[-78.9049301,-7.9949546],[-78.9051114,-7.9968226],[-78.904721,-7.9983282],[-78.9046095,-7.9988718],[-78.9045933,-7.9991069],[-78.9045816,-7.9992762],[-78.9044004,-7.9994435],[-78.9040101,-7.9998198],[-78.902867,-8.000489],[-78.9016262,-8.0010327],[-78.8998836,-8.002357],[-78.8984477,-8.0033887],[-78.8970991,-8.0044498],[-78.896761,-8.0046573],[-78.8962172,-8.004936],[-78.8956699,-8.0052753],[-78.8952851,-8.0056367],[-78.8945235,-8.0061465],[-78.8940844,-8.0063022],[-78.893471,-8.0064277],[-78.8926625,-8.0064695],[-78.8915194,-8.0064835],[-78.8903344,-8.0064416],[-78.8895259,-8.0063718],[-78.8876794,-8.0060631],[-78.8862499,-8.0058143],[-78.88466,-8.00557],[-78.88217,-8.00508],[-78.8805,-8.00453],[-78.87949,-8.00429],[-78.87849,-8.00414],[-78.87718,-8.00414],[-78.87607,-8.00404],[-78.87467,-8.00378],[-78.87409,-8.00372],[-78.87327,-8.00382],[-78.87183,-8.0041],[-78.87069,-8.0041],[-78.86939,-8.00399],[-78.86887,-8.00429],[-78.86795,-8.00515],[-78.86729,-8.00542],[-78.8653,-8.00569],[-78.86381,-8.00599],[-78.86328,-8.00603],[-78.8627,-8.00583],[-78.86196,-8.00572],[-78.86131,-8.00573],[-78.85984,-8.00592],[-78.85666,-8.00572],[-78.85529,-8.00578],[-78.85379,-8.00626],[-78.85274,-8.00646],[-78.85211,-8.00701],[-78.85164,-8.00729],[-78.85115,-8.00748],[-78.85023,-8.00766],[-78.84944,-8.00796],[-78.84902,-8.00829],[-78.8485,-8.00895],[-78.84816,-8.00989],[-78.84787,-8.01103],[-78.84781,-8.01187],[-78.84754,-8.01246],[-78.84709,-8.01289],[-78.8468341,-8.0135627],[-78.8468036,-8.013643],[-78.8466875,-8.0137226],[-78.8465742,-8.0137559],[-78.8464551,-8.0137012],[-78.8463886,-8.0136132],[-78.8462305,-8.0133985],[-78.8459024,-8.0130683],[-78.8457656,-8.0129805],[-78.8456132,-8.0129395],[-78.845377,-8.0129902],[-78.8451914,-8.0130468],[-78.8449824,-8.0131114],[-78.844748,-8.0131172],[-78.8445156,-8.0129882],[-78.8443145,-8.0128691],[-78.8438632,-8.0126992],[-78.843582,-8.0125488],[-78.8432597,-8.012459],[-78.8430254,-8.0124668],[-78.8427656,-8.0124745],[-78.8424004,-8.0125683],[-78.8422579,-8.0126992],[-78.842168,-8.0127812],[-78.8418047,-8.0128847],[-78.8413691,-8.0128086],[-78.8412187,-8.0128691],[-78.841082,-8.012877],[-78.8409316,-8.0129003],[-78.8407969,-8.0129395],[-78.840746,-8.0129882],[-78.8406152,-8.013084],[-78.840459,-8.0132012],[-78.840334,-8.0133516],[-78.8402109,-8.0135235],[-78.8401016,-8.0136816],[-78.8399706,-8.0138535],[-78.8399395,-8.0138847],[-78.8398672,-8.0139628],[-78.8397579,-8.014086],[-78.8396211,-8.014209],[-78.8394766,-8.014291],[-78.8392851,-8.0143125],[-78.8390996,-8.0143125],[-78.8388926,-8.0143203],[-78.838625,-8.014291],[-78.8385079,-8.0142655],[-78.8383829,-8.0142012],[-78.8376641,-8.0140236],[-78.8371191,-8.01375],[-78.8366816,-8.0135703],[-78.8362285,-8.0133593],[-78.835875,-8.0132012],[-78.8356445,-8.0131114],[-78.8354941,-8.013043],[-78.8352754,-8.013008],[-78.8348145,-8.013008],[-78.8347187,-8.0130215],[-78.8345742,-8.0130762],[-78.8343965,-8.0131465],[-78.8342579,-8.0132012],[-78.8340742,-8.0132617],[-78.8338417,-8.0133847],[-78.8332792,-8.013711],[-78.8329004,-8.0139316],[-78.8321407,-8.014295],[-78.8320449,-8.0143027],[-78.8319101,-8.0143125],[-78.8317187,-8.0143398],[-78.831623,-8.0143262],[-78.8314707,-8.0143262],[-78.8313007,-8.014334],[-78.8311621,-8.0143808],[-78.8310312,-8.0144766],[-78.830875,-8.0146075],[-78.830623,-8.014752],[-78.8304629,-8.0149375],[-78.830334,-8.0151191],[-78.8302695,-8.0152402],[-78.8301524,-8.015377],[-78.8300567,-8.0155],[-78.8299472,-8.015541],[-78.8298145,-8.0155488],[-78.8296934,-8.0155],[-78.8296114,-8.0153906],[-78.8295156,-8.0152811],[-78.8293945,-8.0151504],[-78.8293574,-8.0151093],[-78.8292539,-8.015],[-78.8291094,-8.0148965],[-78.8289726,-8.0147656],[-78.8288555,-8.0146972],[-78.8287382,-8.0146642],[-78.8285684,-8.0146211],[-78.8283829,-8.0146016],[-78.8282579,-8.0146016],[-78.8280117,-8.0146328],[-78.8277989,-8.0146972],[-78.8276406,-8.0147735],[-78.8273476,-8.0148125],[-78.82641,-8.01456],[-78.8261206,-8.0151776],[-78.8258662,-8.0158632],[-78.8257556,-8.0167368],[-78.8258441,-8.0176878],[-78.8258662,-8.0185615],[-78.8260541,-8.0192248],[-78.8262239,-8.019925],[-78.8263196,-8.0203638],[-78.8262754,-8.0206292],[-78.8258994,-8.0211711],[-78.8255211,-8.0216966],[-78.8242732,-8.0241515],[-78.823623,-8.0249371],[-78.8231895,-8.0255061],[-78.8229999,-8.026346],[-78.8235417,-8.0279445],[-78.8240565,-8.0289468],[-78.8243816,-8.0295701],[-78.8244086,-8.0308163],[-78.823921,-8.031575],[-78.8224309,-8.0328483],[-78.8218619,-8.0336611],[-78.8211575,-8.0351513],[-78.8208052,-8.0370477],[-78.8202905,-8.0387546],[-78.8196132,-8.03973],[-78.8189087,-8.0412201],[-78.8184482,-8.0418973],[-78.8175271,-8.0426288],[-78.8166871,-8.0430082],[-78.8158201,-8.0434417],[-78.8142216,-8.0449047],[-78.8134701,-8.045698],[-78.8128287,-8.046262],[-78.8124639,-8.0468038],[-78.8118646,-8.0476682],[-78.8097244,-8.0490228],[-78.8079361,-8.050215],[-78.8074766,-8.0505193],[-78.8071117,-8.0507737],[-78.8069892,-8.0511946],[-78.8070109,-8.051497],[-78.8072485,-8.0519937],[-78.8076589,-8.0523826],[-78.8083715,-8.0529872],[-78.8094299,-8.0537648],[-78.8105097,-8.054132],[-78.8112441,-8.0545208],[-78.8115249,-8.0550175],[-78.8116134,-8.0558542],[-78.811773,-8.0577868],[-78.8122162,-8.058833],[-78.8125531,-8.0597018],[-78.813085,-8.0604111],[-78.8139361,-8.0610848],[-78.8148226,-8.0619537],[-78.8152765,-8.0629282],[-78.8152784,-8.0630135],[-78.8155191,-8.0647473],[-78.8148,-8.06816],[-78.8122891,-8.071125],[-78.8109869,-8.0722268],[-78.8100321,-8.072844],[-78.8093231,-8.0737687],[-78.8079667,-8.0746627],[-78.8072579,-8.0751251],[-78.8068879,-8.0759573],[-78.8068262,-8.0789475],[-78.8064871,-8.0799647],[-78.805809,-8.0806121],[-78.8052182,-8.0810645],[-78.8048079,-8.0813668],[-78.8046351,-8.0818206],[-78.8047431,-8.0827923],[-78.8049159,-8.084261],[-78.8049375,-8.0851897],[-78.8049324,-8.0867936],[-78.8044515,-8.0880902],[-78.8037917,-8.0887482],[-78.8019472,-8.0898671],[-78.8000039,-8.0905633],[-78.7976956,-8.0919246],[-78.7938091,-8.0943117],[-78.7916192,-8.095239],[-78.7904552,-8.09589],[-78.7901987,-8.0965213],[-78.7903171,-8.0978037],[-78.7905144,-8.098948],[-78.7908301,-8.1006249],[-78.7908695,-8.102874],[-78.7906829,-8.1043686],[-78.7905144,-8.1062278],[-78.7896859,-8.1080822],[-78.7886959,-8.110092],[-78.7878321,-8.1114095],[-78.7869249,-8.1117335],[-78.786169,-8.1117551],[-78.785521,-8.1114095],[-78.7847931,-8.1107436],[-78.7842407,-8.1099387],[-78.7835462,-8.1079185],[-78.7825045,-8.1052828],[-78.7819206,-8.1047462],[-78.7813746,-8.1044562],[-78.7809101,-8.1045195],[-78.7804805,-8.104707],[-78.7799024,-8.1050801],[-78.7789492,-8.1056093],[-78.7782422,-8.1060566],[-78.7758884,-8.1075867],[-78.7745277,-8.1078891],[-78.7719827,-8.1075931],[-78.7702572,-8.1073661],[-78.7695816,-8.1071476],[-78.7691839,-8.1070188],[-78.7685841,-8.1070188],[-78.7670201,-8.1071423],[-78.7657905,-8.1072241],[-78.764891,-8.1072872],[-78.7635021,-8.1072872],[-78.7620659,-8.1073661],[-78.7596931,-8.10793],[-78.7582621,-8.1082105],[-78.7560397,-8.1085295],[-78.7547042,-8.1088443],[-78.75338,-8.1094168],[-78.7523417,-8.1097257],[-78.7510231,-8.1099501],[-78.7494519,-8.1100905],[-78.7486381,-8.1099782],[-78.7477122,-8.1096136],[-78.7448955,-8.1076298],[-78.7434484,-8.1067227],[-78.7424981,-8.1056861],[-78.7412307,-8.1038333],[-78.7408379,-8.10316],[-78.7402486,-8.102178],[-78.7390141,-8.1001859],[-78.7383407,-8.0994563],[-78.7373025,-8.0981936],[-78.7363766,-8.097408],[-78.7344125,-8.0965382],[-78.7320837,-8.0954441],[-78.7304032,-8.0946496],[-78.7288914,-8.0940016],[-78.7281139,-8.0937641],[-78.7269259,-8.0936128],[-78.7255221,-8.0936345],[-78.724723,-8.0935265],[-78.7241615,-8.0932241],[-78.7234487,-8.092792],[-78.7230545,-8.0922817],[-78.7213261,-8.0917206],[-78.7204731,-8.0918777],[-78.7198446,-8.0920123],[-78.718408,-8.0924388],[-78.7154675,-8.093247],[-78.7124709,-8.0934636],[-78.7089026,-8.0939292],[-78.7070851,-8.094173],[-78.7052677,-8.0941286],[-78.7034425,-8.0937485],[-78.7032926,-8.0937173],[-78.7022314,-8.0935967],[-78.7000592,-8.0935967],[-78.6981974,-8.0936853],[-78.6973111,-8.093774],[-78.6954714,-8.0939513],[-78.6936051,-8.0938352],[-78.6926094,-8.0937988],[-78.6922372,-8.093696],[-78.6916371,-8.0935302],[-78.6905512,-8.0930868],[-78.6899166,-8.0927541],[-78.6892656,-8.0924662],[-78.688778,-8.0922891],[-78.6882239,-8.0920675],[-78.6873816,-8.0916685],[-78.6867832,-8.0914468],[-78.6862514,-8.0913138],[-78.6852559,-8.0911211],[-78.6839906,-8.0909149],[-78.6837412,-8.091167],[-78.6833756,-8.092713],[-78.6830265,-8.0938931],[-78.6828135,-8.0944807],[-78.6823696,-8.0972197],[-78.6824344,-8.0990123],[-78.6823696,-8.1009777],[-78.6821276,-8.1035915],[-78.6817202,-8.1061936],[-78.6815007,-8.107949],[-78.6809081,-8.1106378],[-78.6808111,-8.1110778],[-78.6806417,-8.1118461],[-78.6805127,-8.1138001],[-78.6806257,-8.1157013],[-78.6809269,-8.1176025],[-78.68125,-8.1199245],[-78.6814084,-8.1205467],[-78.6816889,-8.1216486],[-78.6817365,-8.1235317],[-78.6819782,-8.1250488],[-78.6817985,-8.1254202],[-78.6554489,-8.1284152],[-78.649678,-8.1290712],[-78.6379656,-8.1304025],[-78.6376317,-8.1304405],[-78.6380994,-8.1328713],[-78.6385635,-8.1355217],[-78.6385572,-8.1358222],[-78.6385285,-8.1360811],[-78.6383775,-8.1364265],[-78.6381927,-8.1368405],[-78.638014,-8.1382065],[-78.6382761,-8.1401951],[-78.6387475,-8.1421356],[-78.6390886,-8.1430012],[-78.639564,-8.1452048],[-78.6400994,-8.1459696],[-78.6412634,-8.1468426],[-78.6427035,-8.1475421],[-78.6455805,-8.1480601],[-78.647263,-8.1481111],[-78.6489456,-8.1478306],[-78.6508066,-8.1476012],[-78.6528317,-8.1475537],[-78.6543757,-8.1475313],[-78.6557777,-8.1474742],[-78.6577519,-8.1472452],[-78.6593541,-8.1469019],[-78.6606702,-8.1459863],[-78.6629161,-8.144389],[-78.6646241,-8.1433437],[-78.6663322,-8.1419416],[-78.6682442,-8.1408453],[-78.6685315,-8.1407238],[-78.6688245,-8.1407003],[-78.669188,-8.1407356],[-78.669563,-8.1408645],[-78.6698209,-8.1410871],[-78.6698234,-8.1410915],[-78.6700552,-8.1414856],[-78.6704259,-8.142032],[-78.6707115,-8.1427631],[-78.6711685,-8.1436653],[-78.6714629,-8.144002],[-78.6719771,-8.1444037],[-78.6725045,-8.1447553],[-78.6730554,-8.1450366],[-78.6741804,-8.1454936],[-78.6754531,-8.1459805],[-78.6766532,-8.1463958],[-78.6772625,-8.1465366],[-78.6781767,-8.146818],[-78.6787861,-8.1470523],[-78.6791494,-8.1472867],[-78.6795759,-8.1480762],[-78.6799829,-8.1490052],[-78.680322,-8.150046],[-78.6804502,-8.1503572],[-78.6805792,-8.1509197],[-78.6809716,-8.1518121],[-78.6809894,-8.1518221],[-78.6812589,-8.1520916],[-78.6816456,-8.1522791],[-78.6819495,-8.1523297],[-78.6822785,-8.1523846],[-78.6829232,-8.1523729],[-78.6836849,-8.1522675],[-78.6843647,-8.1519456],[-78.684812,-8.1518571],[-78.6853185,-8.1517461],[-78.6861055,-8.1517385],[-78.6864284,-8.1517342],[-78.6867865,-8.1517298],[-78.6880566,-8.1517821],[-78.6900807,-8.1519277],[-78.6902682,-8.1519412],[-78.6913749,-8.1520485],[-78.6929409,-8.1522003],[-78.6944495,-8.1525116],[-78.694669,-8.1525571],[-78.6961094,-8.1529185],[-78.6970355,-8.1531508],[-78.698735,-8.1535517],[-78.6998281,-8.1538847],[-78.7004696,-8.1545041],[-78.7011729,-8.1552292],[-78.7018592,-8.1555205],[-78.702844,-8.1559382],[-78.7039807,-8.1565187],[-78.7047502,-8.1571843],[-78.7055406,-8.1575171],[-78.7066845,-8.1577043],[-78.7074125,-8.1580578],[-78.7077661,-8.1584115],[-78.7080365,-8.1590355],[-78.7083692,-8.160221],[-78.7089516,-8.1609073],[-78.7102204,-8.1630288],[-78.7113435,-8.1633409],[-78.7128202,-8.1639024],[-78.714401,-8.1650464],[-78.7159401,-8.1657742],[-78.716876,-8.1659822],[-78.7186855,-8.1660238],[-78.7206199,-8.1664191],[-78.7225334,-8.1666895],[-78.7241765,-8.1673759],[-78.7255076,-8.1688941],[-78.7272461,-8.1702461],[-78.7280249,-8.170938],[-78.7296257,-8.1716422],[-78.7306137,-8.1719281],[-78.7316536,-8.1721101],[-78.7325636,-8.1721361],[-78.733889,-8.172174],[-78.7348014,-8.1722001],[-78.7358914,-8.1720841],[-78.7371347,-8.1719518],[-78.7380315,-8.1718566],[-78.739034,-8.1714593],[-78.74164,-8.17132],[-78.74243,-8.17127],[-78.74292,-8.17136],[-78.74412,-8.17189],[-78.74463,-8.17222],[-78.74533,-8.17294],[-78.7462214,-8.1734638],[-78.7463,-8.17351],[-78.74661,-8.17359],[-78.74726,-8.17362],[-78.74845,-8.17381],[-78.75009,-8.17392],[-78.7506,-8.17383],[-78.75187,-8.17339],[-78.75291,-8.1733],[-78.7540936,-8.1733962],[-78.75451,-8.17343],[-78.75582,-8.17404],[-78.75654,-8.17421],[-78.75797,-8.17412],[-78.75954,-8.17404],[-78.76117,-8.17394],[-78.76289,-8.17383],[-78.76387,-8.17383],[-78.76453,-8.17403],[-78.76524,-8.17416],[-78.7665,-8.1746],[-78.76733,-8.17472],[-78.76849,-8.17509],[-78.769,-8.1754],[-78.77003,-8.17586],[-78.77094,-8.17603],[-78.7713371,-8.1760552],[-78.7718167,-8.1761946],[-78.77234,-8.1764128],[-78.772816,-8.1766566],[-78.7734214,-8.1773633],[-78.7740231,-8.1782353],[-78.775021,-8.1798396],[-78.7767285,-8.1811658],[-78.7772424,-8.181945],[-78.7774246,-8.1827242],[-78.7771264,-8.1846141],[-78.777259,-8.1867361],[-78.7783697,-8.1886757],[-78.7787676,-8.1899356],[-78.7793975,-8.192555],[-78.7797622,-8.1936491],[-78.7795301,-8.196053],[-78.7797954,-8.2016232],[-78.7815055,-8.2044773],[-78.7816612,-8.2060366],[-78.781432,-8.2068226],[-78.7811156,-8.2079076],[-78.7813021,-8.2085675],[-78.7815806,-8.2095523],[-78.7826359,-8.2089388],[-78.784013,-8.2078892],[-78.7846366,-8.2071408],[-78.784755,-8.2065936],[-78.7849692,-8.2056438],[-78.7854304,-8.2051501],[-78.7854685,-8.2051092],[-78.7857252,-8.2049148],[-78.7862997,-8.2044798],[-78.7867987,-8.2039601],[-78.7871946,-8.203245],[-78.7883,-8.2031152],[-78.7898417,-8.2027671],[-78.7905049,-8.2028335],[-78.7908861,-8.2029992],[-78.7909712,-8.2030917],[-78.7914499,-8.2036126],[-78.7919026,-8.2041052],[-78.7923782,-8.2044083],[-78.792775,-8.20444],[-78.7928707,-8.2044057],[-78.7931669,-8.2043001],[-78.79395,-8.2038991],[-78.7948639,-8.203694],[-78.7952835,-8.203321],[-78.79566,-8.20266],[-78.79592,-8.20208],[-78.795947,-8.2020412],[-78.79638,-8.20142],[-78.7967,-8.2012],[-78.79721,-8.20121],[-78.79745,-8.20136],[-78.79762,-8.20181],[-78.79799,-8.20208],[-78.79887,-8.20212],[-78.7996474,-8.2020125],[-78.79981,-8.20199],[-78.8003,-8.20212],[-78.80068,-8.20255],[-78.8010436,-8.2032318],[-78.8014,-8.2039],[-78.80223,-8.20442],[-78.80269,-8.20457],[-78.8034,-8.2047],[-78.80409,-8.20465],[-78.80452,-8.20476],[-78.80661,-8.20584],[-78.80723,-8.20598],[-78.80984,-8.20633],[-78.81037,-8.20617],[-78.81128,-8.20562],[-78.81172,-8.20545],[-78.81248,-8.20421],[-78.81276,-8.20402],[-78.81299,-8.20396],[-78.81388,-8.20413],[-78.81539,-8.20474],[-78.81572,-8.20479],[-78.81686,-8.20464],[-78.81899,-8.20373],[-78.82154,-8.2031],[-78.82284,-8.20293],[-78.82435,-8.20257],[-78.82476,-8.20251],[-78.82529,-8.20263],[-78.8261,-8.20311],[-78.82701,-8.20347],[-78.82746,-8.20346],[-78.82793,-8.20325],[-78.82872,-8.2033],[-78.83011,-8.20374],[-78.83147,-8.20359],[-78.83215,-8.20316],[-78.83252,-8.20272],[-78.83347,-8.20209],[-78.83463,-8.20103],[-78.83588,-8.2005],[-78.8365745,-8.1998832],[-78.8375024,-8.1989078],[-78.8381411,-8.1982362],[-78.8388587,-8.1970756],[-78.8397195,-8.1956832],[-78.8401911,-8.1946961],[-78.840428,-8.1942005],[-78.840589,-8.1937701],[-78.8407385,-8.1930067],[-78.8408336,-8.1911032],[-78.8401674,-8.1902941],[-78.839704,-8.1882271],[-78.8396122,-8.1874557],[-78.8397959,-8.1863167],[-78.8400897,-8.1852513],[-78.8407385,-8.1843931],[-78.8411667,-8.1836317],[-78.841725,-8.1826392],[-78.8432845,-8.1805146],[-78.84426,-8.179658],[-78.8453797,-8.1787857],[-78.8467206,-8.1778306],[-78.8478411,-8.1770773],[-78.848484,-8.176306],[-78.849257,-8.1756366],[-78.8500637,-8.1753325],[-78.8512576,-8.1750937],[-78.8527271,-8.1749467],[-78.8540127,-8.1748548],[-78.8543721,-8.1748635],[-78.8550482,-8.1748798],[-78.8557211,-8.1751303],[-78.8562355,-8.1753508],[-78.8571539,-8.1760121],[-78.8580356,-8.176453],[-78.8594132,-8.1769856],[-78.8604051,-8.1774265],[-78.8615066,-8.1781067],[-78.8623761,-8.1788785],[-78.8636479,-8.1798991],[-78.8642991,-8.180696],[-78.8651809,-8.1814491],[-78.8661176,-8.1820186],[-78.8671095,-8.1823308],[-78.8687852,-8.1826617],[-78.8696596,-8.183024],[-78.8702874,-8.1831746],[-78.8724969,-8.1831495],[-78.8729409,-8.1832243],[-78.8736142,-8.1833378],[-78.8751835,-8.1835387],[-78.8760372,-8.183727],[-78.8769182,-8.1838921],[-78.8778366,-8.184333],[-78.8789387,-8.1849023],[-78.8798755,-8.1852513],[-78.8811319,-8.1853302],[-78.8817622,-8.1853695],[-78.8829614,-8.1853248],[-78.8843022,-8.1850861],[-78.8848755,-8.1847816],[-78.8852521,-8.1846435],[-78.885616,-8.1846421],[-78.8859175,-8.1847438],[-78.8863192,-8.1851707],[-78.8871772,-8.1860825],[-78.8880014,-8.1865392],[-78.8890204,-8.1871037],[-78.889687,-8.1873356],[-78.8903367,-8.1874682],[-78.8913667,-8.1876785],[-78.8924332,-8.1875185],[-78.8930864,-8.1873575],[-78.8933496,-8.1872925],[-78.8951575,-8.1865141],[-78.8958102,-8.186233],[-78.8962627,-8.1860382],[-78.8970784,-8.1858361],[-78.8978692,-8.1858863],[-78.8983464,-8.1857231],[-78.898924,-8.1851958],[-78.899539,-8.1843672],[-78.900195,-8.1834837],[-78.9008572,-8.1827352],[-78.9019726,-8.1816145],[-78.9026522,-8.1806775],[-78.9030667,-8.1793706],[-78.9032584,-8.1780695],[-78.903569,-8.1769225],[-78.9038577,-8.1760813],[-78.9041014,-8.1753716],[-78.9045606,-8.1747883],[-78.9049876,-8.1745747],[-78.9056279,-8.1744745],[-78.9068581,-8.1743365],[-78.9080609,-8.1743616],[-78.9086409,-8.1744493],[-78.9092572,-8.1745425],[-78.9106747,-8.1745623],[-78.9114154,-8.174487],[-78.9120055,-8.1743365],[-78.9134744,-8.1742987],[-78.9141694,-8.1741047],[-78.915006,-8.1735705],[-78.9158457,-8.1731308],[-78.9168265,-8.1730935],[-78.9181069,-8.1732065],[-78.9194879,-8.1735705],[-78.9203541,-8.1737462],[-78.9217224,-8.1739597],[-78.9224256,-8.1739848],[-78.9231789,-8.173784],[-78.9233287,-8.1736981],[-78.9243309,-8.1731237],[-78.9250432,-8.1725793],[-78.9252709,-8.1724055],[-78.926073,-8.1717926],[-78.9263657,-8.171569],[-78.9266057,-8.1713855],[-78.927008,-8.1711852],[-78.9276356,-8.1713483],[-78.9285145,-8.1716873],[-78.9287727,-8.1718456],[-78.9292929,-8.1721645],[-78.9301967,-8.1724281],[-78.9305894,-8.1725426],[-78.9308747,-8.1724532],[-78.9314271,-8.1720263],[-78.9320796,-8.1714233],[-78.9328582,-8.1709843],[-78.9336744,-8.1703063],[-78.9345597,-8.1695708],[-78.934755,-8.1694086],[-78.9350332,-8.1691773],[-78.9352334,-8.1691771],[-78.935683,-8.1691765],[-78.9385705,-8.1697791],[-78.9392011,-8.1699714],[-78.9405621,-8.1703171],[-78.9410151,-8.1702403],[-78.9416212,-8.1700302],[-78.9418724,-8.1698293],[-78.941885,-8.1696115],[-78.942034,-8.168775],[-78.9423646,-8.1682422],[-78.9431361,-8.1676912],[-78.943981,-8.1673606],[-78.944679,-8.1673422],[-78.9458677,-8.167273],[-78.9469191,-8.1674926],[-78.9482121,-8.1677629],[-78.948665,-8.1677831],[-78.9496752,-8.1679667],[-78.9505569,-8.1681505],[-78.9516039,-8.1682973],[-78.9527884,-8.1684656],[-78.9536611,-8.1685178],[-78.9544694,-8.1685178],[-78.9552592,-8.1685546],[-78.9565901,-8.1686371],[-78.9571047,-8.1685657],[-78.957559,-8.1683871],[-78.9583122,-8.167681],[-78.9591912,-8.1671161],[-78.960636,-8.166668],[-78.9617535,-8.166668],[-78.962331,-8.1663871],[-78.9628637,-8.166185],[-78.9637087,-8.1660013],[-78.9643882,-8.1657442],[-78.9660565,-8.165211],[-78.9671865,-8.1648156],[-78.9690079,-8.1636486],[-78.9700745,-8.1616613],[-78.9704219,-8.1608986],[-78.9706855,-8.1602871],[-78.9709511,-8.1595957],[-78.9715139,-8.1581586],[-78.9715805,-8.1579883],[-78.9717167,-8.1576405],[-78.97297,-8.1544398],[-78.9734837,-8.1531277],[-78.9743254,-8.1512013],[-78.9749064,-8.1498711],[-78.975562,-8.1488261],[-78.9760337,-8.14778],[-78.9762359,-8.1470452],[-78.9766584,-8.1457595],[-78.9769706,-8.1449512],[-78.9775584,-8.1441981],[-78.978385,-8.1431878],[-78.979487,-8.1419572],[-78.9808809,-8.1405362],[-78.9815926,-8.1396009],[-78.9823652,-8.1386857],[-78.9830645,-8.1380566],[-78.9838992,-8.1374687],[-78.984268,-8.1372474],[-78.9843784,-8.1371811],[-78.9844251,-8.1370571],[-78.9844206,-8.1369341],[-78.9843766,-8.1367848],[-78.9843196,-8.1366091],[-78.9842324,-8.136377],[-78.9838926,-8.135295],[-78.9836797,-8.1347636],[-78.9832425,-8.133643],[-78.9829331,-8.1317156],[-78.9828544,-8.1284176],[-78.9827466,-8.1275582],[-78.9827726,-8.1269837],[-78.9827741,-8.1269517],[-78.9828431,-8.126428],[-78.9828844,-8.1260006],[-78.9830499,-8.125408],[-78.9832832,-8.1246309],[-78.9841914,-8.122293],[-78.9848535,-8.121002],[-78.9857422,-8.1204413],[-78.988123,-8.1183398],[-78.9903184,-8.1162382],[-78.9903652,-8.1157715],[-78.99117,-8.1129],[-78.99172,-8.11249],[-78.99241,-8.1123],[-78.99318,-8.11244],[-78.99355,-8.11262],[-78.99423,-8.11272],[-78.9951,-8.11244],[-78.99588,-8.11253],[-78.99666,-8.11276],[-78.99729,-8.11308],[-78.99848,-8.11304],[-79.0007934,-8.1130075],[-79.0006816,-8.1129257],[-79.0000235,-8.1127851],[-78.999128,-8.1121806],[-78.9988809,-8.1120137],[-78.9979902,-8.1111523],[-78.9959434,-8.1087656],[-78.9947735,-8.1074512],[-78.994,-8.106584],[-78.9953984,-8.1061913],[-78.9959024,-8.1060351],[-78.997168,-8.1056777],[-78.9979316,-8.1054745],[-78.9986035,-8.1052597],[-78.9991504,-8.1050312],[-78.9994865,-8.1048887],[-79.000334,-8.1038847],[-79.0006699,-8.103502],[-79.0009101,-8.1032441],[-79.0002324,-8.1029648],[-78.9992832,-8.10242],[-78.9982969,-8.1019805],[-78.9974569,-8.1016525],[-78.9966914,-8.1011406],[-78.9962656,-8.1007285],[-78.9958534,-8.100336],[-78.9954434,-8.1000195],[-78.9950136,-8.0996816],[-78.994752,-8.0993086],[-78.9948829,-8.0990861],[-78.9945469,-8.0982812],[-78.9943222,-8.0978516],[-78.994248,-8.097461],[-78.9942597,-8.0970137],[-78.9944355,-8.0963985],[-78.9948086,-8.0958006],[-78.9952167,-8.0952558],[-78.9955742,-8.0948632],[-78.9959375,-8.0945175],[-78.9962461,-8.0942285],[-78.9958164,-8.09367],[-78.9955351,-8.0935996],[-78.9951152,-8.0935019],[-78.99475,-8.0933613],[-78.9943572,-8.0931777],[-78.9940059,-8.0929687],[-78.9937382,-8.0926738],[-78.9935291,-8.0923788],[-78.9932071,-8.0919433],[-78.9928555,-8.0913965],[-78.9926172,-8.0910371],[-78.9923632,-8.0905918],[-78.9922676,-8.090457],[-78.9920156,-8.0900586],[-78.9917792,-8.0896055],[-78.9915664,-8.0891524],[-78.99145,-8.08878],[-78.9914119,-8.0886635],[-78.9913601,-8.0885057],[-78.9909844,-8.0873596],[-78.99085,-8.08695],[-78.99044,-8.08659],[-78.98953,-8.08613],[-78.98884,-8.08586],[-78.988832,-8.0857851],[-78.9886172,-8.08525],[-78.9884199,-8.0845527],[-78.9881172,-8.0834628],[-78.9876329,-8.0818457],[-78.9873145,-8.0806718],[-78.9868867,-8.0794725],[-78.9864062,-8.0782187],[-78.9860449,-8.0773007],[-78.9856601,-8.0763516],[-78.9853145,-8.0753398],[-78.9850469,-8.0745391],[-78.9847266,-8.0737656],[-78.9843242,-8.073045],[-78.9838476,-8.0722988],[-78.9830274,-8.0711582],[-78.9823846,-8.0703906],[-78.9819025,-8.0697481],[-78.9815117,-8.0689082],[-78.9809902,-8.0678535],[-78.9807617,-8.0673906],[-78.9803847,-8.0666191],[-78.9800152,-8.0655026],[-78.9789454,-8.0594706],[-78.9789102,-8.0593162],[-78.9778029,-8.0550096],[-78.9777504,-8.0542713],[-78.9780695,-8.0525092],[-78.9786381,-8.0513099],[-78.9788655,-8.0509478],[-78.9787207,-8.0507722],[-78.9772422,-8.0494075],[-78.9767564,-8.0487353],[-78.9754226,-8.0472052],[-78.9748746,-8.0458507],[-78.9746161,-8.0454992],[-78.9743261,-8.0452031],[-78.9736055,-8.0449902],[-78.9727266,-8.04475],[-78.9720646,-8.044555],[-78.9703461,-8.0439484],[-78.9694726,-8.0434413],[-78.9684334,-8.0430798],[-78.9678986,-8.0429356],[-78.9675854,-8.0427076],[-78.967338,-8.0423222],[-78.966752,-8.0415233],[-78.9657656,-8.0402168],[-78.9651524,-8.0394961],[-78.9645645,-8.0386426],[-78.964166,-8.0378418],[-78.9636582,-8.0369628],[-78.9631524,-8.0361641],[-78.9628652,-8.0357832],[-78.9624961,-8.0353262],[-78.9622129,-8.0350351],[-78.9619024,-8.034666],[-78.9616991,-8.034375],[-78.9614649,-8.0340918],[-78.9612891,-8.0338106],[-78.9610957,-8.0335391],[-78.9609219,-8.0333262],[-78.9607167,-8.0331503],[-78.9604062,-8.0329746],[-78.9600976,-8.0328398],[-78.959916,-8.0328145],[-78.9590605,-8.0327441],[-78.9587559,-8.0327325],[-78.9584824,-8.0326445],[-78.9582794,-8.0325195],[-78.9580274,-8.0322754],[-78.9577051,-8.0320312],[-78.9573184,-8.0318183],[-78.9569297,-8.0315156],[-78.9565292,-8.0312597],[-78.9562382,-8.0310176],[-78.9560079,-8.0306152],[-78.9557636,-8.0301543],[-78.9556562,-8.0298262],[-78.9554492,-8.0295606],[-78.9552676,-8.0294023],[-78.9550117,-8.0292676],[-78.9546836,-8.0291114],[-78.9543672,-8.0289413],[-78.9540899,-8.0286856],[-78.9537735,-8.0283828],[-78.9535566,-8.0280547],[-78.9533476,-8.0277012],[-78.9532774,-8.027459],[-78.9532305,-8.0271875],[-78.9532305,-8.0268535],[-78.9532617,-8.0265351],[-78.9533535,-8.0260801],[-78.9534746,-8.0254882],[-78.9535507,-8.024959],[-78.9537011,-8.0243183],[-78.9539895,-8.0230942],[-78.954217,-8.0227737],[-78.9546094,-8.022326],[-78.9548186,-8.0220872],[-78.954951,-8.0219362],[-78.9551889,-8.021626],[-78.9553956,-8.0206542],[-78.9559334,-8.0193777],[-78.9559785,-8.019295],[-78.956207,-8.0189902],[-78.9574062,-8.0177305],[-78.9577246,-8.0175488],[-78.9580879,-8.0173672],[-78.9591487,-8.0166115],[-78.9608754,-8.0157327],[-78.9617025,-8.0153295],[-78.9622299,-8.0151951],[-78.9627597,-8.0151718],[-78.9623379,-8.0145957],[-78.9621621,-8.0143945],[-78.9619199,-8.0141523],[-78.961586,-8.0137441],[-78.9611954,-8.0132793],[-78.9606954,-8.0126465],[-78.9603417,-8.0121641],[-78.9599141,-8.0116075],[-78.9594492,-8.0109356],[-78.9590957,-8.010418],[-78.9587989,-8.009916],[-78.9584824,-8.0094707],[-78.9576211,-8.0085353],[-78.9568292,-8.0078566],[-78.9561505,-8.0070931],[-78.9554152,-8.0054245],[-78.9553304,-8.003756],[-78.9553869,-8.0027945],[-78.9553304,-8.0024267],[-78.9550475,-8.002144],[-78.9540582,-8.0013948],[-78.952371,-8.0001173],[-78.9517045,-7.999769],[-78.950952,-7.9996468],[-78.9492394,-7.9988537],[-78.9485395,-7.9983128],[-78.948261,-7.9979067],[-78.9477759,-7.9971992],[-78.9472985,-7.9957993],[-78.946901,-7.9949245],[-78.946666,-7.99442],[-78.9458351,-7.9933336],[-78.9444922,-7.9920781],[-78.9441757,-7.9918731],[-78.9438417,-7.9916132],[-78.9433535,-7.9913808],[-78.9429687,-7.9910566],[-78.9426699,-7.990666],[-78.9424101,-7.9902753],[-78.9422717,-7.9895476],[-78.942224,-7.9890385],[-78.9421605,-7.9881317],[-78.9420809,-7.9877341],[-78.9417422,-7.987377],[-78.9414629,-7.9871543],[-78.9410547,-7.9868007],[-78.9406641,-7.9864843],[-78.9402754,-7.9861875],[-78.9398654,-7.9859453],[-78.939252,-7.9855742],[-78.9388614,-7.9852773],[-78.9383047,-7.9849805],[-78.9376542,-7.984832],[-78.9372832,-7.9847012],[-78.9368555,-7.9846075],[-78.9364454,-7.9844961],[-78.9351966,-7.9831586],[-78.9343616,-7.9816273],[-78.9340434,-7.9805935],[-78.9336259,-7.9796588],[-78.9324526,-7.9781673],[-78.9313987,-7.9768352],[-78.9306035,-7.9758641],[-78.930181,-7.974827],[-78.9297969,-7.9733866],[-78.9294896,-7.9723495],[-78.9294301,-7.9717048],[-78.9293551,-7.9704097],[-78.9292015,-7.9701025],[-78.9289917,-7.9699185],[-78.9283949,-7.9696607],[-78.9277419,-7.9695455],[-78.9263069,-7.9695455],[-78.9252969,-7.969668],[-78.9245186,-7.969617],[-78.9234571,-7.9692051],[-78.9226494,-7.9685233],[-78.9219014,-7.9674541],[-78.9214217,-7.967666],[-78.9208195,-7.9678445]]]]}},
{"type":"Feature","properties":{"ubigeo":"130107","nombre":"MOCHE"},"geometry":{"type":"MultiPolygon","coordinates":[[[[-78.98324,-8.12704],[-78.9827726,-8.1269837],[-78.9827466,-8.1275582],[-78.9828544,-8.1284176],[-78.9829331,-8.1317156],[-78.9832425,-8.133643],[-78.9836797,-8.1347636],[-78.9838926,-8.135295],[-78.9842324,-8.136377],[-78.9843196,-8.1366091],[-78.9843766,-8.1367848],[-78.9844206,-8.1369341],[-78.9844251,-8.1370571],[-78.9843784,-8.1371811],[-78.984268,-8.1372474],[-78.9838992,-8.1374687],[-78.9830645,-8.1380566],[-78.9823652,-8.1386857],[-78.9815926,-8.1396009],[-78.9808809,-8.1405362],[-78.979487,-8.1419572],[-78.978385,-8.1431878],[-78.9775584,-8.1441981],[-78.9769706,-8.1449512],[-78.9766584,-8.1457595],[-78.9762359,-8.1470452],[-78.9760337,-8.14778],[-78.975562,-8.1488261],[-78.9749064,-8.1498711],[-78.9743254,-8.1512013],[-78.9734837,-8.1531277],[-78.97297,-8.1544398],[-78.9717167,-8.1576405],[-78.9715805,-8.1579883],[-78.9715139,-8.1581586],[-78.9709511,-8.1595957],[-78.9706855,-8.1602871],[-78.9704219,-8.1608986],[-78.9700745,-8.1616613],[-78.9690079,-8.1636486],[-78.9671865,-8.1648156],[-78.9660565,-8.165211],[-78.9643882,-8.1657442],[-78.9637087,-8.1660013],[-78.9628637,-8.166185],[-78.962331,-8.1663871],[-78.9617535,-8.166668],[-78.9620672,-8.1671777],[-78.9625574,-8.1675698],[-78.963456,-8.1678108],[-78.9643024,-8.1678213],[-78.9651916,-8.1678323],[-78.9655332,-8.1678366],[-78.9668264,-8.1678527],[-78.9669299,-8.167854],[-78.9686166,-8.1679871],[-78.9691691,-8.1680307],[-78.9694962,-8.1680565],[-78.9698105,-8.1680898],[-78.9704746,-8.1682246],[-78.9710059,-8.1683847],[-78.9714824,-8.1685195],[-78.9719531,-8.1687187],[-78.9737031,-8.1694786],[-78.9743496,-8.1697382],[-78.9753066,-8.1702168],[-78.9762365,-8.1704551],[-78.9770312,-8.1707207],[-78.9776699,-8.1709082],[-78.9782792,-8.1709863],[-78.978916,-8.1709863],[-78.9796347,-8.170959],[-78.9806152,-8.170959],[-78.9818417,-8.1709472],[-78.9830195,-8.1708906],[-78.9843672,-8.1709492],[-78.9859316,-8.1710645],[-78.9875704,-8.1713163],[-78.9898261,-8.1717715],[-78.9917891,-8.1721093],[-78.9928994,-8.1723513],[-78.9933826,-8.1724356],[-78.9938349,-8.172511],[-78.9939014,-8.1725641],[-78.993959,-8.1726483],[-78.9940432,-8.1728967],[-78.9942206,-8.1732826],[-78.9944201,-8.173646],[-78.9946382,-8.1740745],[-78.9959699,-8.1766167],[-78.9959703,-8.1766175],[-78.9968614,-8.1781972],[-78.9973125,-8.17925],[-78.997502,-8.1801485],[-78.9974257,-8.1818047],[-78.997125,-8.184285],[-78.9970117,-8.1862773],[-78.9968379,-8.1875273],[-78.9968652,-8.1885625],[-78.996918,-8.1895703],[-78.9969707,-8.1904472],[-78.9970761,-8.1911895],[-78.997207,-8.1921718],[-78.9974492,-8.1929688],[-78.997793,-8.1941641],[-78.9982031,-8.19492],[-78.9988829,-8.1965742],[-78.9989625,-8.1969082],[-78.9993393,-8.1964732],[-78.9999401,-8.1960246],[-79.0001404,-8.1957603],[-79.0004928,-8.1954398],[-79.0007572,-8.1950553],[-79.0011898,-8.1945025],[-79.0016464,-8.194086],[-79.0022072,-8.1935813],[-79.0025997,-8.1933009],[-79.002792,-8.1932208],[-79.0028801,-8.1930285],[-79.0030083,-8.1927481],[-79.0033768,-8.1924117],[-79.0038414,-8.191923],[-79.0042901,-8.1914984],[-79.0049229,-8.1909537],[-79.0054837,-8.190473],[-79.0059403,-8.1900725],[-79.0065011,-8.1895437],[-79.0070538,-8.1889028],[-79.0074945,-8.1885023],[-79.007879,-8.1881979],[-79.0081113,-8.1878614],[-79.0083757,-8.1876371],[-79.008608,-8.1876131],[-79.0089124,-8.1875009],[-79.0091447,-8.1873808],[-79.0092649,-8.1871484],[-79.0094571,-8.186796],[-79.0094892,-8.1865236],[-79.0096013,-8.1863553],[-79.0097135,-8.1862272],[-79.0099618,-8.1860269],[-79.0101621,-8.1858987],[-79.0103544,-8.1858266],[-79.0104826,-8.1856664],[-79.0106268,-8.1854741],[-79.0107469,-8.1852819],[-79.0109792,-8.1850175],[-79.0111555,-8.1848653],[-79.0113237,-8.1847852],[-79.011548,-8.184625],[-79.0117483,-8.1843846],[-79.0120527,-8.1841203],[-79.0123812,-8.183936],[-79.0126455,-8.1837998],[-79.0127417,-8.1836957],[-79.0128057,-8.1835835],[-79.0128859,-8.1834634],[-79.01299,-8.1833272],[-79.0131582,-8.183183],[-79.0132544,-8.1831349],[-79.0133825,-8.1831429],[-79.0134626,-8.183151],[-79.0136309,-8.1831429],[-79.013743,-8.183151],[-79.0137911,-8.1832311],[-79.0138392,-8.1832871],[-79.0139353,-8.1832791],[-79.0139834,-8.1832551],[-79.0140715,-8.183159],[-79.0141596,-8.1831029],[-79.0142317,-8.1831109],[-79.0142157,-8.183199],[-79.0142637,-8.1832311],[-79.0143358,-8.1833112],[-79.014408,-8.1833993],[-79.0145121,-8.1835114],[-79.0146002,-8.1835835],[-79.0147364,-8.1835595],[-79.0147764,-8.1834634],[-79.0145922,-8.1833592],[-79.0145201,-8.183207],[-79.014472,-8.1830708],[-79.0144961,-8.1828946],[-79.014472,-8.1827504],[-79.0143919,-8.1826222],[-79.0143118,-8.182438],[-79.0143519,-8.1822297],[-79.014416,-8.1820454],[-79.0145281,-8.1819573],[-79.0145842,-8.1818932],[-79.0147043,-8.1817971],[-79.0147764,-8.181701],[-79.0148085,-8.1815407],[-79.0148966,-8.1814606],[-79.0150008,-8.1813965],[-79.0150729,-8.1813164],[-79.0151129,-8.1811803],[-79.0151289,-8.1810361],[-79.015185,-8.180964],[-79.0152972,-8.1808838],[-79.0153933,-8.1808117],[-79.0154253,-8.1807076],[-79.0154333,-8.1805714],[-79.0154093,-8.1803952],[-79.0154894,-8.180267],[-79.0156416,-8.1801629],[-79.0158419,-8.1800187],[-79.0161784,-8.1798184],[-79.0170035,-8.1790894],[-79.018077,-8.178056],[-79.0192546,-8.1769585],[-79.0203281,-8.1760292],[-79.0203925,-8.1759654],[-79.0212253,-8.17514],[-79.0232761,-8.1732974],[-79.0244057,-8.172288],[-79.0264565,-8.1704936],[-79.0283551,-8.1687792],[-79.0289245,-8.1682974],[-79.0291882,-8.1680743],[-79.0304139,-8.1669607],[-79.0318799,-8.1655348],[-79.0330095,-8.1645254],[-79.0342765,-8.163509],[-79.0352605,-8.1626633],[-79.0351246,-8.1625485],[-79.0351492,-8.1622903],[-79.0351984,-8.1620812],[-79.0353706,-8.1617861],[-79.0354197,-8.1615771],[-79.0354197,-8.1614295],[-79.0354074,-8.1611344],[-79.0352715,-8.1609662],[-79.0349447,-8.1609062],[-79.0345779,-8.1610241],[-79.0341805,-8.1610591],[-79.033981,-8.160913],[-79.0337105,-8.1607286],[-79.0334153,-8.1604581],[-79.033071,-8.1601506],[-79.0328005,-8.1598432],[-79.03245,-8.15928],[-79.032075,-8.1587611],[-79.0318659,-8.1584905],[-79.0317183,-8.1582323],[-79.0315216,-8.1580109],[-79.0313002,-8.1578388],[-79.0311035,-8.1577035],[-79.03088,-8.15743],[-79.0307424,-8.1569617],[-79.03073,-8.15692],[-79.0307141,-8.1568519],[-79.0305889,-8.1567059],[-79.0303696,-8.1566307],[-79.0301628,-8.1564929],[-79.0299686,-8.1563989],[-79.0297493,-8.1562046],[-79.0296052,-8.1558913],[-79.029436,-8.1554778],[-79.0292794,-8.1549703],[-79.02928,-8.15469],[-79.02903,-8.1537],[-79.02878,-8.15283],[-79.02865,-8.15241],[-79.02835,-8.1519],[-79.0278,-8.15131],[-79.0267285,-8.1512546],[-79.02664,-8.15125],[-79.02544,-8.15118],[-79.02405,-8.15043],[-79.02161,-8.14888],[-79.02137,-8.14851],[-79.02089,-8.14817],[-79.02039,-8.14814],[-79.01976,-8.14827],[-79.01914,-8.14847],[-79.01877,-8.1485],[-79.01807,-8.1481],[-79.018,-8.14779],[-79.018,-8.14714],[-79.01812,-8.14657],[-79.01785,-8.14594],[-79.01699,-8.146],[-79.01609,-8.14586],[-79.01542,-8.14525],[-79.01487,-8.14392],[-79.01416,-8.14345],[-79.0134998,-8.1432258],[-79.01307,-8.14308],[-79.0117896,-8.1426332],[-79.01115,-8.14241],[-79.0100191,-8.1421785],[-79.00944,-8.14206],[-79.00884,-8.14214],[-79.00787,-8.1414],[-79.00704,-8.14097],[-79.00655,-8.14108],[-79.005832,-8.1409346],[-79.00576,-8.14092],[-79.00524,-8.14056],[-79.00452,-8.13993],[-79.00377,-8.13867],[-79.00315,-8.13753],[-79.00207,-8.13615],[-79.0,-8.1326],[-78.99742,-8.13031],[-78.9969807,-8.1299881],[-78.99626,-8.12946],[-78.9953982,-8.1286835],[-78.99525,-8.12855],[-78.99426,-8.12798],[-78.99264,-8.12774],[-78.9919,-8.12775],[-78.99175,-8.12775],[-78.99053,-8.12763],[-78.98986,-8.12766],[-78.98962,-8.12799],[-78.98945,-8.12858],[-78.9893,-8.12883],[-78.9888897,-8.128923],[-78.98877,-8.12895],[-78.98848,-8.12888],[-78.98808,-8.12867],[-78.98727,-8.12786],[-78.9868,-8.12753],[-78.98569,-8.12701],[-78.98517,-8.12687],[-78.98476,-8.12686],[-78.98382,-8.12703],[-78.98324,-8.12704]]]]}},
{"type":"Feature","properties":{"ubigeo":"130108","nombre":"POROTO"},"geometry":{"type":"MultiPolygon","coordinates":[[[[-78.6931204,-7.9439655],[-78.6917219,-7.9446647],[-78.691143,-7.9450965],[-78.6897919,-7.9461046],[-78.6888981,-7.9474082],[-78.6887441,-7.9484417],[-78.6886954,-7.9503163],[-78.6894015,-7.9531892],[-78.6894257,-7.9554777],[-78.6894015,-7.956695],[-78.6901075,-7.959373],[-78.6901319,-7.9607365],[-78.6900587,-7.9641692],[-78.6902049,-7.9664821],[-78.6907161,-7.9676263],[-78.6912274,-7.968868],[-78.6919091,-7.9696715],[-78.6933942,-7.9709616],[-78.6943924,-7.972106],[-78.6943376,-7.9728151],[-78.6938589,-7.9738425],[-78.6930704,-7.9751288],[-78.692138,-7.9763038],[-78.6905556,-7.9785],[-78.6894075,-7.9796625],[-78.6889815,-7.9801188],[-78.688525,-7.9804232],[-78.6875816,-7.9807276],[-78.687186,-7.9810318],[-78.6866686,-7.9817927],[-78.6862121,-7.9826752],[-78.6854209,-7.9842272],[-78.6846601,-7.9856882],[-78.6841731,-7.9870271],[-78.6838384,-7.988971],[-78.6836329,-7.9904088],[-78.6834732,-7.9920295],[-78.6833905,-7.9931188],[-78.6834069,-7.9946676],[-78.6830445,-7.9960022],[-78.68228,-7.99666],[-78.68231,-7.99666],[-78.6823607,-7.9966742],[-78.6826494,-7.996755],[-78.68281,-7.9968],[-78.68325,-7.99699],[-78.6832767,-7.99703],[-78.68333,-7.99711],[-78.68363,-7.99719],[-78.68409,-7.99719],[-78.68438,-7.99705],[-78.684939,-7.9969513],[-78.68506,-7.99693],[-78.68537,-7.99696],[-78.68555,-7.99705],[-78.68646,-7.99721],[-78.68712,-7.99763],[-78.6882,-7.99841],[-78.6882034,-7.9984115],[-78.6882874,-7.9984488],[-78.68883,-7.99869],[-78.68933,-7.99882],[-78.69024,-7.99887],[-78.69071,-7.99901],[-78.69152,-7.99945],[-78.69212,-8.0],[-78.69271,-8.00075],[-78.69275,-8.00136],[-78.693,-8.00188],[-78.69342,-8.00239],[-78.6938,-8.00312],[-78.6940506,-8.0035356],[-78.69421,-8.0038],[-78.69452,-8.0043],[-78.69476,-8.005],[-78.69527,-8.00604],[-78.6956827,-8.0069541],[-78.6961592,-8.0075272],[-78.6968705,-8.0081557],[-78.6976854,-8.0086736],[-78.6985901,-8.0090258],[-78.6991011,-8.0092053],[-78.7001389,-8.0098111],[-78.7015941,-8.0101791],[-78.7026991,-8.0104968],[-78.7035051,-8.0107945],[-78.7039145,-8.0109456],[-78.7042172,-8.0110224],[-78.70484,-8.0111806],[-78.7053924,-8.0114083],[-78.7057446,-8.0117951],[-78.7059785,-8.012083],[-78.7069255,-8.0130312],[-78.7075195,-8.0134525],[-78.7079311,-8.0137082],[-78.7083757,-8.0139842],[-78.709384,-8.0144056],[-78.7097984,-8.0147508],[-78.7103476,-8.0155527],[-78.7104375,-8.0156777],[-78.7106485,-8.0159726],[-78.7110489,-8.0161523],[-78.7115077,-8.0162325],[-78.7124917,-8.0162771],[-78.7139626,-8.0161942],[-78.7145657,-8.0162376],[-78.714826,-8.0162564],[-78.7160942,-8.0167074],[-78.7164539,-8.0168351],[-78.7164543,-8.0168367],[-78.7166252,-8.0174617],[-78.7166685,-8.0185083],[-78.7164774,-8.0201222],[-78.7160426,-8.0211627],[-78.7156035,-8.0223496],[-78.7151146,-8.0230511],[-78.7146615,-8.0233963],[-78.7139816,-8.0236013],[-78.7132477,-8.0237201],[-78.7124386,-8.0238388],[-78.7114135,-8.0239035],[-78.7109171,-8.0239251],[-78.7101834,-8.0240115],[-78.7096947,-8.0241628],[-78.7094172,-8.0242487],[-78.7086511,-8.0247236],[-78.7081224,-8.0253495],[-78.7074319,-8.0269789],[-78.7066981,-8.0290937],[-78.706493,-8.0298491],[-78.7064715,-8.0304857],[-78.7066441,-8.0312087],[-78.7070946,-8.0324093],[-78.7071895,-8.0334238],[-78.7069031,-8.034079],[-78.7064067,-8.0353198],[-78.7062449,-8.0368628],[-78.7059751,-8.0379527],[-78.7058565,-8.0386541],[-78.7061261,-8.0397223],[-78.7068167,-8.0410496],[-78.7072267,-8.0413948],[-78.7080469,-8.0416646],[-78.7089749,-8.0415567],[-78.7110494,-8.0411941],[-78.712007,-8.0412748],[-78.7130725,-8.041693],[-78.7158781,-8.0425697],[-78.716458,-8.0429608],[-78.7169746,-8.0435097],[-78.7174426,-8.0444176],[-78.7177529,-8.0454562],[-78.7180496,-8.046279],[-78.7184799,-8.0471797],[-78.7191909,-8.048471],[-78.7196289,-8.0491388],[-78.7201097,-8.050021],[-78.7202677,-8.0510747],[-78.7202676,-8.0524316],[-78.71918,-8.05568],[-78.7192404,-8.0567648],[-78.7192667,-8.0577923],[-78.7192931,-8.0585827],[-78.7193457,-8.0596628],[-78.7194775,-8.0610854],[-78.7195301,-8.061744],[-78.719978,-8.0637725],[-78.7206629,-8.0651951],[-78.7209264,-8.0658273],[-78.7212164,-8.0665122],[-78.7214532,-8.0672235],[-78.7218847,-8.0682793],[-78.722412,-8.0702841],[-78.7223001,-8.071439],[-78.7223,-8.07144],[-78.7222436,-8.0723868],[-78.7219011,-8.0733616],[-78.7215586,-8.0738886],[-78.7212164,-8.0754692],[-78.7212425,-8.0765756],[-78.7212952,-8.0771288],[-78.7214006,-8.0780246],[-78.721585,-8.0790783],[-78.7218221,-8.0800005],[-78.7221119,-8.0806852],[-78.7224544,-8.0815282],[-78.7229022,-8.0825557],[-78.7229285,-8.0836358],[-78.7225334,-8.0849793],[-78.7222962,-8.0863492],[-78.7221646,-8.0877191],[-78.7221382,-8.0887202],[-78.7221382,-8.0894578],[-78.7223226,-8.0904062],[-78.7230545,-8.0922817],[-78.7234487,-8.092792],[-78.7241615,-8.0932241],[-78.724723,-8.0935265],[-78.7255221,-8.0936345],[-78.7269259,-8.0936128],[-78.7281139,-8.0937641],[-78.7288914,-8.0940016],[-78.7304032,-8.0946496],[-78.7320837,-8.0954441],[-78.7344125,-8.0965382],[-78.7363766,-8.097408],[-78.7373025,-8.0981936],[-78.7383407,-8.0994563],[-78.7390141,-8.1001859],[-78.7402486,-8.102178],[-78.7408379,-8.10316],[-78.7412307,-8.1038333],[-78.7424981,-8.1056861],[-78.7434484,-8.1067227],[-78.7448955,-8.1076298],[-78.7477122,-8.1096136],[-78.7486381,-8.1099782],[-78.7494519,-8.1100905],[-78.7510231,-8.1099501],[-78.7523417,-8.1097257],[-78.75338,-8.1094168],[-78.7547042,-8.1088443],[-78.7560397,-8.1085295],[-78.7582621,-8.1082105],[-78.7596931,-8.10793],[-78.7620659,-8.1073661],[-78.7635021,-8.1072872],[-78.764891,-8.1072872],[-78.7657905,-8.1072241],[-78.7670201,-8.1071423],[-78.7685841,-8.1070188],[-78.7691839,-8.1070188],[-78.7695816,-8.1071476],[-78.7702572,-8.1073661],[-78.7719827,-8.1075931],[-78.7745277,-8.1078891],[-78.7758884,-8.1075867],[-78.7782422,-8.1060566],[-78.7789492,-8.1056093],[-78.7799024,-8.1050801],[-78.7804805,-8.104707],[-78.7809101,-8.1045195],[-78.7813746,-8.1044562],[-78.7819206,-8.1047462],[-78.7825045,-8.1052828],[-78.7835462,-8.1079185],[-78.7842407,-8.1099387],[-78.7847931,-8.1107436],[-78.785521,-8.1114095],[-78.786169,-8.1117551],[-78.7869249,-8.1117335],[-78.7878321,-8.1114095],[-78.7886959,-8.110092],[-78.7896859,-8.1080822],[-78.7905144,-8.1062278],[-78.7906829,-8.1043686],[-78.7908695,-8.102874],[-78.7908301,-8.1006249],[-78.7905144,-8.098948],[-78.7903171,-8.0978037],[-78.7901987,-8.0965213],[-78.7904552,-8.09589],[-78.7916192,-8.095239],[-78.7938091,-8.0943117],[-78.7976956,-8.0919246],[-78.8000039,-8.0905633],[-78.8019472,-8.0898671],[-78.8037917,-8.0887482],[-78.8044515,-8.0880902],[-78.8049324,-8.0867936],[-78.8049375,-8.0851897],[-78.8049159,-8.084261],[-78.8047431,-8.0827923],[-78.8046351,-8.0818206],[-78.8048079,-8.0813668],[-78.8052182,-8.0810645],[-78.805809,-8.0806121],[-78.8064871,-8.0799647],[-78.8068262,-8.0789475],[-78.8068879,-8.0759573],[-78.8072579,-8.0751251],[-78.8079667,-8.0746627],[-78.8093231,-8.0737687],[-78.8100321,-8.072844],[-78.8109869,-8.0722268],[-78.8122891,-8.071125],[-78.8148,-8.06816],[-78.8155191,-8.0647473],[-78.8152784,-8.0630135],[-78.8152765,-8.0629282],[-78.8148226,-8.0619537],[-78.8139361,-8.0610848],[-78.813085,-8.0604111],[-78.8125531,-8.0597018],[-78.8122162,-8.058833],[-78.811773,-8.0577868],[-78.8116134,-8.0558542],[-78.8115249,-8.0550175],[-78.8112441,-8.0545208],[-78.8105097,-8.054132],[-78.8094299,-8.0537648],[-78.8083715,-8.0529872],[-78.8076589,-8.0523826],[-78.8072485,-8.0519937],[-78.8070109,-8.051497],[-78.8069892,-8.0511946],[-78.8071117,-8.0507737],[-78.8074766,-8.0505193],[-78.8079361,-8.050215],[-78.8097244,-8.0490228],[-78.8118646,-8.0476682],[-78.8124639,-8.0468038],[-78.8128287,-8.046262],[-78.8134701,-8.045698],[-78.8142216,-8.0449047],[-78.8158201,-8.0434417],[-78.8166871,-8.0430082],[-78.8175271,-8.0426288],[-78.8184482,-8.0418973],[-78.8189087,-8.0412201],[-78.8196132,-8.03973],[-78.8202905,-8.0387546],[-78.8208052,-8.0370477],[-78.8211575,-8.0351513],[-78.8218619,-8.0336611],[-78.8224309,-8.0328483],[-78.823921,-8.031575],[-78.8244086,-8.0308163],[-78.8243816,-8.0295701],[-78.8240565,-8.0289468],[-78.8235417,-8.0279445],[-78.8229999,-8.026346],[-78.8231895,-8.0255061],[-78.823623,-8.0249371],[-78.8242732,-8.0241515],[-78.8255211,-8.0216966],[-78.8258994,-8.0211711],[-78.8262754,-8.0206292],[-78.8263196,-8.0203638],[-78.8262239,-8.019925],[-78.8260541,-8.0192248],[-78.8258662,-8.0185615],[-78.8258441,-8.0176878],[-78.8257556,-8.0167368],[-78.8258662,-8.0158632],[-78.8261206,-8.0151776],[-78.82641,-8.01456],[-78.82574,-8.01436],[-78.82493,-8.01447],[-78.82421,-8.01477],[-78.82324,-8.01545],[-78.8231231,-8.0155134],[-78.82276,-8.01571],[-78.82139,-8.01615],[-78.82075,-8.01624],[-78.81958,-8.01628],[-78.81894,-8.01651],[-78.81785,-8.01716],[-78.8176031,-8.0172516],[-78.81723,-8.01739],[-78.81637,-8.01755],[-78.81433,-8.01762],[-78.81368,-8.01776],[-78.81188,-8.01844],[-78.81065,-8.0191],[-78.81001,-8.01936],[-78.8089,-8.01939],[-78.80703,-8.01896],[-78.80428,-8.01803],[-78.80323,-8.01751],[-78.8018,-8.0169],[-78.80006,-8.01587],[-78.79901,-8.01539],[-78.79815,-8.01485],[-78.7980852,-8.0147992],[-78.79616,-8.01329],[-78.79497,-8.01207],[-78.79327,-8.00976],[-78.79245,-8.00855],[-78.79207,-8.00814],[-78.79116,-8.00776],[-78.7902,-8.00724],[-78.78904,-8.00639],[-78.7882,-8.0057],[-78.78607,-8.00439],[-78.78486,-8.00393],[-78.78367,-8.00373],[-78.783,-8.00343],[-78.78114,-8.00219],[-78.78037,-8.00144],[-78.7794,-8.00071],[-78.77866,-8.00027],[-78.777359,-7.9987785],[-78.7763372,-7.9976236],[-78.7751822,-7.9960688],[-78.7743829,-7.9948696],[-78.7735407,-7.9935831],[-78.7721175,-7.9923377],[-78.7714067,-7.991627],[-78.7709646,-7.9910793],[-78.7699491,-7.9896575],[-78.7692177,-7.9884388],[-78.768771,-7.9875045],[-78.7688522,-7.9860421],[-78.7691366,-7.9846202],[-78.7679992,-7.9821422],[-78.767297,-7.9805157],[-78.7666344,-7.9794745],[-78.7647176,-7.9764691],[-78.7642206,-7.9761851],[-78.7637,-7.9761615],[-78.7618567,-7.9762136],[-78.7604797,-7.9754585],[-78.7589695,-7.9743925],[-78.7579922,-7.9737706],[-78.7564824,-7.9734637],[-78.7548257,-7.9737713],[-78.753122,-7.9740553],[-78.7518914,-7.974292],[-78.7512761,-7.9741972],[-78.7502585,-7.9735347],[-78.7491226,-7.9729193],[-78.7475135,-7.9727301],[-78.7467089,-7.9727537],[-78.7453599,-7.9725171],[-78.7442477,-7.9722805],[-78.7422836,-7.9721385],[-78.7405801,-7.9720911],[-78.7405794,-7.9720911],[-78.7394202,-7.9718545],[-78.738308,-7.9714048],[-78.7376927,-7.9714758],[-78.7370301,-7.9717125],[-78.7353252,-7.9718851],[-78.7351606,-7.9719018],[-78.7343541,-7.9724792],[-78.7338827,-7.9727537],[-78.7325339,-7.9725407],[-78.7311849,-7.9720675],[-78.7302384,-7.9718545],[-78.7294177,-7.9719817],[-78.7278956,-7.9729903],[-78.7251005,-7.9741671],[-78.7238726,-7.9748836],[-78.7227131,-7.9754751],[-78.7218847,-7.9757591],[-78.7210565,-7.9759721],[-78.7199444,-7.9760195],[-78.7187611,-7.9760905],[-78.7178776,-7.9760628],[-78.7165209,-7.9755266],[-78.715732,-7.9746113],[-78.7150694,-7.9735386],[-78.714186,-7.9724027],[-78.7131132,-7.9714561],[-78.7120404,-7.9702887],[-78.7106836,-7.969563],[-78.7095792,-7.9685217],[-78.708538,-7.9678276],[-78.7073075,-7.9656188],[-78.7059191,-7.9642937],[-78.7056982,-7.963],[-78.7057614,-7.9614855],[-78.7059507,-7.9603181],[-78.7064871,-7.958772],[-78.7063609,-7.9565632],[-78.7063609,-7.9557745],[-78.7060769,-7.954891],[-78.7056019,-7.9542632],[-78.7051935,-7.9537233],[-78.7047201,-7.9532187],[-78.7035539,-7.9521883],[-78.7023537,-7.9511993],[-78.701628,-7.9507576],[-78.7005867,-7.9501896],[-78.6984921,-7.949168],[-78.6984276,-7.9491461],[-78.6977275,-7.9490771],[-78.6968791,-7.9488105],[-78.6966601,-7.9487207],[-78.6961034,-7.9480347],[-78.695555,-7.9468333],[-78.6955015,-7.9467385],[-78.6947282,-7.9453967],[-78.6941061,-7.9441453],[-78.6937714,-7.9437845],[-78.6935509,-7.9438458],[-78.6931204,-7.9439655]]]]}},
{"type":"Feature","properties":{"ubigeo":"130109","nombre":"SALAVERRY"},"geometry":{"type":"MultiPolygon","coordinates":[[[[-78.9583122,-8.167681],[-78.957559,-8.1683871],[-78.9571047,-8.1685657],[-78.9565901,-8.1686371],[-78.9552592,-8.1685546],[-78.9544694,-8.1685178],[-78.9536611,-8.1685178],[-78.9527884,-8.1684656],[-78.9516039,-8.1682973],[-78.9505569,-8.1681505],[-78.9496752,-8.1679667],[-78.948665,-8.1677831],[-78.9482121,-8.1677629],[-78.9469191,-8.1674926],[-78.9458677,-8.167273],[-78.944679,-8.1673422],[-78.943981,-8.1673606],[-78.9431361,-8.1676912],[-78.9423646,-8.1682422],[-78.942034,-8.168775],[-78.941885,-8.1696115],[-78.9418724,-8.1698293],[-78.9416212,-8.1700302],[-78.9410151,-8.1702403],[-78.9405621,-8.1703171],[-78.9392011,-8.1699714],[-78.9385705,-8.1697791],[-78.935683,-8.1691765],[-78.9352334,-8.1691771],[-78.9350332,-8.1691773],[-78.934755,-8.1694086],[-78.9345597,-8.1695708],[-78.9336744,-8.1703063],[-78.9328582,-8.1709843],[-78.9320796,-8.1714233],[-78.9314271,-8.1720263],[-78.9308747,-8.1724532],[-78.9305894,-8.1725426],[-78.9301967,-8.1724281],[-78.9292929,-8.1721645],[-78.9287727,-8.1718456],[-78.9285145,-8.1716873],[-78.9276356,-8.1713483],[-78.927008,-8.1711852],[-78.9266057,-8.1713855],[-78.9263657,-8.171569],[-78.926073,-8.1717926],[-78.9252709,-8.1724055],[-78.9250432,-8.1725793],[-78.9243309,-8.1731237],[-78.9233287,-8.1736981],[-78.9231789,-8.173784],[-78.9224256,-8.1739848],[-78.9217224,-8.1739597],[-78.9203541,-8.1737462],[-78.9194879,-8.1735705],[-78.9181069,-8.1732065],[-78.9168265,-8.1730935],[-78.9158457,-8.1731308],[-78.915006,-8.1735705],[-78.9141694,-8.1741047],[-78.9134744,-8.1742987],[-78.9120055,-8.1743365],[-78.9114154,-8.174487],[-78.9106747,-8.1745623],[-78.9092572,-8.1745425],[-78.9086409,-8.1744493],[-78.9080609,-8.1743616],[-78.9068581,-8.1743365],[-78.9056279,-8.1744745],[-78.9049876,-8.1745747],[-78.9045606,-8.1747883],[-78.9041014,-8.1753716],[-78.9038577,-8.1760813],[-78.903569,-8.1769225],[-78.9032584,-8.1780695],[-78.9030667,-8.1793706],[-78.9026522,-8.1806775],[-78.9019726,-8.1816145],[-78.9008572,-8.1827352],[-78.900195,-8.1834837],[-78.899539,-8.1843672],[-78.898924,-8.1851958],[-78.8983464,-8.1857231],[-78.8978692,-8.1858863],[-78.8970784,-8.1858361],[-78.8962627,-8.1860382],[-78.8958102,-8.186233],[-78.8951575,-8.1865141],[-78.8933496,-8.1872925],[-78.8930864,-8.1873575],[-78.8924332,-8.1875185],[-78.8913667,-8.1876785],[-78.8903367,-8.1874682],[-78.889687,-8.1873356],[-78.8890204,-8.1871037],[-78.8880014,-8.1865392],[-78.8871772,-8.1860825],[-78.8863192,-8.1851707],[-78.8859175,-8.1847438],[-78.885616,-8.1846421],[-78.8852521,-8.1846435],[-78.8848755,-8.1847816],[-78.8843022,-8.1850861],[-78.8829614,-8.1853248],[-78.8817622,-8.1853695],[-78.8811319,-8.1853302],[-78.8798755,-8.1852513],[-78.8789387,-8.1849023],[-78.8778366,-8.184333],[-78.8769182,-8.1838921],[-78.8760372,-8.183727],[-78.8751835,-8.1835387],[-78.8736142,-8.1833378],[-78.8729409,-8.1832243],[-78.8724969,-8.1831495],[-78.8702874,-8.1831746],[-78.8696596,-8.183024],[-78.8687852,-8.1826617],[-78.8671095,-8.1823308],[-78.8661176,-8.1820186],[-78.8651809,-8.1814491],[-78.8642991,-8.180696],[-78.8636479,-8.1798991],[-78.8623761,-8.1788785],[-78.8615066,-8.1781067],[-78.8604051,-8.1774265],[-78.8594132,-8.1769856],[-78.8580356,-8.176453],[-78.8571539,-8.1760121],[-78.8562355,-8.1753508],[-78.8557211,-8.1751303],[-78.8550482,-8.1748798],[-78.8543721,-8.1748635],[-78.8540127,-8.1748548],[-78.8527271,-8.1749467],[-78.8512576,-8.1750937],[-78.8500637,-8.1753325],[-78.849257,-8.1756366],[-78.848484,-8.176306],[-78.8478411,-8.1770773],[-78.8467206,-8.1778306],[-78.8453797,-8.1787857],[-78.84426,-8.179658],[-78.8432845,-8.1805146],[-78.841725,-8.1826392],[-78.8411667,-8.1836317],[-78.8407385,-8.1843931],[-78.8400897,-8.1852513],[-78.8397959,-8.1863167],[-78.8396122,-8.1874557],[-78.839704,-8.1882271],[-78.8401674,-8.1902941],[-78.8408336,-8.1911032],[-78.8415985,-8.1914591],[-78.8419062,-8.191767],[-78.8422275,-8.1922756],[-78.8426559,-8.1931053],[-78.8427361,-8.1938281],[-78.8426424,-8.1946446],[-78.8423881,-8.1955815],[-78.8422275,-8.1965318],[-78.8423212,-8.1975222],[-78.8427495,-8.1984458],[-78.8428566,-8.199704],[-78.842803,-8.2002927],[-78.8425487,-8.200922],[-78.8419196,-8.2019525],[-78.8411517,-8.2035938],[-78.8407167,-8.2048485],[-78.8404156,-8.206689],[-78.8401311,-8.2072411],[-78.8396125,-8.2077095],[-78.838642,-8.2087468],[-78.8383152,-8.2090962],[-78.8381235,-8.2096168],[-78.8379729,-8.2104533],[-78.8378595,-8.2110845],[-78.8378056,-8.2121263],[-78.8379396,-8.213398],[-78.8384414,-8.2143181],[-78.8389935,-8.2151045],[-78.8390767,-8.2155425],[-78.8390407,-8.2161177],[-78.838753,-8.2172861],[-78.8385374,-8.2180951],[-78.8381721,-8.219616],[-78.8379622,-8.2208812],[-78.8379442,-8.2217621],[-78.8379442,-8.2223912],[-78.8380342,-8.2241708],[-78.838124,-8.2255728],[-78.838146,-8.2274061],[-78.8374664,-8.2293145],[-78.8364206,-8.2300726],[-78.8343031,-8.2309091],[-78.8328795,-8.2314715],[-78.832454,-8.2316396],[-78.830382,-8.2319286],[-78.8281456,-8.2320778],[-78.827414,-8.2321266],[-78.8269449,-8.232158],[-78.8260084,-8.2323677],[-78.8246781,-8.232907],[-78.8235637,-8.2333203],[-78.8223414,-8.2334643],[-78.8209392,-8.2332485],[-78.8202819,-8.2331807],[-78.8194589,-8.233096],[-78.8179554,-8.2331767],[-78.8170026,-8.2331047],[-78.8164814,-8.2329968],[-78.816032,-8.2329608],[-78.8157084,-8.2330687],[-78.8153849,-8.2333563],[-78.8153419,-8.2338575],[-78.8153894,-8.2365937],[-78.8151039,-8.2372838],[-78.8144376,-8.2384497],[-78.8137,-8.2389495],[-78.8129955,-8.2394266],[-78.8128714,-8.2395107],[-78.8122905,-8.2399042],[-78.8120497,-8.2400673],[-78.8116996,-8.2403045],[-78.8102944,-8.2412752],[-78.8098904,-8.2415443],[-78.8090742,-8.242088],[-78.8087792,-8.2423828],[-78.8085447,-8.242707],[-78.8083945,-8.2431036],[-78.808336,-8.243502],[-78.8083652,-8.2439588],[-78.8086979,-8.2448607],[-78.8087877,-8.2451483],[-78.8088596,-8.2455258],[-78.8088057,-8.2457775],[-78.8086355,-8.2458915],[-78.8081082,-8.2460402],[-78.8071802,-8.246302],[-78.8062712,-8.2471976],[-78.8052106,-8.2482761],[-78.8040961,-8.2493187],[-78.8033591,-8.2499478],[-78.8030152,-8.2508218],[-78.8028581,-8.2517881],[-78.8026784,-8.2527093],[-78.8027007,-8.2534508],[-78.8028581,-8.2539901],[-78.8028581,-8.254462],[-78.8027457,-8.2550461],[-78.8026334,-8.2557202],[-78.8024536,-8.2565068],[-78.8024964,-8.2575516],[-78.8027661,-8.257929],[-78.803159,-8.2584848],[-78.8039204,-8.2591035],[-78.8048717,-8.2595937],[-78.806233,-8.2606205],[-78.8071159,-8.2618078],[-78.8081392,-8.2633122],[-78.8083716,-8.2643286],[-78.8081796,-8.2667177],[-78.808623,-8.2685802],[-78.8091457,-8.2697513],[-78.8102542,-8.2706297],[-78.8108606,-8.2709225],[-78.8118632,-8.2710717],[-78.8132402,-8.2712767],[-78.8146187,-8.2718255],[-78.8152612,-8.2723742],[-78.8153147,-8.2729632],[-78.8151025,-8.2734655],[-78.8147659,-8.2742615],[-78.8140299,-8.2755062],[-78.8137354,-8.2767376],[-78.813267,-8.2779957],[-78.8127362,-8.2796419],[-78.812343,-8.2809057],[-78.8115566,-8.2820572],[-78.80981,-8.2841042],[-78.8088884,-8.2851468],[-78.8083547,-8.2857367],[-78.8080739,-8.2863547],[-78.808073,-8.2868882],[-78.8091199,-8.2890773],[-78.8093341,-8.2898626],[-78.8098576,-8.290862],[-78.8107619,-8.2915757],[-78.8118087,-8.292028],[-78.812783,-8.2922967],[-78.813183,-8.2924967],[-78.8135305,-8.2927951],[-78.8141929,-8.2944512],[-78.8145572,-8.2958805],[-78.8148307,-8.2969534],[-78.81514,-8.2981668],[-78.815236,-8.2994712],[-78.8150394,-8.3005947],[-78.8147024,-8.3013811],[-78.8146402,-8.3021643],[-78.8145214,-8.3026165],[-78.8148782,-8.3038062],[-78.8154256,-8.3050673],[-78.8157372,-8.3069302],[-78.816187,-8.3082795],[-78.8167581,-8.3099927],[-78.8170674,-8.3102545],[-78.8179277,-8.3103858],[-78.8184454,-8.3104648],[-78.8193517,-8.3107066],[-78.8204937,-8.3106352],[-78.8221832,-8.3101356],[-78.8233136,-8.3100245],[-78.8240154,-8.3103497],[-78.8248006,-8.311135],[-78.8273705,-8.3125388],[-78.8280016,-8.3130847],[-78.8287981,-8.3140855],[-78.8300504,-8.3156588],[-78.8307106,-8.3167475],[-78.8316139,-8.3171847],[-78.8323795,-8.3174457],[-78.8328494,-8.3174806],[-78.8353027,-8.3174806],[-78.8370009,-8.3174999],[-78.8379644,-8.3175107],[-78.8393919,-8.3177357],[-78.84002,-8.31801],[-78.840259,-8.3182978],[-78.84095,-8.31913],[-78.84217,-8.32038],[-78.84282,-8.32079],[-78.84389,-8.32118],[-78.84406,-8.32131],[-78.8453,-8.32334],[-78.84594,-8.3242],[-78.84681,-8.32517],[-78.84814,-8.32642],[-78.84837,-8.32696],[-78.8486,-8.32776],[-78.84884,-8.3283],[-78.84904,-8.32849],[-78.85043,-8.329],[-78.85095,-8.32937],[-78.85183,-8.33017],[-78.85282,-8.33058],[-78.85436,-8.33079],[-78.85601,-8.33034],[-78.85728,-8.33079],[-78.85729,-8.33079],[-78.85812,-8.33102],[-78.85879,-8.33131],[-78.85937,-8.33171],[-78.8604,-8.33308],[-78.86135,-8.33373],[-78.86292,-8.33502],[-78.86399,-8.33578],[-78.86523,-8.33665],[-78.86551,-8.33699],[-78.8664,-8.33776],[-78.86724,-8.33829],[-78.86781,-8.33844],[-78.86882,-8.33822],[-78.86942,-8.33829],[-78.87036,-8.33868],[-78.87096,-8.33904],[-78.87129,-8.33933],[-78.8719,-8.34008],[-78.87248,-8.34044],[-78.87327,-8.34067],[-78.87514,-8.34066],[-78.87767,-8.34141],[-78.87833,-8.34175],[-78.87986,-8.34216],[-78.88137,-8.34266],[-78.88237,-8.34334],[-78.88308,-8.34395],[-78.88341,-8.34462],[-78.8834935,-8.344916],[-78.88398,-8.34664],[-78.8842,-8.34706],[-78.88477,-8.34845],[-78.88506,-8.34899],[-78.8864,-8.35007],[-78.88719,-8.35083],[-78.88858,-8.35291],[-78.88898,-8.35333],[-78.8895,-8.35422],[-78.88981,-8.35512],[-78.88992,-8.35568],[-78.89014,-8.35637],[-78.89036,-8.35783],[-78.89058,-8.35833],[-78.8913,-8.35928],[-78.89162,-8.36005],[-78.89183,-8.36185],[-78.89208,-8.36261],[-78.89215,-8.36334],[-78.89237,-8.36468],[-78.89243,-8.36543],[-78.89271,-8.3665],[-78.89316,-8.36686],[-78.8937542,-8.3670112],[-78.89426,-8.36714],[-78.89496,-8.36747],[-78.89567,-8.36794],[-78.8962,-8.36819],[-78.89759,-8.36911],[-78.89829,-8.36966],[-78.89868,-8.37013],[-78.8990217,-8.3704321],[-78.89937,-8.37074],[-78.899701,-8.3709426],[-78.9005224,-8.3714453],[-78.90053,-8.37145],[-78.901463,-8.3694531],[-78.902918,-8.367084],[-78.9033047,-8.3663086],[-78.9037715,-8.3655235],[-78.9051329,-8.3635878],[-78.9065682,-8.3617148],[-78.9069726,-8.3613281],[-78.9074902,-8.3609512],[-78.9089961,-8.3593496],[-78.9103574,-8.3576211],[-78.9131157,-8.3543532],[-78.9190616,-8.3453447],[-78.9267558,-8.3350473],[-78.9346235,-8.3245762],[-78.9379789,-8.3197167],[-78.941797,-8.3144523],[-78.9441111,-8.3120804],[-78.9455573,-8.3108656],[-78.9461358,-8.308378],[-78.9460201,-8.3065267],[-78.9462515,-8.3057168],[-78.9488548,-8.3020722],[-78.9546399,-8.2951301],[-78.9572432,-8.2925268],[-78.9585738,-8.2898656],[-78.9582267,-8.2885929],[-78.9570118,-8.2873202],[-78.9557391,-8.286221],[-78.9554499,-8.2846012],[-78.9555656,-8.2825186],[-78.9562019,-8.2807252],[-78.9573589,-8.2781797],[-78.9586317,-8.2744773],[-78.9594994,-8.2712376],[-78.9596151,-8.2677666],[-78.9610035,-8.2645848],[-78.9625655,-8.2618658],[-78.9643589,-8.2594939],[-78.9674829,-8.2554443],[-78.9706068,-8.2522625],[-78.975177,-8.2464196],[-78.9801522,-8.2418493],[-78.9829666,-8.2382462],[-78.9841271,-8.2371331],[-78.9855007,-8.2362094],[-78.9867559,-8.2349069],[-78.9875848,-8.2341017],[-78.9880585,-8.2335333],[-78.9882479,-8.2328938],[-78.9887216,-8.2323965],[-78.9890768,-8.2324675],[-78.9895742,-8.2327044],[-78.9900242,-8.2328701],[-78.9934108,-8.2359252],[-78.9936003,-8.2357595],[-78.9864717,-8.2295545],[-78.986969,-8.2288203],[-78.9882953,-8.227352],[-78.9909004,-8.2256942],[-78.990711,-8.2255521],[-78.9880821,-8.2271625],[-78.9867796,-8.2286309],[-78.9861875,-8.2293651],[-78.9858796,-8.2296729],[-78.9852639,-8.2297913],[-78.9846481,-8.2299335],[-78.9839613,-8.229744],[-78.9834341,-8.2293882],[-78.9835176,-8.2290469],[-78.983584,-8.2289492],[-78.9835586,-8.2289219],[-78.9835039,-8.2288906],[-78.9834503,-8.2288353],[-78.9834001,-8.2287835],[-78.9833223,-8.2287031],[-78.9833569,-8.2286626],[-78.9845879,-8.2272226],[-78.9844238,-8.227084],[-78.9831511,-8.2285479],[-78.9831367,-8.2285644],[-78.9829844,-8.2284863],[-78.9829004,-8.2284277],[-78.9827949,-8.2284199],[-78.9825895,-8.228349],[-78.9824336,-8.2282617],[-78.9823535,-8.2281523],[-78.9836426,-8.2266426],[-78.9834355,-8.2264609],[-78.9822012,-8.2278984],[-78.9820664,-8.2279609],[-78.9819335,-8.227958],[-78.9818867,-8.227957],[-78.9816797,-8.2279023],[-78.9815215,-8.2278535],[-78.981418,-8.2278105],[-78.9813164,-8.2277422],[-78.981209,-8.2276269],[-78.9811367,-8.2274805],[-78.9810879,-8.2273203],[-78.9810586,-8.2271328],[-78.9810156,-8.2268848],[-78.9809785,-8.2266484],[-78.9808965,-8.2261387],[-78.9808516,-8.2259004],[-78.9808086,-8.2256738],[-78.980707,-8.2246032],[-78.9808546,-8.2245313],[-78.9810366,-8.2243911],[-78.9812986,-8.2241402],[-78.9814745,-8.2239785],[-78.9814745,-8.2239069],[-78.9823299,-8.2240683],[-78.9823461,-8.2239392],[-78.9815067,-8.2237455],[-78.9815067,-8.2235679],[-78.9814906,-8.2232612],[-78.981539,-8.2227124],[-78.9819103,-8.2215664],[-78.9820233,-8.2209853],[-78.9822011,-8.2205137],[-78.9820717,-8.2201621],[-78.9820555,-8.2199038],[-78.9821201,-8.2196133],[-78.9820878,-8.2193873],[-78.9821201,-8.2191775],[-78.9843153,-8.2208723],[-78.9844122,-8.220727],[-78.9821479,-8.2188966],[-78.982217,-8.2184672],[-78.9822977,-8.2181283],[-78.9823138,-8.2178054],[-78.9825559,-8.2172082],[-78.9826851,-8.2169015],[-78.9827496,-8.2167078],[-78.9828626,-8.2163689],[-78.9829595,-8.215933],[-78.9850901,-8.2179346],[-78.9851708,-8.2178216],[-78.9830563,-8.2158201],[-78.9830886,-8.2155456],[-78.9832016,-8.2150775],[-78.9831532,-8.214674],[-78.9837504,-8.2135441],[-78.9838175,-8.2133742],[-78.9870194,-8.2160107],[-78.987142,-8.2159056],[-78.9838831,-8.2132079],[-78.9839925,-8.2129307],[-78.9842346,-8.2125918],[-78.9848157,-8.2120268],[-78.9855744,-8.2111713],[-78.9861555,-8.2104772],[-78.9868334,-8.2095895],[-78.9873499,-8.2090245],[-78.9877373,-8.2083789],[-78.988383,-8.2077978],[-78.9893353,-8.2066356],[-78.9906266,-8.2052636],[-78.9915305,-8.2045534],[-78.9923699,-8.2035526],[-78.9930801,-8.2029554],[-78.9936612,-8.2023097],[-78.9942584,-8.2017447],[-78.994775,-8.2010829],[-78.9952697,-8.2005268],[-78.9960548,-8.1998459],[-78.9967918,-8.1990928],[-78.9974246,-8.1981395],[-78.9981216,-8.1975387],[-78.9989625,-8.1969082],[-78.9988829,-8.1965742],[-78.9982031,-8.19492],[-78.997793,-8.1941641],[-78.9974492,-8.1929688],[-78.997207,-8.1921718],[-78.9970761,-8.1911895],[-78.9969707,-8.1904472],[-78.996918,-8.1895703],[-78.9968652,-8.1885625],[-78.9968379,-8.1875273],[-78.9970117,-8.1862773],[-78.997125,-8.184285],[-78.9974257,-8.1818047],[-78.997502,-8.1801485],[-78.9973125,-8.17925],[-78.9968614,-8.1781972],[-78.9959703,-8.1766175],[-78.9959699,-8.1766167],[-78.9946382,-8.1740745],[-78.9944201,-8.173646],[-78.9942206,-8.1732826],[-78.9940432,-8.1728967],[-78.993959,-8.1726483],[-78.9939014,-8.1725641],[-78.9938349,-8.172511],[-78.9933826,-8.1724356],[-78.9928994,-8.1723513],[-78.9917891,-8.1721093],[-78.9898261,-8.1717715],[-78.9875704,-8.1713163],[-78.9859316,-8.1710645],[-78.9843672,-8.1709492],[-78.9830195,-8.1708906],[-78.9818417,-8.1709472],[-78.9806152,-8.170959],[-78.9796347,-8.170959],[-78.978916,-8.1709863],[-78.9782792,-8.1709863],[-78.9776699,-8.1709082],[-78.9770312,-8.1707207],[-78.9762365,-8.1704551],[-78.9753066,-8.1702168],[-78.9743496,-8.1697382],[-78.9737031,-8.1694786],[-78.9719531,-8.1687187],[-78.9714824,-8.1685195],[-78.9710059,-8.1683847],[-78.9704746,-8.1682246],[-78.9698105,-8.1680898],[-78.9694962,-8.1680565],[-78.9691691,-8.1680307],[-78.9686166,-8.1679871],[-78.9669299,-8.167854],[-78.9668264,-8.1678527],[-78.9655332,-8.1678366],[-78.9651916,-8.1678323],[-78.9643024,-8.1678213],[-78.963456,-8.1678108],[-78.9625574,-8.1675698],[-78.9620672,-8.1671777],[-78.9617535,-8.166668],[-78.960636,-8.166668],[-78.9591912,-8.1671161],[-78.9583122,-8.167681]]]]}},
{"type":"Feature","properties":{"ubigeo":"130110","nombre":"SIMBAL"},"geometry":{"type":"MultiPolygon","coordinates":[[[[-78.8094265,-7.7981603],[-78.8076755,-7.7990926],[-78.8054414,-7.7996566],[-78.8052815,-7.7996903],[-78.8033319,-7.800101],[-78.8015422,-7.8003318],[-78.7999655,-7.8001985],[-78.7992361,-7.8002456],[-78.798241,-7.80031],[-78.7965151,-7.8000711],[-78.7940704,-7.7998561],[-78.7931434,-7.7997872],[-78.7915755,-7.7999567],[-78.7898017,-7.8000932],[-78.7880961,-7.7999567],[-78.786891,-7.799934],[-78.7842531,-7.7998431],[-78.7835026,-7.7998658],[-78.7816589,-7.7997132],[-78.7801167,-7.7998231],[-78.7784747,-7.8001172],[-78.776848,-7.800482],[-78.7757055,-7.8006808],[-78.7750674,-7.8008685],[-78.7745202,-7.8011165],[-78.7740655,-7.8015031],[-78.7736561,-7.8022536],[-78.7736106,-7.8030495],[-78.7737926,-7.8038453],[-78.7742246,-7.8046867],[-78.7750432,-7.8058691],[-78.7764315,-7.8070925],[-78.7769829,-7.8077052],[-78.7773505,-7.8088386],[-78.7782082,-7.8111668],[-78.7786984,-7.8122696],[-78.7793536,-7.8131278],[-78.780377,-7.8140872],[-78.7815167,-7.8165583],[-78.781731,-7.8182738],[-78.7814861,-7.8199893],[-78.7809652,-7.8215822],[-78.7798206,-7.8224495],[-78.77982,-7.82245],[-78.7794347,-7.8230843],[-78.7790999,-7.8234963],[-78.778765,-7.8237926],[-78.778134,-7.8242433],[-78.7767561,-7.8250417],[-78.7752159,-7.8259342],[-78.7738457,-7.8265936],[-78.7734594,-7.8269732],[-78.7727769,-7.827862],[-78.7722322,-7.828571],[-78.771719,-7.829428],[-78.7705044,-7.8305545],[-78.7692097,-7.8321888],[-78.7679024,-7.8333191],[-78.7680289,-7.8336805],[-78.7691311,-7.8345477],[-78.7706176,-7.8357545],[-78.7720041,-7.8366076],[-78.7725642,-7.8372401],[-78.7729435,-7.8384326],[-78.7729169,-7.8387306],[-78.7727811,-7.8402395],[-78.7728895,-7.8413417],[-78.7732327,-7.8423536],[-78.7736665,-7.8435822],[-78.7742627,-7.8446482],[-78.7757082,-7.847395],[-78.7758527,-7.8485332],[-78.7755817,-7.8504666],[-78.7754191,-7.8516772],[-78.7752204,-7.8527975],[-78.7747145,-7.8543876],[-78.7749855,-7.854749],[-78.7755817,-7.8549657],[-78.776413,-7.8552368],[-78.7769911,-7.855273],[-78.7776671,-7.8554026],[-78.7781731,-7.8556556],[-78.7787062,-7.8558831],[-78.7793401,-7.8562667],[-78.7802285,-7.8566622],[-78.7805411,-7.85696],[-78.780824,-7.8573025],[-78.7810027,-7.8577788],[-78.7812207,-7.8585958],[-78.7813945,-7.8591445],[-78.781628,-7.8598037],[-78.7819705,-7.860444],[-78.7822831,-7.8609798],[-78.7826552,-7.8618435],[-78.783102,-7.8630345],[-78.78317,-7.86337],[-78.7831594,-7.8634337],[-78.78314,-7.86355],[-78.78328,-7.86415],[-78.7832807,-7.8642581],[-78.783284,-7.8648026],[-78.7832875,-7.8654072],[-78.78329,-7.86583],[-78.783246,-7.8664773],[-78.78322,-7.86686],[-78.78311,-7.86754],[-78.78277,-7.86881],[-78.78175,-7.87083],[-78.78135,-7.87123],[-78.78002,-7.87354],[-78.77991,-7.87396],[-78.77985,-7.87487],[-78.77994,-7.87665],[-78.78011,-7.87763],[-78.78004,-7.87835],[-78.77997,-7.88004],[-78.78003,-7.8806],[-78.78019,-7.88133],[-78.780205,-7.8824712],[-78.780212,-7.8830092],[-78.7802187,-7.8835217],[-78.7802191,-7.8835518],[-78.7802196,-7.8835843],[-78.7802197,-7.8835975],[-78.78022,-7.8836161],[-78.7802199,-7.8836183],[-78.78022,-7.88362],[-78.779731,-7.8840011],[-78.7793469,-7.8841757],[-78.7780196,-7.8846122],[-78.7767972,-7.8845251],[-78.7755574,-7.8842283],[-78.7740381,-7.8835471],[-78.7727459,-7.8829185],[-78.7716981,-7.8824295],[-78.7705801,-7.8818238],[-78.7687964,-7.8813783],[-78.7668927,-7.8813546],[-78.7653224,-7.8813783],[-78.7637792,-7.8814218],[-78.7622529,-7.881664],[-78.7613724,-7.8818543],[-78.7604206,-7.882116],[-78.7591922,-7.8826303],[-78.7582791,-7.8829965],[-78.7558045,-7.8834723],[-78.7548527,-7.8836151],[-78.7540912,-7.8836865],[-78.752616,-7.8841147],[-78.7507124,-7.8842576],[-78.7488597,-7.8844025],[-78.748027,-7.8845782],[-78.7467007,-7.8853188],[-78.7463514,-7.8855332],[-78.7454062,-7.8861135],[-78.7441689,-7.8867083],[-78.7434075,-7.886875],[-78.7424861,-7.8868772],[-78.741837,-7.8868788],[-78.739648,-7.8866846],[-78.737656,-7.886449],[-78.7354839,-7.8862563],[-78.7343655,-7.8861373],[-78.7335917,-7.8859608],[-78.7330092,-7.885828],[-78.7309154,-7.8851855],[-78.7308775,-7.8851687],[-78.7296674,-7.8847332],[-78.7286575,-7.8840261],[-78.7272264,-7.8833638],[-78.7294386,-7.8862228],[-78.7302292,-7.8871716],[-78.7309804,-7.8879623],[-78.7312147,-7.8884751],[-78.7316129,-7.889346],[-78.7320872,-7.89069],[-78.7322454,-7.8920736],[-78.732443,-7.8942478],[-78.7324035,-7.8963826],[-78.7327656,-7.8992578],[-78.732898,-7.900198],[-78.7330045,-7.9009531],[-78.733582,-7.9022207],[-78.7341935,-7.9030446],[-78.7344806,-7.9035366],[-78.7351966,-7.9048602],[-78.7357312,-7.9062633],[-78.7365555,-7.9085767],[-78.7366745,-7.9096052],[-78.7367641,-7.9102633],[-78.7367974,-7.9105073],[-78.7365514,-7.9111635],[-78.7359977,-7.9119836],[-78.7357007,-7.9124232],[-78.7345119,-7.9145147],[-78.733558,-7.9162071],[-78.7333166,-7.9177537],[-78.7328137,-7.9200731],[-78.7327174,-7.9207047],[-78.7326405,-7.9216273],[-78.7325069,-7.9229977],[-78.732314,-7.9251183],[-78.7323257,-7.9259968],[-78.732065,-7.9271616],[-78.7319275,-7.927776],[-78.731741,-7.92772],[-78.730881,-7.92763],[-78.730121,-7.92748],[-78.728281,-7.92744],[-78.7279284,-7.9273598],[-78.727841,-7.92734],[-78.727321,-7.92712],[-78.726121,-7.92688],[-78.725661,-7.92669],[-78.725101,-7.92664],[-78.724331,-7.92673],[-78.723741,-7.92691],[-78.722681,-7.92737],[-78.721971,-7.92748],[-78.7216067,-7.927452],[-78.720931,-7.9274],[-78.7202704,-7.927237],[-78.720186,-7.9272162],[-78.720161,-7.92721],[-78.7201522,-7.927208],[-78.72015,-7.92721],[-78.7201107,-7.9272391],[-78.71965,-7.92758],[-78.71831,-7.92924],[-78.71719,-7.93027],[-78.71645,-7.93063],[-78.7152,-7.9309],[-78.71437,-7.93098],[-78.71387,-7.9311],[-78.7136717,-7.9312322],[-78.7136,-7.93128],[-78.71314,-7.93181],[-78.71075,-7.93359],[-78.70722,-7.93527],[-78.7067,-7.93562],[-78.70582,-7.9364],[-78.7053164,-7.9366697],[-78.70455,-7.93708],[-78.70344,-7.93775],[-78.70284,-7.938],[-78.7025307,-7.9382006],[-78.7020769,-7.9384948],[-78.7020559,-7.9385085],[-78.70193,-7.93859],[-78.7006182,-7.9393671],[-78.6992216,-7.9400558],[-78.6984404,-7.9402713],[-78.6974975,-7.9404061],[-78.6966624,-7.9406485],[-78.6963352,-7.9410597],[-78.6957194,-7.9418338],[-78.695019,-7.9423996],[-78.6937714,-7.9437845],[-78.6941061,-7.9441453],[-78.6947282,-7.9453967],[-78.6955015,-7.9467385],[-78.695555,-7.9468333],[-78.6961034,-7.9480347],[-78.6966601,-7.9487207],[-78.6968791,-7.9488105],[-78.6977275,-7.9490771],[-78.6984276,-7.9491461],[-78.6984921,-7.949168],[-78.7005867,-7.9501896],[-78.701628,-7.9507576],[-78.7023537,-7.9511993],[-78.7035539,-7.9521883],[-78.7047201,-7.9532187],[-78.7051935,-7.9537233],[-78.7056019,-7.9542632],[-78.7060769,-7.954891],[-78.7063609,-7.9557745],[-78.7063609,-7.9565632],[-78.7064871,-7.958772],[-78.7059507,-7.9603181],[-78.7057614,-7.9614855],[-78.7056982,-7.963],[-78.7059191,-7.9642937],[-78.7073075,-7.9656188],[-78.708538,-7.9678276],[-78.7095792,-7.9685217],[-78.7106836,-7.969563],[-78.7120404,-7.9702887],[-78.7131132,-7.9714561],[-78.714186,-7.9724027],[-78.7150694,-7.9735386],[-78.715732,-7.9746113],[-78.7165209,-7.9755266],[-78.7178776,-7.9760628],[-78.7187611,-7.9760905],[-78.7199444,-7.9760195],[-78.7210565,-7.9759721],[-78.7218847,-7.9757591],[-78.7227131,-7.9754751],[-78.7238726,-7.9748836],[-78.7251005,-7.9741671],[-78.7278956,-7.9729903],[-78.7294177,-7.9719817],[-78.7302384,-7.9718545],[-78.7311849,-7.9720675],[-78.7325339,-7.9725407],[-78.7338827,-7.9727537],[-78.7343541,-7.9724792],[-78.7351606,-7.9719018],[-78.7353252,-7.9718851],[-78.7370301,-7.9717125],[-78.7376927,-7.9714758],[-78.738308,-7.9714048],[-78.7394202,-7.9718545],[-78.7405794,-7.9720911],[-78.7405801,-7.9720911],[-78.7422836,-7.9721385],[-78.7442477,-7.9722805],[-78.7453599,-7.9725171],[-78.7467089,-7.9727537],[-78.7475135,-7.9727301],[-78.7491226,-7.9729193],[-78.7502585,-7.9735347],[-78.7512761,-7.9741972],[-78.7518914,-7.974292],[-78.753122,-7.9740553],[-78.7548257,-7.9737713],[-78.7564824,-7.9734637],[-78.7579922,-7.9737706],[-78.7589695,-7.9743925],[-78.7604797,-7.9754585],[-78.7618567,-7.9762136],[-78.7637,-7.9761615],[-78.7642206,-7.9761851],[-78.7647176,-7.9764691],[-78.7666344,-7.9794745],[-78.767297,-7.9805157],[-78.7679992,-7.9821422],[-78.7691366,-7.9846202],[-78.7688522,-7.9860421],[-78.768771,-7.9875045],[-78.7692177,-7.9884388],[-78.7699491,-7.9896575],[-78.7709646,-7.9910793],[-78.7714067,-7.991627],[-78.7721175,-7.9923377],[-78.7735407,-7.9935831],[-78.7743829,-7.9948696],[-78.7751822,-7.9960688],[-78.7763372,-7.9976236],[-78.777359,-7.9987785],[-78.77866,-8.00027],[-78.7794,-8.00071],[-78.78037,-8.00144],[-78.78114,-8.00219],[-78.783,-8.00343],[-78.78367,-8.00373],[-78.78486,-8.00393],[-78.78607,-8.00439],[-78.7882,-8.0057],[-78.78904,-8.00639],[-78.7902,-8.00724],[-78.79116,-8.00776],[-78.79207,-8.00814],[-78.79245,-8.00855],[-78.79327,-8.00976],[-78.79497,-8.01207],[-78.79616,-8.01329],[-78.7980852,-8.0147992],[-78.79815,-8.01485],[-78.79901,-8.01539],[-78.80006,-8.01587],[-78.8018,-8.0169],[-78.80323,-8.01751],[-78.80428,-8.01803],[-78.80703,-8.01896],[-78.8089,-8.01939],[-78.81001,-8.01936],[-78.81065,-8.0191],[-78.81188,-8.01844],[-78.81368,-8.01776],[-78.81433,-8.01762],[-78.81637,-8.01755],[-78.81723,-8.01739],[-78.8176031,-8.0172516],[-78.81785,-8.01716],[-78.81894,-8.01651],[-78.81958,-8.01628],[-78.82075,-8.01624],[-78.82139,-8.01615],[-78.82276,-8.01571],[-78.8231231,-8.0155134],[-78.82324,-8.01545],[-78.82421,-8.01477],[-78.82493,-8.01447],[-78.82574,-8.01436],[-78.82641,-8.01456],[-78.8273476,-8.0148125],[-78.8276406,-8.0147735],[-78.8277989,-8.0146972],[-78.8280117,-8.0146328],[-78.8282579,-8.0146016],[-78.8283829,-8.0146016],[-78.8285684,-8.0146211],[-78.8287382,-8.0146642],[-78.8288555,-8.0146972],[-78.8289726,-8.0147656],[-78.8291094,-8.0148965],[-78.8292539,-8.015],[-78.8293574,-8.0151093],[-78.8293945,-8.0151504],[-78.8295156,-8.0152811],[-78.8296114,-8.0153906],[-78.8296934,-8.0155],[-78.8298145,-8.0155488],[-78.8299472,-8.015541],[-78.8300567,-8.0155],[-78.8301524,-8.015377],[-78.8302695,-8.0152402],[-78.830334,-8.0151191],[-78.8304629,-8.0149375],[-78.830623,-8.014752],[-78.830875,-8.0146075],[-78.8310312,-8.0144766],[-78.8311621,-8.0143808],[-78.8313007,-8.014334],[-78.8314707,-8.0143262],[-78.831623,-8.0143262],[-78.8317187,-8.0143398],[-78.8319101,-8.0143125],[-78.8320449,-8.0143027],[-78.8321407,-8.014295],[-78.8329004,-8.0139316],[-78.8332792,-8.013711],[-78.8338417,-8.0133847],[-78.8340742,-8.0132617],[-78.8342579,-8.0132012],[-78.8343965,-8.0131465],[-78.8345742,-8.0130762],[-78.8347187,-8.0130215],[-78.8348145,-8.013008],[-78.8352754,-8.013008],[-78.8354941,-8.013043],[-78.8356445,-8.0131114],[-78.835875,-8.0132012],[-78.8362285,-8.0133593],[-78.8366816,-8.0135703],[-78.8371191,-8.01375],[-78.8376641,-8.0140236],[-78.8383829,-8.0142012],[-78.8385079,-8.0142655],[-78.838625,-8.014291],[-78.8388926,-8.0143203],[-78.8390996,-8.0143125],[-78.8392851,-8.0143125],[-78.8394766,-8.014291],[-78.8396211,-8.014209],[-78.8397579,-8.014086],[-78.8398672,-8.0139628],[-78.8399395,-8.0138847],[-78.8399706,-8.0138535],[-78.8401016,-8.0136816],[-78.8402109,-8.0135235],[-78.840334,-8.0133516],[-78.840459,-8.0132012],[-78.8406152,-8.013084],[-78.840746,-8.0129882],[-78.8407969,-8.0129395],[-78.8409316,-8.0129003],[-78.841082,-8.012877],[-78.8412187,-8.0128691],[-78.8413691,-8.0128086],[-78.8418047,-8.0128847],[-78.842168,-8.0127812],[-78.8422579,-8.0126992],[-78.8424004,-8.0125683],[-78.8427656,-8.0124745],[-78.8430254,-8.0124668],[-78.8432597,-8.012459],[-78.843582,-8.0125488],[-78.8438632,-8.0126992],[-78.8443145,-8.0128691],[-78.8445156,-8.0129882],[-78.844748,-8.0131172],[-78.8449824,-8.0131114],[-78.8451914,-8.0130468],[-78.845377,-8.0129902],[-78.8456132,-8.0129395],[-78.8457656,-8.0129805],[-78.8459024,-8.0130683],[-78.8462305,-8.0133985],[-78.8463886,-8.0136132],[-78.8464551,-8.0137012],[-78.8465742,-8.0137559],[-78.8466875,-8.0137226],[-78.8468036,-8.013643],[-78.8468341,-8.0135627],[-78.84709,-8.01289],[-78.84754,-8.01246],[-78.84781,-8.01187],[-78.84787,-8.01103],[-78.84816,-8.00989],[-78.8485,-8.00895],[-78.84902,-8.00829],[-78.84944,-8.00796],[-78.85023,-8.00766],[-78.85115,-8.00748],[-78.85164,-8.00729],[-78.85211,-8.00701],[-78.85274,-8.00646],[-78.85379,-8.00626],[-78.85529,-8.00578],[-78.85666,-8.00572],[-78.85984,-8.00592],[-78.86131,-8.00573],[-78.86196,-8.00572],[-78.8627,-8.00583],[-78.86328,-8.00603],[-78.86381,-8.00599],[-78.8653,-8.00569],[-78.86729,-8.00542],[-78.86795,-8.00515],[-78.86887,-8.00429],[-78.86939,-8.00399],[-78.87069,-8.0041],[-78.87183,-8.0041],[-78.87327,-8.00382],[-78.87409,-8.00372],[-78.87467,-8.00378],[-78.87607,-8.00404],[-78.87718,-8.00414],[-78.87849,-8.00414],[-78.87949,-8.00429],[-78.8805,-8.00453],[-78.88217,-8.00508],[-78.88466,-8.00557],[-78.8862499,-8.0058143],[-78.8876794,-8.0060631],[-78.8895259,-8.0063718],[-78.8903344,-8.0064416],[-78.8915194,-8.0064835],[-78.8926625,-8.0064695],[-78.893471,-8.0064277],[-78.8940844,-8.0063022],[-78.8945235,-8.0061465],[-78.8952851,-8.0056367],[-78.8956699,-8.0052753],[-78.8962172,-8.004936],[-78.896761,-8.0046573],[-78.8970991,-8.0044498],[-78.8984477,-8.0033887],[-78.8998836,-8.002357],[-78.9016262,-8.0010327],[-78.902867,-8.000489],[-78.9040101,-7.9998198],[-78.9044004,-7.9994435],[-78.9045816,-7.9992762],[-78.9045933,-7.9991069],[-78.9046095,-7.9988718],[-78.904721,-7.9983282],[-78.9051114,-7.9968226],[-78.9049301,-7.9949546],[-78.904484,-7.9937697],[-78.9046374,-7.9928915],[-78.904958,-7.9921385],[-78.9052229,-7.991581],[-78.905432,-7.9914835],[-78.9064079,-7.9920968],[-78.9074674,-7.9923617],[-78.9084571,-7.9924871],[-78.9095724,-7.9923061],[-78.9096699,-7.9920271],[-78.9097536,-7.9913161],[-78.9101021,-7.9903961],[-78.9105481,-7.989713],[-78.9111615,-7.988584],[-78.9116495,-7.9877056],[-78.9125416,-7.9867576],[-78.9134755,-7.9864927],[-78.9138939,-7.9862697],[-78.9143121,-7.9856423],[-78.9144655,-7.985029],[-78.9146187,-7.9838718],[-78.9149395,-7.9831052],[-78.9155946,-7.9820875],[-78.9161385,-7.9812928],[-78.9173652,-7.9800661],[-78.91763,-7.9796478],[-78.9178809,-7.9791878],[-78.9182572,-7.9783932],[-78.9187591,-7.9776962],[-78.9192472,-7.9770828],[-78.9192331,-7.9762882],[-78.9190351,-7.9756916],[-78.9178529,-7.9734862],[-78.9171281,-7.9725382],[-78.9167796,-7.9719667],[-78.9165842,-7.9711023],[-78.9165842,-7.9702798],[-78.9167601,-7.969785],[-78.9171172,-7.9695866],[-78.9182656,-7.9689487],[-78.9193029,-7.9683575],[-78.9199831,-7.9680452],[-78.9208195,-7.9678445],[-78.9214217,-7.967666],[-78.9219014,-7.9674541],[-78.921801,-7.9667181],[-78.9218079,-7.9655881],[-78.9218166,-7.9646802],[-78.9218515,-7.9639992],[-78.9218602,-7.9635103],[-78.921965,-7.9629167],[-78.9222617,-7.9621738],[-78.9224297,-7.9617285],[-78.9226426,-7.9613027],[-78.9228555,-7.9610253],[-78.9230469,-7.9607735],[-78.9233652,-7.9603906],[-78.9235976,-7.9599883],[-78.9243399,-7.9590528],[-78.9244942,-7.9583175],[-78.9246851,-7.9577991],[-78.9250671,-7.9574307],[-78.9256127,-7.9571852],[-78.9262811,-7.9569943],[-78.9268676,-7.9569397],[-78.9275631,-7.9567487],[-78.9282044,-7.9563941],[-78.9290364,-7.9559441],[-78.9301382,-7.9554417],[-78.930707,-7.955],[-78.9308851,-7.9542875],[-78.9311261,-7.9533237],[-78.9312305,-7.9526347],[-78.931481,-7.9517161],[-78.931502,-7.950547],[-78.9313766,-7.9493987],[-78.9311989,-7.9475937],[-78.9308532,-7.9463838],[-78.9305075,-7.9451931],[-78.9304997,-7.9436575],[-78.9308129,-7.9422796],[-78.9310217,-7.9414446],[-78.9314392,-7.9401292],[-78.9315436,-7.9387305],[-78.9314392,-7.9380207],[-78.9306995,-7.9367618],[-78.9298737,-7.9359168],[-78.92917,-7.9348317],[-78.9288714,-7.934221],[-78.9287599,-7.9335932],[-78.9285581,-7.9329057],[-78.9285372,-7.9317575],[-78.9286417,-7.9308388],[-78.9286835,-7.929628],[-78.9286626,-7.9275193],[-78.9288714,-7.9256405],[-78.9298735,-7.9235318],[-78.9299779,-7.9219452],[-78.9298109,-7.9205882],[-78.9300405,-7.9190641],[-78.9303536,-7.9181665],[-78.9307711,-7.9170808],[-78.9315227,-7.9162248],[-78.9323579,-7.9155776],[-78.933005,-7.9151808],[-78.9334226,-7.9140327],[-78.9336522,-7.9130306],[-78.9337984,-7.9120493],[-78.934195,-7.9114231],[-78.9350927,-7.9107341],[-78.9356146,-7.9102331],[-78.9361366,-7.909064],[-78.9372849,-7.9072893],[-78.9375354,-7.9066213],[-78.9380289,-7.9053405],[-78.9387121,-7.904623],[-78.9401032,-7.9035522],[-78.9415897,-7.9025482],[-78.9427822,-7.900657],[-78.9432432,-7.899926],[-78.9438445,-7.8990908],[-78.9443121,-7.8984397],[-78.9447632,-7.897972],[-78.9455146,-7.8974207],[-78.9458171,-7.8969212],[-78.9460222,-7.8963057],[-78.9455777,-7.8955193],[-78.945253,-7.8944595],[-78.9450649,-7.893639],[-78.9447059,-7.8928526],[-78.9438682,-7.8921687],[-78.943099,-7.8920148],[-78.9414577,-7.892357],[-78.9403296,-7.8924936],[-78.9391159,-7.8924422],[-78.9378166,-7.8920491],[-78.9369106,-7.8918097],[-78.9350464,-7.8919497],[-78.933998,-7.8923476],[-78.9317916,-7.8928563],[-78.9306642,-7.8933162],[-78.9289785,-7.8933312],[-78.9281066,-7.8931261],[-78.9266021,-7.8926643],[-78.925303,-7.891673],[-78.9245337,-7.8908525],[-78.9234739,-7.88969],[-78.9226704,-7.8889891],[-78.9216789,-7.8883566],[-78.9204074,-7.8879412],[-78.9191146,-7.8877753],[-78.9179692,-7.8877753],[-78.9169435,-7.8874676],[-78.9162085,-7.8872796],[-78.9152854,-7.8870573],[-78.9142254,-7.8866641],[-78.913301,-7.8861893],[-78.9129155,-7.8861396],[-78.9119107,-7.8861471],[-78.9109014,-7.8863261],[-78.9100931,-7.8869105],[-78.9094964,-7.8869975],[-78.9086652,-7.8868367],[-78.9073081,-7.8865748],[-78.9064875,-7.8867613],[-78.9058285,-7.8869851],[-78.904236,-7.8877061],[-78.9038267,-7.8876813],[-78.9033669,-7.887383],[-78.9024217,-7.8861396],[-78.9020612,-7.8853812],[-78.9015887,-7.8847596],[-78.9010914,-7.8840757],[-78.9001714,-7.8828572],[-78.8997522,-7.8824305],[-78.8994875,-7.882161],[-78.8987905,-7.8815748],[-78.8983934,-7.8812408],[-78.8979457,-7.8808431],[-78.8971817,-7.8802535],[-78.8964466,-7.8798945],[-78.8960192,-7.8794671],[-78.8959681,-7.8791936],[-78.8956456,-7.8780207],[-78.8952226,-7.876668],[-78.8946004,-7.8758942],[-78.8939165,-7.8753131],[-78.8933524,-7.8749541],[-78.8930617,-7.874578],[-78.8929316,-7.8742481],[-78.8925125,-7.8729728],[-78.8918654,-7.8719463],[-78.8913547,-7.8709262],[-78.890942,-7.870082],[-78.8904634,-7.8694323],[-78.8900189,-7.8691588],[-78.8894376,-7.8689023],[-78.8893834,-7.8688356],[-78.8890615,-7.8684408],[-78.8887196,-7.8677057],[-78.8884461,-7.8671245],[-78.8885487,-7.8660646],[-78.8887539,-7.8651073],[-78.8890274,-7.863979],[-78.8892837,-7.863603],[-78.8894376,-7.8630901],[-78.8894041,-7.8627028],[-78.8892051,-7.8611113],[-78.8890274,-7.8602693],[-78.8887539,-7.859637],[-78.8882751,-7.8589702],[-78.8878477,-7.8584402],[-78.8872011,-7.8569316],[-78.8868614,-7.8560391],[-78.8864249,-7.8545341],[-78.8863119,-7.8541446],[-78.8861161,-7.85316],[-78.8862709,-7.8525076],[-78.8862834,-7.8519356],[-78.8860969,-7.850456],[-78.8859974,-7.8494613],[-78.8858499,-7.8487097],[-78.8856309,-7.8475937],[-78.8857239,-7.846639],[-78.8854294,-7.8453526],[-78.8852626,-7.8446251],[-78.8851395,-7.843195],[-78.8850125,-7.8427935],[-78.884754,-7.8419765],[-78.8842442,-7.8411683],[-78.8838961,-7.8406835],[-78.8826652,-7.8400742],[-78.8819069,-7.839664],[-78.8813971,-7.839092],[-78.8811361,-7.8383211],[-78.8811666,-7.8373222],[-78.8809171,-7.8366522],[-78.8798305,-7.835735],[-78.8781036,-7.8343703],[-78.8770437,-7.8336182],[-78.8760864,-7.8329173],[-78.875168,-7.8323531],[-78.8747017,-7.8320455],[-78.8742355,-7.8319926],[-78.8732656,-7.8322163],[-78.8724202,-7.8321916],[-78.8694486,-7.8312217],[-78.8683919,-7.8310352],[-78.8675947,-7.8310953],[-78.8668652,-7.8308521],[-78.8653955,-7.8300912],[-78.8639016,-7.8296121],[-78.8631377,-7.8292303],[-78.8620485,-7.8273062],[-78.8614119,-7.8268253],[-78.8592871,-7.8265721],[-78.8578159,-7.8263231],[-78.8567181,-7.8258365],[-78.8558354,-7.825282],[-78.8551902,-7.824286],[-78.8544434,-7.822679],[-78.8543076,-7.8212191],[-78.8541379,-7.8206646],[-78.8539115,-7.820359],[-78.8532551,-7.8198271],[-78.8529382,-7.8193517],[-78.8526779,-7.8184577],[-78.8523271,-7.8179258],[-78.851648,-7.8172128],[-78.8508445,-7.8165678],[-78.8499619,-7.8156625],[-78.8493137,-7.8151676],[-78.8483087,-7.814219],[-78.8474731,-7.8133608],[-78.8468407,-7.8131575],[-78.8455797,-7.8130063],[-78.8439134,-7.8124843],[-78.8434115,-7.8117817],[-78.8417855,-7.8095733],[-78.8411027,-7.8081881],[-78.8402797,-7.8066423],[-78.8394767,-7.8053373],[-78.8389949,-7.8047151],[-78.8389941,-7.8047148],[-78.8383122,-7.8041327],[-78.8373281,-7.8036132],[-78.836207,-7.8036132],[-78.8351367,-7.8036562],[-78.8349316,-7.8036641],[-78.833504,-7.8038183],[-78.8321289,-7.8040215],[-78.8305976,-7.8041231],[-78.8295781,-7.8040722],[-78.8280489,-7.8041231],[-78.8265704,-7.8040722],[-78.826041,-7.8041777],[-78.8254257,-7.8041406],[-78.8248809,-7.8039961],[-78.8242304,-7.8033086],[-78.8237949,-7.8024746],[-78.8214334,-7.8001387],[-78.820501,-7.7993882],[-78.8182952,-7.7975918],[-78.8170277,-7.79704],[-78.8162597,-7.7968731],[-78.8122197,-7.7973405],[-78.8094265,-7.7981603]]]]}},
{"type":"Feature","properties":{"ubigeo":"130111","nombre":"VICTOR LARCO HERRERA"},"geometry":{"type":"MultiPolygon","coordinates":[[[[-79.0536347,-8.1205312],[-79.0538047,-8.1212305],[-79.0514219,-8.1222891],[-79.0468105,-8.1243398],[-79.0460625,-8.125502],[-79.046375,-8.1259178],[-79.042625,-8.1291739],[-79.042601,-8.1291947],[-79.042587,-8.1291783],[-79.0425419,-8.1291256],[-79.0423425,-8.1288925],[-79.0414024,-8.127793],[-79.04126,-8.12763],[-79.0404199,-8.1283262],[-79.0390156,-8.1288242],[-79.0382305,-8.1290957],[-79.0360079,-8.1298613],[-79.0352559,-8.1301856],[-79.0293007,-8.1355312],[-79.0274199,-8.137295],[-79.0274062,-8.140162],[-79.027373,-8.1431601],[-79.0267285,-8.1512546],[-79.0278,-8.15131],[-79.02835,-8.1519],[-79.02865,-8.15241],[-79.02878,-8.15283],[-79.02903,-8.1537],[-79.02928,-8.15469],[-79.0292794,-8.1549703],[-79.029436,-8.1554778],[-79.0296052,-8.1558913],[-79.0297493,-8.1562046],[-79.0299686,-8.1563989],[-79.0301628,-8.1564929],[-79.0303696,-8.1566307],[-79.0305889,-8.1567059],[-79.0307141,-8.1568519],[-79.03073,-8.15692],[-79.0307424,-8.1569617],[-79.03088,-8.15743],[-79.0311035,-8.1577035],[-79.0313002,-8.1578388],[-79.0315216,-8.1580109],[-79.0317183,-8.1582323],[-79.0318659,-8.1584905],[-79.032075,-8.1587611],[-79.03245,-8.15928],[-79.0328005,-8.1598432],[-79.033071,-8.1601506],[-79.0334153,-8.1604581],[-79.0337105,-8.1607286],[-79.033981,-8.160913],[-79.0341805,-8.1610591],[-79.0345779,-8.1610241],[-79.0349447,-8.1609062],[-79.0352715,-8.1609662],[-79.0354074,-8.1611344],[-79.0354197,-8.1614295],[-79.0354197,-8.1615771],[-79.0353706,-8.1617861],[-79.0351984,-8.1620812],[-79.0351492,-8.1622903],[-79.0351246,-8.1625485],[-79.0352605,-8.1626633],[-79.0360199,-8.1620105],[-79.0371745,-8.1610155],[-79.0382608,-8.1602331],[-79.0389064,-8.1595343],[-79.0397875,-8.1586987],[-79.0409041,-8.1577416],[-79.0414358,-8.1573162],[-79.0421575,-8.156739],[-79.0430462,-8.1560098],[-79.0438362,-8.1553185],[-79.0449528,-8.154369],[-79.0456257,-8.1537926],[-79.0467854,-8.1528767],[-79.0485153,-8.1515357],[-79.0493964,-8.150761],[-79.0505662,-8.1497887],[-79.0511207,-8.1493861],[-79.0512878,-8.1491506],[-79.0516068,-8.1488999],[-79.0517891,-8.1488316],[-79.051903,-8.1487252],[-79.0522145,-8.1483758],[-79.0529969,-8.1477606],[-79.0547743,-8.1462718],[-79.0561416,-8.1451704],[-79.0573341,-8.1442209],[-79.058672,-8.1431273],[-79.0608797,-8.1411244],[-79.0618255,-8.1402927],[-79.0644836,-8.1380749],[-79.0676146,-8.1355961],[-79.0693759,-8.1341774],[-79.0709903,-8.1328565],[-79.07055,-8.132938],[-79.0699955,-8.1330685],[-79.0695389,-8.1331174],[-79.0691802,-8.1329543],[-79.0688051,-8.1327749],[-79.0683811,-8.1323509],[-79.0679734,-8.1320085],[-79.0673537,-8.1314051],[-79.0666199,-8.1306713],[-79.0657719,-8.1297418],[-79.0651033,-8.1288938],[-79.0647282,-8.128323],[-79.0642227,-8.1272141],[-79.0635215,-8.1257464],[-79.0628692,-8.1244255],[-79.0622821,-8.123284],[-79.0620538,-8.1227458],[-79.0615972,-8.1209683],[-79.0609355,-8.1186543],[-79.054252,-8.120211],[-79.0536347,-8.1205312]]]]}},
{"type":"Feature","properties":{"ubigeo":"130102","nombre":"EL PORVENIR"},"geometry":{"type":"Polygon","coordinates":[[[-78.9878085,-8.0231172],[-78.9878085,-8.0228027],[-78.9877461,-8.0223615],[-78.9876406,-8.0217968],[-78.9874941,-8.021252],[-78.9872851,-8.0206426],[-78.9870334,-8.0201601],[-78.9868242,-8.0197207],[-78.9862305,-8.0184275],[-78.9858412,-8.0178842],[-78.9854029,-8.0172725],[-78.984927,-8.0166152],[-78.9844511,-8.0161847],[-78.9835419,-8.0159145],[-78.9827971,-8.0159808],[-78.9812226,-8.0161211],[-78.9806526,-8.0160032],[-78.9798269,-8.0156],[-78.9790586,-8.0152926],[-78.9763849,-8.0146893],[-78.9744362,-8.0148932],[-78.9720342,-8.0150097],[-78.9703354,-8.0148883],[-78.9684997,-8.0147572],[-78.9675481,-8.0146893],[-78.9667551,-8.0145307],[-78.966166,-8.0143041],[-78.9655684,-8.0141837],[-78.9654844,-8.0142108],[-78.9651719,-8.0143086],[-78.9648437,-8.0144902],[-78.9647402,-8.0145585],[-78.9645937,-8.0146523],[-78.9643125,-8.0148027],[-78.9639785,-8.0149414],[-78.9637187,-8.0149922],[-78.9634492,-8.015043],[-78.9632324,-8.015082],[-78.9629766,-8.0151328],[-78.9627597,-8.0151718],[-78.9622299,-8.0151951],[-78.9617025,-8.0153295],[-78.9608754,-8.0157327],[-78.9591487,-8.0166115],[-78.9580879,-8.0173672],[-78.9577246,-8.0175488],[-78.9574062,-8.0177305],[-78.956207,-8.0189902],[-78.9559785,-8.019295],[-78.9559334,-8.0193777],[-78.9553956,-8.0206542],[-78.9551889,-8.021626],[-78.954951,-8.0219362],[-78.9548186,-8.0220872],[-78.9546094,-8.022326],[-78.954217,-8.0227737],[-78.9539895,-8.0230942],[-78.9537011,-8.0243183],[-78.9535507,-8.024959],[-78.9534746,-8.0254882],[-78.9533535,-8.0260801],[-78.9532617,-8.0265351],[-78.9532305,-8.0268535],[-78.9532305,-8.0271875],[-78.9532774,-8.027459],[-78.9533476,-8.0277012],[-78.9535566,-8.0280547],[-78.9537735,-8.0283828],[-78.9540899,-8.0286856],[-78.9543672,-8.0289413],[-78.9546836,-8.0291114],[-78.9550117,-8.0292676],[-78.9552676,-8.0294023],[-78.9554492,-8.0295606],[-78.9556562,-8.0298262],[-78.9557636,-8.0301543],[-78.9560079,-8.0306152],[-78.9562382,-8.0310176],[-78.9565292,-8.0312597],[-78.9569297,-8.0315156],[-78.9573184,-8.0318183],[-78.9577051,-8.0320312],[-78.9580274,-8.0322754],[-78.9582794,-8.0325195],[-78.9584824,-8.0326445],[-78.9587559,-8.0327325],[-78.9590605,-8.0327441],[-78.959916,-8.0328145],[-78.9600976,-8.0328398],[-78.9604062,-8.0329746],[-78.9607167,-8.0331503],[-78.9609219,-8.0333262],[-78.9610957,-8.0335391],[-78.9612891,-8.0338106],[-78.9614649,-8.0340918],[-78.9616991,-8.034375],[-78.9619024,-8.034666],[-78.9622129,-8.0350351],[-78.9624961,-8.0353262],[-78.9628652,-8.0357832],[-78.9631524,-8.0361641],[-78.9636582,-8.0369628],[-78.964166,-8.0378418],[-78.9645645,-8.0386426],[-78.9651524,-8.0394961],[-78.9657656,-8.0402168],[-78.966752,-8.0415233],[-78.967338,-8.0423222],[-78.9675854,-8.0427076],[-78.9678986,-8.0429356],[-78.9684334,-8.0430798],[-78.9694726,-8.0434413],[-78.9703461,-8.0439484],[-78.9720646,-8.044555],[-78.9727266,-8.04475],[-78.9736055,-8.0449902],[-78.9743261,-8.0452031],[-78.9746161,-8.0454992],[-78.9748746,-8.0458507],[-78.9754226,-8.0472052],[-78.9767564,-8.0487353],[-78.9772422,-8.0494075],[-78.9787207,-8.0507722],[-78.9788655,-8.0509478],[-78.9786381,-8.0513099],[-78.9780695,-8.0525092],[-78.9777504,-8.0542713],[-78.9778029,-8.0550096],[-78.9789102,-8.0593162],[-78.9789454,-8.0594706],[-78.9800152,-8.0655026],[-78.9803847,-8.0666191],[-78.9807617,-8.0673906],[-78.9809902,-8.0678535],[-78.9815117,-8.0689082],[-78.9819025,-8.0697481],[-78.9823846,-8.0703906],[-78.9830274,-8.0711582],[-78.9838476,-8.0722988],[-78.9843242,-8.073045],[-78.9847266,-8.0737656],[-78.9850469,-8.0745391],[-78.9853145,-8.0753398],[-78.9856601,-8.0763516],[-78.9860449,-8.0773007],[-78.9864062,-8.0782187],[-78.9868867,-8.0794725],[-78.9873145,-8.0806718],[-78.9876329,-8.0818457],[-78.9881172,-8.0834628],[-78.9884199,-8.0845527],[-78.9886172,-8.08525],[-78.988832,-8.0857851],[-78.98884,-8.08586],[-78.98953,-8.08613],[-78.99044,-8.08659],[-78.99085,-8.08695],[-78.9909844,-8.0873596],[-78.9913601,-8.0885057],[-78.9914119,-8.0886635],[-78.99145,-8.08878],[-78.9914555,-8.0887816],[-78.99166,-8.0888441],[-78.99204,-8.08896],[-78.992434,-8.0891745],[-78.9926107,-8.0892707],[-78.99305,-8.08951],[-78.99391,-8.08978],[-78.99529,-8.08956],[-78.99684,-8.08924],[-78.99894,-8.08869],[-79.00145,-8.08828],[-79.00196,-8.08754],[-79.00246,-8.08746],[-79.00364,-8.08768],[-79.00502,-8.08787],[-79.0050246,-8.0878672],[-79.0057,-8.08746],[-79.00693,-8.08727],[-79.00766,-8.08754],[-79.00849,-8.08754],[-79.0094,-8.08732],[-79.01018,-8.087],[-79.0116,-8.08662],[-79.01191,-8.08654],[-79.01342,-8.08604],[-79.01493,-8.0859],[-79.0158227,-8.0861322],[-79.0159491,-8.0851621],[-79.015127,-8.0850762],[-79.0141719,-8.0849551],[-79.0131114,-8.0849141],[-79.0119942,-8.0849003],[-79.0108906,-8.0849413],[-79.0103106,-8.0849277],[-79.0101699,-8.0848457],[-79.0100176,-8.0847325],[-79.0098847,-8.0845547],[-79.0097851,-8.084377],[-79.0091504,-8.0825721],[-79.0091719,-8.0821191],[-79.0093672,-8.0817951],[-79.0095742,-8.0816856],[-79.0098985,-8.0816718],[-79.0103574,-8.0816875],[-79.010631,-8.08167],[-79.0113632,-8.0814825],[-79.0122656,-8.0812285],[-79.0127597,-8.08092],[-79.0132031,-8.080375],[-79.01375,-8.079916],[-79.0139042,-8.0788593],[-79.0140899,-8.0779726],[-79.0143281,-8.0768808],[-79.0145331,-8.0757558],[-79.0147539,-8.0735507],[-79.0149024,-8.0726113],[-79.014961,-8.0723419],[-79.0151641,-8.0726036],[-79.0154882,-8.0729277],[-79.0156797,-8.0731191],[-79.0162207,-8.0739668],[-79.0165097,-8.074666],[-79.0164024,-8.075086],[-79.0167676,-8.0751856],[-79.0166524,-8.0760898],[-79.0188652,-8.0764375],[-79.0188945,-8.07625],[-79.0220274,-8.0767773],[-79.0227636,-8.0769023],[-79.0240176,-8.077125],[-79.0255156,-8.077332],[-79.0278965,-8.0776445],[-79.0277226,-8.078957],[-79.0300351,-8.079252],[-79.0315742,-8.0794395],[-79.0320664,-8.0784726],[-79.0325292,-8.0774375],[-79.0326251,-8.0772207],[-79.0327325,-8.0765273],[-79.0328829,-8.0750607],[-79.0329649,-8.0746523],[-79.0331132,-8.0742695],[-79.0332636,-8.0735371],[-79.033373,-8.0724238],[-79.0332605,-8.0718548],[-79.0330312,-8.0706953],[-79.0338847,-8.0705156],[-79.0349864,-8.0700195],[-79.0358496,-8.0693906],[-79.0359082,-8.0686191],[-79.0362402,-8.0643242],[-79.0361152,-8.0554551],[-79.0360586,-8.0551211],[-79.0359902,-8.0549024],[-79.0354794,-8.0541791],[-79.0344469,-8.0544331],[-79.032776,-8.0549517],[-79.0310667,-8.0552973],[-79.0292149,-8.0553283],[-79.0281284,-8.0550477],[-79.0273601,-8.0544907],[-79.026227,-8.0531272],[-79.0253051,-8.0520517],[-79.0238866,-8.0506856],[-79.0235547,-8.0502461],[-79.0230937,-8.0497207],[-79.0227579,-8.0492187],[-79.0224649,-8.0485255],[-79.0222129,-8.047834],[-79.0219395,-8.0470371],[-79.0216875,-8.0463672],[-79.0214375,-8.0458006],[-79.0212891,-8.0454453],[-79.021105,-8.0449105],[-79.0196439,-8.0434282],[-79.0186275,-8.0427718],[-79.01658,-8.0414495],[-79.0156631,-8.0405908],[-79.0149375,-8.040043],[-79.013417,-8.0390688],[-79.0115349,-8.0375708],[-79.0096026,-8.035914],[-79.0083852,-8.0344788],[-79.0077514,-8.0339027],[-79.0069832,-8.0338066],[-79.005466,-8.0336722],[-79.0042176,-8.033557],[-79.0030845,-8.0331727],[-79.002556,-8.0328621],[-79.0012024,-8.0319821],[-79.0005686,-8.0312907],[-78.9999542,-8.030196],[-78.9994739,-8.029831],[-78.9988594,-8.029447],[-78.9979537,-8.0290696],[-78.9976222,-8.0290295],[-78.9967752,-8.0285636],[-78.9962882,-8.0279918],[-78.9958647,-8.026912],[-78.9954201,-8.0267215],[-78.9943402,-8.0265943],[-78.9927097,-8.0262767],[-78.9912275,-8.0256838],[-78.9902867,-8.0253076],[-78.9895124,-8.0248368],[-78.9887796,-8.0243915],[-78.9884963,-8.024123],[-78.9881995,-8.0238417],[-78.9878085,-8.0231172]]]}}
]}
