{"type":"FeatureCollection","features":[
{"type":"Feature","properties":{"ubigeo":"160401","nombre":"RAMON CASTILLA","fuente":"INEI"},"geometry":{"type":"MultiPolygon","coordinates":[[[[-71.310249,-3.1818404],[-71.3101664,-3.181886],[-71.3092593,-3.1823868],[-71.3079868,-3.1831964],[-71.3069067,-3.1838835],[-71.3063542,-3.1843661],[-71.3055698,-3.1850512],[-71.3053656,-3.1852818],[-71.3039415,-3.1868906],[-71.3037453,-3.1871122],[-71.30292,-3.1883469],[-71.302556,-3.1888914],[-71.3014706,-3.1910949],[-71.3006612,-3.1931267],[-71.2998189,-3.1951868],[-71.2994973,-3.1959734],[-71.2982941,-3.1983345],[-71.2977067,-3.1993382],[-71.297144,-3.2001613],[-71.2962502,-3.2009999],[-71.2955384,-3.2013368],[-71.2949297,-3.2015882],[-71.2941634,-3.2017091],[-71.293477,-3.2017085],[-71.2918328,-3.2014948],[-71.2911541,-3.2013697],[-71.2897812,-3.2009171],[-71.2886403,-3.2004341],[-71.287697,-3.1999314],[-71.2850191,-3.1988683],[-71.2833045,-3.1984216],[-71.2816218,-3.1982059],[-71.2802386,-3.1980955],[-71.2790303,-3.1981271],[-71.2770374,-3.1983053],[-71.2757714,-3.1986103],[-71.2752947,-3.1987251],[-71.274171,-3.1991656],[-71.2736409,-3.1994522],[-71.2711418,-3.2012096],[-71.2697162,-3.20201],[-71.268996,-3.202384],[-71.2658122,-3.2044367],[-71.2622368,-3.2063169],[-71.2596699,-3.2073645],[-71.2572393,-3.2081993],[-71.2547804,-3.2090437],[-71.2531578,-3.2096355],[-71.252755,-3.209794],[-71.2506014,-3.21091],[-71.2501605,-3.2112248],[-71.2498088,-3.211476],[-71.2484815,-3.2131104],[-71.2478053,-3.2142847],[-71.2466892,-3.2165728],[-71.2455722,-3.2191229],[-71.2455624,-3.2191458],[-71.2445864,-3.2214115],[-71.244182,-3.2221599],[-71.2436076,-3.222975],[-71.2429492,-3.2237289],[-71.2424023,-3.2240854],[-71.2419302,-3.2242508],[-71.2412557,-3.2244881],[-71.2405375,-3.2245078],[-71.240027,-3.2243798],[-71.2393793,-3.2240428],[-71.2385162,-3.2233315],[-71.2382038,-3.2230295],[-71.236357,-3.22126],[-71.2355687,-3.2206223],[-71.2343361,-3.2197897],[-71.233119,-3.2191445],[-71.2310847,-3.2182663],[-71.2299499,-3.2179125],[-71.2288421,-3.2176558],[-71.2276649,-3.2174391],[-71.2234397,-3.2170579],[-71.2222602,-3.2170389],[-71.2178389,-3.2174811],[-71.2161149,-3.21786],[-71.211375,-3.2184882],[-71.2110288,-3.2185246],[-71.2070411,-3.2189435],[-71.2070243,-3.2189459],[-71.20473,-3.2189424],[-71.2030559,-3.218917],[-71.1985521,-3.2188053],[-71.1920554,-3.2186297],[-71.1908262,-3.2185203],[-71.1869488,-3.2181753],[-71.1834472,-3.2177574],[-71.1824953,-3.2176438],[-71.1777862,-3.2168367],[-71.1765334,-3.2165484],[-71.1721184,-3.2155328],[-71.1650915,-3.2135622],[-71.163403,-3.2130887],[-71.1625969,-3.2128421],[-71.1605642,-3.2122202],[-71.1574264,-3.2114021],[-71.1542388,-3.2108107],[-71.1503193,-3.2107549],[-71.1460784,-3.2107993],[-71.133957,-3.2122558],[-71.1199155,-3.2124825],[-71.1119891,-3.2123166],[-71.111527,-3.212307],[-71.1104864,-3.2122851],[-71.1034262,-3.2129447],[-71.1022727,-3.2130525],[-71.0962659,-3.2136137],[-71.0901875,-3.2141816],[-71.0892127,-3.2143035],[-71.0781571,-3.2142638],[-71.0781467,-3.2142643],[-71.0763522,-3.2140444],[-71.0757869,-3.2138309],[-71.0740256,-3.2131656],[-71.0722942,-3.2125168],[-71.070932,-3.2121931],[-71.0694472,-3.2122356],[-71.0681187,-3.2124973],[-71.0670302,-3.2130443],[-71.0661883,-3.2139609],[-71.0659057,-3.2143872],[-71.0644017,-3.2150193],[-71.0626935,-3.2169173],[-71.0624611,-3.2173832],[-71.0612909,-3.2197296],[-71.0605195,-3.2212761],[-71.0596152,-3.2235918],[-71.0593011,-3.2278838],[-71.0594019,-3.228701],[-71.0599076,-3.232799],[-71.0599132,-3.2332542],[-71.0599524,-3.2364496],[-71.0591631,-3.2409454],[-71.0591612,-3.240951],[-71.0579523,-3.2433965],[-71.0574267,-3.2441996],[-71.0558863,-3.2459976],[-71.0539949,-3.2474422],[-71.0533132,-3.2479628],[-71.0518131,-3.2488879],[-71.0483797,-3.2505277],[-71.0444233,-3.2524577],[-71.0405424,-3.2540708],[-71.0397535,-3.2543665],[-71.0374997,-3.2550343],[-71.0366891,-3.2552745],[-71.0350523,-3.2557595],[-71.0345711,-3.2558659],[-71.0313018,-3.2564284],[-71.0307731,-3.2565193],[-71.0295354,-3.2567052],[-71.0265094,-3.257034],[-71.0260131,-3.2570809],[-71.022958,-3.2572805],[-71.0199282,-3.2574784],[-71.0173573,-3.257538],[-71.0164131,-3.2576493],[-71.0148963,-3.257828],[-71.0133474,-3.2581773],[-71.0116822,-3.2588231],[-71.0111284,-3.2591646],[-71.009727,-3.2602206],[-71.0077549,-3.262177],[-71.0077129,-3.2622187],[-71.005805,-3.2635864],[-71.0037167,-3.2650832],[-70.999705,-3.267959],[-70.9965711,-3.2700018],[-70.994815,-3.270779],[-70.993843,-3.2712092],[-70.9932109,-3.271489],[-70.992237,-3.27192],[-70.9919877,-3.2720302],[-70.9901055,-3.2728632],[-70.9833242,-3.275459],[-70.9811485,-3.2763242],[-70.9790515,-3.2776396],[-70.9783027,-3.2781093],[-70.9758846,-3.2807921],[-70.9749815,-3.2832186],[-70.9738957,-3.2861358],[-70.9737247,-3.2865952],[-70.9709909,-3.293941],[-70.9689956,-3.2988435],[-70.9657556,-3.301409],[-70.9620014,-3.3043817],[-70.9603798,-3.3057698],[-70.9486317,-3.3144652],[-70.9457837,-3.316474],[-70.9299024,-3.3272654],[-70.9218529,-3.3328055],[-70.919534,-3.3341724],[-70.9122892,-3.3384428],[-70.9057246,-3.3419345],[-70.8957671,-3.3462107],[-70.8889939,-3.3486328],[-70.8889916,-3.3486336],[-70.8705347,-3.3554069],[-70.86335,-3.3575777],[-70.8468882,-3.3625512],[-70.8312072,-3.3672306],[-70.8270546,-3.3684532],[-70.8153888,-3.3718877],[-70.8036665,-3.3744479],[-70.7983472,-3.3752995],[-70.7983457,-3.3752995],[-70.7929424,-3.3753315],[-70.7831164,-3.3750559],[-70.7803224,-3.3749776],[-70.7778959,-3.3748731],[-70.7756626,-3.3747329],[-70.7492427,-3.3719876],[-70.7292601,-3.3695109],[-70.7276767,-3.3692745],[-70.7242967,-3.3668146],[-70.7230471,-3.3659051],[-70.719175,-3.3645677],[-70.7146245,-3.3639541],[-70.7113003,-3.3644732],[-70.7064257,-3.3658117],[-70.7057424,-3.3659993],[-70.705741,-3.3659991],[-70.7019008,-3.3655201],[-70.7007746,-3.3654866],[-70.6970972,-3.3656401],[-70.6951629,-3.3658474],[-70.6906861,-3.36653],[-70.6890716,-3.366847],[-70.6849065,-3.3680762],[-70.6813052,-3.3697197],[-70.6798547,-3.3703782],[-70.6777253,-3.371617],[-70.6754036,-3.3734151],[-70.6730771,-3.3760773],[-70.6713513,-3.378483],[-70.6704242,-3.3801732],[-70.6678871,-3.3847982],[-70.667519,-3.3856389],[-70.6650623,-3.3912483],[-70.6619591,-3.3974161],[-70.6607744,-3.3993244],[-70.6596363,-3.4011576],[-70.6588351,-3.4023408],[-70.6582565,-3.4030557],[-70.6544472,-3.4066913],[-70.6450768,-3.4119387],[-70.6448875,-3.4120301],[-70.6441798,-3.4123638],[-70.6434691,-3.412691],[-70.6427554,-3.4130116],[-70.6420389,-3.4133257],[-70.6413195,-3.4136332],[-70.6405974,-3.4139341],[-70.6398726,-3.4142283],[-70.6391451,-3.4145159],[-70.6384151,-3.4147968],[-70.6376825,-3.415071],[-70.6369475,-3.4153385],[-70.63621,-3.4155992],[-70.6354703,-3.4158531],[-70.6347282,-3.4161002],[-70.633984,-3.4163405],[-70.6332376,-3.416574],[-70.6324891,-3.4168006],[-70.6317386,-3.4170203],[-70.6309861,-3.4172332],[-70.6302686,-3.417429],[-70.6302317,-3.4174391],[-70.6294755,-3.4176381],[-70.6287175,-3.4178302],[-70.6279578,-3.4180153],[-70.6271964,-3.4181934],[-70.6264334,-3.4183645],[-70.625669,-3.4185287],[-70.6249031,-3.4186858],[-70.6241357,-3.4188358],[-70.6233671,-3.4189789],[-70.6225972,-3.4191148],[-70.621826,-3.4192437],[-70.6210538,-3.4193656],[-70.6202805,-3.4194803],[-70.6195061,-3.4195879],[-70.6187308,-3.4196884],[-70.6179547,-3.4197818],[-70.6171777,-3.4198681],[-70.6163999,-3.4199473],[-70.6156215,-3.4200193],[-70.6148425,-3.4200842],[-70.6140629,-3.4201419],[-70.6134892,-3.4201791],[-70.6132828,-3.4201925],[-70.6125023,-3.4202359],[-70.6117214,-3.4202721],[-70.6109403,-3.4203012],[-70.6101589,-3.4203231],[-70.6093773,-3.4203379],[-70.6085956,-3.4203455],[-70.6078139,-3.4203459],[-70.6070322,-3.4203391],[-70.6062507,-3.4203252],[-70.6054693,-3.4203041],[-70.6046881,-3.4202758],[-70.6039072,-3.4202404],[-70.6031266,-3.4201978],[-70.6023465,-3.420148],[-70.6015668,-3.4200911],[-70.6007878,-3.4200271],[-70.6000093,-3.4199559],[-70.5992315,-3.4198775],[-70.5984544,-3.4197921],[-70.5976782,-3.4196995],[-70.5969028,-3.4195998],[-70.5961284,-3.419493],[-70.595355,-3.419379],[-70.5945826,-3.419258],[-70.5940408,-3.4191681],[-70.5938114,-3.41913],[-70.5930414,-3.4189948],[-70.5922726,-3.4188526],[-70.5915051,-3.4187033],[-70.5907391,-3.418547],[-70.5899745,-3.4183837],[-70.5892114,-3.4182134],[-70.5885842,-3.4180674],[-70.5884499,-3.4180361],[-70.58769,-3.4178518],[-70.5869319,-3.4176606],[-70.5861755,-3.4174624],[-70.5854209,-3.4172572],[-70.5846683,-3.4170452],[-70.5839176,-3.4168263],[-70.5831689,-3.4166005],[-70.5824223,-3.4163678],[-70.5816778,-3.4161283],[-70.5809356,-3.415882],[-70.5801956,-3.4156288],[-70.579458,-3.4153689],[-70.5787227,-3.4151023],[-70.5779899,-3.4148289],[-70.5772597,-3.4145488],[-70.5765319,-3.414262],[-70.5758069,-3.4139686],[-70.5750845,-3.4136685],[-70.5743649,-3.4133618],[-70.5736481,-3.4130485],[-70.5729342,-3.4127287],[-70.5722232,-3.4124023],[-70.5715152,-3.4120694],[-70.5708102,-3.41173],[-70.5701084,-3.4113842],[-70.5694097,-3.411032],[-70.5687143,-3.4106733],[-70.5680222,-3.4103083],[-70.5673334,-3.409937],[-70.566648,-3.4095593],[-70.5659661,-3.4091754],[-70.5652876,-3.4087853],[-70.5646128,-3.4083889],[-70.5639416,-3.4079864],[-70.563274,-3.4075777],[-70.5626103,-3.407163],[-70.5619503,-3.4067421],[-70.5612941,-3.4063153],[-70.5606419,-3.4058824],[-70.5599936,-3.4054435],[-70.5593493,-3.4049988],[-70.5587091,-3.4045481],[-70.5580731,-3.4040916],[-70.5574412,-3.4036293],[-70.5568135,-3.4031612],[-70.5561901,-3.4026873],[-70.5534901,-3.4009337],[-70.5505624,-3.3994969],[-70.5475409,-3.3982377],[-70.544075,-3.3972988],[-70.5422932,-3.39694],[-70.5397852,-3.396435],[-70.5349355,-3.395801],[-70.5295579,-3.3956657],[-70.5250755,-3.3963737],[-70.5212236,-3.3973241],[-70.5177852,-3.3984792],[-70.5144652,-3.3999685],[-70.512794,-3.4010305],[-70.5115543,-3.4018183],[-70.5075472,-3.4047658],[-70.503276,-3.4084971],[-70.4992636,-3.4125786],[-70.4977096,-3.4143662],[-70.4942123,-3.4174997],[-70.4927731,-3.4187892],[-70.4904174,-3.4203035],[-70.4892029,-3.4209727],[-70.488216,-3.4214099],[-70.4870286,-3.4218441],[-70.4868198,-3.4219083],[-70.485574,-3.4222242],[-70.4845033,-3.4224039],[-70.4820704,-3.4228576],[-70.4800149,-3.4231748],[-70.4782285,-3.4240212],[-70.4779222,-3.4242193],[-70.5026372,-3.4632291],[-70.6648298,-3.7192311],[-70.6656611,-3.7205431],[-70.6671929,-3.7229607],[-70.667261,-3.7230683],[-70.6702308,-3.7276073],[-70.6711716,-3.7290451],[-70.6720611,-3.7304045],[-70.6728591,-3.7316242],[-70.6732988,-3.7322961],[-70.6734888,-3.7325873],[-70.6753027,-3.735367],[-70.6756847,-3.7359523],[-70.7111472,-3.7902957],[-70.7123363,-3.7923038],[-70.713082,-3.7935635],[-70.7134746,-3.7942266],[-70.713132,-3.7964252],[-70.7097627,-3.7943122],[-70.70725,-3.7933985],[-70.7055168,-3.7926831],[-70.7034463,-3.7922285],[-70.700467,-3.7917615],[-70.6976642,-3.7915721],[-70.6954296,-3.7915595],[-70.6920335,-3.7917615],[-70.6904921,-3.7919495],[-70.6900361,-3.792005],[-70.6891665,-3.7922248],[-70.6885518,-3.7923803],[-70.6878957,-3.7925462],[-70.6866552,-3.7928598],[-70.6851907,-3.7933396],[-70.682931,-3.7945642],[-70.6807216,-3.7961423],[-70.6779793,-3.7986041],[-70.6773886,-3.7991345],[-70.6748636,-3.8015962],[-70.6732602,-3.8033386],[-70.6724786,-3.8040718],[-70.671013,-3.8054468],[-70.669397,-3.807429],[-70.6666448,-3.8111028],[-70.6645617,-3.8136531],[-70.6589688,-3.8218087],[-70.6570372,-3.8243715],[-70.6548026,-3.826985],[-70.6525175,-3.8288787],[-70.6507295,-3.829828],[-70.648465,-3.8302675],[-70.6459725,-3.830751],[-70.6440388,-3.8311265],[-70.6415465,-3.8314795],[-70.6392613,-3.8316436],[-70.6362692,-3.8314163],[-70.6344891,-3.8312017],[-70.6321157,-3.8312648],[-70.6289056,-3.831487],[-70.6271624,-3.832022],[-70.6256517,-3.8328177],[-70.6246165,-3.833954],[-70.623556,-3.8355572],[-70.6216352,-3.8386687],[-70.6199712,-3.839554],[-70.61902,-3.84006],[-70.617392,-3.8394398],[-70.6131682,-3.8378311],[-70.6115097,-3.8371453],[-70.6114002,-3.8371001],[-70.6103716,-3.8366748],[-70.6103483,-3.8366652],[-70.6094732,-3.8363033],[-70.6094712,-3.8363025],[-70.5878966,-3.827382],[-70.584356,-3.8269253],[-70.5808725,-3.8268111],[-70.5772747,-3.8280103],[-70.573677,-3.8302946],[-70.5662176,-3.8375256],[-70.5643711,-3.8393156],[-70.5635575,-3.8401043],[-70.5591916,-3.8450997],[-70.5530176,-3.8521641],[-70.5524386,-3.8528911],[-70.5482766,-3.8567862],[-70.5471487,-3.8578417],[-70.540916,-3.8630371],[-70.5351152,-3.8661307],[-70.5265065,-3.8703266],[-70.5207441,-3.8729746],[-70.5106307,-3.8754663],[-70.5073461,-3.8756112],[-70.5028641,-3.875809],[-70.4993678,-3.875809],[-70.4964111,-3.875809],[-70.489559,-3.8738937],[-70.4815976,-3.8693242],[-70.4640885,-3.8640448],[-70.4498117,-3.8566781],[-70.4414741,-3.8510817],[-70.4378028,-3.8467065],[-70.4324121,-3.8418593],[-70.425545,-3.8341816],[-70.4194785,-3.8262715],[-70.4161601,-3.8231777],[-70.4137578,-3.8220332],[-70.4112401,-3.8215781],[-70.410209,-3.8218086],[-70.4016503,-3.8276777],[-70.3984531,-3.8291757],[-70.3942266,-3.8299863],[-70.3926231,-3.8299882],[-70.3894277,-3.8293047],[-70.3875957,-3.8285038],[-70.3841621,-3.8258691],[-70.3766093,-3.81842],[-70.3716895,-3.8124591],[-70.366082,-3.8065001],[-70.3589863,-3.8011152],[-70.3558965,-3.7997441],[-70.3540645,-3.7992871],[-70.3481288,-3.7994101],[-70.3462988,-3.7997597],[-70.3240273,-3.8062207],[-70.3130565,-3.8099101],[-70.3049551,-3.8133673],[-70.2922753,-3.8211913],[-70.2853165,-3.8271718],[-70.2791523,-3.8337246],[-70.2763066,-3.8376308],[-70.2741387,-3.8413066],[-70.2720877,-3.8456718],[-70.2690117,-3.8540566],[-70.2671992,-3.8615215],[-70.2644648,-3.8696758],[-70.2627558,-3.8732363],[-70.2576211,-3.8804766],[-70.2535195,-3.8845],[-70.2460937,-3.8903672],[-70.2344434,-3.8972695],[-70.2226797,-3.9025683],[-70.2126308,-3.9055683],[-70.2054297,-3.9071856],[-70.1980039,-3.9096055],[-70.1922988,-3.9129433],[-70.1866992,-3.9183457],[-70.1855625,-3.9199551],[-70.1811113,-3.929375],[-70.1790703,-3.9372988],[-70.1778262,-3.9461387],[-70.1758965,-3.9555566],[-70.174545,-3.9695625],[-70.1742811,-3.9700561],[-70.1672522,-3.9802318],[-70.1593213,-3.9917132],[-70.1579415,-3.9938405],[-70.1495651,-4.0067533],[-70.1266732,-4.0308096],[-70.1169128,-4.0457163],[-70.1144041,-4.0495478],[-70.105035,-4.057467],[-70.1023373,-4.0585427],[-70.0868545,-4.0647168],[-70.0762583,-4.069513],[-70.0677816,-4.0759821],[-70.063097,-4.0808897],[-70.059974,-4.0862436],[-70.0566548,-4.0950787],[-70.0576895,-4.0955078],[-70.0581933,-4.0956757],[-70.0591777,-4.096084],[-70.0602343,-4.0966367],[-70.0617481,-4.0972617],[-70.0628358,-4.0976695],[-70.062837,-4.0976687],[-70.0628381,-4.097668],[-70.0628466,-4.0976621],[-70.0628541,-4.097657],[-70.0629547,-4.0975882],[-70.06304,-4.09753],[-70.06358,-4.09731],[-70.06462,-4.09708],[-70.06474,-4.09716],[-70.06545,-4.09728],[-70.0656115,-4.0973307],[-70.06596,-4.09744],[-70.0674,-4.09809],[-70.06861,-4.09888],[-70.06924,-4.09942],[-70.07103,-4.1007],[-70.0721,-4.10161],[-70.0734,-4.10259],[-70.07387,-4.10286],[-70.07465,-4.1034],[-70.07555,-4.10416],[-70.07645,-4.10479],[-70.0774,-4.10535],[-70.0778,-4.10563],[-70.0794,-4.10642],[-70.07999,-4.10668],[-70.08126,-4.10743],[-70.08235,-4.10781],[-70.08395,-4.10813],[-70.0856,-4.10857],[-70.08612,-4.10864],[-70.08787,-4.10913],[-70.08882,-4.10928],[-70.09038,-4.10937],[-70.09184,-4.10934],[-70.09222,-4.10927],[-70.09283,-4.10907],[-70.09329,-4.10899],[-70.09405,-4.1087],[-70.09489,-4.10847],[-70.09567,-4.10817],[-70.09605,-4.10809],[-70.09709,-4.10768],[-70.09773,-4.10752],[-70.09972,-4.10679],[-70.10023,-4.10665],[-70.10127,-4.10624],[-70.10177,-4.10615],[-70.10322,-4.10572],[-70.10393,-4.10543],[-70.10447,-4.1053],[-70.10547,-4.10483],[-70.10591,-4.10475],[-70.10679,-4.10441],[-70.10853,-4.10394],[-70.10953,-4.10372],[-70.1114,-4.10365],[-70.11176,-4.10359],[-70.11226,-4.1036],[-70.11424,-4.10336],[-70.11571,-4.10297],[-70.1166,-4.10261],[-70.11699,-4.10256],[-70.11787,-4.10221],[-70.11854,-4.10206],[-70.11957,-4.10172],[-70.11996,-4.10166],[-70.12102,-4.10125],[-70.12179,-4.10105],[-70.12251,-4.10074],[-70.12296,-4.10062],[-70.12347,-4.10038],[-70.12417,-4.10019],[-70.12501,-4.0998],[-70.12546,-4.09969],[-70.12625,-4.09938],[-70.12649,-4.09932],[-70.1268,-4.09923],[-70.12701,-4.09909],[-70.12844,-4.09846],[-70.12969,-4.09778],[-70.13006,-4.09746],[-70.13047,-4.09722],[-70.13106,-4.09681],[-70.1323,-4.09597],[-70.13355,-4.09498],[-70.13451,-4.09404],[-70.13496,-4.09341],[-70.13605,-4.09206],[-70.13632,-4.0916],[-70.1369,-4.09077],[-70.13875,-4.0884],[-70.1390525,-4.08802],[-70.1394425,-4.087787],[-70.1398412,-4.0876928],[-70.1406075,-4.0879766],[-70.1420878,-4.0887812],[-70.1432402,-4.0896308],[-70.1432932,-4.0896767],[-70.1437172,-4.0899818],[-70.1446113,-4.0906723],[-70.1453882,-4.091437],[-70.1464551,-4.0927538],[-70.1474023,-4.0941406],[-70.1484222,-4.0959982],[-70.148915,-4.0973437],[-70.1494542,-4.0986892],[-70.1497412,-4.099619],[-70.1501977,-4.10168],[-70.1506702,-4.1033322],[-70.1510117,-4.1044356],[-70.1513768,-4.1056665],[-70.1514738,-4.106426],[-70.1516895,-4.1071463],[-70.1522891,-4.1090078],[-70.1529511,-4.1112148],[-70.1536913,-4.1128222],[-70.1548751,-4.1155507],[-70.1560252,-4.1177422],[-70.1568926,-4.1190195],[-70.157869,-4.1202968],[-70.1593047,-4.122045],[-70.1607246,-4.1236055],[-70.1620957,-4.1246152],[-70.1639238,-4.1258613],[-70.1651231,-4.1264277],[-70.1662461,-4.126832],[-70.1676094,-4.1272617],[-70.1690586,-4.1273867],[-70.169916,-4.1272364],[-70.1709512,-4.1268575],[-70.172502,-4.1263652],[-70.1743808,-4.1257481],[-70.1757215,-4.1249917],[-70.1770433,-4.1240478],[-70.1775242,-4.1237703],[-70.1782348,-4.1235824],[-70.1783217,-4.1235595],[-70.1798672,-4.123377],[-70.1820376,-4.1228948],[-70.1825863,-4.122716],[-70.1841816,-4.1220391],[-70.1865137,-4.1207148],[-70.1876503,-4.1198711],[-70.1887207,-4.1189238],[-70.189252,-4.1181036],[-70.1901211,-4.1165899],[-70.1908398,-4.1151406],[-70.19154,-4.11471],[-70.19161,-4.11468],[-70.19189,-4.11448],[-70.19222,-4.11443],[-70.19241,-4.11447],[-70.1926978,-4.1145952],[-70.19287,-4.11467],[-70.1929602,-4.1146872],[-70.19308,-4.11471],[-70.19331,-4.11469],[-70.19357,-4.11456],[-70.19391,-4.11451],[-70.194417,-4.1146367],[-70.19443,-4.11464],[-70.19479,-4.1146],[-70.19485,-4.11455],[-70.1948631,-4.1143805],[-70.19488,-4.11416],[-70.1948,-4.11392],[-70.19482,-4.11375],[-70.19488,-4.11369],[-70.19522,-4.11357],[-70.19545,-4.11342],[-70.19551,-4.11287],[-70.19562,-4.11272],[-70.19588,-4.11266],[-70.19619,-4.11308],[-70.19639,-4.11321],[-70.19664,-4.11323],[-70.19669,-4.1132],[-70.19679,-4.11302],[-70.1968582,-4.1127346],[-70.1969,-4.11256],[-70.19707,-4.11242],[-70.1973,-4.11241],[-70.19758,-4.11251],[-70.19779,-4.11251],[-70.19799,-4.11247],[-70.19819,-4.11232],[-70.19826,-4.11203],[-70.19823,-4.11178],[-70.19811,-4.11149],[-70.19785,-4.11114],[-70.19784,-4.11101],[-70.197937,-4.1109131],[-70.198,-4.11085],[-70.19829,-4.11079],[-70.19854,-4.11061],[-70.19864,-4.11033],[-70.19863,-4.11006],[-70.19855,-4.10984],[-70.19821,-4.1094],[-70.19779,-4.10901],[-70.19748,-4.10863],[-70.19732,-4.10809],[-70.19731,-4.10792],[-70.19739,-4.10779],[-70.19779,-4.1075],[-70.19853,-4.10667],[-70.19853,-4.10643],[-70.19845,-4.10624],[-70.19801,-4.10582],[-70.19801,-4.10558],[-70.19809,-4.10537],[-70.19871,-4.10462],[-70.19927,-4.10379],[-70.19987,-4.1033],[-70.20038,-4.10305],[-70.20087,-4.10311],[-70.20114,-4.10333],[-70.20142,-4.10378],[-70.20162,-4.10421],[-70.20169,-4.10451],[-70.20201,-4.10489],[-70.20235,-4.10504],[-70.20252,-4.10496],[-70.20303,-4.10435],[-70.20329,-4.10425],[-70.20365,-4.10419],[-70.20439,-4.10422],[-70.20528,-4.10404],[-70.2058,-4.1038],[-70.20618,-4.10338],[-70.20636,-4.10329],[-70.20651,-4.10328],[-70.20665,-4.10347],[-70.20675,-4.1039],[-70.2069312,-4.1041125],[-70.20704,-4.10424],[-70.20779,-4.10445],[-70.20846,-4.10449],[-70.20885,-4.10433],[-70.20933,-4.10395],[-70.20998,-4.10373],[-70.21027,-4.1037],[-70.21069,-4.10383],[-70.21109,-4.10407],[-70.21213,-4.10487],[-70.21434,-4.10592],[-70.21518,-4.10644],[-70.21678,-4.10762],[-70.2170263,-4.107876],[-70.21729,-4.10815],[-70.21828,-4.10895],[-70.2185223,-4.10917],[-70.21882,-4.10944],[-70.21912,-4.10979],[-70.21958,-4.11022],[-70.22002,-4.11091],[-70.22041,-4.11128],[-70.22076,-4.11154],[-70.2210117,-4.1117865],[-70.2215108,-4.1122752],[-70.22172,-4.11248],[-70.22198,-4.11324],[-70.22242,-4.11356],[-70.22258,-4.11379],[-70.22279,-4.11425],[-70.22302,-4.11456],[-70.22336,-4.11462],[-70.22371,-4.11461],[-70.22391,-4.11448],[-70.22401,-4.11436],[-70.22436,-4.11413],[-70.22472,-4.1141],[-70.22491,-4.11415],[-70.22521,-4.11449],[-70.22563,-4.11471],[-70.22609,-4.11484],[-70.22631,-4.11501],[-70.22697,-4.11592],[-70.22743,-4.11622],[-70.22765,-4.11715],[-70.22787,-4.11748],[-70.22852,-4.11783],[-70.22877,-4.11789],[-70.22964,-4.11848],[-70.22989,-4.11856],[-70.23112,-4.11853],[-70.23138,-4.11879],[-70.23154,-4.11905],[-70.23189,-4.12017],[-70.23218,-4.12058],[-70.23259,-4.12091],[-70.23324,-4.12112],[-70.23379,-4.12173],[-70.23449,-4.12213],[-70.23473,-4.12218],[-70.23556,-4.12213],[-70.23645,-4.12225],[-70.23706,-4.12265],[-70.2374,-4.12304],[-70.2383555,-4.1238203],[-70.2427325,-4.1255606],[-70.2470957,-4.1273301],[-70.2623426,-4.12632],[-70.2799805,-4.1198575],[-70.3171523,-4.112543],[-70.3279382,-4.111168],[-70.3486263,-4.1080198],[-70.3693145,-4.0954271],[-70.3873041,-4.0796861],[-70.4041016,-4.0567364],[-70.4129393,-4.0513525],[-70.4314687,-4.0453575],[-70.435627,-4.0448361],[-70.4589038,-4.0461771],[-70.4589047,-4.0461771],[-70.4589055,-4.0461772],[-70.4734202,-4.0526017],[-70.505543,-4.0541485],[-70.5347441,-4.0433965],[-70.5568807,-4.0369461],[-70.5690332,-4.0369531],[-70.5749701,-4.0400341],[-70.5809931,-4.0438263],[-70.5888007,-4.045332],[-70.6007865,-4.0433273],[-70.6109413,-4.0399062],[-70.6109671,-4.0398935],[-70.6158825,-4.0374506],[-70.6215931,-4.0335102],[-70.6255906,-4.0311117],[-70.6295312,-4.0299981],[-70.6366021,-4.0302046],[-70.6436262,-4.0287197],[-70.6537345,-4.0253788],[-70.6567237,-4.0241707],[-70.6633155,-4.0215066],[-70.6705427,-4.0198742],[-70.6734122,-4.0197986],[-70.6755196,-4.0197431],[-70.6781175,-4.0196747],[-70.6832578,-4.0208379],[-70.6939911,-4.0258347],[-70.7040421,-4.02869],[-70.7079825,-4.029461],[-70.7150812,-4.0283402],[-70.7207692,-4.0267833],[-70.721291,-4.0266406],[-70.7223035,-4.0265942],[-70.730269,-4.0262286],[-70.7371816,-4.027455],[-70.7371844,-4.0274563],[-70.74392,-4.030666],[-70.7492711,-4.0346622],[-70.7589792,-4.0435137],[-70.7759785,-4.0603125],[-70.7765507,-4.0607695],[-70.7790672,-4.0630066],[-70.786562,-4.069669],[-70.794043,-4.0742946],[-70.7978691,-4.0751797],[-70.8156905,-4.0773411],[-70.8160414,-4.0773997],[-70.8224926,-4.0792391],[-70.8229128,-4.0794537],[-70.823495,-4.079751],[-70.8294416,-4.0827877],[-70.8301288,-4.0831387],[-70.8385321,-4.0920088],[-70.8477195,-4.1017067],[-70.8479921,-4.1020273],[-70.8493125,-4.1033437],[-70.8511972,-4.1049454],[-70.8523061,-4.1057287],[-70.8529227,-4.1061642],[-70.8533597,-4.1064727],[-70.8537829,-4.1067716],[-70.8587735,-4.1102968],[-70.8733887,-4.1156809],[-70.8742074,-4.1160953],[-70.8752176,-4.1166068],[-70.8771219,-4.1175708],[-70.8776475,-4.117837],[-70.8848047,-4.1214605],[-70.8904922,-4.1251875],[-70.8935064,-4.1278058],[-70.8990004,-4.1325785],[-70.9069419,-4.1396276],[-70.9118496,-4.1422597],[-70.9252851,-4.1472187],[-70.9416342,-4.1529703],[-70.9416362,-4.1529711],[-70.9429782,-4.1534431],[-70.9507774,-4.155207],[-70.9494082,-4.152486],[-70.9345591,-4.1363872],[-70.9285644,-4.1288436],[-70.9245097,-4.121334],[-70.9180181,-4.1121278],[-70.9095156,-4.0976954],[-70.9085919,-4.0962051],[-70.906418,-4.0924805],[-70.9063057,-4.0922442],[-70.8999531,-4.0808007],[-70.8800215,-4.0572521],[-70.8767365,-4.052151],[-70.8743219,-4.0484012],[-70.8677441,-4.0381875],[-70.8624669,-4.0295499],[-70.8598626,-4.0202728],[-70.8589434,-4.0089668],[-70.8590876,-4.0085762],[-70.8616899,-4.001527],[-70.8633555,-3.9942695],[-70.8616989,-3.9851612],[-70.8588435,-3.979165],[-70.8555312,-3.9743965],[-70.838459,-3.964534],[-70.8344025,-3.959362],[-70.8269992,-3.9499231],[-70.8248612,-3.9481337],[-70.82317,-3.94637],[-70.8304501,-3.9437677],[-70.8400683,-3.9424023],[-70.8500054,-3.9420948],[-70.8515861,-3.942046],[-70.8604711,-3.9400396],[-70.8671097,-3.935828],[-70.8699651,-3.9329726],[-70.8724634,-3.9292606],[-70.87444,-3.92476],[-70.8881954,-3.9020801],[-70.8900185,-3.9016496],[-70.9088184,-3.8972108],[-70.9243242,-3.8939316],[-70.9251935,-3.8937478],[-70.9259205,-3.8935941],[-70.926246,-3.8935252],[-70.9280616,-3.8931412],[-70.9282049,-3.893111],[-70.942708,-3.8900437],[-70.9586504,-3.8892108],[-70.9616289,-3.8906071],[-70.9668787,-3.8986965],[-70.9679597,-3.9003621],[-70.9734695,-3.908852],[-70.9736069,-3.9090607],[-70.984634,-3.9258272],[-70.9884472,-3.9295235],[-70.9949787,-3.931811],[-70.9978615,-3.9324348],[-70.999856,-3.9328663],[-71.0085704,-3.934752],[-71.016961,-3.9382343],[-71.0368419,-3.9473867],[-71.0471672,-3.95169],[-71.0526797,-3.9539873],[-71.053543,-3.9544297],[-71.058457,-3.9561387],[-71.0635996,-3.9576172],[-71.0743736,-3.959393],[-71.0794766,-3.9587266],[-71.0844045,-3.9566662],[-71.0916727,-3.9527517],[-71.0919025,-3.9526132],[-71.0980606,-3.9482402],[-71.1076202,-3.9422892],[-71.107973,-3.9420808],[-71.1183262,-3.9359648],[-71.1338652,-3.9272773],[-71.1341845,-3.9271003],[-71.1447792,-3.9198316],[-71.1576465,-3.9086211],[-71.1752206,-3.8926567],[-71.1774915,-3.8905938],[-71.1786445,-3.8895468],[-71.1816016,-3.8861016],[-71.1855084,-3.8806661],[-71.1949554,-3.8662512],[-71.1950586,-3.8660937],[-71.2067585,-3.846522],[-71.2231286,-3.8070743],[-71.2238906,-3.8052382],[-71.2279905,-3.7985671],[-71.2290467,-3.7968485],[-71.232416,-3.788054],[-71.23293,-3.7835425],[-71.2326445,-3.7801445],[-71.2250129,-3.753629],[-71.2248217,-3.752965],[-71.223248,-3.7476631],[-71.2215235,-3.7418535],[-71.22035,-3.7397587],[-71.2100505,-3.7213735],[-71.2043302,-3.7111621],[-71.1958829,-3.698125],[-71.1870431,-3.6864861],[-71.1823034,-3.6796903],[-71.1805039,-3.6750977],[-71.1786054,-3.6689095],[-71.1776205,-3.6656991],[-71.1776776,-3.6621013],[-71.1780202,-3.65976],[-71.178991,-3.6577612],[-71.1826459,-3.6546203],[-71.1847106,-3.6521697],[-71.1864335,-3.6481158],[-71.188014,-3.6450263],[-71.1885657,-3.6399752],[-71.1888574,-3.637304],[-71.1889277,-3.6366601],[-71.1886069,-3.6333253],[-71.1867224,-3.6296705],[-71.1844381,-3.6268721],[-71.1722021,-3.6153245],[-71.1707325,-3.6139375],[-71.1702692,-3.613056],[-71.1664806,-3.605845],[-71.1639764,-3.6019322],[-71.1606449,-3.5981983],[-71.1588786,-3.5953586],[-71.1569482,-3.5906292],[-71.156832,-3.586186],[-71.1570606,-3.5800468],[-71.159412,-3.571964],[-71.1657356,-3.5590293],[-71.1684661,-3.5534442],[-71.1780601,-3.5372258],[-71.1804015,-3.5351128],[-71.1821719,-3.5345703],[-71.1930625,-3.5342441],[-71.1977967,-3.5328505],[-71.2072657,-3.5284937],[-71.2113204,-3.5257526],[-71.2147467,-3.5230115],[-71.2187442,-3.5215267],[-71.2247405,-3.5207842],[-71.2535106,-3.5204825],[-71.2659072,-3.5205158],[-71.2701406,-3.5205273],[-71.2785247,-3.5200525],[-71.2851866,-3.5190182],[-71.2862092,-3.5188595],[-71.2910312,-3.5181108],[-71.2981125,-3.5152555],[-71.3028522,-3.5119432],[-71.3113612,-3.5034628],[-71.316421,-3.4997711],[-71.3167845,-3.4995058],[-71.3204257,-3.4979746],[-71.3208266,-3.4976727],[-71.3223692,-3.4965107],[-71.3243632,-3.4953906],[-71.325959,-3.4946465],[-71.3272169,-3.4941816],[-71.329209,-3.493834],[-71.3316452,-3.4938738],[-71.3328251,-3.4938515],[-71.3379427,-3.4891606],[-71.3395417,-3.4887608],[-71.3411977,-3.488818],[-71.3425684,-3.4897031],[-71.3436292,-3.4916957],[-71.3455709,-3.4927807],[-71.3492827,-3.4936373],[-71.3551816,-3.4934237],[-71.3639592,-3.4898682],[-71.3710406,-3.4861562],[-71.3784074,-3.4805597],[-71.3814225,-3.4765395],[-71.3833186,-3.471594],[-71.3848034,-3.4658262],[-71.3858884,-3.4631421],[-71.390457,-3.4573457],[-71.3939112,-3.4547135],[-71.3961719,-3.4519121],[-71.3977579,-3.4482382],[-71.3989414,-3.4428398],[-71.399332,-3.4388242],[-71.3994902,-3.4325156],[-71.399759,-3.4292885],[-71.4005582,-3.4221241],[-71.4006171,-3.4217427],[-71.4011641,-3.4181933],[-71.4026641,-3.4152276],[-71.4062332,-3.4125507],[-71.4155676,-3.4081505],[-71.4159766,-3.4079316],[-71.4181445,-3.4059746],[-71.4190527,-3.4043632],[-71.4194492,-3.403043],[-71.4196172,-3.401496],[-71.4195939,-3.3943281],[-71.4194522,-3.3934273],[-71.4191067,-3.3914197],[-71.4179446,-3.3846663],[-71.4154909,-3.3781972],[-71.4119216,-3.3718396],[-71.4038765,-3.3621657],[-71.3942989,-3.355834],[-71.3901987,-3.3531235],[-71.3885001,-3.3520005],[-71.3851879,-3.3483456],[-71.383646,-3.3459471],[-71.3801055,-3.338209],[-71.3720901,-3.3150796],[-71.3696211,-3.3081915],[-71.367043,-3.3013731],[-71.3638222,-3.2936426],[-71.3605079,-3.2840996],[-71.3527342,-3.2641113],[-71.3474122,-3.25342],[-71.3465495,-3.2518165],[-71.3375424,-3.2305333],[-71.3367429,-3.228135],[-71.3359434,-3.2268215],[-71.3333164,-3.2239375],[-71.3217795,-3.2022841],[-71.3107422,-3.1815683],[-71.3104445,-3.1817324],[-71.310249,-3.1818404]]]]}},
{"type":"Feature","properties":{"ubigeo":"160402","nombre":"PEBAS","fuente":"INEI"},"geometry":{"type":"MultiPolygon","coordinates":[[[[-72.1703989,-2.7999559],[-72.1677216,-2.8004959],[-72.1677169,-2.8004961],[-72.1677152,-2.8004975],[-72.1634594,-2.8017422],[-72.1601363,-2.8029946],[-72.1554186,-2.8051851],[-72.1541066,-2.8058264],[-72.1494408,-2.8085116],[-72.146809,-2.8101183],[-72.1438053,-2.81223],[-72.1414396,-2.8139907],[-72.1406646,-2.8146261],[-72.1368656,-2.8177399],[-72.1303413,-2.824089],[-72.1247648,-2.8294292],[-72.1247638,-2.8294302],[-72.1235742,-2.8306392],[-72.1223857,-2.8315194],[-72.1212578,-2.8323547],[-72.1181282,-2.8343145],[-72.1172932,-2.8347162],[-72.1136475,-2.8361457],[-72.1111645,-2.8367999],[-72.109222,-2.8373117],[-72.1042759,-2.8386072],[-72.0985506,-2.8393775],[-72.0899638,-2.8401405],[-72.0860931,-2.8402135],[-72.0817743,-2.8400418],[-72.0786484,-2.8397194],[-72.0739229,-2.8385947],[-72.0699182,-2.8371595],[-72.0678611,-2.8362916],[-72.0635644,-2.8339974],[-72.0631848,-2.8337947],[-72.0594198,-2.8310386],[-72.0561747,-2.8284147],[-72.0536769,-2.8260923],[-72.0520332,-2.8258576],[-72.0487832,-2.824875],[-72.0475839,-2.8243555],[-72.0463264,-2.8239492],[-72.0441055,-2.8229668],[-72.0414732,-2.8210903],[-72.0390309,-2.8193491],[-72.0380936,-2.818681],[-72.0348125,-2.8163418],[-72.0327378,-2.8161174],[-72.0327361,-2.8161174],[-72.0297997,-2.8170999],[-72.0283763,-2.8178532],[-72.0274566,-2.8183822],[-72.0260646,-2.8193182],[-72.0250371,-2.8203696],[-72.0247179,-2.8207487],[-72.0224759,-2.8234586],[-72.0206925,-2.8261388],[-72.0193904,-2.8288021],[-72.0180099,-2.8320273],[-72.0172478,-2.8338866],[-72.0168309,-2.8349039],[-72.0159265,-2.8370645],[-72.0149761,-2.8393348],[-72.0142899,-2.8408395],[-72.0131941,-2.8432424],[-72.0112083,-2.8472365],[-72.010133,-2.8490853],[-72.0101329,-2.849086],[-72.0101322,-2.8490863],[-72.0088547,-2.8512543],[-72.0057879,-2.8559147],[-72.0026153,-2.8600439],[-72.0007023,-2.8623449],[-71.9977026,-2.8656276],[-71.9937963,-2.8690283],[-71.9895236,-2.8723104],[-71.9875851,-2.8735957],[-71.9849755,-2.8751831],[-71.9843364,-2.8755467],[-71.98296,-2.8762957],[-71.9829579,-2.8762968],[-71.9806395,-2.8774884],[-71.9732779,-2.8804264],[-71.9573074,-2.8864348],[-71.9561037,-2.886911],[-71.9515821,-2.8883524],[-71.948768,-2.8892495],[-71.9429829,-2.8910076],[-71.9377644,-2.8924477],[-71.9331087,-2.8936408],[-71.9291663,-2.8943978],[-71.9245443,-2.8952853],[-71.91967,-2.8959252],[-71.915489,-2.8963029],[-71.9107664,-2.8966013],[-71.9072424,-2.8965602],[-71.903491,-2.8964411],[-71.9007594,-2.8962463],[-71.8984271,-2.896262],[-71.8953055,-2.8964186],[-71.8919015,-2.8964907],[-71.8871183,-2.8970479],[-71.8828201,-2.8980953],[-71.8801939,-2.8989505],[-71.8783853,-2.8997247],[-71.8763052,-2.9006508],[-71.8743064,-2.9018061],[-71.8735613,-2.9022723],[-71.872222,-2.9031541],[-71.8690353,-2.9051113],[-71.8667339,-2.9062206],[-71.865075,-2.9068653],[-71.8650736,-2.9068658],[-71.8620454,-2.9081414],[-71.8604446,-2.90878],[-71.8567683,-2.9100292],[-71.8555558,-2.9104047],[-71.8520687,-2.9112098],[-71.8498746,-2.9116098],[-71.8478662,-2.9118603],[-71.8459243,-2.9120142],[-71.8450156,-2.9120862],[-71.8436642,-2.9121859],[-71.8418155,-2.9122079],[-71.8391793,-2.9121988],[-71.8364603,-2.9119655],[-71.8325832,-2.9114313],[-71.8308326,-2.9111975],[-71.8279111,-2.9106298],[-71.825934,-2.9101453],[-71.8241908,-2.9097182],[-71.8210136,-2.9089396],[-71.8206821,-2.90885],[-71.8193698,-2.9082016],[-71.8193661,-2.9082009],[-71.8176646,-2.9080415],[-71.8166279,-2.9079443],[-71.8145721,-2.9081156],[-71.8128841,-2.9088603],[-71.8126304,-2.9089722],[-71.8121232,-2.9090849],[-71.8109558,-2.9094334],[-71.8066961,-2.9112546],[-71.8043853,-2.9125749],[-71.802513,-2.9136446],[-71.8003756,-2.9151398],[-71.7998671,-2.9155351],[-71.7974895,-2.9173835],[-71.7966004,-2.9181199],[-71.7937478,-2.9204826],[-71.7913937,-2.9231566],[-71.7886106,-2.9266873],[-71.7868952,-2.9297922],[-71.7863487,-2.9313169],[-71.7858201,-2.9327916],[-71.7852244,-2.9357157],[-71.785189,-2.9374921],[-71.785163,-2.9387947],[-71.7853576,-2.9411226],[-71.786125,-2.9445941],[-71.7880794,-2.9499012],[-71.7890832,-2.9539885],[-71.7898471,-2.9579302],[-71.7900161,-2.9614403],[-71.7898891,-2.9652844],[-71.7893224,-2.9695103],[-71.7892039,-2.9706932],[-71.7888458,-2.9742657],[-71.787475,-2.9808571],[-71.7854317,-2.9874903],[-71.7852042,-2.9881456],[-71.7843124,-2.99027],[-71.7784018,-3.0037664],[-71.7779355,-3.0046661],[-71.7757517,-3.00888],[-71.7712881,-3.0155388],[-71.766764,-3.0206626],[-71.7607812,-3.0263352],[-71.760354,-3.0266871],[-71.7576206,-3.0289382],[-71.7531339,-3.0319606],[-71.7474913,-3.0357221],[-71.7440484,-3.0376356],[-71.7427484,-3.0382602],[-71.739607,-3.0395025],[-71.7386659,-3.039801],[-71.7377227,-3.0400926],[-71.7367774,-3.0403775],[-71.7358302,-3.0406556],[-71.7348809,-3.0409269],[-71.7339298,-3.0411913],[-71.7329768,-3.0414489],[-71.732022,-3.0416996],[-71.7310655,-3.0419434],[-71.7301072,-3.0421804],[-71.7291473,-3.0424104],[-71.7281857,-3.0426336],[-71.7272226,-3.0428498],[-71.726258,-3.0430591],[-71.725292,-3.0432614],[-71.7243245,-3.0434568],[-71.7233556,-3.0436452],[-71.7223854,-3.0438267],[-71.721414,-3.0440011],[-71.7204413,-3.0441686],[-71.7194675,-3.0443291],[-71.7184926,-3.0444826],[-71.7175166,-3.044629],[-71.7175093,-3.0446301],[-71.7165396,-3.0447685],[-71.7155616,-3.0449009],[-71.7145827,-3.0450262],[-71.7136029,-3.0451445],[-71.7126223,-3.0452558],[-71.711641,-3.04536],[-71.7106589,-3.0454571],[-71.7096762,-3.0455472],[-71.7086928,-3.0456302],[-71.7077089,-3.0457062],[-71.7067245,-3.045775],[-71.7057396,-3.0458368],[-71.7047543,-3.0458915],[-71.7037686,-3.0459391],[-71.7027826,-3.0459796],[-71.7017964,-3.046013],[-71.70081,-3.0460393],[-71.6998233,-3.0460586],[-71.6988366,-3.0460707],[-71.6978498,-3.0460757],[-71.696863,-3.0460737],[-71.6958763,-3.0460645],[-71.6948896,-3.0460482],[-71.6939031,-3.0460249],[-71.6929168,-3.0459944],[-71.6919307,-3.0459569],[-71.6909449,-3.0459123],[-71.6899595,-3.0458605],[-71.6889744,-3.0458017],[-71.6879898,-3.0457358],[-71.6870057,-3.0456629],[-71.6860221,-3.0455828],[-71.6850391,-3.0454957],[-71.6840568,-3.0454015],[-71.6830752,-3.0453002],[-71.6820943,-3.0451919],[-71.6811142,-3.0450766],[-71.680135,-3.0449542],[-71.6791566,-3.0448247],[-71.6781793,-3.0446882],[-71.6772029,-3.0445447],[-71.6762275,-3.0443942],[-71.6752533,-3.0442367],[-71.6742802,-3.0440721],[-71.6733082,-3.0439006],[-71.6723376,-3.0437221],[-71.6713682,-3.0435366],[-71.6704002,-3.0433441],[-71.6694336,-3.0431447],[-71.6691001,-3.0430734],[-71.6669987,-3.0425452],[-71.6642259,-3.0417064],[-71.6625006,-3.0413322],[-71.6617048,-3.0412861],[-71.6611735,-3.0412775],[-71.6602309,-3.0415159],[-71.6579607,-3.0428289],[-71.6574935,-3.0431399],[-71.6556567,-3.0446078],[-71.6548362,-3.0454617],[-71.653892,-3.0464442],[-71.6535844,-3.0468342],[-71.6528882,-3.0476622],[-71.6509986,-3.0498061],[-71.6496237,-3.0511576],[-71.6466754,-3.0539344],[-71.6463508,-3.0542041],[-71.644269,-3.0557357],[-71.6412994,-3.0577283],[-71.6379623,-3.0597068],[-71.6366192,-3.0604187],[-71.6345581,-3.0615733],[-71.6324634,-3.0626816],[-71.6290077,-3.064244],[-71.6251666,-3.0654965],[-71.6221084,-3.0661258],[-71.6196707,-3.0665354],[-71.6181656,-3.0667296],[-71.6150968,-3.0669963],[-71.6146919,-3.0670047],[-71.6120124,-3.0669037],[-71.6091096,-3.0665664],[-71.6088967,-3.0665206],[-71.6067367,-3.0664507],[-71.6064016,-3.0665175],[-71.6056003,-3.066468],[-71.6035178,-3.0666961],[-71.6023589,-3.0669471],[-71.5997446,-3.0676968],[-71.5978441,-3.0684995],[-71.5932258,-3.0708589],[-71.5898148,-3.0728851],[-71.5867252,-3.0750132],[-71.5849289,-3.0763742],[-71.5793714,-3.0810109],[-71.5780783,-3.0819389],[-71.5767952,-3.0827534],[-71.5753544,-3.0836831],[-71.5724841,-3.0853326],[-71.56814,-3.0873479],[-71.567003,-3.0877311],[-71.5661239,-3.0881464],[-71.5651461,-3.0885586],[-71.5616318,-3.0898269],[-71.5597219,-3.0904755],[-71.5554299,-3.0919534],[-71.5491572,-3.0940325],[-71.5438339,-3.095585],[-71.5405802,-3.0963519],[-71.5391188,-3.0966165],[-71.5350568,-3.097405],[-71.5315186,-3.0980152],[-71.528298,-3.0983762],[-71.5265652,-3.0985087],[-71.5258616,-3.0985867],[-71.523978,-3.0988347],[-71.5234935,-3.0989065],[-71.5232824,-3.0989377],[-71.5208186,-3.0992849],[-71.5198978,-3.0994881],[-71.5169116,-3.1003381],[-71.5139457,-3.1016632],[-71.5126985,-3.102391],[-71.5098076,-3.1040389],[-71.5068244,-3.105793],[-71.5049851,-3.1073863],[-71.5025727,-3.1095015],[-71.5001895,-3.1121714],[-71.4979315,-3.1155288],[-71.49459,-3.1208895],[-71.4928342,-3.1241856],[-71.4925929,-3.1246385],[-71.4894448,-3.1307603],[-71.4891332,-3.1314487],[-71.4864164,-3.1366412],[-71.4853179,-3.1387409],[-71.4812628,-3.1455452],[-71.4791114,-3.1485819],[-71.4770183,-3.1509999],[-71.4740207,-3.1529569],[-71.4721326,-3.1539756],[-71.4709788,-3.154535],[-71.4680073,-3.1557395],[-71.4653016,-3.1567576],[-71.4637764,-3.157285],[-71.454786,-3.1607505],[-71.4545735,-3.160858],[-71.4541667,-3.1610639],[-71.4496159,-3.1631844],[-71.447047,-3.1643542],[-71.4444258,-3.1658343],[-71.4440684,-3.1668958],[-71.44389,-3.1681619],[-71.4439107,-3.1698079],[-71.4439723,-3.1712808],[-71.4439666,-3.1729543],[-71.4440383,-3.1739361],[-71.4442417,-3.175197],[-71.4445122,-3.1759465],[-71.4449305,-3.1769873],[-71.4456115,-3.1787838],[-71.4463287,-3.1810797],[-71.4465795,-3.182344],[-71.4466672,-3.1827862],[-71.4467104,-3.1855367],[-71.4463161,-3.1893544],[-71.4460593,-3.1914119],[-71.4456589,-3.1927616],[-71.4453624,-3.1936233],[-71.4447218,-3.1949539],[-71.4438861,-3.1962056],[-71.4427564,-3.1974138],[-71.4413642,-3.1984857],[-71.4395329,-3.1994697],[-71.4384083,-3.199982],[-71.436883,-3.2004871],[-71.433069,-3.2014314],[-71.4317311,-3.201602],[-71.4284628,-3.2017739],[-71.4279281,-3.2017658],[-71.4223731,-3.2013011],[-71.422115,-3.2012542],[-71.4206523,-3.2009884],[-71.4163252,-3.2002023],[-71.4154583,-3.2000448],[-71.4148051,-3.1998632],[-71.4133596,-3.1995012],[-71.4082457,-3.1986453],[-71.4071073,-3.1984995],[-71.4042874,-3.1981458],[-71.4006585,-3.1976907],[-71.395448,-3.1968207],[-71.3910524,-3.1960684],[-71.3895864,-3.1958175],[-71.3828796,-3.1942872],[-71.3820367,-3.1940602],[-71.3795087,-3.1933794],[-71.379429,-3.1933579],[-71.3777372,-3.1926314],[-71.3768269,-3.1917786],[-71.3765898,-3.1910853],[-71.3763916,-3.1903905],[-71.3760433,-3.1887846],[-71.3758338,-3.1867168],[-71.375636,-3.1853072],[-71.3754788,-3.1844368],[-71.3750654,-3.1832732],[-71.3744119,-3.1820669],[-71.3735391,-3.1810579],[-71.3731509,-3.1806492],[-71.3719701,-3.1797081],[-71.3715278,-3.1794237],[-71.3707839,-3.1789728],[-71.3678656,-3.1772037],[-71.3660002,-3.1762127],[-71.365454,-3.1759713],[-71.3631805,-3.1750559],[-71.3585473,-3.1734335],[-71.3573699,-3.1730061],[-71.3540396,-3.1720262],[-71.3540365,-3.1720257],[-71.3519412,-3.1723121],[-71.3464437,-3.1730632],[-71.3365233,-3.1744187],[-71.3351114,-3.1746116],[-71.3348457,-3.1746426],[-71.3329369,-3.1749922],[-71.3303985,-3.1754571],[-71.3260117,-3.1768419],[-71.3226375,-3.1776786],[-71.3203388,-3.1782866],[-71.3197886,-3.1784321],[-71.3169067,-3.1791943],[-71.3163431,-3.1793434],[-71.3152141,-3.1797326],[-71.310743,-3.181568],[-71.3107422,-3.1815683],[-71.3171309,-3.186209],[-71.3202207,-3.1888419],[-71.3274766,-3.1955957],[-71.3317971,-3.2005733],[-71.3332051,-3.2021954],[-71.3382876,-3.2073065],[-71.3529547,-3.2162947],[-71.359732,-3.2205291],[-71.4224629,-3.2597226],[-71.4277744,-3.2621292],[-71.4314292,-3.2634427],[-71.4337705,-3.2649846],[-71.4348556,-3.2661838],[-71.435208,-3.2685205],[-71.4353205,-3.2692668],[-71.4352715,-3.272707],[-71.4357364,-3.2749138],[-71.4361347,-3.2762481],[-71.4396011,-3.2767615],[-71.4432731,-3.2784467],[-71.4477382,-3.2824297],[-71.455168,-3.291584],[-71.4572055,-3.2962646],[-71.4585195,-3.3036172],[-71.4604706,-3.3145346],[-71.4611044,-3.3180811],[-71.4612716,-3.319017],[-71.4636769,-3.3216508],[-71.4662326,-3.3258907],[-71.47042,-3.3328379],[-71.4742056,-3.3408633],[-71.4756722,-3.3439726],[-71.4761195,-3.3443081],[-71.4772697,-3.3451707],[-71.477536,-3.345853],[-71.4773954,-3.3476416],[-71.4773031,-3.3488151],[-71.4774529,-3.3498302],[-71.4779021,-3.3511947],[-71.479127,-3.3525996],[-71.4834219,-3.3587266],[-71.4877169,-3.365711],[-71.4898906,-3.3696016],[-71.4906992,-3.3717871],[-71.4914606,-3.3744333],[-71.4916319,-3.3768062],[-71.4914101,-3.3780391],[-71.4926795,-3.379918],[-71.4963711,-3.3868145],[-71.500832,-3.3958555],[-71.5070842,-3.408527],[-71.512519,-3.4175066],[-71.5258266,-3.4374733],[-71.5274444,-3.4399006],[-71.5282187,-3.4410625],[-71.5293962,-3.4430776],[-71.5429785,-3.4663203],[-71.5462336,-3.4738702],[-71.5522299,-3.4923326],[-71.5555421,-3.4994138],[-71.5613022,-3.5073402],[-71.5643365,-3.5115156],[-71.5745827,-3.5240513],[-71.5768762,-3.5268573],[-71.5847871,-3.5346445],[-71.5928562,-3.5429492],[-71.5986779,-3.5489407],[-71.6030059,-3.5533952],[-71.6032481,-3.5536445],[-71.6095439,-3.5576643],[-71.6246784,-3.5673277],[-71.634783,-3.5721563],[-71.6593555,-3.5838985],[-71.6673652,-3.5900665],[-71.6682812,-3.5914395],[-71.6753905,-3.6043802],[-71.6803016,-3.6141456],[-71.6810586,-3.6227325],[-71.6804875,-3.6255592],[-71.6794301,-3.6265187],[-71.6711956,-3.6339913],[-71.6476582,-3.647668],[-71.6377559,-3.65242],[-71.6289369,-3.6552218],[-71.6284265,-3.655384],[-71.6259765,-3.6561623],[-71.6214624,-3.6571898],[-71.6187617,-3.6578046],[-71.6111536,-3.6578222],[-71.6085741,-3.6586635],[-71.6065499,-3.6602546],[-71.6043149,-3.6627873],[-71.6034355,-3.664232],[-71.6020294,-3.666542],[-71.5973876,-3.6758413],[-71.5939971,-3.6826338],[-71.5923164,-3.6877597],[-71.5902871,-3.6956777],[-71.5852042,-3.7238345],[-71.5844731,-3.7338192],[-71.5843701,-3.7342402],[-71.58426,-3.73451],[-71.58424,-3.73479],[-71.58397,-3.73683],[-71.58388,-3.73723],[-71.5837,-3.73787],[-71.58333,-3.73879],[-71.5826,-3.74013],[-71.5819,-3.74181],[-71.58175,-3.74211],[-71.5816,-3.74223],[-71.58142,-3.74267],[-71.58097,-3.74336],[-71.58059,-3.74384],[-71.58034,-3.74425],[-71.58025,-3.74454],[-71.58016,-3.74512],[-71.57985,-3.74611],[-71.57958,-3.74669],[-71.57914,-3.74748],[-71.57903,-3.74773],[-71.57885,-3.74871],[-71.57887,-3.74913],[-71.57895,-3.74928],[-71.57909,-3.74987],[-71.5792,-3.75016],[-71.57938,-3.75046],[-71.57972,-3.75083],[-71.58033,-3.75139],[-71.58088,-3.75195],[-71.58174,-3.75261],[-71.58202,-3.75299],[-71.58205,-3.75313],[-71.58202,-3.75335],[-71.58184,-3.7539],[-71.5817969,-3.7602656],[-71.5822676,-3.7657695],[-71.5822832,-3.7703575],[-71.5814981,-3.7756346],[-71.5770957,-3.7911288],[-71.5765312,-3.7945703],[-71.5766524,-3.797209],[-71.5773754,-3.799017],[-71.5777722,-3.7996187],[-71.5782204,-3.8000156],[-71.5786701,-3.80023],[-71.5786732,-3.8002281],[-71.5786759,-3.8002266],[-71.578702,-3.8002108],[-71.5787165,-3.8002023],[-71.5787881,-3.8001595],[-71.5789635,-3.8000547],[-71.5790056,-3.8000296],[-71.5800052,-3.7994326],[-71.58011,-3.79937],[-71.58083,-3.79883],[-71.5812,-3.7985],[-71.58155,-3.79809],[-71.58276,-3.79693],[-71.58333,-3.79645],[-71.58402,-3.79592],[-71.58437,-3.7957],[-71.58592,-3.79486],[-71.58642,-3.79457],[-71.58665,-3.79439],[-71.5874,-3.79343],[-71.58846,-3.79187],[-71.58892,-3.79134],[-71.58941,-3.79071],[-71.59054,-3.78971],[-71.59119,-3.78899],[-71.59154,-3.78869],[-71.5919,-3.78832],[-71.59254,-3.78771],[-71.59383,-3.78664],[-71.59444,-3.78623],[-71.59543,-3.78566],[-71.5965,-3.78513],[-71.59701,-3.78483],[-71.5983,-3.78373],[-71.59902,-3.78306],[-71.5996,-3.7826],[-71.60002,-3.78237],[-71.60085,-3.78177],[-71.60163,-3.78111],[-71.60209,-3.78067],[-71.60253,-3.7803],[-71.60339,-3.77977],[-71.60453,-3.77903],[-71.60532,-3.77837],[-71.60671,-3.77693],[-71.6078,-3.77563],[-71.60815,-3.77546],[-71.60838,-3.77534],[-71.60992,-3.77449],[-71.61024,-3.77429],[-71.61059,-3.7740101],[-71.6114522,-3.7749001],[-71.6124369,-3.7759463],[-71.613153,-3.7778678],[-71.6124985,-3.7810545],[-71.6112129,-3.7855262],[-71.611083,-3.785978],[-71.6074571,-3.7914361],[-71.6073457,-3.7916113],[-71.6034922,-3.8006816],[-71.5994044,-3.8082636],[-71.5969081,-3.8140078],[-71.5944239,-3.8222696],[-71.5939785,-3.8251367],[-71.5938789,-3.8299551],[-71.5945664,-3.8324746],[-71.5982441,-3.8395722],[-71.6007695,-3.8430057],[-71.607293,-3.8494082],[-71.6073041,-3.8494277],[-71.6075919,-3.8499336],[-71.612457,-3.8584511],[-71.6141816,-3.8621152],[-71.6155624,-3.866125],[-71.6179882,-3.8751777],[-71.620086,-3.8893906],[-71.6218652,-3.9087637],[-71.6245195,-3.9229003],[-71.6252516,-3.938905],[-71.6253797,-3.941707],[-71.6263222,-3.9485058],[-71.627807,-3.9565865],[-71.6283781,-3.9684648],[-71.6281582,-3.9878691],[-71.6299414,-3.9998731],[-71.6299981,-4.0003906],[-71.6365059,-4.0128361],[-71.6447865,-4.0255983],[-71.6450469,-4.0259995],[-71.6454039,-4.0265497],[-71.6466307,-4.0290962],[-71.6468739,-4.0296007],[-71.6481204,-4.0321881],[-71.6485047,-4.0329858],[-71.6509374,-4.0376508],[-71.6593906,-4.0538613],[-71.6635022,-4.062456],[-71.6650441,-4.0671388],[-71.6658436,-4.0717643],[-71.666015,-4.0791883],[-71.6661534,-4.0851855],[-71.6682449,-4.09074],[-71.6691625,-4.0931771],[-71.6706405,-4.0954256],[-71.6707864,-4.0961127],[-71.6706836,-4.0974395],[-71.6709749,-4.0980165],[-71.6713366,-4.0987328],[-71.6716569,-4.1002487],[-71.671849,-4.1007398],[-71.6723614,-4.1011668],[-71.6732369,-4.1015298],[-71.6842322,-4.106391],[-71.6978809,-4.111188],[-71.7014315,-4.112436],[-71.7046244,-4.1140837],[-71.7066249,-4.1153912],[-71.708074,-4.1166986],[-71.7188632,-4.1260986],[-71.721525,-4.1284175],[-71.7228301,-4.1308398],[-71.7234591,-4.1312336],[-71.7250586,-4.1315742],[-71.729293,-4.1324218],[-71.7306132,-4.1328203],[-71.7329024,-4.1332148],[-71.7329899,-4.1332517],[-71.7344509,-4.1338525],[-71.736517,-4.1347225],[-71.7374009,-4.1350946],[-71.7401069,-4.136234],[-71.7454249,-4.1403132],[-71.7507252,-4.1447706],[-71.7556927,-4.1474642],[-71.7594329,-4.149763],[-71.760416,-4.1503672],[-71.7607656,-4.1505801],[-71.765297,-4.1530351],[-71.7713971,-4.1545455],[-71.7779074,-4.1548882],[-71.7888147,-4.1559732],[-71.7894097,-4.156195],[-71.7944114,-4.1580862],[-71.801207,-4.1592283],[-71.8129711,-4.159571],[-71.8150839,-4.1596325],[-71.819824,-4.1605419],[-71.8291387,-4.1602187],[-71.8341115,-4.1586417],[-71.8487545,-4.1592783],[-71.8540296,-4.160097],[-71.8680429,-4.163929],[-71.8758951,-4.1637505],[-71.8829442,-4.162769],[-71.8936517,-4.1575043],[-71.8988789,-4.1546132],[-71.9087834,-4.1482333],[-71.9229709,-4.1373473],[-71.929166,-4.131627],[-71.9385334,-4.1229773],[-71.9460126,-4.116922],[-71.9576624,-4.108984],[-71.9661142,-4.1043012],[-71.9734811,-4.100932],[-71.9784686,-4.0991306],[-71.9851954,-4.0972791],[-71.9925674,-4.0964853],[-71.9973644,-4.0963712],[-71.998776,-4.095803],[-71.999655,-4.0954491],[-71.9999825,-4.0953172],[-72.0,-4.0953102],[-72.0000175,-4.0953032],[-72.0050175,-4.0932905],[-72.0058862,-4.0929407],[-72.0117147,-4.0891193],[-72.0132402,-4.0881192],[-72.0343916,-4.0675806],[-72.0444746,-4.059416],[-72.0774687,-4.0415566],[-72.0948867,-4.0338047],[-72.1076132,-4.0292538],[-72.1078419,-4.0291387],[-72.1133419,-4.0273205],[-72.1172325,-4.0267578],[-72.132323,-4.0261802],[-72.1348726,-4.0260148],[-72.1506201,-4.0249932],[-72.1567774,-4.0245937],[-72.1574605,-4.0246428],[-72.1994805,-4.0276641],[-72.246582,-4.0322851],[-72.3129847,-4.0380158],[-72.317123,-4.0383731],[-72.3528149,-4.047534],[-72.3680002,-4.0493902],[-72.3712369,-4.0488225],[-72.374587,-4.0486521],[-72.3791864,-4.0464943],[-72.3832597,-4.0427637],[-72.3798054,-4.0388842],[-72.3785107,-4.0381102],[-72.3759497,-4.0368981],[-72.3744701,-4.0360485],[-72.3728992,-4.033653],[-72.371719,-4.0323417],[-72.3707214,-4.0314573],[-72.3681906,-4.0303946],[-72.3635079,-4.0295665],[-72.3604831,-4.0263455],[-72.3574154,-4.023907],[-72.3551882,-4.0221366],[-72.3531324,-4.0147699],[-72.350791,-4.0097445],[-72.3481641,-4.0060038],[-72.340528,-4.006328],[-72.3379755,-4.0059798],[-72.3363511,-4.0033115],[-72.3340307,-4.000585],[-72.3333346,-3.9988445],[-72.3321164,-3.9979742],[-72.3290417,-3.9971621],[-72.3261991,-3.9952477],[-72.3237045,-3.9947836],[-72.3176134,-3.996002],[-72.3133205,-3.99635],[-72.3060111,-3.9942616],[-72.3019591,-3.9914671],[-72.3008776,-3.9906057],[-72.2936467,-3.9848461],[-72.2921736,-3.9835515],[-72.281168,-3.9738788],[-72.2775379,-3.9707343],[-72.2746914,-3.9678061],[-72.268614,-3.961554],[-72.2553652,-3.944793],[-72.2538076,-3.943275],[-72.2527226,-3.9397342],[-72.2526084,-3.9350515],[-72.2544929,-3.9220882],[-72.2549497,-3.9196897],[-72.2569485,-3.916549],[-72.2591335,-3.915359],[-72.2615742,-3.9133222],[-72.2624946,-3.9106491],[-72.2654961,-3.9019317],[-72.2661567,-3.8988828],[-72.2703222,-3.8796587],[-72.270545,-3.8786308],[-72.2705814,-3.8784316],[-72.271523,-3.8732716],[-72.2728362,-3.8697881],[-72.2756829,-3.8648067],[-72.2764912,-3.8633921],[-72.2785471,-3.8573387],[-72.2809456,-3.8463171],[-72.2828872,-3.8348386],[-72.2835047,-3.8222223],[-72.2835262,-3.8219932],[-72.2836615,-3.8205581],[-72.2837697,-3.8194081],[-72.2839356,-3.8176485],[-72.283586,-3.8050383],[-72.2833275,-3.8023741],[-72.2830586,-3.7996035],[-72.2812415,-3.7914765],[-72.2811819,-3.7912101],[-72.2810755,-3.7907345],[-72.2794609,-3.784413],[-72.2788897,-3.7788737],[-72.2804315,-3.7562592],[-72.2799749,-3.7515193],[-72.2788897,-3.7484927],[-72.2781941,-3.745826],[-72.2780332,-3.745209],[-72.2784546,-3.741558],[-72.2799394,-3.7394451],[-72.2821441,-3.7382351],[-72.2830556,-3.7375743],[-72.2831527,-3.737504],[-72.2858496,-3.7355488],[-72.2884297,-3.7331445],[-72.2897954,-3.7304226],[-72.2911324,-3.7267673],[-72.2962842,-3.7126825],[-72.2963406,-3.7124686],[-72.2984991,-3.7042671],[-72.3000981,-3.7000412],[-72.302668,-3.6959866],[-72.3038674,-3.6934453],[-72.3041267,-3.6916396],[-72.3044189,-3.689608],[-72.3036194,-3.6873808],[-72.3026485,-3.6861245],[-72.3006219,-3.6851241],[-72.2978515,-3.6842401],[-72.2951675,-3.6833833],[-72.2921979,-3.6828122],[-72.2905736,-3.6826862],[-72.289397,-3.682595],[-72.2876294,-3.6817272],[-72.2844885,-3.6801853],[-72.2808336,-3.6788147],[-72.2773502,-3.6760736],[-72.276208,-3.674646],[-72.2763792,-3.6722475],[-72.2761136,-3.6714123],[-72.2756234,-3.6709123],[-72.274672,-3.6707778],[-72.2736251,-3.6707356],[-72.2729086,-3.6708652],[-72.2726111,-3.6708322],[-72.27209,-3.6706145],[-72.271234,-3.670054],[-72.2711825,-3.6700202],[-72.2673754,-3.6660142],[-72.2595899,-3.6609687],[-72.2550551,-3.6566222],[-72.25508,-3.6558761],[-72.2551122,-3.654909],[-72.2545982,-3.6535956],[-72.2279864,-3.632209],[-72.2214176,-3.6278258],[-72.2210874,-3.6276352],[-72.2008125,-3.6159315],[-72.1893911,-3.6113273],[-72.1780186,-3.6067428],[-72.1742735,-3.6042812],[-72.1684904,-3.5967072],[-72.1682442,-3.5963373],[-72.1639294,-3.5898538],[-72.1623905,-3.5875415],[-72.15628,-3.5796037],[-72.1552961,-3.5773153],[-72.155195,-3.5771481],[-72.1543384,-3.5734362],[-72.15411,-3.5702952],[-72.1544526,-3.5627571],[-72.1550237,-3.5556758],[-72.1557365,-3.5514592],[-72.15643,-3.5492198],[-72.15638,-3.54848],[-72.1563584,-3.5481599],[-72.15633,-3.54774],[-72.1549166,-3.5448345],[-72.1534692,-3.5415737],[-72.1500625,-3.5338985],[-72.1480222,-3.5285203],[-72.1436089,-3.5237907],[-72.1380274,-3.5178088],[-72.1321875,-3.5131972],[-72.1190195,-3.5027988],[-72.117193,-3.5005671],[-72.1173905,-3.5001093],[-72.118443,-3.4976677],[-72.1298074,-3.4896727],[-72.1361186,-3.4869887],[-72.145112,-3.4814492],[-72.1505943,-3.4779656],[-72.1580752,-3.4712842],[-72.1633861,-3.4676865],[-72.172752,-3.4619471],[-72.1778469,-3.4598637],[-72.1839004,-3.4560947],[-72.191751,-3.4501047],[-72.1965211,-3.4441592],[-72.1980059,-3.4410468],[-72.1984512,-3.4042558],[-72.2017804,-3.3994115],[-72.2020157,-3.399069],[-72.2181309,-3.379291],[-72.224779,-3.3730467],[-72.2303149,-3.3708421],[-72.2317749,-3.3703885],[-72.2337594,-3.3702751],[-72.2346665,-3.3700907],[-72.2357864,-3.3694387],[-72.2361549,-3.3685032],[-72.2362116,-3.3672416],[-72.2358289,-3.3660367],[-72.235843,-3.3648745],[-72.2368691,-3.3618355],[-72.2432149,-3.35567],[-72.2658797,-3.340481],[-72.2739629,-3.3327832],[-72.2771996,-3.3192137],[-72.2805011,-3.3131461],[-72.2840704,-3.3094877],[-72.2887734,-3.3038733],[-72.2912754,-3.2966191],[-72.2913911,-3.2963727],[-72.2928279,-3.2939617],[-72.2934395,-3.2929356],[-72.2957685,-3.2914337],[-72.2989094,-3.2906342],[-72.301365,-3.2908056],[-72.3047914,-3.2916051],[-72.3073612,-3.2916051],[-72.3096521,-3.2908196],[-72.3122566,-3.2890542],[-72.3149552,-3.288631],[-72.3165607,-3.2882605],[-72.31776,-3.2876784],[-72.3198239,-3.2864788],[-72.322558,-3.2855087],[-72.3336229,-3.283282],[-72.3377744,-3.2824466],[-72.3429401,-3.2795192],[-72.3463404,-3.2775925],[-72.3491386,-3.2747656],[-72.3614355,-3.2499683],[-72.3625776,-3.2479125],[-72.363834,-3.2470274],[-72.3667756,-3.2476156],[-72.368934,-3.2480472],[-72.370901,-3.2478958],[-72.3713776,-3.2478591],[-72.3727031,-3.247362],[-72.3743592,-3.2458771],[-72.3750062,-3.2451942],[-72.3752939,-3.2448905],[-72.376415,-3.2437071],[-72.379613,-3.2423935],[-72.3886932,-3.2400522],[-72.401937,-3.2357542],[-72.4038265,-3.235141],[-72.4051961,-3.234111],[-72.4065676,-3.2326283],[-72.4071387,-3.2316288],[-72.4068306,-3.2278547],[-72.4070747,-3.2266158],[-72.4075807,-3.2257435],[-72.4083832,-3.2251677],[-72.4095871,-3.2247141],[-72.4106487,-3.2233477],[-72.4109131,-3.2225855],[-72.4112097,-3.2217306],[-72.4120297,-3.2202825],[-72.4130941,-3.2190611],[-72.413949,-3.217648],[-72.4143851,-3.2163045],[-72.4146617,-3.214426],[-72.4146661,-3.2143887],[-72.4142224,-3.2123528],[-72.4115062,-3.2073016],[-72.408994,-3.203062],[-72.4085752,-3.2013172],[-72.4083659,-3.1995201],[-72.4087497,-3.1980022],[-72.4098139,-3.1962101],[-72.4122532,-3.1939925],[-72.4131261,-3.1922126],[-72.4144396,-3.1909562],[-72.4156734,-3.1900203],[-72.4160956,-3.1897],[-72.4162481,-3.1891538],[-72.4169829,-3.1865223],[-72.4170426,-3.1847887],[-72.417148,-3.1817379],[-72.4172377,-3.1791351],[-72.417866,-3.177479],[-72.4187226,-3.1768222],[-72.4203841,-3.1774753],[-72.4213032,-3.1778367],[-72.4234449,-3.1779081],[-72.4254911,-3.1775987],[-72.4279896,-3.1765517],[-72.4291872,-3.17554],[-72.4292265,-3.1755068],[-72.4304044,-3.1742637],[-72.4318419,-3.172207],[-72.433045,-3.1696915],[-72.435166,-3.1637832],[-72.4365996,-3.1605703],[-72.4382715,-3.1561621],[-72.4402675,-3.1521503],[-72.4449241,-3.1455883],[-72.4450292,-3.1454433],[-72.4455879,-3.1448241],[-72.4495322,-3.140436],[-72.4513026,-3.1384944],[-72.4524447,-3.1360958],[-72.45313,-3.1343255],[-72.4544435,-3.1323267],[-72.4559282,-3.1316415],[-72.4578127,-3.1315843],[-72.4612392,-3.1319841],[-72.4645514,-3.1321555],[-72.4660932,-3.1321555],[-72.4670641,-3.1314701],[-72.4711277,-3.1275871],[-72.4746149,-3.1231046],[-72.4771721,-3.1166223],[-72.4784874,-3.1118256],[-72.4788516,-3.1082848],[-72.4784352,-3.1028698],[-72.478385,-3.1018706],[-72.4783142,-3.100461],[-72.4790566,-3.0986621],[-72.4839336,-3.0961726],[-72.4905312,-3.092082],[-72.4931641,-3.0899101],[-72.4988387,-3.0849225],[-72.5006091,-3.0844656],[-72.5042067,-3.0839518],[-72.5128871,-3.0796686],[-72.517627,-3.0782693],[-72.5240502,-3.077604],[-72.5242011,-3.0776114],[-72.525916,-3.0773887],[-72.5315766,-3.0755751],[-72.532101,-3.0754543],[-72.5399209,-3.073654],[-72.5463631,-3.0713992],[-72.5527701,-3.0675435],[-72.5541406,-3.0656875],[-72.5564515,-3.0598276],[-72.5571445,-3.056961],[-72.5576094,-3.0539257],[-72.5580742,-3.0492168],[-72.5580801,-3.0468027],[-72.5577851,-3.0426717],[-72.5563652,-3.0207325],[-72.5552999,-3.0142401],[-72.5541601,-3.0084141],[-72.5549476,-3.0044995],[-72.5564579,-2.996992],[-72.5595254,-2.9891231],[-72.5653155,-2.9762063],[-72.5695741,-2.9640332],[-72.5733906,-2.9478516],[-72.573837,-2.9221073],[-72.5707735,-2.8908985],[-72.5664824,-2.8887753],[-72.5632851,-2.8880781],[-72.5574551,-2.8876075],[-72.5554424,-2.8875722],[-72.5447882,-2.8875221],[-72.5442205,-2.8875195],[-72.5439054,-2.8874314],[-72.5370493,-2.8855808],[-72.5300402,-2.8834767],[-72.5103259,-2.8761463],[-72.4950399,-2.8694328],[-72.4821152,-2.8631348],[-72.4783481,-2.8612991],[-72.4765971,-2.8604516],[-72.4674767,-2.856037],[-72.4664942,-2.8554954],[-72.4643527,-2.8543148],[-72.4557127,-2.8492003],[-72.4536277,-2.8478605],[-72.453615,-2.8478551],[-72.4467602,-2.8449329],[-72.4463228,-2.8447693],[-72.4346665,-2.8423058],[-72.4342611,-2.8422201],[-72.4334761,-2.8420542],[-72.4331642,-2.8419882],[-72.4331196,-2.8419788],[-72.4323797,-2.8418225],[-72.4288144,-2.8417793],[-72.4278071,-2.8417672],[-72.4264629,-2.8420117],[-72.4258799,-2.8421178],[-72.422022,-2.8428195],[-72.4212411,-2.8429615],[-72.4148399,-2.8451621],[-72.4060415,-2.8487049],[-72.4060402,-2.848706],[-72.4057341,-2.8489589],[-72.4053916,-2.8492287],[-72.4050449,-2.849493],[-72.4046939,-2.8497515],[-72.4043388,-2.8500043],[-72.4039796,-2.8502513],[-72.4036166,-2.8504924],[-72.4032497,-2.8507276],[-72.402879,-2.8509567],[-72.4025047,-2.8511798],[-72.4021269,-2.8513967],[-72.4017456,-2.8516075],[-72.401361,-2.851812],[-72.4009731,-2.8520102],[-72.4005821,-2.8522021],[-72.400188,-2.8523875],[-72.399791,-2.8525666],[-72.3993912,-2.8527391],[-72.3989886,-2.8529051],[-72.3985834,-2.8530645],[-72.3981757,-2.8532173],[-72.3977656,-2.8533634],[-72.3973532,-2.8535028],[-72.3969386,-2.8536355],[-72.3965219,-2.8537614],[-72.3961032,-2.8538805],[-72.3956827,-2.8539927],[-72.3952604,-2.8540981],[-72.3948365,-2.8541966],[-72.394411,-2.8542882],[-72.3939841,-2.8543728],[-72.3935559,-2.8544504],[-72.3931266,-2.8545211],[-72.3926961,-2.8545848],[-72.3922646,-2.8546414],[-72.3918324,-2.854691],[-72.3913993,-2.8547335],[-72.3909657,-2.854769],[-72.3905315,-2.8547974],[-72.3900969,-2.8548188],[-72.389662,-2.854833],[-72.389227,-2.8548402],[-72.3887919,-2.8548402],[-72.3883568,-2.8548332],[-72.387922,-2.8548191],[-72.3874874,-2.8547979],[-72.3870532,-2.8547696],[-72.3866195,-2.8547343],[-72.3861865,-2.8546919],[-72.3857542,-2.8546424],[-72.3853227,-2.8545859],[-72.3848922,-2.8545224],[-72.3844628,-2.8544518],[-72.3840346,-2.8543743],[-72.3836077,-2.8542898],[-72.3831822,-2.8541984],[-72.3827583,-2.8541],[-72.382336,-2.8539947],[-72.3819154,-2.8538826],[-72.3814967,-2.8537637],[-72.38108,-2.8536379],[-72.3806653,-2.8535053],[-72.3802529,-2.853366],[-72.3798427,-2.8532201],[-72.379435,-2.8530674],[-72.3790298,-2.8529081],[-72.3786272,-2.8527423],[-72.3782273,-2.8525698],[-72.3778302,-2.852391],[-72.3774361,-2.8522056],[-72.377045,-2.8520139],[-72.3766571,-2.8518158],[-72.3762724,-2.8516114],[-72.3758911,-2.8514008],[-72.3755132,-2.8511839],[-72.3751388,-2.850961],[-72.3747681,-2.850732],[-72.3744012,-2.8504969],[-72.374038,-2.850256],[-72.3736788,-2.8500091],[-72.3733237,-2.8497564],[-72.3729726,-2.849498],[-72.3726258,-2.8492338],[-72.3722832,-2.8489641],[-72.3719451,-2.8486888],[-72.3717493,-2.8485241],[-72.3716114,-2.848408],[-72.3712823,-2.8481219],[-72.3709579,-2.8478304],[-72.3706382,-2.8475336],[-72.3703233,-2.8472317],[-72.3700134,-2.8469247],[-72.3697084,-2.8466127],[-72.3694085,-2.8462958],[-72.3691138,-2.845974],[-72.3688242,-2.8456474],[-72.36854,-2.8453162],[-72.3682612,-2.8449804],[-72.3679878,-2.8446401],[-72.3677554,-2.8443446],[-72.3677549,-2.844344],[-72.3673117,-2.843575],[-72.366848,-2.8427441],[-72.3662786,-2.8418916],[-72.3655184,-2.8411238],[-72.3647581,-2.8404412],[-72.3638495,-2.839822],[-72.3623479,-2.8394355],[-72.3609724,-2.8393685],[-72.3594908,-2.8394928],[-72.3572061,-2.8399514],[-72.3568412,-2.8400727],[-72.3543446,-2.8409031],[-72.3519354,-2.8415028],[-72.3497779,-2.8416996],[-72.3465171,-2.8417929],[-72.3428562,-2.841381],[-72.3396474,-2.8406674],[-72.3340241,-2.8392337],[-72.3288108,-2.8376749],[-72.3244001,-2.8361179],[-72.3207911,-2.8349662],[-72.3185539,-2.8343888],[-72.3139004,-2.8335527],[-72.3073669,-2.8323243],[-72.3009991,-2.8318825],[-72.2926773,-2.831863],[-72.2890432,-2.8321828],[-72.2851182,-2.8325283],[-72.2835372,-2.8327453],[-72.2786566,-2.8337761],[-72.2757316,-2.8346324],[-72.2735058,-2.8351915],[-72.270929,-2.835996],[-72.2681624,-2.8369758],[-72.2637008,-2.8382204],[-72.2612125,-2.838875],[-72.2589718,-2.8394644],[-72.2546898,-2.8401715],[-72.2507665,-2.8400724],[-72.2470228,-2.8394359],[-72.242656,-2.8383495],[-72.2383797,-2.8367253],[-72.2325903,-2.833932],[-72.2270693,-2.8307806],[-72.2205941,-2.8262088],[-72.2205709,-2.8261924],[-72.2172557,-2.8235216],[-72.2139851,-2.8208867],[-72.2084515,-2.8157289],[-72.2083762,-2.8156587],[-72.2034872,-2.8109094],[-72.1998389,-2.8077626],[-72.1992593,-2.8072631],[-72.1967057,-2.8052708],[-72.1959608,-2.8047557],[-72.1941443,-2.8036955],[-72.1922312,-2.8027644],[-72.1906858,-2.8021157],[-72.1882667,-2.801283],[-72.1868911,-2.8009097],[-72.1851077,-2.8004883],[-72.1809551,-2.7998273],[-72.1762301,-2.7995469],[-72.1733808,-2.7996502],[-72.1703989,-2.7999559]]]]}},
{"type":"Feature","properties":{"ubigeo":"160403","nombre":"YAVARI","fuente":"INEI"},"geometry":{"type":"Polygon","coordinates":[[[-69.9495918,-4.2793827],[-69.9515031,-4.2874168],[-69.9524563,-4.289495],[-69.9537877,-4.2923975],[-69.9562308,-4.2977241],[-69.9602658,-4.3046162],[-69.9609952,-4.3058621],[-69.9623418,-4.3081621],[-69.964734,-4.3118978],[-69.965273,-4.3130526],[-69.974418,-4.3327775],[-69.980363,-4.3404162],[-69.9858283,-4.3447661],[-69.9919628,-4.348168],[-69.9992782,-4.3491738],[-70.0084316,-4.3491445],[-70.012081,-4.3491108],[-70.0151387,-4.350519],[-70.0185987,-4.3532548],[-70.0216967,-4.3573587],[-70.0233596,-4.3607486],[-70.0247142,-4.3654053],[-70.025358,-4.3676182],[-70.027249,-4.3703541],[-70.0293106,-4.3723761],[-70.0336413,-4.3745367],[-70.0356469,-4.375118],[-70.037042,-4.3752827],[-70.0390668,-4.3753505],[-70.039997,-4.3753505],[-70.0416635,-4.3749727],[-70.0432232,-4.3743526],[-70.044415,-4.3737422],[-70.0463817,-4.3723471],[-70.0474281,-4.3715138],[-70.0479706,-4.3709713],[-70.0490848,-4.3694211],[-70.0494117,-4.3687061],[-70.0499665,-4.3674931],[-70.0510225,-4.364916],[-70.0513151,-4.3638206],[-70.0514002,-4.3635015],[-70.0514391,-4.3625036],[-70.0513035,-4.3615541],[-70.0512317,-4.3613254],[-70.0509935,-4.3605659],[-70.0503056,-4.3589866],[-70.049661,-4.3577635],[-70.049453,-4.3573686],[-70.0484647,-4.3558766],[-70.0475375,-4.3549545],[-70.0449381,-4.3523693],[-70.0431263,-4.3505092],[-70.0420703,-4.3492787],[-70.0402616,-4.3469686],[-70.0402451,-4.3457623],[-70.0401953,-4.3421037],[-70.0401872,-4.3415035],[-70.0414141,-4.33496],[-70.0429556,-4.3321853],[-70.04582,-4.3295107],[-70.0477796,-4.327681],[-70.0492216,-4.3263343],[-70.0519615,-4.3248633],[-70.0561023,-4.3244131],[-70.0647626,-4.3234716],[-70.0684061,-4.3229511],[-70.07086,-4.322319],[-70.0740945,-4.320646],[-70.0765111,-4.3188613],[-70.0779303,-4.3166457],[-70.0787418,-4.3146973],[-70.0790765,-4.3120576],[-70.0787418,-4.3099756],[-70.0772547,-4.3069641],[-70.0749123,-4.3048077],[-70.0732393,-4.3039153],[-70.0716407,-4.3037295],[-70.0680918,-4.3041465],[-70.0647997,-4.3051795],[-70.0618997,-4.3060717],[-70.0584421,-4.3064436],[-70.0555272,-4.306477],[-70.0518688,-4.3062391],[-70.0485971,-4.305079],[-70.0453253,-4.3035921],[-70.0424997,-4.3016586],[-70.0407151,-4.2997848],[-70.0402392,-4.2986249],[-70.0399717,-4.2965139],[-70.0399716,-4.2965131],[-70.040269,-4.294788],[-70.0411612,-4.2933602],[-70.0428566,-4.2921705],[-70.0450873,-4.291546],[-70.0473945,-4.2918106],[-70.051451,-4.2932963],[-70.0539806,-4.2942228],[-70.0564196,-4.2949961],[-70.0581526,-4.2951144],[-70.059037,-4.2951746],[-70.061357,-4.2946987],[-70.0636768,-4.293628],[-70.0651462,-4.2923358],[-70.0703395,-4.2877685],[-70.072417,-4.2865875],[-70.072841,-4.2863465],[-70.074225,-4.2856923],[-70.0745075,-4.2855588],[-70.0750821,-4.2852871],[-70.0773588,-4.2851808],[-70.0793672,-4.2854105],[-70.0816751,-4.2863598],[-70.0861096,-4.2880706],[-70.0871006,-4.2883017],[-70.0894048,-4.2888392],[-70.0919627,-4.2890177],[-70.094253,-4.2886311],[-70.0960423,-4.2877655],[-70.0975546,-4.2867275],[-70.0990715,-4.2853296],[-70.0999043,-4.283426],[-70.1002313,-4.2808978],[-70.0999043,-4.2761686],[-70.0997852,-4.2709933],[-70.1003503,-4.2666211],[-70.1013022,-4.2639442],[-70.1034437,-4.2601965],[-70.1049606,-4.2580252],[-70.1067452,-4.2567166],[-70.1078416,-4.2564798],[-70.1093626,-4.2561515],[-70.1120988,-4.2567166],[-70.1138538,-4.2579063],[-70.1150436,-4.2598098],[-70.1153497,-4.2624433],[-70.1148056,-4.2664426],[-70.1130805,-4.2750978],[-70.113259,-4.2772691],[-70.1139431,-4.2789645],[-70.115341,-4.2809871],[-70.1180773,-4.2836342],[-70.1209922,-4.2854188],[-70.1239665,-4.2860435],[-70.1267325,-4.2856865],[-70.1300638,-4.2841993],[-70.1323541,-4.2824742],[-70.1359828,-4.2792025],[-70.1378852,-4.2773326],[-70.1394627,-4.275782],[-70.1422883,-4.2737892],[-70.1451437,-4.2727482],[-70.1485721,-4.2720721],[-70.1515663,-4.2721093],[-70.1524533,-4.2724498],[-70.1542813,-4.2731515],[-70.1563867,-4.274741],[-70.1581442,-4.277209],[-70.1590338,-4.2804517],[-70.160878,-4.2871736],[-70.1619785,-4.2908321],[-70.1630195,-4.2926761],[-70.1658451,-4.2953828],[-70.1689086,-4.2990115],[-70.1705147,-4.3026698],[-70.1706337,-4.3052278],[-70.1703362,-4.3073991],[-70.1696522,-4.3093621],[-70.1684822,-4.3105495],[-70.1663508,-4.3118606],[-70.1625435,-4.3138236],[-70.1559108,-4.31772],[-70.1538287,-4.318999],[-70.152074,-4.3212892],[-70.1515087,-4.3236388],[-70.151598,-4.3270296],[-70.1526092,-4.3300337],[-70.1540965,-4.3317588],[-70.1559405,-4.3327106],[-70.1596287,-4.333484],[-70.1645105,-4.3331047],[-70.1657558,-4.333008],[-70.1699793,-4.3331865],[-70.1726291,-4.3336405],[-70.1747977,-4.3348818],[-70.1761066,-4.3365772],[-70.1774148,-4.339821],[-70.1776828,-4.3441617],[-70.1779803,-4.3489801],[-70.1793782,-4.3527278],[-70.1808356,-4.3554047],[-70.183691,-4.3582898],[-70.1864273,-4.3599852],[-70.1884433,-4.360545],[-70.1895058,-4.3608398],[-70.1936506,-4.3608671],[-70.1963303,-4.3603372],[-70.1988303,-4.3587955],[-70.200258,-4.3568621],[-70.2008231,-4.3545718],[-70.2008231,-4.3515976],[-70.2004662,-4.3455597],[-70.2004066,-4.3435668],[-70.2007933,-4.3411281],[-70.2020723,-4.337529],[-70.2029646,-4.3324428],[-70.2031133,-4.329647],[-70.2031133,-4.327446],[-70.2035892,-4.3255127],[-70.204779,-4.3230737],[-70.2075153,-4.3196533],[-70.2095973,-4.3174226],[-70.2109358,-4.3151323],[-70.2118578,-4.3128123],[-70.2120363,-4.3107898],[-70.2116496,-4.3064473],[-70.2117388,-4.3028483],[-70.2120363,-4.3009448],[-70.2126907,-4.2994873],[-70.2137912,-4.2984463],[-70.2146125,-4.298179],[-70.2150701,-4.29803],[-70.2166167,-4.2981787],[-70.2178362,-4.2992792],[-70.2183121,-4.3014802],[-70.2179552,-4.305436],[-70.217866,-4.3091837],[-70.2184311,-4.312396],[-70.2195614,-4.3143887],[-70.2219408,-4.3159948],[-70.2254209,-4.3170358],[-70.2283058,-4.3170358],[-70.2305068,-4.3163816],[-70.2335891,-4.3149955],[-70.2355335,-4.3141211],[-70.2376363,-4.3136295],[-70.2420793,-4.3125908],[-70.2495128,-4.3118903],[-70.2535938,-4.3107637],[-70.256342,-4.310005],[-70.2570693,-4.3097227],[-70.2580664,-4.3093356],[-70.2588181,-4.3090438],[-70.2599575,-4.3086016],[-70.2632245,-4.3058525],[-70.2655147,-4.3030863],[-70.2670018,-4.3000525],[-70.2680726,-4.2970782],[-70.2681024,-4.2957992],[-70.2675967,-4.2947285],[-70.266526,-4.2939253],[-70.2648008,-4.2935387],[-70.2594174,-4.2929735],[-70.2561754,-4.2921407],[-70.2528143,-4.2906833],[-70.2493046,-4.2887798],[-70.2472523,-4.2867871],[-70.2458247,-4.2846157],[-70.2452298,-4.2825635],[-70.2449621,-4.2793512],[-70.2453486,-4.2772393],[-70.2465385,-4.2748302],[-70.2483826,-4.2728373],[-70.2498995,-4.2719153],[-70.2515242,-4.271408],[-70.2521972,-4.2711977],[-70.2552532,-4.2710528],[-70.2581253,-4.2716957],[-70.2631055,-4.2755441],[-70.2663772,-4.2780722],[-70.2729505,-4.2809871],[-70.2801483,-4.2856568],[-70.2863648,-4.2881552],[-70.2882695,-4.2882793],[-70.2897852,-4.2880066],[-70.2909155,-4.2872331],[-70.2912128,-4.2857757],[-70.2903801,-4.2842291],[-70.2862457,-4.2806896],[-70.2846098,-4.2789645],[-70.2838663,-4.2765851],[-70.2837771,-4.2744436],[-70.2843422,-4.2725102],[-70.2851453,-4.2711717],[-70.2865135,-4.2703687],[-70.2894017,-4.2695493],[-70.2907072,-4.269179],[-70.2958826,-4.2670375],[-70.297765,-4.2658906],[-70.3003738,-4.2643011],[-70.3048962,-4.2611228],[-70.3053093,-4.2606941],[-70.3073932,-4.2585308],[-70.3087911,-4.255854],[-70.3093563,-4.2534746],[-70.3094752,-4.2511843],[-70.3091481,-4.2492212],[-70.3081071,-4.247288],[-70.3056383,-4.2447895],[-70.300701,-4.2412501],[-70.2954067,-4.2390491],[-70.2918375,-4.2380081],[-70.2856211,-4.2368778],[-70.2823496,-4.2359257],[-70.2806242,-4.234766],[-70.2791966,-4.2327137],[-70.2786612,-4.2306317],[-70.2785341,-4.228928],[-70.2792561,-4.2233743],[-70.2796427,-4.2204],[-70.2801186,-4.2181098],[-70.2811002,-4.2150462],[-70.2823196,-4.2121017],[-70.2849073,-4.2068073],[-70.2867216,-4.2026731],[-70.2875841,-4.1988065],[-70.2879411,-4.1955656],[-70.2879411,-4.192382],[-70.2879411,-4.1860466],[-70.287733,-4.1805143],[-70.2865432,-4.1764395],[-70.2860078,-4.1743277],[-70.2856508,-4.1722755],[-70.2856508,-4.1704016],[-70.2866027,-4.1673678],[-70.2866035,-4.1673672],[-70.2900528,-4.1626088],[-70.2922241,-4.1603781],[-70.2939492,-4.1593073],[-70.2960312,-4.1590992],[-70.296645,-4.1591128],[-70.2987082,-4.1591586],[-70.3012246,-4.1590468],[-70.3032886,-4.1588315],[-70.3061737,-4.1579987],[-70.3082855,-4.156809],[-70.3115572,-4.1541619],[-70.3150967,-4.1491352],[-70.3172085,-4.145566],[-70.319707,-4.1433947],[-70.3215212,-4.1426808],[-70.323871,-4.1424132],[-70.3263396,-4.1434245],[-70.3268029,-4.1438531],[-70.3283325,-4.1452686],[-70.3291653,-4.1471126],[-70.3296115,-4.1494029],[-70.3294032,-4.1516336],[-70.3278268,-4.16017],[-70.3274105,-4.1649586],[-70.3276482,-4.1683493],[-70.3286298,-4.1714723],[-70.3300873,-4.174417],[-70.3318125,-4.1765287],[-70.3342216,-4.1781646],[-70.3364821,-4.1789975],[-70.3385345,-4.1791462],[-70.3407926,-4.1788141],[-70.3431266,-4.1780085],[-70.3449461,-4.1767897],[-70.3450292,-4.176734],[-70.3463569,-4.1758446],[-70.3500154,-4.1726621],[-70.355042,-4.1670407],[-70.358165,-4.1627873],[-70.3619126,-4.155411],[-70.3630428,-4.1508603],[-70.364887,-4.1455065],[-70.3666418,-4.1427405],[-70.3692295,-4.1401825],[-70.3725905,-4.1374759],[-70.376814,-4.1350071],[-70.3797883,-4.1339066],[-70.3821312,-4.1336015],[-70.3825243,-4.1335503],[-70.3825253,-4.1335507],[-70.3843943,-4.1338566],[-70.3871646,-4.1350666],[-70.3897523,-4.1361968],[-70.3945112,-4.1371486],[-70.3953372,-4.137206],[-70.3977883,-4.137376],[-70.3987343,-4.1374416],[-70.4005467,-4.137229],[-70.4046153,-4.1367516],[-70.4112558,-4.1359726],[-70.4135973,-4.135698],[-70.4197305,-4.1349785],[-70.4220458,-4.1344465],[-70.4266638,-4.13236],[-70.4294286,-4.1316475],[-70.4304111,-4.1313941],[-70.4328206,-4.1312892],[-70.4343045,-4.1318332],[-70.4361511,-4.1325101],[-70.439285,-4.1344693],[-70.4416246,-4.1370297],[-70.4423681,-4.1394388],[-70.4424573,-4.1416696],[-70.4418625,-4.143246],[-70.4405241,-4.1449413],[-70.4363005,-4.1489865],[-70.4332667,-4.1531207],[-70.4324933,-4.1559166],[-70.4327313,-4.1587125],[-70.4336533,-4.1613002],[-70.4349026,-4.1627278],[-70.4365385,-4.1636796],[-70.4381641,-4.1638691],[-70.4402917,-4.1635275],[-70.4423383,-4.1624305],[-70.4438248,-4.1610238],[-70.4459373,-4.1597832],[-70.4478111,-4.1586826],[-70.4502203,-4.1582068],[-70.4523916,-4.1582663],[-70.4542357,-4.1589207],[-70.4547355,-4.1594743],[-70.4553362,-4.1601402],[-70.4561987,-4.1615678],[-70.4570018,-4.1663267],[-70.4580131,-4.1704908],[-70.4590541,-4.1727216],[-70.4598572,-4.1738518],[-70.4614336,-4.1749917],[-70.4635751,-4.1756958],[-70.4649136,-4.1758743],[-70.4663115,-4.1757553],[-70.4680068,-4.1745953],[-70.4691966,-4.1731082],[-70.474015,-4.1639176],[-70.4749072,-4.1626981],[-70.4761267,-4.1615083],[-70.4765778,-4.1612837],[-70.4785,-4.1603259],[-70.4798443,-4.159893],[-70.481659,-4.1597535],[-70.4834733,-4.160051],[-70.4852282,-4.1607946],[-70.4873102,-4.1624007],[-70.4881598,-4.1637181],[-70.4889163,-4.1663267],[-70.4904332,-4.1788487],[-70.4908496,-4.182983],[-70.4915932,-4.1876527],[-70.4926937,-4.1915788],[-70.4940322,-4.1938096],[-70.4957275,-4.1959808],[-70.4976283,-4.1974477],[-70.4999708,-4.1988321],[-70.5023901,-4.1991336],[-70.5055726,-4.1991336],[-70.5081305,-4.1984495],[-70.5107371,-4.1972735],[-70.5120497,-4.1960677],[-70.5132915,-4.1938821],[-70.5136032,-4.1933337],[-70.5141087,-4.1908352],[-70.5139171,-4.1889615],[-70.5121887,-4.1847746],[-70.5120045,-4.1843285],[-70.5097068,-4.18102],[-70.5074761,-4.1778077],[-70.5047397,-4.1729298],[-70.5036392,-4.1687657],[-70.5032526,-4.165375],[-70.5031712,-4.1619399],[-70.5040842,-4.1588427],[-70.5055131,-4.1553217],[-70.5082495,-4.1511876],[-70.5114617,-4.1468747],[-70.5141386,-4.1449116],[-70.518418,-4.1407793],[-70.5219313,-4.1373866],[-70.5234185,-4.1363753],[-70.5246677,-4.1359886],[-70.5260358,-4.1360779],[-70.5268687,-4.1367917],[-70.5274933,-4.137684],[-70.5287723,-4.1405691],[-70.530557,-4.1430081],[-70.5320143,-4.1445547],[-70.5335015,-4.1451792],[-70.535602,-4.1454056],[-70.5368652,-4.144916],[-70.5404021,-4.1419968],[-70.5436142,-4.1390821],[-70.5464101,-4.1372081],[-70.5492357,-4.1363753],[-70.5511095,-4.1363158],[-70.5527453,-4.1369702],[-70.5533066,-4.1383418],[-70.5534261,-4.1398256],[-70.5530812,-4.1409899],[-70.5521505,-4.1420266],[-70.5507823,-4.1431865],[-70.5485218,-4.1436922],[-70.5465886,-4.1445547],[-70.5447445,-4.1460121],[-70.5429302,-4.148005],[-70.5421271,-4.1494029],[-70.5411601,-4.1516191],[-70.5407637,-4.1531207],[-70.5410107,-4.1547956],[-70.5415831,-4.1560415],[-70.5423947,-4.1575525],[-70.5432573,-4.1584746],[-70.5447858,-4.1590626],[-70.5452227,-4.1591451],[-70.5476593,-4.1596048],[-70.5508121,-4.1601997],[-70.5540243,-4.1615381],[-70.5561658,-4.1633525],[-70.5577422,-4.1653452],[-70.5586643,-4.1684386],[-70.5586756,-4.1708008],[-70.55801,-4.1729001],[-70.5572366,-4.175339],[-70.554138,-4.1824877],[-70.5537578,-4.184026],[-70.5534452,-4.1852908],[-70.55338,-4.1855545],[-70.5525966,-4.1887236],[-70.5527531,-4.1901711],[-70.5530726,-4.1931255],[-70.5537566,-4.1967541],[-70.5550537,-4.2005293],[-70.5554222,-4.2016023],[-70.5568472,-4.2037249],[-70.5573883,-4.2045306],[-70.5590272,-4.2064423],[-70.5596458,-4.2071642],[-70.5621448,-4.2090831],[-70.5643452,-4.2101386],[-70.5672898,-4.2110012],[-70.5697288,-4.2109715],[-70.5718912,-4.2112512],[-70.5728682,-4.2110501],[-70.5736846,-4.2108822],[-70.5747256,-4.209871],[-70.574954,-4.2093353],[-70.5751583,-4.2088557],[-70.575499,-4.2080567],[-70.575499,-4.2056473],[-70.5749636,-4.202911],[-70.5737143,-4.2003828],[-70.5709482,-4.1967541],[-70.5677955,-4.1929767],[-70.5650888,-4.1891101],[-70.5635762,-4.1866875],[-70.5623523,-4.1829532],[-70.5620847,-4.180663],[-70.562293,-4.1781348],[-70.5628878,-4.1762016],[-70.5644642,-4.1741195],[-70.5661893,-4.1729298],[-70.5681523,-4.1724538],[-70.569818,-4.1725133],[-70.5716918,-4.1728108],[-70.5730897,-4.1734948],[-70.5765986,-4.1767612],[-70.5802578,-4.1806036],[-70.5820425,-4.1824773],[-70.584179,-4.1840516],[-70.5861768,-4.1852433],[-70.5881398,-4.1858383],[-70.5911436,-4.1862872],[-70.5959028,-4.1869983],[-70.6008402,-4.1880394],[-70.6109827,-4.1916086],[-70.6141057,-4.1928875],[-70.6162435,-4.1934813],[-70.6180488,-4.1934629],[-70.6203301,-4.1929413],[-70.6221016,-4.1921347],[-70.622677,-4.1917587],[-70.6242148,-4.1907538],[-70.6247801,-4.190293],[-70.6248118,-4.1902671],[-70.6272522,-4.1882773],[-70.6291856,-4.1861952],[-70.6311066,-4.1836007],[-70.6325371,-4.1810391],[-70.6342011,-4.1780596],[-70.6343626,-4.1775672],[-70.6346301,-4.1767528],[-70.634761,-4.176354],[-70.6350746,-4.1753986],[-70.6351741,-4.1739086],[-70.635202,-4.1734888],[-70.6348461,-4.1715282],[-70.6333496,-4.1672191],[-70.631098,-4.1629661],[-70.6282635,-4.157612],[-70.6264666,-4.1533776],[-70.6260422,-4.1523775],[-70.6260027,-4.1522845],[-70.6247538,-4.1495516],[-70.6240407,-4.1485822],[-70.6216902,-4.1453875],[-70.6202626,-4.1432162],[-70.6190023,-4.1394853],[-70.618656,-4.1384598],[-70.6180022,-4.136524],[-70.6172585,-4.1339066],[-70.6171693,-4.1305753],[-70.6173775,-4.1291775],[-70.6179128,-4.1282257],[-70.6196082,-4.127244],[-70.6224933,-4.1264411],[-70.6241441,-4.1264445],[-70.624355,-4.1264449],[-70.6256216,-4.1264475],[-70.6293375,-4.1271172],[-70.6297162,-4.1271855],[-70.6318516,-4.1275703],[-70.6376623,-4.1270062],[-70.6422428,-4.1268277],[-70.6446223,-4.1269467],[-70.6460202,-4.1276606],[-70.6464893,-4.1282868],[-70.6480332,-4.1303476],[-70.6489351,-4.1327763],[-70.6502381,-4.1367922],[-70.6506007,-4.1402717],[-70.6511588,-4.1456278],[-70.650809,-4.1498192],[-70.6508683,-4.1556192],[-70.6498571,-4.1611515],[-70.6494408,-4.1626386],[-70.6495895,-4.163531],[-70.6501843,-4.1641257],[-70.6508471,-4.1642583],[-70.6513741,-4.1643637],[-70.6526827,-4.1639771],[-70.6534561,-4.1627278],[-70.6539022,-4.1606756],[-70.6567278,-4.1511876],[-70.6578581,-4.1484213],[-70.6591072,-4.1464881],[-70.6606242,-4.144763],[-70.6624386,-4.1433055],[-70.6642231,-4.1425916],[-70.6665431,-4.1424132],[-70.6685013,-4.142903],[-70.6699339,-4.1443762],[-70.6704097,-4.1463097],[-70.6700825,-4.1495813],[-70.6665132,-4.1592776],[-70.6659482,-4.162252],[-70.6660077,-4.1649586],[-70.6667811,-4.1702231],[-70.6685953,-4.1790568],[-70.6700825,-4.1842917],[-70.6708261,-4.187623],[-70.6712723,-4.191103],[-70.6720158,-4.1944045],[-70.673503,-4.1978843],[-70.6756148,-4.2012453],[-70.678262,-4.2044576],[-70.6790804,-4.2050436],[-70.6806711,-4.2061827],[-70.6822774,-4.2069262],[-70.6834076,-4.2068966],[-70.6844784,-4.2064802],[-70.6851029,-4.205469],[-70.6856382,-4.2032976],[-70.6860845,-4.1966352],[-70.6865306,-4.1940475],[-70.6872445,-4.1920547],[-70.6886423,-4.189824],[-70.6903675,-4.1881881],[-70.6923007,-4.1872661],[-70.6943233,-4.1866712],[-70.6982138,-4.1865725],[-70.7015555,-4.1864876],[-70.7022851,-4.1865351],[-70.7036822,-4.1866259],[-70.7044126,-4.1866732],[-70.7053876,-4.1867366],[-70.7055657,-4.1867667],[-70.7114023,-4.1877558],[-70.7138747,-4.1879683],[-70.714668,-4.1880366],[-70.7150359,-4.1880031],[-70.7166065,-4.1878603],[-70.7175826,-4.1877717],[-70.721122,-4.1871173],[-70.7239476,-4.1859871],[-70.7285451,-4.1830003],[-70.7332572,-4.1781943],[-70.7363542,-4.1750356],[-70.7418531,-4.1670108],[-70.7449464,-4.1633821],[-70.7470283,-4.161211],[-70.7487535,-4.1601997],[-70.751252,-4.1590695],[-70.7537917,-4.1586021],[-70.7544912,-4.1584735],[-70.7577506,-4.1585191],[-70.7606427,-4.1590825],[-70.7625815,-4.1597175],[-70.7628876,-4.1598178],[-70.7634806,-4.1600121],[-70.7637198,-4.1601436],[-70.7648565,-4.1607688],[-70.7669861,-4.1622817],[-70.7688088,-4.1634217],[-70.7701388,-4.1649883],[-70.7725108,-4.167892],[-70.7765635,-4.1734355],[-70.7823038,-4.1812876],[-70.7847428,-4.1838158],[-70.7867356,-4.185422],[-70.7888473,-4.1862845],[-70.7906617,-4.1864035],[-70.7917145,-4.1861423],[-70.7925778,-4.1859282],[-70.7946228,-4.1845915],[-70.79517,-4.1841836],[-70.7953367,-4.1840592],[-70.7965806,-4.1831317],[-70.7976171,-4.1819395],[-70.7984842,-4.1815256],[-70.7997335,-4.1814363],[-70.8009863,-4.1818183],[-70.8019024,-4.1825607],[-70.8024996,-4.1836968],[-70.8029755,-4.1850353],[-70.8030945,-4.1897942],[-70.8036001,-4.1918762],[-70.8042545,-4.1932147],[-70.8056523,-4.1944638],[-70.8074276,-4.1951415],[-70.8088646,-4.1954157],[-70.8125231,-4.1956833],[-70.8143968,-4.1960999],[-70.8166058,-4.1971115],[-70.8190846,-4.1987203],[-70.820513,-4.2006651],[-70.8222193,-4.2061232],[-70.8231116,-4.208711],[-70.8242121,-4.2102873],[-70.8256398,-4.2118637],[-70.8273648,-4.213113],[-70.8300716,-4.2141242],[-70.8329147,-4.2141832],[-70.8345983,-4.2143809],[-70.8346783,-4.2143902],[-70.8364663,-4.2146001],[-70.8378625,-4.2150041],[-70.838162,-4.2150907],[-70.839625,-4.2155141],[-70.8400755,-4.2156445],[-70.8432386,-4.2171389],[-70.8447052,-4.2184667],[-70.8461627,-4.2203703],[-70.8469657,-4.2223334],[-70.8473821,-4.224921],[-70.8473821,-4.2268246],[-70.8467874,-4.2286983],[-70.8459956,-4.2299505],[-70.844582,-4.2308203],[-70.84318,-4.2310298],[-70.8427727,-4.2310087],[-70.841255,-4.2309291],[-70.8397678,-4.2302451],[-70.8381915,-4.2288471],[-70.8367936,-4.2272112],[-70.8355868,-4.2251687],[-70.8330458,-4.22272],[-70.8297443,-4.220519],[-70.8277896,-4.2195475],[-70.8260563,-4.2193292],[-70.823557,-4.2192088],[-70.8217435,-4.219478],[-70.8197803,-4.2203108],[-70.8175198,-4.2225713],[-70.8161517,-4.2251291],[-70.8159435,-4.2274492],[-70.8167763,-4.229442],[-70.8181445,-4.2311968],[-70.8207322,-4.2330112],[-70.8234091,-4.2352122],[-70.8249557,-4.2372346],[-70.8261752,-4.2394357],[-70.8278111,-4.2455331],[-70.8285845,-4.2481505],[-70.8295362,-4.2499946],[-70.8309342,-4.2517792],[-70.8324807,-4.2530581],[-70.8343843,-4.2540991],[-70.8367043,-4.2546642],[-70.8397678,-4.2545453],[-70.8421361,-4.2533892],[-70.8437832,-4.2517792],[-70.8445565,-4.250738],[-70.8459842,-4.249489],[-70.8488099,-4.2477936],[-70.8509811,-4.2469607],[-70.8525509,-4.2468037],[-70.8545502,-4.2466038],[-70.8579687,-4.2467555],[-70.8580714,-4.2467985],[-70.8591704,-4.2472577],[-70.860126,-4.247657],[-70.8627179,-4.249297],[-70.8638896,-4.250649],[-70.8648415,-4.2522848],[-70.8650792,-4.2541883],[-70.8646332,-4.2561515],[-70.863503,-4.2586498],[-70.8620159,-4.2614456],[-70.8592795,-4.264777],[-70.8577626,-4.2663831],[-70.8561989,-4.2676733],[-70.8560669,-4.2677638],[-70.8555986,-4.2680848],[-70.8546097,-4.2687626],[-70.853378,-4.2692002],[-70.8487504,-4.2708446],[-70.8476641,-4.2716342],[-70.8468789,-4.2722051],[-70.8459247,-4.2738785],[-70.8454902,-4.2763106],[-70.8457462,-4.2781317],[-70.8462519,-4.2793811],[-70.8472632,-4.2805409],[-70.8485254,-4.281293],[-70.8503491,-4.281734],[-70.8535889,-4.2820705],[-70.8542532,-4.2821395],[-70.8551206,-4.2822845],[-70.8558206,-4.2824015],[-70.8570871,-4.2826132],[-70.8580592,-4.2829731],[-70.8598446,-4.2836342],[-70.8613639,-4.284574],[-70.8615699,-4.2847015],[-70.8628189,-4.2861326],[-70.864544,-4.2871736],[-70.8665501,-4.2876751],[-70.8694219,-4.2883931],[-70.8736157,-4.2897018],[-70.8766197,-4.2914567],[-70.8771304,-4.2920388],[-70.878315,-4.29339],[-70.8793561,-4.2954126],[-70.8800402,-4.2976136],[-70.8800402,-4.2994576],[-70.8787316,-4.3036515],[-70.8776311,-4.3080237],[-70.8759951,-4.3135857],[-70.8754004,-4.3174821],[-70.875668,-4.3198317],[-70.8763819,-4.3216461],[-70.8774824,-4.3230737],[-70.87891,-4.3241148],[-70.8807541,-4.3247096],[-70.8827954,-4.3246341],[-70.885574,-4.323985],[-70.8865891,-4.3237477],[-70.8872087,-4.323603],[-70.8898555,-4.3229846],[-70.8927406,-4.3228358],[-70.895596,-4.3233712],[-70.8981836,-4.3244121],[-70.8998119,-4.3256908],[-70.9000539,-4.3258807],[-70.9019784,-4.3277983],[-70.9031507,-4.329885],[-70.9047569,-4.3335731],[-70.9056492,-4.3359526],[-70.9064522,-4.338927],[-70.9082666,-4.3436263],[-70.9101905,-4.3495156],[-70.9112112,-4.353501],[-70.9118359,-4.3559401],[-70.9126091,-4.3574272],[-70.9140962,-4.3590631],[-70.9154347,-4.3600148],[-70.9164961,-4.3602871],[-70.917606,-4.3602231],[-70.9186172,-4.3598067],[-70.9203424,-4.3580221],[-70.922246,-4.3566242],[-70.9254582,-4.3545718],[-70.9272726,-4.353977],[-70.9287002,-4.3538878],[-70.9293395,-4.3540588],[-70.9303304,-4.354324],[-70.9310419,-4.3545143],[-70.9335186,-4.3560591],[-70.9343515,-4.357457],[-70.9351545,-4.3593903],[-70.9357196,-4.3627216],[-70.9361955,-4.3671236],[-70.9363146,-4.369741],[-70.9361657,-4.3713471],[-70.9356601,-4.373102],[-70.934292,-4.3765817],[-70.934173,-4.377712],[-70.9345001,-4.379348],[-70.9349761,-4.380627],[-70.9357494,-4.3818465],[-70.9367285,-4.3826641],[-70.9380396,-4.3830957],[-70.9389021,-4.382947],[-70.9396457,-4.3826197],[-70.940657,-4.3818167],[-70.9428877,-4.3790208],[-70.9444777,-4.3777845],[-70.946072,-4.3768817],[-70.9470852,-4.3764887],[-70.9482886,-4.3760218],[-70.9511915,-4.3760035],[-70.9515004,-4.3761316],[-70.9533504,-4.3768991],[-70.9574025,-4.3787828],[-70.9600794,-4.3792291],[-70.9625779,-4.3792886],[-70.9655521,-4.3788126],[-70.9690321,-4.3775932],[-70.970549,-4.376463],[-70.9712926,-4.3755408],[-70.9717186,-4.3740226],[-70.9717802,-4.3731925],[-70.9718577,-4.3721501],[-70.9722444,-4.3669451],[-70.9731366,-4.3618292],[-70.9743264,-4.3585872],[-70.9753674,-4.3567728],[-70.9778064,-4.3538878],[-70.9862237,-4.3472551],[-70.9883355,-4.346095],[-70.9907744,-4.3451135],[-70.9930627,-4.3446278],[-70.9944924,-4.3447566],[-70.9960501,-4.3451168],[-70.9974395,-4.3457767],[-70.998002,-4.3465412],[-70.9985076,-4.3478202],[-70.9985076,-4.3491586],[-70.9982102,-4.3501103],[-70.9974964,-4.3510325],[-70.9954531,-4.3529687],[-70.991756,-4.3562672],[-70.9892575,-4.3593903],[-70.9882462,-4.3618887],[-70.9878001,-4.3639707],[-70.9876971,-4.3667378],[-70.9877704,-4.3695922],[-70.9879489,-4.3765521],[-70.9886626,-4.3789911],[-70.9892575,-4.3802403],[-70.990239,-4.3815192],[-70.9923806,-4.383542],[-70.9942841,-4.38491],[-70.9965149,-4.3858023],[-70.9998759,-4.386189],[-71.0003017,-4.3862026],[-71.0039141,-4.3863183],[-71.006491,-4.3860301],[-71.0087145,-4.3853963],[-71.0110891,-4.3844639],[-71.0126059,-4.3834824],[-71.0162941,-4.3805675],[-71.0173351,-4.379987],[-71.0178927,-4.3799868],[-71.0190251,-4.3804465],[-71.0197709,-4.3809922],[-71.0201012,-4.3822331],[-71.020488,-4.3853858],[-71.0207556,-4.3865458],[-71.0213505,-4.3877951],[-71.0229566,-4.3896987],[-71.0254849,-4.3919295],[-71.0317309,-4.3965098],[-71.034735,-4.3985325],[-71.0369062,-4.3993355],[-71.0384529,-4.3993951],[-71.0399995,-4.3991867],[-71.0421112,-4.3982646],[-71.0438066,-4.3965396],[-71.0449964,-4.3947253],[-71.0456309,-4.3927051],[-71.0457954,-4.3917167],[-71.0459185,-4.3909776],[-71.0460671,-4.3887171],[-71.0458887,-4.3869623],[-71.0449071,-4.3840177],[-71.0438342,-4.381197],[-71.0430631,-4.3791696],[-71.0426764,-4.3772065],[-71.0428252,-4.3751245],[-71.0434857,-4.3728203],[-71.044495,-4.371123],[-71.0457102,-4.3695625],[-71.047625,-4.3680898],[-71.0506774,-4.3674805],[-71.0524322,-4.3679266],[-71.0534149,-4.3686003],[-71.0541276,-4.3694137],[-71.0547225,-4.3707522],[-71.0549901,-4.3736373],[-71.0548711,-4.3791696],[-71.0551091,-4.3815787],[-71.0559419,-4.383988],[-71.0569532,-4.3857726],[-71.0584997,-4.3872597],[-71.0604331,-4.388628],[-71.0636156,-4.3899663],[-71.0683505,-4.3914326],[-71.0716761,-4.3929407],[-71.074234,-4.3941007],[-71.0764647,-4.3944576],[-71.0779565,-4.3943788],[-71.0784155,-4.3943546],[-71.0800325,-4.3938638],[-71.0814247,-4.3929271],[-71.0822052,-4.3918402],[-71.0826216,-4.390472],[-71.0825621,-4.389431],[-71.0821854,-4.3886487],[-71.0798257,-4.3860402],[-71.0785284,-4.384606],[-71.077476,-4.382828],[-71.0766136,-4.3813706],[-71.0763457,-4.3800916],[-71.076237,-4.3787322],[-71.0765242,-4.3772957],[-71.0769109,-4.3753625],[-71.0774462,-4.3742025],[-71.0785765,-4.3730425],[-71.0803016,-4.3720907],[-71.0826875,-4.3717285],[-71.0863097,-4.3720312],[-71.0910309,-4.3725027],[-71.0958871,-4.3734291],[-71.1008475,-4.3747001],[-71.101715,-4.3749223],[-71.1057915,-4.3763143],[-71.106922,-4.377266],[-71.1081116,-4.3786937],[-71.1088255,-4.3800617],[-71.1090336,-4.3819952],[-71.1088987,-4.3837276],[-71.1081412,-4.386189],[-71.1067136,-4.390829],[-71.1060296,-4.3951417],[-71.1062377,-4.3993652],[-71.1070706,-4.4024288],[-71.1080224,-4.4044514],[-71.1093014,-4.4060575],[-71.1109967,-4.4074257],[-71.1129002,-4.4080203],[-71.1150417,-4.4081395],[-71.1170941,-4.4077231],[-71.1186407,-4.4068903],[-71.1207051,-4.4047363],[-71.1225116,-4.4014791],[-71.1240242,-4.3982646],[-71.1259279,-4.3942196],[-71.1270604,-4.3922142],[-71.1293621,-4.3889971],[-71.1324799,-4.3863803],[-71.1359706,-4.384064],[-71.1389256,-4.3823225],[-71.1410875,-4.3813226],[-71.1449337,-4.3806865],[-71.1476404,-4.3807757],[-71.1491634,-4.3811979],[-71.1505551,-4.3826197],[-71.1511799,-4.3841665],[-71.1514475,-4.3859213],[-71.1511799,-4.3874382],[-71.1503767,-4.3895202],[-71.1485625,-4.3928515],[-71.1478189,-4.3951715],[-71.1475214,-4.3974022],[-71.1476999,-4.3987704],[-71.148384,-4.4004657],[-71.1497819,-4.4022503],[-71.1509716,-4.4033211],[-71.1522209,-4.4036482],[-71.153827,-4.4035887],[-71.1549572,-4.4031723],[-71.1560875,-4.4022801],[-71.1565425,-4.4013447],[-71.1568296,-4.4002245],[-71.1565906,-4.3982782],[-71.1563551,-4.3963612],[-71.156147,-4.3946658],[-71.1564741,-4.3930597],[-71.1569797,-4.3919592],[-71.1578377,-4.3911971],[-71.1594187,-4.3907992],[-71.1609809,-4.390792],[-71.1627797,-4.3916915],[-71.1664082,-4.3935059],[-71.1682227,-4.3938032],[-71.1689369,-4.3937676],[-71.1706022,-4.3936842],[-71.1743796,-4.3930597],[-71.175743,-4.3930506],[-71.1775086,-4.3930388],[-71.180007,-4.3933482],[-71.1818867,-4.3938955],[-71.1837902,-4.3951804],[-71.1847421,-4.3964415],[-71.1854797,-4.397893],[-71.1859556,-4.4003913],[-71.1860032,-4.4029373],[-71.1851229,-4.4065066],[-71.1847184,-4.4091953],[-71.1847897,-4.4112417],[-71.1851466,-4.4135022],[-71.1860746,-4.4165955],[-71.1866932,-4.4179756],[-71.1887872,-4.4201408],[-71.1902625,-4.421521],[-71.1922375,-4.4226631],[-71.1936889,-4.4230676],[-71.1952356,-4.4229963],[-71.1964492,-4.4225442],[-71.197146,-4.421975],[-71.1978767,-4.4213781],[-71.1988047,-4.4202123],[-71.199709,-4.4167621],[-71.2007321,-4.4120983],[-71.2013984,-4.4098141],[-71.2031329,-4.4069101],[-71.204701,-4.4041245],[-71.2051817,-4.4032705],[-71.2054884,-4.4020912],[-71.2058004,-4.4008912],[-71.2060621,-4.39963],[-71.2059431,-4.3981308],[-71.2054672,-4.3966318],[-71.2047296,-4.3954421],[-71.2022755,-4.3923387],[-71.1995661,-4.389208],[-71.1984954,-4.3879706],[-71.197972,-4.3864001],[-71.1978291,-4.384687],[-71.1978767,-4.3833306],[-71.1980907,-4.3820933],[-71.1986857,-4.380737],[-71.199668,-4.3793302],[-71.2013984,-4.3782386],[-71.2028499,-4.3776675],[-71.2052294,-4.3772155],[-71.2104404,-4.3767396],[-71.2129864,-4.3766443],[-71.2141047,-4.3770727],[-71.2153896,-4.3784527],[-71.2167697,-4.3810226],[-71.2178405,-4.3849248],[-71.2183164,-4.387804],[-71.2183877,-4.3918016],[-71.2180307,-4.3956802],[-71.2178166,-4.400677],[-71.218126,-4.4026281],[-71.2187684,-4.404032],[-71.2198154,-4.4052931],[-71.220791,-4.4058166],[-71.222409,-4.4061735],[-71.2246695,-4.4060785],[-71.2264065,-4.40565],[-71.2269005,-4.4051223],[-71.2274535,-4.4045316],[-71.2277152,-4.4033657],[-71.2277152,-4.401938],[-71.2270727,-4.3992968],[-71.2256689,-4.3959656],[-71.2252406,-4.393134],[-71.2252167,-4.3906356],[-71.2252881,-4.3889462],[-71.2257879,-4.3874708],[-71.2268824,-4.3859718],[-71.2285956,-4.3842111],[-71.2301545,-4.3831411],[-71.2302632,-4.3830665],[-71.2321647,-4.3826168],[-71.233759,-4.3826643],[-71.2350677,-4.3833068],[-71.2377804,-4.3863287],[-71.2396601,-4.3879943],[-71.241992,-4.3894221],[-71.2441335,-4.3902311],[-71.2459181,-4.390493],[-71.2476312,-4.3903501],[-71.2494726,-4.3897051],[-71.254166,-4.3871601],[-71.2568516,-4.3859395],[-71.261541,-4.3841445],[-71.2640606,-4.3834492],[-71.2668066,-4.3833788],[-71.2692057,-4.3837575],[-71.2724844,-4.3848614],[-71.274662,-4.3862098],[-71.2767559,-4.3879468],[-71.2785405,-4.3901121],[-71.2793495,-4.3926343],[-71.279754,-4.3952517],[-71.2795636,-4.3969173],[-71.2790401,-4.397893],[-71.2783806,-4.3986252],[-71.2773507,-4.3991302],[-71.2765417,-4.3990827],[-71.2753282,-4.3984402],[-71.2735674,-4.3971315],[-71.2706882,-4.3943713],[-71.2688085,-4.3932768],[-71.2668811,-4.3924916],[-71.2650727,-4.3922536],[-71.2633835,-4.392563],[-71.2622862,-4.3930631],[-71.2617652,-4.3933006],[-71.2606707,-4.3942286],[-71.2600282,-4.3952756],[-71.259719,-4.3965366],[-71.2598377,-4.3975836],[-71.2603852,-4.3986782],[-71.2644302,-4.402414],[-71.266429,-4.4050313],[-71.2675236,-4.4071728],[-71.2677854,-4.409005],[-71.2676901,-4.4104565],[-71.2672061,-4.4117347],[-71.2644779,-4.4158817],[-71.2626932,-4.4185942],[-71.2614084,-4.4214496],[-71.2608611,-4.425114],[-71.2610515,-4.42628],[-71.2618842,-4.4278266],[-71.2631691,-4.4292066],[-71.2654772,-4.4308722],[-71.2681899,-4.4323476],[-71.270236,-4.4338942],[-71.272925,-4.4366782],[-71.2748047,-4.4384866],[-71.2772317,-4.4400332],[-71.278274,-4.4405132],[-71.2792961,-4.4409841],[-71.2812292,-4.4412467],[-71.2839656,-4.4410802],[-71.2884864,-4.4401513],[-71.2905806,-4.4389625],[-71.2932239,-4.437085],[-71.2943401,-4.4358216],[-71.2958391,-4.4334183],[-71.297481,-4.4301346],[-71.2996939,-4.4247095],[-71.3014785,-4.4210452],[-71.3031917,-4.418761],[-71.3047384,-4.4171427],[-71.3065467,-4.4158817],[-71.3088829,-4.4148145],[-71.3114722,-4.4142399],[-71.3140182,-4.4143826],[-71.3159456,-4.4149537],[-71.317635,-4.4159531],[-71.3191102,-4.4178091],[-71.3198717,-4.4200457],[-71.3199907,-4.4219493],[-71.3198955,-4.4240908],[-71.3192285,-4.4262187],[-71.3170625,-4.4290996],[-71.314209,-4.4318106],[-71.3097114,-4.4350363],[-71.305595,-4.4382248],[-71.3041435,-4.4395811],[-71.3021524,-4.4419628],[-71.3008599,-4.4444353],[-71.3005029,-4.4468622],[-71.3006932,-4.4495272],[-71.3014244,-4.451936],[-71.30293,-4.4546668],[-71.3049762,-4.4583788],[-71.3060946,-4.4607345],[-71.306975,-4.4616626],[-71.3082124,-4.4622573],[-71.3087921,-4.462334],[-71.3094735,-4.462424],[-71.3102111,-4.4621383],[-71.3107822,-4.4614007],[-71.3110439,-4.4598778],[-71.3109725,-4.4577126],[-71.3103062,-4.4531916],[-71.3100684,-4.4501935],[-71.3103539,-4.4485041],[-71.3111629,-4.4462912],[-71.3117577,-4.4449587],[-71.313471,-4.442722],[-71.3150414,-4.4415561],[-71.317635,-4.440414],[-71.3203239,-4.4399619],[-71.3216217,-4.4400405],[-71.3234647,-4.4401522],[-71.3271529,-4.4398191],[-71.3287712,-4.4395471],[-71.3299845,-4.4393431],[-71.3313645,-4.439367],[-71.3331371,-4.4398748],[-71.3351002,-4.4406995],[-71.3362424,-4.4409373],[-71.338003,-4.4409867],[-71.3391454,-4.4406995],[-71.3402637,-4.4402236],[-71.3409537,-4.439367],[-71.3411679,-4.4380821],[-71.3411917,-4.4367257],[-71.3407634,-4.4334897],[-71.3408347,-4.4317288],[-71.3410965,-4.4303726],[-71.3416914,-4.4287307],[-71.3426431,-4.4272793],[-71.3440946,-4.426161],[-71.345903,-4.4255422],[-71.3482051,-4.4259551],[-71.3498145,-4.4267538],[-71.3519356,-4.42842],[-71.3549976,-4.4314127],[-71.355195,-4.4315489],[-71.3571102,-4.432871],[-71.3576521,-4.43303],[-71.3588949,-4.4333946],[-71.3605841,-4.4336325],[-71.3620357,-4.4335848],[-71.3631777,-4.4333946],[-71.3646294,-4.432871],[-71.365702,-4.4322487],[-71.3671516,-4.4310151],[-71.3705066,-4.4281597],[-71.3734096,-4.4264941],[-71.376265,-4.4250188],[-71.3785492,-4.424186],[-71.3808811,-4.4239717],[-71.3832606,-4.424186],[-71.3855889,-4.4248967],[-71.3858666,-4.4249815],[-71.3877285,-4.4256016],[-71.3906131,-4.4272317],[-71.3928022,-4.428826],[-71.3951102,-4.4308722],[-71.3968949,-4.4330376],[-71.3981999,-4.4352946],[-71.3988936,-4.4383913],[-71.3992744,-4.441675],[-71.3997979,-4.4429123],[-71.4004402,-4.4438403],[-71.4014159,-4.444459],[-71.4020795,-4.4446726],[-71.403486,-4.4451252],[-71.4054336,-4.4458906],[-71.4072714,-4.4468608],[-71.4092027,-4.4487323],[-71.4101627,-4.4502623],[-71.4108147,-4.451883],[-71.411462,-4.4530402],[-71.4123851,-4.4546907],[-71.4145192,-4.459295],[-71.414955,-4.4602348],[-71.4163826,-4.4622812],[-71.4188097,-4.4647082],[-71.4234735,-4.4686105],[-71.424586,-4.4693521],[-71.4262277,-4.4704462],[-71.4275587,-4.4716442],[-71.429212,-4.473132],[-71.4295699,-4.4734538],[-71.4309496,-4.4746956],[-71.4325194,-4.475717],[-71.43361,-4.475963],[-71.4349425,-4.4758917],[-71.435918,-4.475511],[-71.436846,-4.474821],[-71.4378216,-4.4731315],[-71.438131,-4.4717038],[-71.4378692,-4.4708472],[-71.4372382,-4.4700996],[-71.4364026,-4.4697471],[-71.4352756,-4.4698241],[-71.4325867,-4.470181],[-71.4319252,-4.470207],[-71.4307507,-4.4702532],[-71.4302692,-4.4701492],[-71.4297552,-4.4700382],[-71.4282324,-4.469491],[-71.4273044,-4.4688961],[-71.4262812,-4.467635],[-71.4260417,-4.4662141],[-71.4261929,-4.464768],[-71.426754,-4.4637535],[-71.4275527,-4.4630196],[-71.4301497,-4.4615511],[-71.4318687,-4.4600627],[-71.4327762,-4.4585515],[-71.433208,-4.4560908],[-71.4332727,-4.4539755],[-71.4328592,-4.4521287],[-71.4322582,-4.4501981],[-71.4315459,-4.4479101],[-71.4309415,-4.4466797],[-71.4298622,-4.4454062],[-71.4284731,-4.4442167],[-71.4272937,-4.443334],[-71.4259122,-4.4429456],[-71.4241639,-4.4426002],[-71.422804,-4.4424707],[-71.4195605,-4.4424545],[-71.4176452,-4.4423196],[-71.4162854,-4.4419742],[-71.4142422,-4.4408297],[-71.4133455,-4.4403275],[-71.4116137,-4.4389508],[-71.410957,-4.4379376],[-71.4108676,-4.4369881],[-71.4114504,-4.4359735],[-71.4120189,-4.435561],[-71.4122525,-4.4353913],[-71.4139329,-4.4352093],[-71.4152259,-4.435397],[-71.4170727,-4.4363336],[-71.4177449,-4.4366745],[-71.4193184,-4.4373945],[-71.4209909,-4.4374846],[-71.4227177,-4.4372687],[-71.4240775,-4.436686],[-71.4253295,-4.4356283],[-71.4272721,-4.4328655],[-71.4286751,-4.4306853],[-71.4301645,-4.4291096],[-71.4318697,-4.4279008],[-71.4334886,-4.4274476],[-71.435129,-4.4273612],[-71.4362946,-4.4276851],[-71.437377,-4.4283655],[-71.4376891,-4.4285617],[-71.4384746,-4.4298651],[-71.4386905,-4.4313545],[-71.4383236,-4.4330381],[-71.4376327,-4.4347001],[-71.4366184,-4.4364701],[-71.4335965,-4.4407007],[-71.4329921,-4.4424276],[-71.4329921,-4.4438737],[-71.4334022,-4.44573],[-71.4339419,-4.4470467],[-71.4347851,-4.4479367],[-71.4350017,-4.4481652],[-71.4363594,-4.4489462],[-71.4381725,-4.4490541],[-71.4447559,-4.4484713],[-71.4472166,-4.4481907],[-71.4485332,-4.4477158],[-71.4500874,-4.446723],[-71.4511882,-4.4455142],[-71.4516415,-4.4444565],[-71.4517494,-4.4432477],[-71.4516289,-4.4421848],[-71.4509266,-4.440374],[-71.449255,-4.4360638],[-71.4491721,-4.4349448],[-71.4492136,-4.4340608],[-71.4496695,-4.432928],[-71.4501944,-4.4321543],[-71.4508575,-4.4317123],[-71.4513022,-4.4316561],[-71.4520594,-4.4315603],[-71.4529436,-4.431671],[-71.4537861,-4.4321958],[-71.4550571,-4.4336878],[-71.456549,-4.436133],[-71.4576404,-4.4373348],[-71.4590356,-4.4385091],[-71.4600026,-4.4389235],[-71.4615222,-4.4392412],[-71.4629036,-4.439255],[-71.464589,-4.438882],[-71.4662605,-4.4381083],[-71.4675041,-4.4371547],[-71.4689267,-4.4360638],[-71.4727947,-4.4337431],[-71.4742452,-4.4332043],[-71.47582,-4.4332457],[-71.4765801,-4.4333696],[-71.477685,-4.4335496],[-71.4786796,-4.4339778],[-71.4791769,-4.4349172],[-71.4791907,-4.4360086],[-71.4789697,-4.4368651],[-71.477906,-4.4394207],[-71.4771047,-4.4419487],[-71.4766765,-4.4445043],[-71.4766075,-4.4481652],[-71.4769942,-4.4500026],[-71.4781685,-4.4527792],[-71.4797986,-4.455252],[-71.4806551,-4.4559703],[-71.4814286,-4.4563295],[-71.4826141,-4.4565971],[-71.4837219,-4.456592],[-71.4852829,-4.4562328],[-71.4866505,-4.455473],[-71.4882919,-4.4540277],[-71.4908224,-4.4506656],[-71.4927564,-4.4480962],[-71.4960072,-4.4450623],[-71.5000642,-4.4410372],[-71.5018325,-4.4392825],[-71.5036974,-4.4378873],[-71.5044671,-4.4376051],[-71.5053551,-4.4372795],[-71.5068747,-4.4373486],[-71.5075242,-4.4375872],[-71.5082285,-4.437846],[-71.5089745,-4.4387715],[-71.509679,-4.4403325],[-71.5098862,-4.4416587],[-71.509596,-4.4429711],[-71.5091955,-4.4439242],[-71.5081406,-4.4453163],[-71.5072891,-4.4463141],[-71.5062392,-4.4484138],[-71.5058662,-4.4498782],[-71.5058584,-4.4506646],[-71.5058525,-4.4512458],[-71.5064912,-4.4534527],[-71.5067642,-4.4551828],[-71.5067365,-4.4566058],[-71.5065785,-4.4576558],[-71.5065082,-4.4578802],[-71.5062669,-4.4586503],[-71.5057419,-4.4594377],[-71.504905,-4.4601796],[-71.5038494,-4.4608053],[-71.5025729,-4.4615621],[-71.5015424,-4.462173],[-71.500078,-4.4628222],[-71.498752,-4.4639136],[-71.4973014,-4.4657785],[-71.4952292,-4.4692597],[-71.4927979,-4.4743572],[-71.49219,-4.4770511],[-71.4923835,-4.4801731],[-71.4929914,-4.4828116],[-71.4933642,-4.4842483],[-71.4939721,-4.4852015],[-71.4949667,-4.4857955],[-71.4951386,-4.4858253],[-71.4960029,-4.4859751],[-71.4971217,-4.485685],[-71.4985446,-4.4842897],[-71.4995255,-4.4824525],[-71.5003682,-4.4804217],[-71.501197,-4.479289],[-71.5030481,-4.4773687],[-71.5045677,-4.4762498],[-71.5061857,-4.4756862],[-71.5063019,-4.4756458],[-71.5087579,-4.4750762],[-71.5111544,-4.4744941],[-71.5137344,-4.4735128],[-71.5139476,-4.4734317],[-71.5142785,-4.4731621],[-71.514496,-4.4729848],[-71.5161856,-4.4716082],[-71.5173321,-4.4698813],[-71.5175946,-4.4685553],[-71.5175256,-4.4678368],[-71.516869,-4.4663595],[-71.5167755,-4.466149],[-71.5165625,-4.4656697],[-71.5163196,-4.4651227],[-71.516268,-4.4649157],[-71.5158679,-4.4633057],[-71.5159784,-4.4625597],[-71.5165586,-4.4616618],[-71.517415,-4.4612198],[-71.5178087,-4.4611773],[-71.5185334,-4.4610991],[-71.5195149,-4.4615513],[-71.5232585,-4.4644247],[-71.5241979,-4.4648115],[-71.5253222,-4.4649648],[-71.5264884,-4.4648975],[-71.5287247,-4.4641327],[-71.5299309,-4.4637202],[-71.5318871,-4.4629107],[-71.5323345,-4.4627256],[-71.5330274,-4.4626541],[-71.5344757,-4.4625045],[-71.5359161,-4.4625775],[-71.5372774,-4.4630841],[-71.5382885,-4.4640517],[-71.5391865,-4.4651983],[-71.5396285,-4.4666212],[-71.5396422,-4.4682375],[-71.5394766,-4.4693287],[-71.5376116,-4.4726718],[-71.5359677,-4.4752552],[-71.5352217,-4.4771616],[-71.5351389,-4.478626],[-71.5353257,-4.4800761],[-71.5356776,-4.481002],[-71.536244,-4.4816928],[-71.5370452,-4.48219],[-71.5379157,-4.4824451],[-71.538772,-4.4822316],[-71.5394212,-4.4818032],[-71.5422256,-4.4785982],[-71.5438005,-4.4773411],[-71.5460107,-4.4766505],[-71.5472554,-4.4764673],[-71.5487321,-4.4762498],[-71.5508801,-4.4762267],[-71.5538711,-4.4761946],[-71.5560676,-4.47654],[-71.5583746,-4.4776036],[-71.559162,-4.4784049],[-71.5596041,-4.4792337],[-71.5596274,-4.4796432],[-71.5596685,-4.480367],[-71.5593277,-4.4810847],[-71.5587337,-4.4814026],[-71.5570622,-4.4814026],[-71.5540784,-4.4815407],[-71.552766,-4.4820656],[-71.552278,-4.4824316],[-71.5513845,-4.4831017],[-71.5509704,-4.4838406],[-71.5506939,-4.4846903],[-71.5507076,-4.4855607],[-71.5511359,-4.4863481],[-71.5518175,-4.4870721],[-71.5527642,-4.4874405],[-71.5535325,-4.4877395],[-71.5549625,-4.488296],[-71.5580154,-4.489484],[-71.5594797,-4.4904786],[-71.5606401,-4.4917357],[-71.5609606,-4.4925301],[-71.5617976,-4.4946051],[-71.5634445,-4.4998032],[-71.5638036,-4.5009085],[-71.5646601,-4.5021517],[-71.5660829,-4.5046521],[-71.5669257,-4.5057572],[-71.5695642,-4.50823],[-71.5752005,-4.5125953],[-71.5778391,-4.5144329],[-71.5819141,-4.5176238],[-71.586321,-4.5208287],[-71.5900924,-4.523785],[-71.5927171,-4.5257465],[-71.5943886,-4.526824],[-71.5961569,-4.5273767],[-71.599638,-4.5279846],[-71.6028154,-4.5284542],[-71.6051085,-4.5286891],[-71.6072936,-4.5287048],[-71.6112282,-4.5284681],[-71.6142122,-4.5282885],[-71.6159114,-4.5281365],[-71.617279,-4.5277635],[-71.6188676,-4.5270037],[-71.621672,-4.5251388],[-71.6262859,-4.5216576],[-71.6287966,-4.5191194],[-71.6300572,-4.5178448],[-71.631928,-4.5157421],[-71.6320352,-4.5155361],[-71.6326957,-4.5142668],[-71.6334556,-4.5123328],[-71.6337872,-4.5105094],[-71.6338839,-4.5090036],[-71.6335522,-4.5078847],[-71.6329444,-4.5074288],[-71.6313972,-4.5073045],[-71.6298915,-4.5070696],[-71.6283029,-4.5066828],[-71.6270319,-4.5062546],[-71.625167,-4.5052047],[-71.6211885,-4.5021793],[-71.6205254,-4.5013228],[-71.6185914,-4.4972476],[-71.6174172,-4.4928823],[-71.616906,-4.4913488],[-71.6161186,-4.4897602],[-71.6135352,-4.4853396],[-71.612513,-4.4828807],[-71.6114216,-4.4790956],[-71.6106342,-4.4747993],[-71.6106481,-4.4722575],[-71.6108415,-4.4708483],[-71.6112835,-4.4699366],[-71.6124991,-4.4684308],[-71.6136457,-4.4674638],[-71.6149305,-4.4670908],[-71.6161739,-4.4669803],[-71.6171142,-4.4671132],[-71.6187156,-4.4673396],[-71.6213266,-4.4691492],[-71.6228017,-4.4703952],[-71.6241724,-4.4715528],[-71.6249425,-4.4723755],[-71.6255952,-4.4730725],[-71.6265899,-4.4744677],[-71.6272115,-4.4760287],[-71.6273359,-4.4774655],[-71.6271976,-4.4785153],[-71.6266865,-4.4796481],[-71.6246006,-4.4827426],[-71.623896,-4.4839443],[-71.6235369,-4.4853672],[-71.6236612,-4.4865691],[-71.6239375,-4.4876052],[-71.624725,-4.4888761],[-71.6258025,-4.489705],[-71.6281509,-4.4907687],[-71.6310519,-4.4917218],[-71.6336075,-4.492758],[-71.6347265,-4.4934901],[-71.6359836,-4.4949406],[-71.6380005,-4.4969437],[-71.6403754,-4.4988107],[-71.6429736,-4.5003697],[-71.6450459,-4.501613],[-71.6479054,-4.502732],[-71.6492869,-4.5028701],[-71.6500604,-4.5024003],[-71.6501186,-4.5021212],[-71.6502676,-4.5014057],[-71.6501295,-4.4998724],[-71.649646,-4.4978416],[-71.6485132,-4.494844],[-71.6481679,-4.493352],[-71.647986,-4.4912655],[-71.6478916,-4.4892354],[-71.6478364,-4.4880472],[-71.6474357,-4.485395],[-71.6465792,-4.4816928],[-71.646593,-4.4805737],[-71.6469522,-4.4788606],[-71.6473944,-4.4775622],[-71.6481264,-4.4761807],[-71.6496875,-4.4740947],[-71.6516629,-4.4724509],[-71.6530444,-4.4716082],[-71.6542876,-4.4711385],[-71.6555861,-4.4710695],[-71.6570642,-4.4711937],[-71.6573086,-4.471287],[-71.6584042,-4.4717048],[-71.6594127,-4.4723956],[-71.660214,-4.473556],[-71.6605319,-4.4747165],[-71.6605041,-4.4756281],[-71.6602554,-4.4765952],[-71.6597029,-4.4774931],[-71.6589016,-4.478391],[-71.6573544,-4.4797586],[-71.6557796,-4.4818446],[-71.6548404,-4.4838201],[-71.6542737,-4.4858507],[-71.654039,-4.4875776],[-71.654039,-4.491639],[-71.6543152,-4.4938078],[-71.6550474,-4.4964187],[-71.6559039,-4.4983666],[-71.6568019,-4.4996791],[-71.6579346,-4.5009361],[-71.6604074,-4.5023314],[-71.6629216,-4.5033536],[-71.666154,-4.5040442],[-71.6673836,-4.5042791],[-71.6695662,-4.505039],[-71.6710719,-4.5057435],[-71.67197,-4.5058264],[-71.6729094,-4.5055638],[-71.6731625,-4.5052773],[-71.6734342,-4.5049698],[-71.6736691,-4.5042237],[-71.673835,-4.5026075],[-71.6740836,-4.501461],[-71.6744566,-4.5006736],[-71.6756446,-4.4999],[-71.6769707,-4.4994303],[-71.67875,-4.4994062],[-71.6805349,-4.4991263],[-71.6814291,-4.4989066],[-71.6821905,-4.4987196],[-71.6856047,-4.4971647],[-71.6867106,-4.4968855],[-71.6868729,-4.4968445],[-71.6882156,-4.4969575],[-71.6896937,-4.4972476],[-71.6914482,-4.4980903],[-71.6925671,-4.4988501],[-71.6933131,-4.4997895],[-71.6937276,-4.5009222],[-71.6959931,-4.5034365],[-71.6971674,-4.5044172],[-71.7004414,-4.5067933],[-71.7045027,-4.5093905],[-71.7055802,-4.5098187],[-71.706796,-4.5098877],[-71.7081084,-4.509501],[-71.7108925,-4.5077756],[-71.7134821,-4.5065032],[-71.7158721,-4.505329],[-71.7176582,-4.503791],[-71.7193117,-4.5015577],[-71.7198644,-4.5004111],[-71.7207209,-4.4992368],[-71.7221715,-4.4980628],[-71.7238981,-4.4972476],[-71.7265366,-4.4967227],[-71.7269744,-4.4967151],[-71.7280977,-4.4966956],[-71.7301836,-4.4970266],[-71.7318829,-4.4972615],[-71.7333334,-4.4971786],[-71.735364,-4.496626],[-71.7368559,-4.4955622],[-71.7373669,-4.4949888],[-71.7382097,-4.4940427],[-71.738942,-4.4926612],[-71.739384,-4.4910312],[-71.7394669,-4.489705],[-71.739315,-4.487329],[-71.7392182,-4.4844002],[-71.7397017,-4.4816373],[-71.7402266,-4.4801592],[-71.7415666,-4.4769267],[-71.7438599,-4.4718568],[-71.7456971,-4.4697018],[-71.7466227,-4.4689006],[-71.748087,-4.467975],[-71.7494132,-4.4675743],[-71.7505649,-4.4674411],[-71.7507256,-4.4674225],[-71.7519551,-4.4676158],[-71.7528806,-4.4682512],[-71.7534056,-4.4691355],[-71.7534885,-4.4698261],[-71.7534056,-4.4706412],[-71.7529635,-4.4717878],[-71.7520517,-4.4730311],[-71.7488467,-4.4765676],[-71.748239,-4.4775622],[-71.7479904,-4.4782805],[-71.7477692,-4.480546],[-71.7477279,-4.4819413],[-71.748087,-4.486583],[-71.7484462,-4.4891247],[-71.7489574,-4.4913212],[-71.7497171,-4.4928961],[-71.7508222,-4.4945815],[-71.7529359,-4.4964878],[-71.756942,-4.4987948],[-71.7580749,-4.499527],[-71.7597877,-4.5008808],[-71.7642222,-4.5024418],[-71.7662667,-4.5032568],[-71.7676481,-4.503699],[-71.7684632,-4.5036298],[-71.7690434,-4.503326],[-71.7692922,-4.502907],[-71.7695684,-4.5024418],[-71.7698722,-4.5002315],[-71.7698861,-4.4986567],[-71.7695821,-4.4973856],[-71.7689744,-4.4956727],[-71.7689191,-4.4943466],[-71.769071,-4.4927993],[-71.7695959,-4.4914317],[-71.7703557,-4.4899536],[-71.7713504,-4.4885998],[-71.7734916,-4.4867625],[-71.7758677,-4.4850496],[-71.7788377,-4.483751],[-71.7823881,-4.4826597],[-71.7841564,-4.4823143],[-71.7853289,-4.4823178],[-71.7866844,-4.4826735],[-71.7878309,-4.4834332],[-71.7885216,-4.4841792],[-71.7888064,-4.4852162],[-71.7886964,-4.4860782],[-71.7882454,-4.4868179],[-71.7866184,-4.4886988],[-71.7861534,-4.489079],[-71.784847,-4.4901472],[-71.7835761,-4.4913075],[-71.7827196,-4.4926336],[-71.7823881,-4.493877],[-71.7824019,-4.4950511],[-71.782844,-4.4959491],[-71.7833689,-4.4965983],[-71.7841977,-4.4968608],[-71.7846506,-4.4968913],[-71.7854271,-4.4969437],[-71.78656,-4.4968332],[-71.7880105,-4.4964602],[-71.7892952,-4.4962668],[-71.7908425,-4.4961701],[-71.791616,-4.49588],[-71.7924172,-4.4951616],[-71.7928731,-4.4944986],[-71.7933731,-4.4931152],[-71.7934949,-4.4919843],[-71.7934119,-4.4910312],[-71.7931909,-4.4898431],[-71.7927871,-4.4883037],[-71.7925277,-4.487315],[-71.7923759,-4.486058],[-71.7925002,-4.4851325],[-71.7927212,-4.4844141],[-71.7931909,-4.483903],[-71.7937987,-4.4836543],[-71.794296,-4.4836681],[-71.7946439,-4.4838031],[-71.7947637,-4.4838495],[-71.7952754,-4.4843602],[-71.79623,-4.4857265],[-71.7970036,-4.4869145],[-71.7977911,-4.4877018],[-71.7985509,-4.4881716],[-71.7997047,-4.4884461],[-71.8002757,-4.488582],[-71.800654,-4.4886505],[-71.8027366,-4.4890281],[-71.803284,-4.489217],[-71.8059001,-4.4901195],[-71.8069177,-4.4905611],[-71.8080967,-4.4910726],[-71.8096714,-4.4920535],[-71.8102526,-4.4928963],[-71.8105417,-4.4938355],[-71.8104589,-4.4945262],[-71.8087459,-4.4965016],[-71.8071572,-4.4979797],[-71.805458,-4.5001625],[-71.8053751,-4.5021931],[-71.8057896,-4.5034641],[-71.8061211,-4.5040581],[-71.8065355,-4.5043896],[-71.8071434,-4.5045416],[-71.8078755,-4.504514],[-71.8088564,-4.504141],[-71.8091896,-4.5038513],[-71.8108596,-4.5024003],[-71.812072,-4.5017287],[-71.8127796,-4.5013367],[-71.813719,-4.5010742],[-71.8165647,-4.5010742],[-71.8181674,-4.5012123],[-71.8195762,-4.5009085],[-71.8208886,-4.5002315],[-71.8218695,-4.4996237],[-71.823624,-4.4983251],[-71.8262762,-4.4961286],[-71.8274505,-4.4956451],[-71.8293016,-4.4954103],[-71.8307659,-4.4954517],[-71.8321197,-4.4958387],[-71.8332111,-4.4966951],[-71.833736,-4.497593],[-71.8338465,-4.4987533],[-71.8333354,-4.5000933],[-71.8328657,-4.5010051],[-71.832313,-4.5017096],[-71.8315039,-4.5024405],[-71.8307462,-4.5028735],[-71.8296884,-4.5034778],[-71.8288181,-4.5039752],[-71.8280584,-4.5045969],[-71.8274642,-4.5053981],[-71.8270499,-4.5064618],[-71.8269946,-4.5074288],[-71.8272847,-4.5093352],[-71.8285556,-4.5121533],[-71.8294812,-4.5136452],[-71.830158,-4.5144329],[-71.830987,-4.5150681],[-71.8319125,-4.515524],[-71.8331557,-4.5156345],[-71.8342195,-4.5151786],[-71.834699,-4.514718],[-71.834924,-4.5145017],[-71.8353799,-4.5136452],[-71.835449,-4.5118217],[-71.8354214,-4.510247],[-71.8356839,-4.5072353],[-71.8361259,-4.5061441],[-71.8367475,-4.5053152],[-71.837383,-4.5048455],[-71.8382671,-4.5045416],[-71.8386996,-4.5045347],[-71.8391374,-4.5045278],[-71.8399317,-4.5048386],[-71.8406017,-4.5055086],[-71.8420384,-4.5069453],[-71.8432955,-4.5077465],[-71.8447875,-4.5081886],[-71.84668,-4.5084511],[-71.8480339,-4.5087135],[-71.8491805,-4.5090727],[-71.8501889,-4.5096115],[-71.8512802,-4.510316],[-71.8530761,-4.5108823],[-71.8543194,-4.5108547],[-71.8555074,-4.5109515],[-71.8565574,-4.511366],[-71.8576072,-4.5122915],[-71.8580769,-4.5130927],[-71.8585621,-4.5148377],[-71.8587814,-4.5160351],[-71.8591406,-4.5179967],[-71.8601766,-4.5211188],[-71.8610746,-4.5229976],[-71.861793,-4.5241441],[-71.8630915,-4.5254565],[-71.8640724,-4.5261335],[-71.8649979,-4.5264511],[-71.866034,-4.5263958],[-71.867374,-4.5259123],[-71.8676277,-4.5257141],[-71.8682581,-4.5252217],[-71.8687416,-4.5244618],[-71.8693356,-4.5232601],[-71.8698881,-4.5217406],[-71.8707585,-4.5204281],[-71.8715735,-4.5194335],[-71.8723607,-4.5187151],[-71.8742259,-4.5175823],[-71.8764637,-4.5164357],[-71.8777952,-4.5158955],[-71.8793496,-4.5152647],[-71.8810087,-4.5149025],[-71.8821139,-4.5148747],[-71.8833986,-4.5151096],[-71.8843656,-4.5154826],[-71.8848491,-4.5162423],[-71.8848767,-4.5170297],[-71.8846557,-4.5178725],[-71.8840479,-4.5190328],[-71.8838682,-4.5200275],[-71.8839374,-4.5208978],[-71.8841446,-4.5215747],[-71.8846142,-4.5218786],[-71.8853464,-4.5219338],[-71.8857231,-4.5217382],[-71.8860647,-4.5215608],[-71.8867002,-4.5208287],[-71.8880126,-4.5185493],[-71.8887447,-4.5174027],[-71.8896841,-4.5163667],[-71.8908584,-4.5153168],[-71.8917562,-4.5148471],[-71.8920314,-4.5147813],[-71.8930272,-4.5145432],[-71.896181,-4.514302],[-71.8984839,-4.5145985],[-71.8998791,-4.514778],[-71.9025867,-4.5145017],[-71.9040786,-4.5145156],[-71.9054877,-4.5147503],[-71.9064409,-4.5151925],[-71.9070626,-4.5157312],[-71.9076289,-4.5163943],[-71.9080296,-4.5172646],[-71.9082091,-4.5182316],[-71.9080849,-4.519102],[-71.9078085,-4.5197788],[-71.9071834,-4.5204154],[-71.9061347,-4.5210783],[-71.9056121,-4.521409],[-71.9040786,-4.5220443],[-71.9024486,-4.522597],[-71.9012191,-4.5229285],[-71.9002659,-4.5229837],[-71.8994509,-4.5228732],[-71.8978624,-4.5223345],[-71.8967295,-4.521851],[-71.8961216,-4.5218095],[-71.8953756,-4.5218925],[-71.894671,-4.5220996],[-71.8942014,-4.5222377],[-71.8935936,-4.522514],[-71.892447,-4.5236606],[-71.8912334,-4.525144],[-71.8908307,-4.5256361],[-71.8897809,-4.5266583],[-71.8886619,-4.5276253],[-71.8874462,-4.5284818],[-71.8861465,-4.5295137],[-71.8853879,-4.5304158],[-71.8851569,-4.5309986],[-71.8847569,-4.5320073],[-71.8844622,-4.5327505],[-71.8841307,-4.5344774],[-71.8842136,-4.5358862],[-71.8845866,-4.5370882],[-71.8849457,-4.5377927],[-71.885899,-4.5385525],[-71.8870594,-4.539119],[-71.8881645,-4.5394366],[-71.8892006,-4.539409],[-71.8901124,-4.5390498],[-71.8906926,-4.5386216],[-71.8912414,-4.5378577],[-71.8918115,-4.5367843],[-71.892972,-4.5333583],[-71.8938975,-4.5317421],[-71.8945054,-4.5309546],[-71.8953619,-4.5301533],[-71.8962045,-4.5296698],[-71.8976374,-4.5291676],[-71.8992436,-4.5289516],[-71.9004455,-4.5288825],[-71.9031807,-4.5294903],[-71.9075875,-4.5300705],[-71.9098255,-4.5301533],[-71.9116627,-4.5300291],[-71.9131961,-4.5297113],[-71.9137706,-4.5294882],[-71.9160419,-4.5286062],[-71.9165729,-4.5285077],[-71.9170089,-4.5284266],[-71.9176304,-4.5285234],[-71.9181831,-4.5288548],[-71.9185146,-4.5292968],[-71.9200066,-4.5324327],[-71.921167,-4.5354443],[-71.9213051,-4.5365908],[-71.9211946,-4.5373092],[-71.9210319,-4.5375773],[-71.9209597,-4.537696],[-71.9205454,-4.5379032],[-71.919012,-4.5382901],[-71.9186097,-4.5386523],[-71.918536,-4.5389007],[-71.918418,-4.5392985],[-71.9184317,-4.5398372],[-71.9188464,-4.5404727],[-71.919554,-4.5407976],[-71.9196594,-4.540846],[-71.9212222,-4.5412463],[-71.9216154,-4.5414678],[-71.9235016,-4.5425311],[-71.9243581,-4.5432908],[-71.9256981,-4.5447552],[-71.9264994,-4.5462747],[-71.9267756,-4.5472556],[-71.9267204,-4.5480016],[-71.9263336,-4.548568],[-71.9257672,-4.5489132],[-71.9238641,-4.5495877],[-71.9237302,-4.5496352],[-71.9227785,-4.5502021],[-71.922507,-4.5503638],[-71.9218025,-4.5511236],[-71.9212775,-4.5518972],[-71.9210565,-4.5527811],[-71.9210565,-4.5546601],[-71.9210565,-4.5558066],[-71.9209736,-4.5565802],[-71.9206835,-4.5574643],[-71.9199651,-4.5589287],[-71.9188739,-4.560918],[-71.9185975,-4.5619126],[-71.9187495,-4.5627276],[-71.9191086,-4.563446],[-71.9197165,-4.5640538],[-71.9205039,-4.564192],[-71.9211946,-4.5640952],[-71.922438,-4.5635012],[-71.9233337,-4.5627242],[-71.9237917,-4.5623271],[-71.9259191,-4.5610285],[-71.9265952,-4.5608837],[-71.9268861,-4.5608212],[-71.9278255,-4.5608212],[-71.9294004,-4.5612633],[-71.9304779,-4.561733],[-71.9313066,-4.5624237],[-71.9318179,-4.5632802],[-71.9319422,-4.563971],[-71.9319422,-4.564634],[-71.9318632,-4.564834],[-71.9318597,-4.564843],[-71.9317715,-4.5650664],[-71.931735,-4.565159],[-71.9313066,-4.5656148],[-71.9307357,-4.5659203],[-71.9302704,-4.5661693],[-71.9286267,-4.566872],[-71.9276321,-4.5676732],[-71.9271762,-4.5684606],[-71.9270381,-4.5692895],[-71.9271901,-4.5700631],[-71.9275865,-4.5705755],[-71.9295109,-4.5717622],[-71.9303397,-4.5722733],[-71.9310014,-4.5728795],[-71.9313357,-4.573556],[-71.9321356,-4.5751743],[-71.9327296,-4.5763762],[-71.9336276,-4.5774813],[-71.9343597,-4.5781997],[-71.935161,-4.5786693],[-71.9362707,-4.5788263],[-71.9383826,-4.5788688],[-71.9402585,-4.5785865],[-71.9412074,-4.5784436],[-71.9428279,-4.5781997],[-71.9446376,-4.5776887],[-71.9455907,-4.577509],[-71.9468202,-4.5777162],[-71.9483122,-4.5785312],[-71.9494174,-4.5794568],[-71.9499976,-4.5802857],[-71.9503567,-4.5813632],[-71.9503844,-4.5826341],[-71.9501771,-4.5840432],[-71.9498316,-4.5851897],[-71.9486024,-4.5870132],[-71.9468479,-4.5890301],[-71.9458395,-4.5897347],[-71.94461,-4.5908536],[-71.9439469,-4.5916411],[-71.9429937,-4.5931606],[-71.9426069,-4.5947217],[-71.9428002,-4.59544],[-71.9432976,-4.5957992],[-71.9442231,-4.5961446],[-71.9456322,-4.5962965],[-71.9468894,-4.5962689],[-71.9479807,-4.596559],[-71.9490444,-4.5971668],[-71.9498732,-4.5980646],[-71.9503981,-4.5991285],[-71.9506882,-4.6004408],[-71.9505916,-4.6014492],[-71.9504439,-4.6020065],[-71.9500775,-4.6025246],[-71.949578,-4.603086],[-71.9478977,-4.6045022],[-71.9467374,-4.6056212],[-71.9462815,-4.6064501],[-71.9462125,-4.6072512],[-71.9465301,-4.6078315],[-71.9473314,-4.6084255],[-71.9486161,-4.60884],[-71.9508402,-4.609061],[-71.9539622,-4.6091438],[-71.9546806,-4.60913],[-71.9552194,-4.6088537],[-71.9557262,-4.6083071],[-71.9569616,-4.6069748],[-71.958079,-4.6055383],[-71.958825,-4.605041],[-71.9590262,-4.6050246],[-71.959502,-4.6049857],[-71.9603445,-4.6051791],[-71.9612701,-4.6059114],[-71.9621266,-4.6073066],[-71.964102,-4.6101937],[-71.9646684,-4.6109397],[-71.9651519,-4.6112851],[-71.9658709,-4.6113771],[-71.966447,-4.6112926],[-71.9675556,-4.6100555],[-71.9687436,-4.6089918],[-71.9694982,-4.6086025],[-71.9705671,-4.608467],[-71.9715562,-4.6086701],[-71.9725704,-4.6092682],[-71.9739516,-4.6105252],[-71.9748496,-4.6110502],[-71.9756785,-4.6113127],[-71.976825,-4.6114093],[-71.9779025,-4.6111193],[-71.9787729,-4.6106082],[-71.9796846,-4.6097655],[-71.9798224,-4.6094506],[-71.9801681,-4.6086603],[-71.9807069,-4.606519],[-71.9811489,-4.6052896],[-71.9817567,-4.6043778],[-71.9821989,-4.603922],[-71.9828895,-4.6035906],[-71.9837079,-4.6034736],[-71.9838565,-4.6034524],[-71.9847821,-4.6035767],[-71.9855069,-4.6039987],[-71.9867851,-4.6053172],[-71.9885396,-4.6071271],[-71.9892856,-4.6075828],[-71.9912534,-4.6080071],[-71.9917615,-4.6081362],[-71.9925734,-4.6083426],[-71.9937337,-4.6090195],[-71.994466,-4.6098898],[-71.9950185,-4.6110502],[-71.9952395,-4.6121692],[-71.9949805,-4.6131211],[-71.9945489,-4.6137578],[-71.993872,-4.6141585],[-71.9930154,-4.614269],[-71.9921866,-4.6141032],[-71.990819,-4.613288],[-71.9893132,-4.6125283],[-71.9879041,-4.6121968],[-71.9867851,-4.6123902],[-71.9862187,-4.6126803],[-71.9860084,-4.6128643],[-71.9856662,-4.6131638],[-71.9854175,-4.6137855],[-71.985459,-4.6145591],[-71.9858044,-4.6158023],[-71.9858457,-4.6164792],[-71.9857076,-4.6174462],[-71.9854452,-4.6184961],[-71.9851807,-4.6191131],[-71.9850722,-4.6193665],[-71.9844091,-4.6200986],[-71.9839149,-4.6204187],[-71.9831935,-4.6208861],[-71.982337,-4.6215767],[-71.9817291,-4.6224332],[-71.9811351,-4.623939],[-71.981066,-4.6248922],[-71.9812041,-4.6260112],[-71.9816462,-4.6268676],[-71.9822126,-4.6274341],[-71.9832211,-4.627586],[-71.9845821,-4.6273168],[-71.9861359,-4.626771],[-71.9869081,-4.6264996],[-71.9881132,-4.6260762],[-71.9888425,-4.6260311],[-71.9900591,-4.6259559],[-71.9917584,-4.6263012],[-71.9950324,-4.6274202],[-71.9959579,-4.6275721],[-71.9975327,-4.6274202],[-71.9985826,-4.6275307],[-71.9997982,-4.6280417],[-71.9999784,-4.6280985],[-72.0,-4.6281053],[-72.0000216,-4.6281121],[-72.0003381,-4.6282118],[-72.0004842,-4.6282578],[-72.0014531,-4.6285628],[-72.0021881,-4.6290503],[-72.0024562,-4.6294986],[-72.0031137,-4.6305975],[-72.0041895,-4.6328716],[-72.0044809,-4.6334875],[-72.0048672,-4.6344336],[-72.0049817,-4.6351083],[-72.0051306,-4.6359851],[-72.0050892,-4.6372975],[-72.0049752,-4.63775],[-72.0047887,-4.6384903],[-72.0047317,-4.6387166],[-72.0041635,-4.6409721],[-72.0040944,-4.6426989],[-72.0041912,-4.643583],[-72.0043846,-4.6441493],[-72.0046409,-4.6444492],[-72.00484,-4.6446823],[-72.0052964,-4.645075],[-72.0059871,-4.6452822],[-72.0066364,-4.6451717],[-72.0081421,-4.6440665],[-72.0094805,-4.6427032],[-72.0103662,-4.641801],[-72.0106307,-4.6415645],[-72.011803,-4.6405162],[-72.0126319,-4.639494],[-72.0133087,-4.6382921],[-72.0135021,-4.6372008],[-72.0134511,-4.6354453],[-72.0137385,-4.6341106],[-72.0138274,-4.633835],[-72.0141392,-4.6328685],[-72.0145625,-4.6321702],[-72.0147454,-4.6318685],[-72.0155466,-4.631081],[-72.0163894,-4.6308046],[-72.0182706,-4.6304941],[-72.0183897,-4.6304633],[-72.0208717,-4.6298221],[-72.022372,-4.629268],[-72.0225736,-4.6291935],[-72.0238215,-4.6287326],[-72.0279381,-4.626992],[-72.0334776,-4.6248646],[-72.0400395,-4.622751],[-72.0415869,-4.6226957],[-72.0421844,-4.6228403],[-72.0424432,-4.622903],[-72.0430096,-4.6234002],[-72.0432031,-4.624091],[-72.0431615,-4.6252237],[-72.0425814,-4.6272821],[-72.0423352,-4.6279658],[-72.0420896,-4.6286481],[-72.0414624,-4.6303903],[-72.0399704,-4.633319],[-72.0383419,-4.6353618],[-72.037401,-4.636662],[-72.0369175,-4.6383888],[-72.0369451,-4.6396321],[-72.0372675,-4.6415495],[-72.0379397,-4.6428232],[-72.03852,-4.6434725],[-72.0394,-4.6440845],[-72.0399116,-4.6441768],[-72.040371,-4.64426],[-72.0416847,-4.644227],[-72.0430584,-4.6438715],[-72.0434792,-4.6437626],[-72.0444186,-4.6435692],[-72.0451102,-4.6437142],[-72.0452751,-4.6437488],[-72.0459106,-4.6444257],[-72.0461731,-4.6452131],[-72.0461177,-4.6461525],[-72.0449574,-4.6490397],[-72.04475,-4.6507527],[-72.0450371,-4.6521777],[-72.0454336,-4.6532128],[-72.0458554,-4.6537918],[-72.0464217,-4.6542201],[-72.0472091,-4.6544272],[-72.0480597,-4.6543721],[-72.0483931,-4.6543506],[-72.0493441,-4.6539973],[-72.04953,-4.6539283],[-72.05058,-4.6531563],[-72.051754,-4.6518302],[-72.0528041,-4.6507388],[-72.0540625,-4.6499473],[-72.0544447,-4.6497068],[-72.0550886,-4.6494492],[-72.0554562,-4.6493021],[-72.0568654,-4.6491778],[-72.0581049,-4.6493647],[-72.0590886,-4.6499292],[-72.0596387,-4.6504052],[-72.0602637,-4.6509461],[-72.0616175,-4.6528938],[-72.0629851,-4.6543996],[-72.0648639,-4.6559745],[-72.0678477,-4.6586545],[-72.0681931,-4.6592348],[-72.0683727,-4.6601188],[-72.068207,-4.6606852],[-72.0677511,-4.6613621],[-72.0652092,-4.6635862],[-72.0635239,-4.6646498],[-72.0623496,-4.6654787],[-72.0599184,-4.6677305],[-72.0591032,-4.669402],[-72.058979,-4.670894],[-72.0591585,-4.672234],[-72.0596696,-4.673353],[-72.0605124,-4.6743061],[-72.0614931,-4.675287],[-72.0624665,-4.6760343],[-72.0633306,-4.676319],[-72.0641094,-4.6763222],[-72.0649882,-4.6761436],[-72.0656236,-4.6755218],[-72.0661486,-4.6746238],[-72.0664249,-4.6736846],[-72.066586,-4.6722218],[-72.0665651,-4.6716805],[-72.0665354,-4.6709078],[-72.066494,-4.6698302],[-72.0666024,-4.66926],[-72.0667012,-4.668739],[-72.0672261,-4.6668465],[-72.0680411,-4.6651057],[-72.0699337,-4.6632546],[-72.070804,-4.6628807],[-72.0717725,-4.6630452],[-72.0730281,-4.6634618],[-72.073484,-4.6637796],[-72.0737477,-4.6640492],[-72.0740919,-4.6644012],[-72.0750036,-4.6655478],[-72.0759015,-4.6663215],[-72.07661,-4.6666022],[-72.0774349,-4.6669292],[-72.0793414,-4.6679791],[-72.0802807,-4.6686698],[-72.0813167,-4.6703967],[-72.0818417,-4.6715432],[-72.0820351,-4.6727037],[-72.0818831,-4.6735187],[-72.0815516,-4.6740575],[-72.0808676,-4.6745198],[-72.0794541,-4.6752776],[-72.0776836,-4.6762263],[-72.0768824,-4.6769171],[-72.076385,-4.6777458],[-72.0762607,-4.678409],[-72.0762884,-4.679307],[-72.0766614,-4.6802601],[-72.0774211,-4.6811718],[-72.0787887,-4.6823185],[-72.0797695,-4.6829722],[-72.0801977,-4.6832579],[-72.0813582,-4.6836861],[-72.0818829,-4.6837556],[-72.0822832,-4.6838086],[-72.0831952,-4.6836968],[-72.0838832,-4.6833641],[-72.0850246,-4.682553],[-72.0863866,-4.6814205],[-72.0873536,-4.680937],[-72.0877307,-4.6808826],[-72.0883104,-4.6807989],[-72.089173,-4.681035],[-72.0893705,-4.681089],[-72.0895637,-4.6812831],[-72.0900981,-4.6818198],[-72.090416,-4.6828086],[-72.090414,-4.6834651],[-72.090006,-4.6853438],[-72.0898679,-4.6868357],[-72.0899645,-4.6882862],[-72.0905606,-4.6897367],[-72.091616,-4.6913456],[-72.0921654,-4.6918978],[-72.0931971,-4.6929347],[-72.0946549,-4.6940466],[-72.0956422,-4.6947997],[-72.0971756,-4.6958635],[-72.0985431,-4.6972587],[-72.0991649,-4.6983086],[-72.0995379,-4.6993032],[-72.0998819,-4.7009146],[-72.1002839,-4.703627],[-72.1007121,-4.7046078],[-72.1013062,-4.7055058],[-72.1021211,-4.7061551],[-72.1030467,-4.7065696],[-72.104,-4.7066938],[-72.1053675,-4.7065281],[-72.1095532,-4.7055887],[-72.111211,-4.7053401],[-72.112109,-4.7054367],[-72.1132022,-4.7058466],[-72.1138219,-4.7064452],[-72.1144297,-4.707578],[-72.1145817,-4.7084483],[-72.1144574,-4.7091805],[-72.1130897,-4.7107415],[-72.1126754,-4.7114598],[-72.1127444,-4.7120262],[-72.113145,-4.7123577],[-72.1139186,-4.7125926],[-72.1151205,-4.7123855],[-72.1178004,-4.7114097],[-72.118726,-4.7113631],[-72.1194037,-4.7117098],[-72.1199964,-4.7124972],[-72.1204529,-4.7131037],[-72.121033,-4.7135458],[-72.1238787,-4.7151482],[-72.1246701,-4.7157625],[-72.125102,-4.7166323],[-72.125197,-4.7169617],[-72.1253155,-4.7173723],[-72.1251426,-4.7185182],[-72.1247246,-4.7194805],[-72.1232571,-4.7214613],[-72.1222072,-4.7232435],[-72.120964,-4.7250531],[-72.1205495,-4.7263655],[-72.1206117,-4.7277059],[-72.1210734,-4.7292822],[-72.1212941,-4.7296695],[-72.1217651,-4.730496],[-72.1229117,-4.7318912],[-72.1239022,-4.7326612],[-72.1251105,-4.7336006],[-72.1259011,-4.7340492],[-72.1268212,-4.7345712],[-72.128327,-4.7351515],[-72.1297499,-4.7352757],[-72.130855,-4.7350686],[-72.1317667,-4.7346817],[-72.1325404,-4.7340325],[-72.1330791,-4.7333004],[-72.1334659,-4.7323886],[-72.1337236,-4.7312963],[-72.1337596,-4.7304955],[-72.1336855,-4.7295658],[-72.1334204,-4.7288397],[-72.1332806,-4.7286081],[-72.1328442,-4.7278851],[-72.1319325,-4.726849],[-72.1308965,-4.726186],[-72.1291835,-4.7253847],[-72.1287042,-4.7250361],[-72.1282717,-4.7247216],[-72.1275121,-4.7239067],[-72.1273046,-4.7234001],[-72.1272172,-4.7231868],[-72.1272619,-4.7225143],[-72.1276086,-4.7218343],[-72.1281197,-4.721268],[-72.1290177,-4.7208121],[-72.1312695,-4.7202044],[-72.1321259,-4.7198451],[-72.133326,-4.7187293],[-72.1335484,-4.7185228],[-72.1350822,-4.7169027],[-72.1376792,-4.71309],[-72.1378615,-4.7127407],[-72.1381766,-4.7121367],[-72.1387569,-4.711598],[-72.1393509,-4.711377],[-72.1399766,-4.7114585],[-72.1403562,-4.711508],[-72.1410872,-4.7119462],[-72.1415547,-4.7126682],[-72.1416577,-4.7128275],[-72.1418691,-4.7139218],[-72.1419701,-4.7153529],[-72.1419746,-4.715416],[-72.1420109,-4.7159297],[-72.1420309,-4.716212],[-72.142481,-4.7177845],[-72.1432879,-4.7192373],[-72.1442274,-4.7207155],[-72.1457745,-4.7229396],[-72.1467277,-4.7239067],[-72.1477914,-4.7245143],[-72.1496564,-4.7250393],[-72.1513279,-4.7250531],[-72.1530996,-4.725166],[-72.1544637,-4.7254123],[-72.1569596,-4.7265736],[-72.1579321,-4.7270261],[-72.1601691,-4.7276502],[-72.1609565,-4.7281061],[-72.1615091,-4.7287968],[-72.1616336,-4.7291998],[-72.1617439,-4.7295566],[-72.1618406,-4.7306617],[-72.1615781,-4.731463],[-72.1597752,-4.733136],[-72.1590937,-4.7338423],[-72.1590335,-4.7341213],[-72.158981,-4.734364],[-72.1589949,-4.7347922],[-72.1593126,-4.735262],[-72.1597862,-4.7354547],[-72.1599247,-4.7355111],[-72.1603009,-4.7356641],[-72.1616475,-4.7358758],[-72.1622686,-4.7358315],[-72.1630839,-4.7357731],[-72.1638789,-4.73553],[-72.1658524,-4.7349266],[-72.1662412,-4.7348077],[-72.1695076,-4.7339633],[-72.1706125,-4.733856],[-72.1709984,-4.7338675],[-72.1718975,-4.7338943],[-72.1728782,-4.7342258],[-72.1741492,-4.7350548],[-72.174829,-4.7356901],[-72.1756274,-4.7364363],[-72.1787925,-4.7386373],[-72.1793102,-4.7389975],[-72.1838176,-4.7415792],[-72.1859329,-4.7427907],[-72.1867487,-4.7431363],[-72.1883577,-4.7438177],[-72.1917625,-4.7449182],[-72.1932267,-4.7458161],[-72.1936412,-4.7463411],[-72.1936755,-4.7465475],[-72.19374,-4.7469355],[-72.1935584,-4.7472113],[-72.1930752,-4.7474626],[-72.1926841,-4.7474986],[-72.1906986,-4.7476811],[-72.1894305,-4.7478307],[-72.1884194,-4.7484822],[-72.1880326,-4.7488276],[-72.1877597,-4.7492683],[-72.1874939,-4.749698],[-72.1873557,-4.7504853],[-72.1877425,-4.7521982],[-72.1886374,-4.7538295],[-72.1895522,-4.7563288],[-72.1901595,-4.7588046],[-72.1902705,-4.7592575],[-72.1906334,-4.7602006],[-72.1910746,-4.7613477],[-72.1915976,-4.7622616],[-72.1923647,-4.7629483],[-72.1932816,-4.7632802],[-72.1939314,-4.7633463],[-72.195035,-4.7630451],[-72.1956594,-4.7624128],[-72.1958207,-4.7615515],[-72.195672,-4.76086],[-72.195078,-4.7600725],[-72.1934064,-4.758553],[-72.1925914,-4.7576412],[-72.1924117,-4.7569228],[-72.1925224,-4.7563162],[-72.1931715,-4.7559006],[-72.1942352,-4.7557486],[-72.1956029,-4.7561768],[-72.1972054,-4.7575307],[-72.1978684,-4.7579866],[-72.198642,-4.75818],[-72.1993604,-4.7580695],[-72.1997295,-4.7577086],[-72.199947,-4.7574958],[-72.2001567,-4.7567245],[-72.200355,-4.7548231],[-72.2005484,-4.7536488],[-72.2007364,-4.7531802],[-72.2009126,-4.7527406],[-72.2012655,-4.7522163],[-72.2015845,-4.7517425],[-72.2026067,-4.7507202],[-72.2055342,-4.7487071],[-72.208243,-4.7474047],[-72.2088646,-4.7473218],[-72.2092791,-4.74746],[-72.2096245,-4.747833],[-72.2101805,-4.7489016],[-72.2101929,-4.7490084],[-72.2104809,-4.75148],[-72.2109784,-4.752447],[-72.2114617,-4.7530272],[-72.2122354,-4.7534002],[-72.2130919,-4.7535383],[-72.2139971,-4.7534158],[-72.2171809,-4.7529857],[-72.2185791,-4.7531042],[-72.218811,-4.7531238],[-72.2201924,-4.7534831],[-72.2213114,-4.7541323],[-72.2219192,-4.755127],[-72.2221816,-4.7560526],[-72.2220711,-4.7569505],[-72.2218569,-4.7575027],[-72.221712,-4.757876],[-72.2212285,-4.7583595],[-72.2205516,-4.7587048],[-72.219557,-4.7588292],[-72.2187897,-4.7588011],[-72.2173881,-4.7584976],[-72.2160481,-4.7582076],[-72.2147219,-4.7580832],[-72.2139345,-4.7582352],[-72.2131287,-4.7587011],[-72.2125116,-4.7593956],[-72.212263,-4.7601138],[-72.2121939,-4.7612882],[-72.212705,-4.7631531],[-72.2140174,-4.7655153],[-72.2150811,-4.767035],[-72.2163659,-4.7683058],[-72.2193359,-4.7701017],[-72.2212009,-4.7716075],[-72.2220987,-4.7720633],[-72.223052,-4.7721462],[-72.2238117,-4.7720357],[-72.2243781,-4.7717318],[-72.22475,-4.7711836],[-72.2262709,-4.7689414],[-72.2265885,-4.7685407],[-72.2268924,-4.7684163],[-72.2270847,-4.7684236],[-72.2276245,-4.768444],[-72.2285501,-4.7687617],[-72.2291579,-4.7695077],[-72.2293782,-4.7704323],[-72.2291855,-4.771124],[-72.2287159,-4.7728093],[-72.2285777,-4.773956],[-72.2287435,-4.7749506],[-72.2291992,-4.7756551],[-72.2298349,-4.7760834],[-72.2304426,-4.7762077],[-72.2314427,-4.7761862],[-72.2331779,-4.775517],[-72.2341449,-4.775144],[-72.235333,-4.7751301],[-72.2365486,-4.775517],[-72.237557,-4.7763458],[-72.2399331,-4.7791501],[-72.240914,-4.7801586],[-72.2423782,-4.7810427],[-72.243511,-4.7813605],[-72.2444642,-4.7813605],[-72.2456799,-4.780877],[-72.2460632,-4.7803945],[-72.2464811,-4.7798685],[-72.2473376,-4.7783627],[-72.2477242,-4.7771056],[-72.2481802,-4.7737072],[-72.2484151,-4.770005],[-72.2489815,-4.7681125],[-72.2499209,-4.7666067],[-72.2507774,-4.7658883],[-72.2519377,-4.7651976],[-72.2530215,-4.7649218],[-72.2544381,-4.7650042],[-72.2557229,-4.7654601],[-72.2568281,-4.7665238],[-72.2574911,-4.767629],[-72.257947,-4.7693833],[-72.2580161,-4.770972],[-72.2577675,-4.7731408],[-72.2577536,-4.774246],[-72.2579746,-4.7753236],[-72.2585654,-4.7763655],[-72.259812,-4.7777411],[-72.2606132,-4.7786252],[-72.2612349,-4.7797027],[-72.2614282,-4.7807526],[-72.2612486,-4.781471],[-72.260918,-4.7820137],[-72.2603092,-4.7826728],[-72.2569419,-4.7841955],[-72.2566885,-4.7843396],[-72.2559025,-4.7847863],[-72.2551427,-4.7856291],[-72.2544796,-4.7872315],[-72.2538994,-4.7892485],[-72.2538856,-4.7905055],[-72.2540376,-4.7912515],[-72.2545211,-4.7918178],[-72.2551427,-4.7920803],[-72.2560406,-4.7921218],[-72.2568142,-4.7916936],[-72.2571385,-4.7912993],[-72.2575187,-4.7908371],[-72.2587482,-4.788765],[-72.2598257,-4.7871486],[-72.260779,-4.7864027],[-72.2612379,-4.786216],[-72.261967,-4.7859191],[-72.2630997,-4.7856843],[-72.264426,-4.7858362],[-72.2654206,-4.7861678],[-72.2663047,-4.7871348],[-72.2667744,-4.7881432],[-72.2673407,-4.7906575],[-72.2680039,-4.7943182],[-72.2686531,-4.7961141],[-72.2691642,-4.7971502],[-72.2696201,-4.7976476],[-72.2704352,-4.7981448],[-72.2711535,-4.7983521],[-72.2728112,-4.798504],[-72.2764859,-4.7981725],[-72.2779442,-4.7982513],[-72.2796767,-4.7983451],[-72.2799431,-4.7983107],[-72.280796,-4.7982001],[-72.2818596,-4.7979238],[-72.2829232,-4.797316],[-72.2835865,-4.7965423],[-72.2836972,-4.7961492],[-72.2838627,-4.7955616],[-72.2837522,-4.7947327],[-72.2835174,-4.7939039],[-72.2830477,-4.7933235],[-72.2824122,-4.7928401],[-72.2814729,-4.7924118],[-72.280202,-4.7920803],[-72.2788067,-4.7915277],[-72.2779364,-4.791072],[-72.2773147,-4.7904365],[-72.2768036,-4.7895937],[-72.2765826,-4.7888616],[-72.276555,-4.7876736],[-72.2768727,-4.7851041],[-72.2769694,-4.7838885],[-72.2764721,-4.7795507],[-72.2763477,-4.7766083],[-72.2768312,-4.7730166],[-72.2770385,-4.7723258],[-72.2774115,-4.7715798],[-72.2780469,-4.7710272],[-72.2784296,-4.7709385],[-72.2788205,-4.7708477],[-72.2797046,-4.7708891],[-72.2804782,-4.7712897],[-72.2808789,-4.7718837],[-72.2810724,-4.7727817],[-72.2809894,-4.7736382],[-72.2807131,-4.7746605],[-72.2806855,-4.775586],[-72.2813209,-4.7778516],[-72.2817491,-4.7812361],[-72.281832,-4.7822307],[-72.2821499,-4.7828662],[-72.2827024,-4.7832528],[-72.2832687,-4.7834187],[-72.2835392,-4.7833761],[-72.2837936,-4.7833358],[-72.2846089,-4.7826451],[-72.2857967,-4.7810978],[-72.2867776,-4.7804211],[-72.289889,-4.7791266],[-72.2907171,-4.7787821],[-72.2952734,-4.7764838],[-72.2979811,-4.7754478],[-72.299542,-4.7751301],[-72.3007577,-4.7751163],[-72.3009675,-4.7751993],[-72.3014207,-4.7753788],[-72.301849,-4.7760142],[-72.3026365,-4.7782107],[-72.3033962,-4.7809183],[-72.3038521,-4.7830596],[-72.3042805,-4.7862921],[-72.3042805,-4.7880742],[-72.30446,-4.7891241],[-72.304902,-4.7896352],[-72.305496,-4.7900635],[-72.3065045,-4.7904226],[-72.3079135,-4.7902707],[-72.3080714,-4.7901855],[-72.3103276,-4.7889666],[-72.3107605,-4.7887327],[-72.312044,-4.7877013],[-72.3127624,-4.7867619],[-72.3131906,-4.7856705],[-72.313163,-4.7850488],[-72.313011,-4.7845101],[-72.3125966,-4.7840818],[-72.3118315,-4.7837815],[-72.311229,-4.783405],[-72.3101239,-4.7827141],[-72.3094607,-4.7820374],[-72.3089496,-4.781167],[-72.3085905,-4.7799376],[-72.3084246,-4.7788186],[-72.3084799,-4.7776443],[-72.3087147,-4.7764977],[-72.3091706,-4.775669],[-72.3099026,-4.7748539],[-72.3104969,-4.7744395],[-72.3107219,-4.7743858],[-72.311077,-4.7743013],[-72.3116096,-4.7744077],[-72.3128569,-4.7750515],[-72.3142405,-4.7757656],[-72.3159535,-4.7766497],[-72.317473,-4.7771332],[-72.3201116,-4.7777963],[-72.3232612,-4.7783627],[-72.32514,-4.7791225],[-72.3268807,-4.7799928],[-72.328041,-4.7810012],[-72.3285797,-4.7818577],[-72.3289666,-4.7830733],[-72.3290219,-4.78422],[-72.3288285,-4.7851041],[-72.3285521,-4.7857533],[-72.3280686,-4.7863612],[-72.3274375,-4.7869883],[-72.3271116,-4.787173],[-72.3266181,-4.7874526],[-72.3253471,-4.7876836],[-72.324367,-4.7876646],[-72.3226949,-4.787632],[-72.321272,-4.7876045],[-72.3207161,-4.7876738],[-72.3204984,-4.7877013],[-72.3199596,-4.7880603],[-72.319711,-4.7885853],[-72.3197524,-4.789207],[-72.3200564,-4.789953],[-72.3217002,-4.7916936],[-72.3223495,-4.7927987],[-72.3227087,-4.794263],[-72.3230126,-4.7965147],[-72.3230955,-4.798062],[-72.3225844,-4.8000788],[-72.3217555,-4.8028556],[-72.3213715,-4.8050867],[-72.3216589,-4.8074696],[-72.3218935,-4.8094173],[-72.322239,-4.8106053],[-72.3227225,-4.8116967],[-72.3233165,-4.8124151],[-72.3239657,-4.8128571],[-72.3248775,-4.8132163],[-72.3255095,-4.8130622],[-72.3256269,-4.8130336],[-72.3260379,-4.8125257],[-72.3262451,-4.811531],[-72.3261761,-4.8106745],[-72.3257339,-4.8095141],[-72.3241176,-4.8074005],[-72.3236205,-4.806392],[-72.323358,-4.8051902],[-72.3234409,-4.8038363],[-72.3238,-4.8030351],[-72.3245875,-4.8021786],[-72.3252645,-4.8017366],[-72.325886,-4.801557],[-72.3259994,-4.8015623],[-72.3273504,-4.8016261],[-72.3287041,-4.8019991],[-72.3329727,-4.8038363],[-72.3363711,-4.8047896],[-72.3373657,-4.8049001],[-72.3377329,-4.8048316],[-72.3381807,-4.8047481],[-72.3386505,-4.804458],[-72.3389267,-4.8038226],[-72.3390096,-4.8028832],[-72.3388022,-4.8020681],[-72.3383456,-4.8010477],[-72.3374762,-4.7999131],[-72.3366612,-4.7988495],[-72.33615,-4.7979376],[-72.3359566,-4.796722],[-72.3362191,-4.79523],[-72.3369236,-4.7941525],[-72.3377525,-4.793462],[-72.3389824,-4.7931798],[-72.3400042,-4.793296],[-72.3409299,-4.7937657],[-72.3418691,-4.7948985],[-72.3426151,-4.7965147],[-72.3429466,-4.7982968],[-72.3430849,-4.799996],[-72.3427671,-4.8026621],[-72.3428224,-4.8038502],[-72.3431539,-4.804831],[-72.3437617,-4.8058532],[-72.3442591,-4.8063782],[-72.3448392,-4.8067097],[-72.3457649,-4.8068478],[-72.347293,-4.8065391],[-72.3490696,-4.805812],[-72.3501164,-4.8053835],[-72.3505055,-4.8053333],[-72.3513869,-4.8052195],[-72.3527486,-4.8055848],[-72.3537886,-4.8057126],[-72.3556504,-4.8059413],[-72.3569336,-4.8058173],[-72.3578931,-4.8053885],[-72.3624681,-4.803344],[-72.3643134,-4.802906],[-72.3660871,-4.8024851],[-72.3669771,-4.8025617],[-72.3679012,-4.8028773],[-72.3680519,-4.8029286],[-72.3696475,-4.803943],[-72.3707064,-4.8048023],[-72.3713816,-4.805539],[-72.371842,-4.8065365],[-72.3719956,-4.8074266],[-72.3719494,-4.8081478],[-72.3717192,-4.808731],[-72.3709136,-4.8094702],[-72.3700625,-4.8102512],[-72.3687727,-4.8112018],[-72.3683584,-4.811739],[-72.3678212,-4.8134731],[-72.3673762,-4.814578],[-72.3669771,-4.8153758],[-72.3665202,-4.8159782],[-72.3658411,-4.8163732],[-72.3657499,-4.8164262],[-72.363878,-4.817235],[-72.3616661,-4.8183388],[-72.3612682,-4.8185373],[-72.3601634,-4.819274],[-72.3595495,-4.8198878],[-72.3588896,-4.8208855],[-72.3586594,-4.8221438],[-72.3588436,-4.8233868],[-72.3594112,-4.8241695],[-72.3609154,-4.8251977],[-72.3619742,-4.8257042],[-72.3629257,-4.825873],[-72.3636777,-4.8258116],[-72.3646685,-4.8254788],[-72.3649615,-4.8253805],[-72.3660525,-4.8247151],[-72.3664101,-4.824497],[-72.3685579,-4.8231874],[-72.3704607,-4.8220057],[-72.3715044,-4.8217295],[-72.372595,-4.8215955],[-72.3749726,-4.8219443],[-72.379331,-4.8234482],[-72.3814335,-4.8243383],[-72.3820934,-4.8249982],[-72.3823236,-4.8255661],[-72.3822161,-4.826272],[-72.3820467,-4.8264678],[-72.3817251,-4.8268398],[-72.380528,-4.8273155],[-72.3785484,-4.8277298],[-72.3769451,-4.8279068],[-72.3759105,-4.828195],[-72.3743281,-4.8286355],[-72.3736384,-4.8288678],[-72.3729622,-4.8290957],[-72.372195,-4.8296327],[-72.3717497,-4.8303387],[-72.3715964,-4.8311828],[-72.3717497,-4.8319041],[-72.372333,-4.8324106],[-72.3729162,-4.8325793],[-72.3736079,-4.8325928],[-72.373932,-4.8325991],[-72.374988,-4.8323798],[-72.3770852,-4.8318575],[-72.3791161,-4.8313516],[-72.3818171,-4.8308758],[-72.3830449,-4.8308912],[-72.3840731,-4.8309832],[-72.386774,-4.83172],[-72.3884315,-4.8325793],[-72.3890606,-4.8332853],[-72.3894444,-4.8342521],[-72.3893982,-4.8349887],[-72.3891067,-4.8355412],[-72.3885542,-4.836063],[-72.3878022,-4.8363238],[-72.3867197,-4.8363591],[-72.3854082,-4.8362165],[-72.3837355,-4.8358021],[-72.3816944,-4.8350655],[-72.3797676,-4.8347012],[-72.378566,-4.8348335],[-72.3776522,-4.8352253],[-72.3764152,-4.835925],[-72.3758015,-4.8365387],[-72.375341,-4.837567],[-72.3752029,-4.8383496],[-72.3753716,-4.8394085],[-72.3757706,-4.8402065],[-72.3763691,-4.840974],[-72.3782875,-4.8424471],[-72.3798355,-4.8435388],[-72.3809576,-4.8447643],[-72.3821701,-4.846207],[-72.3828454,-4.8474653],[-72.3837201,-4.8496292],[-72.3840882,-4.8526831],[-72.384027,-4.8537113],[-72.3836894,-4.8547088],[-72.383323,-4.8554131],[-72.3814335,-4.8565197],[-72.3806815,-4.8570722],[-72.3802211,-4.8577628],[-72.3802517,-4.8585148],[-72.3806661,-4.8591438],[-72.3812494,-4.8594816],[-72.3821394,-4.8596351],[-72.3831216,-4.8596811],[-72.3855156,-4.8595123],[-72.3866972,-4.8598191],[-72.3880324,-4.860341],[-72.3889226,-4.8608321],[-72.3896745,-4.8618296],[-72.3897205,-4.8627657],[-72.3895057,-4.8636098],[-72.3889379,-4.8645461],[-72.3884635,-4.8651041],[-72.3881552,-4.8654667],[-72.3870809,-4.8659883],[-72.386243,-4.8662798],[-72.3850741,-4.8666866],[-72.3837507,-4.8673236],[-72.3824425,-4.8681845],[-72.3820012,-4.8684746],[-72.3813107,-4.869334],[-72.3810345,-4.8702701],[-72.3810959,-4.8709915],[-72.3814335,-4.871989],[-72.3820166,-4.8729557],[-72.3828454,-4.8736157],[-72.3840577,-4.8742602],[-72.3849325,-4.8744905],[-72.3856224,-4.8743073],[-72.3856329,-4.8743043],[-72.3859146,-4.8742295],[-72.3861242,-4.8740187],[-72.3866077,-4.8735326],[-72.3869275,-4.8728328],[-72.388232,-4.8699786],[-72.3888919,-4.8691346],[-72.3895249,-4.8688452],[-72.3905492,-4.8686895],[-72.3913319,-4.8689504],[-72.3922374,-4.8700092],[-72.3931581,-4.8715132],[-72.393818,-4.8721731],[-72.3950391,-4.8728997],[-72.3976392,-4.8734776],[-72.3991586,-4.8738152],[-72.4004477,-4.874736],[-72.401522,-4.8763473],[-72.4019824,-4.8779433],[-72.401945,-4.8792783],[-72.4016447,-4.8807517],[-72.4011535,-4.8831611],[-72.401215,-4.8843275],[-72.401522,-4.8854785],[-72.4021819,-4.8866755],[-72.403164,-4.8877037],[-72.404008,-4.8882561],[-72.4048827,-4.8885323],[-72.4061105,-4.8886552],[-72.4071387,-4.888517],[-72.4085929,-4.8879115],[-72.4089055,-4.8876246],[-72.4094714,-4.8871052],[-72.4097322,-4.8866252],[-72.4102387,-4.8856934],[-72.4105456,-4.8846191],[-72.410653,-4.8832992],[-72.4103929,-4.881223],[-72.4105456,-4.8803067],[-72.4107759,-4.8789255],[-72.4115892,-4.8772221],[-72.4124025,-4.8763627],[-72.41337,-4.8755996],[-72.4146661,-4.8748222],[-72.4168376,-4.874337],[-72.418357,-4.8743983],[-72.4194541,-4.8746846],[-72.4202812,-4.8749003],[-72.421856,-4.8759943],[-72.422654,-4.8768231],[-72.4234059,-4.8781428],[-72.4234827,-4.8794012],[-72.4232677,-4.8805062],[-72.4229916,-4.8814116],[-72.4225311,-4.8820407],[-72.4213035,-4.8830843],[-72.4203735,-4.8836265],[-72.4193809,-4.8842051],[-72.4155957,-4.8864297],[-72.4150267,-4.8871052],[-72.414858,-4.8878571],[-72.4150115,-4.888379],[-72.4155639,-4.8889775],[-72.4176351,-4.8906521],[-72.4178584,-4.891086],[-72.4180887,-4.8915337],[-72.4181421,-4.892415],[-72.4180346,-4.8932283],[-72.4172827,-4.8945021],[-72.4163006,-4.895515],[-72.4158772,-4.895893],[-72.4157491,-4.8960073],[-72.4153829,-4.8963691],[-72.4149785,-4.8970566],[-72.4144744,-4.8984922],[-72.4146585,-4.8997046],[-72.4149347,-4.9003185],[-72.415656,-4.9009783],[-72.4164694,-4.9010857],[-72.4170832,-4.900917],[-72.4189191,-4.8998482],[-72.4201831,-4.8994897],[-72.4221629,-4.8995818],[-72.4244649,-4.900165],[-72.426552,-4.9008248],[-72.4271542,-4.9010637],[-72.4283321,-4.9015308],[-72.4291746,-4.9023048],[-72.429744,-4.9031882],[-72.4300049,-4.904063],[-72.4297594,-4.9059966],[-72.4296366,-4.9089585],[-72.4298667,-4.9099406],[-72.4303425,-4.9104624],[-72.4312019,-4.9108768],[-72.4322147,-4.9109688],[-72.4338301,-4.9106873],[-72.4338839,-4.9106687],[-72.4363736,-4.910002],[-72.4370111,-4.909743],[-72.4377275,-4.9094518],[-72.4384915,-4.9086976],[-72.4391975,-4.9077001],[-72.4397805,-4.9063188],[-72.4401947,-4.9040016],[-72.4409469,-4.9007327],[-72.4412385,-4.8996278],[-72.4418062,-4.8989372],[-72.4429572,-4.8982006],[-72.4431737,-4.8981863],[-72.4441236,-4.8981238],[-72.445597,-4.8983233],[-72.4464255,-4.8985383],[-72.4474691,-4.8991062],[-72.4488347,-4.9001035],[-72.4501086,-4.9005641],[-72.4525487,-4.9009937],[-72.453577,-4.901009],[-72.4546666,-4.9007942],[-72.4551422,-4.9002263],[-72.4551896,-4.899962],[-72.4553265,-4.8991981],[-72.4553265,-4.8985383],[-72.4550656,-4.8976328],[-72.4536691,-4.8953922],[-72.45327,-4.8944407],[-72.4530552,-4.8935353],[-72.4533467,-4.8925685],[-72.4538685,-4.8918932],[-72.4545131,-4.8914942],[-72.4547446,-4.8914861],[-72.4553879,-4.8914636],[-72.4562932,-4.8917858],[-72.4589021,-4.8932746],[-72.4604061,-4.893566],[-72.4615571,-4.8934278],[-72.4629626,-4.8928117],[-72.4657926,-4.891571],[-72.466548,-4.89134],[-72.4676496,-4.8910031],[-72.4695219,-4.8908803],[-72.4704274,-4.891126],[-72.4711332,-4.8918626],[-72.4713481,-4.8927833],[-72.4710704,-4.8935371],[-72.4701542,-4.8942226],[-72.4684902,-4.8951346],[-72.4677422,-4.8958788],[-72.4673379,-4.8966816],[-72.4672246,-4.8971406],[-72.4673031,-4.8988552],[-72.4676544,-4.8999965],[-72.4688394,-4.9018838],[-72.4694759,-4.9032006],[-72.4695416,-4.9043198],[-72.4691905,-4.9052855],[-72.468576,-4.9057463],[-72.4681096,-4.9057312],[-72.4678957,-4.9057243],[-72.467391,-4.905505],[-72.4646257,-4.902652],[-72.4640332,-4.9024763],[-72.4632187,-4.90267],[-72.4626286,-4.903069],[-72.4624092,-4.9039467],[-72.4627824,-4.9057025],[-72.462914,-4.9072606],[-72.4627165,-4.9088407],[-72.4622735,-4.9097365],[-72.4616089,-4.9102205],[-72.4613104,-4.9103532],[-72.4605657,-4.9106842],[-72.459249,-4.9109037],[-72.4571641,-4.910794],[-72.4560667,-4.910794],[-72.4553377,-4.9109425],[-72.4548817,-4.9110353],[-72.4540902,-4.9114696],[-72.4538101,-4.9116233],[-72.4530821,-4.912023],[-72.4522481,-4.912791],[-72.4516556,-4.913625],[-72.4513264,-4.9145906],[-72.4513485,-4.915688],[-72.4518311,-4.9163242],[-72.4528845,-4.9166316],[-72.4550625,-4.9165722],[-72.4559791,-4.9166563],[-72.456769,-4.9172022],[-72.4573396,-4.9180801],[-72.4574055,-4.9187603],[-72.4570764,-4.9218328],[-72.457208,-4.9229301],[-72.4577566,-4.9237421],[-72.458415,-4.9241811],[-72.4592935,-4.9243417],[-72.4628395,-4.9234501],[-72.4673109,-4.9223258],[-72.4699341,-4.9220545],[-72.4708775,-4.9222095],[-72.4715495,-4.9224939],[-72.4723766,-4.9230625],[-72.4737334,-4.9245541],[-72.4764327,-4.927868],[-72.4770472,-4.9294701],[-72.477157,-4.9314452],[-72.4770185,-4.9320386],[-72.4768497,-4.932762],[-72.4766,-4.9331587],[-72.4757306,-4.9345396],[-72.4749185,-4.9356588],[-72.4742381,-4.9373707],[-72.4737992,-4.9390166],[-72.4738651,-4.9404431],[-72.4743479,-4.9417599],[-72.4753794,-4.9434278],[-72.4780349,-4.9464123],[-72.4785967,-4.9467441],[-72.4791999,-4.9471001],[-72.4798,-4.9479172],[-72.4798356,-4.9479657],[-72.480128,-4.9483637],[-72.4805806,-4.9489801],[-72.4811292,-4.949858],[-72.482029,-4.9508017],[-72.4834994,-4.9515698],[-72.4845012,-4.9516701],[-72.4855341,-4.9517736],[-72.4860682,-4.951647],[-72.4863957,-4.9515695],[-72.4868571,-4.9514601],[-72.4871477,-4.951288],[-72.4876406,-4.9509961],[-72.4879545,-4.950297],[-72.4878164,-4.9494454],[-72.4872431,-4.9482227],[-72.4861014,-4.9462506],[-72.4850137,-4.9443715],[-72.4842675,-4.9425061],[-72.4842016,-4.9404212],[-72.4843114,-4.9386436],[-72.4847504,-4.9370195],[-72.4851437,-4.9362555],[-72.485693,-4.9351891],[-72.4865746,-4.934244],[-72.4877311,-4.9333851],[-72.4888104,-4.9329815],[-72.4901271,-4.933179],[-72.4913341,-4.9337715],[-72.4921022,-4.9346053],[-72.4925034,-4.9354007],[-72.4928485,-4.9377218],[-72.4930899,-4.9393458],[-72.4945382,-4.9423963],[-72.4951966,-4.9439326],[-72.4952845,-4.9452495],[-72.4949552,-4.9477951],[-72.495043,-4.9484753],[-72.4953942,-4.9492655],[-72.4959867,-4.949858],[-72.4963489,-4.9499183],[-72.4967767,-4.9499897],[-72.497523,-4.94988],[-72.5000687,-4.948256],[-72.5014577,-4.9480242],[-72.5028997,-4.9475537],[-72.5049846,-4.9468733],[-72.5061259,-4.9461272],[-72.5067404,-4.9451396],[-72.5069817,-4.9444153],[-72.5066746,-4.943262],[-72.5057089,-4.9419794],[-72.504436,-4.9408821],[-72.5039092,-4.9400701],[-72.5035142,-4.9387093],[-72.503602,-4.9374585],[-72.5043042,-4.9362733],[-72.5049407,-4.9358125],[-72.5051079,-4.9358702],[-72.5054972,-4.9360046],[-72.5057966,-4.936449],[-72.506477,-4.9374585],[-72.5070915,-4.9378316],[-72.5073004,-4.937848],[-72.5079254,-4.9378973],[-72.5090007,-4.9377657],[-72.5104931,-4.9365146],[-72.5118537,-4.935637],[-72.512995,-4.9352858],[-72.5145969,-4.9350882],[-72.5160674,-4.9350225],[-72.5175159,-4.9345396],[-72.5187449,-4.9335521],[-72.5195569,-4.9330912],[-72.5204786,-4.9328058],[-72.5211589,-4.9328717],[-72.521321,-4.9329875],[-72.5217734,-4.9333106],[-72.5221685,-4.9341446],[-72.5221904,-4.9349127],[-72.5213345,-4.9373048],[-72.5209614,-4.9395213],[-72.5215979,-4.9409698],[-72.5225635,-4.9427913],[-72.5229365,-4.9439326],[-72.5232437,-4.94661],[-72.5229365,-4.9485193],[-72.5226512,-4.9513283],[-72.5218172,-4.9554103],[-72.5212686,-4.9575391],[-72.5212686,-4.9583292],[-72.5216417,-4.9592948],[-72.5221685,-4.9600191],[-72.5229365,-4.9601507],[-72.523573,-4.9599312],[-72.5237722,-4.9596277],[-72.5240339,-4.959229],[-72.5242094,-4.9570125],[-72.524385,-4.9559151],[-72.5249556,-4.954401],[-72.5255481,-4.9536547],[-72.5264699,-4.9533475],[-72.5272512,-4.9534096],[-72.5279402,-4.9538302],[-72.529279,-4.9569246],[-72.5302885,-4.9589217],[-72.5332951,-4.9617747],[-72.5358847,-4.9634865],[-72.5370699,-4.9639913],[-72.5379476,-4.9641888],[-72.5383276,-4.9641498],[-72.5388036,-4.964101],[-72.5401422,-4.9632232],[-72.5405154,-4.9626087],[-72.5404935,-4.9618186],[-72.5401642,-4.9612698],[-72.5389134,-4.9601946],[-72.5377062,-4.9593387],[-72.5370699,-4.9587022],[-72.5363456,-4.9576927],[-72.5359725,-4.9566393],[-72.5359506,-4.9553445],[-72.536192,-4.9543788],[-72.5368942,-4.9536547],[-72.5381671,-4.9532157],[-72.5393084,-4.9529523],[-72.540647,-4.9529523],[-72.5424905,-4.9534132],[-72.5481294,-4.9542616],[-72.5498864,-4.9547822],[-72.5519365,-4.9555607],[-72.5523387,-4.955963],[-72.5525335,-4.9565598],[-72.5525211,-4.9570352],[-72.5519105,-4.958623],[-72.5513267,-4.9601411],[-72.5512099,-4.9611791],[-72.5513136,-4.9620485],[-72.5518456,-4.963372],[-72.5527669,-4.9646436],[-72.5545705,-4.9657725],[-72.5561581,-4.9668757],[-72.5584242,-4.9688996],[-72.5609804,-4.9707811],[-72.5644709,-4.9729868],[-72.565418,-4.9736876],[-72.5669621,-4.9752187],[-72.56813,-4.978255],[-72.568246,-4.9796106],[-72.5678834,-4.9804997],[-72.5673384,-4.9818362],[-72.5673125,-4.9827186],[-72.567546,-4.9832506],[-72.5680001,-4.9837176],[-72.568532,-4.9840291],[-72.5692199,-4.984081],[-72.5695379,-4.983972],[-72.5701671,-4.9837566],[-72.571323,-4.9835797],[-72.5726714,-4.9834841],[-72.5739065,-4.9833966],[-72.5752275,-4.9830689],[-72.5772517,-4.982498],[-72.5781341,-4.981966],[-72.5790942,-4.9812782],[-72.5803659,-4.9807981],[-72.5806514,-4.9807937],[-72.5812092,-4.9807852],[-72.5823771,-4.9811875],[-72.582987,-4.9815248],[-72.5835449,-4.9822515],[-72.5838434,-4.9829651],[-72.5838304,-4.9841198],[-72.5835709,-4.9855342],[-72.5833632,-4.9875325],[-72.5835187,-4.988869],[-72.5836097,-4.9912953],[-72.5833762,-4.9924632],[-72.582922,-4.993644],[-72.5826755,-4.9950063],[-72.5828571,-4.9961742],[-72.5833112,-4.9970565],[-72.5839731,-4.9976533],[-72.5846737,-4.9979648],[-72.5850369,-4.998041],[-72.5854782,-4.9981335],[-72.5873726,-4.9978091],[-72.5883589,-4.9970695],[-72.5895396,-4.995772],[-72.5901365,-4.994682],[-72.590409,-4.9935012],[-72.5903051,-4.992593],[-72.5890335,-4.9892193],[-72.588813,-4.9876622],[-72.5890984,-4.9864815],[-72.5894227,-4.985664],[-72.5899289,-4.985145],[-72.5908709,-4.9843657],[-72.5921087,-4.9838215],[-72.5936139,-4.9831597],[-72.5946149,-4.982926],[-72.5954435,-4.9829002],[-72.5962867,-4.98303],[-72.5973379,-4.9833673],[-72.5979995,-4.9838603],[-72.5986484,-4.9847816],[-72.5990377,-4.9862091],[-72.5990636,-4.9873378],[-72.5987911,-4.9884797],[-72.5975455,-4.9906985],[-72.5971821,-4.9916068],[-72.5971044,-4.9924112],[-72.5975066,-4.9940851],[-72.597831,-4.9948507],[-72.598324,-4.9951491],[-72.5989857,-4.9951491],[-72.599946,-4.9947872],[-72.6019701,-4.9938645],[-72.6039035,-4.9932027],[-72.6045909,-4.9931091],[-72.605487,-4.9929868],[-72.6070825,-4.993151],[-72.6083671,-4.9935921],[-72.6091326,-4.994176],[-72.6096516,-4.9950972],[-72.6098334,-4.9960055],[-72.6097815,-4.9970825],[-72.60947,-4.9978221],[-72.6091067,-4.9981983],[-72.6085357,-4.9985876],[-72.6077824,-4.9989013],[-72.6069657,-4.9991456],[-72.6061224,-4.9992105],[-72.6053567,-4.9991846],[-72.6043057,-4.9989898],[-72.6032547,-4.9987173],[-72.6019872,-4.998628],[-72.6010489,-4.9985617],[-72.6001146,-4.9985487],[-72.5994789,-4.9988212],[-72.5989469,-4.9993272],[-72.5985057,-4.9999891],[-72.5985057,-5.001053],[-72.5987132,-5.0016498],[-72.6011656,-5.0036741],[-72.6018794,-5.00479],[-72.6022169,-5.0060096],[-72.6020999,-5.0073721],[-72.6016587,-5.009033],[-72.6015161,-5.0101228],[-72.6017236,-5.0109663],[-72.6021519,-5.0116021],[-72.6029044,-5.0123806],[-72.6037867,-5.0127698],[-72.6050194,-5.0130943],[-72.6076405,-5.0132111],[-72.6092754,-5.0136263],[-72.6107675,-5.0143788],[-72.6117407,-5.0155207],[-72.6122339,-5.0165587],[-72.6123506,-5.017519],[-72.612156,-5.01857],[-72.6117926,-5.0195561],[-72.6112735,-5.0204643],[-72.6084375,-5.024295],[-72.6077572,-5.025486],[-72.6065246,-5.0282237],[-72.6060575,-5.0303777],[-72.6062131,-5.0309746],[-72.6066802,-5.031312],[-72.607329,-5.0314287],[-72.607861,-5.0313768],[-72.6084709,-5.0310525],[-72.609509,-5.0308578],[-72.6111075,-5.0308516],[-72.612207,-5.0314626],[-72.6139415,-5.0328431],[-72.6158529,-5.0345186],[-72.6171154,-5.0359581],[-72.6177171,-5.0370436],[-72.6179295,-5.0382235],[-72.6172451,-5.0444416],[-72.6172805,-5.0454326],[-72.6178115,-5.0471553],[-72.6185666,-5.0487482],[-72.6202892,-5.0510017],[-72.6211979,-5.0518041],[-72.6219176,-5.0519811],[-72.6227317,-5.0518748],[-72.6230484,-5.0516683],[-72.6232745,-5.051521],[-72.6234986,-5.0507658],[-72.6234396,-5.0496448],[-72.6231919,-5.0483352],[-72.6229912,-5.0449253],[-72.6232272,-5.0436982],[-72.6238762,-5.0423767],[-72.6256225,-5.039958],[-72.6268141,-5.0389669],[-72.6276755,-5.0385656],[-72.6288081,-5.0383532],[-72.6289816,-5.0383856],[-72.6296931,-5.0385185],[-72.630401,-5.0390612],[-72.6306724,-5.03984],[-72.6305897,-5.0406068],[-72.6299291,-5.0416333],[-72.6281002,-5.0439813],[-72.6277345,-5.0449607],[-72.6275929,-5.04653],[-72.6275811,-5.0479106],[-72.6284122,-5.0508767],[-72.6292329,-5.0523352],[-72.6306606,-5.0548718],[-72.6314629,-5.0561933],[-72.6331384,-5.0580811],[-72.6341649,-5.0589071],[-72.6376456,-5.0607241],[-72.6403594,-5.0624585],[-72.6414212,-5.0629895],[-72.6423534,-5.0629895],[-72.6425942,-5.0627988],[-72.6429196,-5.0625412],[-72.6431794,-5.061798],[-72.6431911,-5.0611253],[-72.6429435,-5.060559],[-72.6414921,-5.0588835],[-72.6389081,-5.055273],[-72.63833,-5.0540105],[-72.6382355,-5.0531492],[-72.6385777,-5.0523705],[-72.6397459,-5.0512377],[-72.6403594,-5.0500696],[-72.6405835,-5.0489135],[-72.6405127,-5.0470255],[-72.6406897,-5.045999],[-72.6413505,-5.0452557],[-72.6420112,-5.0449725],[-72.6426011,-5.0449607],[-72.642807,-5.0451032],[-72.6432147,-5.0453855],[-72.64502,-5.0480166],[-72.6459166,-5.0491021],[-72.6480169,-5.050282],[-72.6516627,-5.0510962],[-72.6523589,-5.0515091],[-72.6527601,-5.0521227],[-72.6529842,-5.0531727],[-72.6529135,-5.0540105],[-72.6519695,-5.0570192],[-72.6518161,-5.0581166],[-72.6518987,-5.0592138],[-72.6521937,-5.0599808],[-72.6536569,-5.0619276],[-72.6545535,-5.0628361],[-72.6560166,-5.0634613],[-72.6573735,-5.0636267],[-72.6585887,-5.0634261],[-72.6594265,-5.062966],[-72.6597486,-5.0625743],[-72.6600282,-5.0622343],[-72.660276,-5.0614085],[-72.6601345,-5.0606533],[-72.6597332,-5.0598392],[-72.6593439,-5.0593672],[-72.658105,-5.0583171],[-72.6576685,-5.0577036],[-72.6571847,-5.0563585],[-72.6571375,-5.0552966],[-72.6574914,-5.0545297],[-72.6581522,-5.053987],[-72.6586304,-5.0538593],[-72.6588601,-5.0537981],[-72.6594737,-5.0538925],[-72.6599811,-5.0543173],[-72.6617037,-5.057326],[-72.6626476,-5.0588245],[-72.663391,-5.0594145],[-72.6641461,-5.0596505],[-72.6651136,-5.0595678],[-72.6659867,-5.0591195],[-72.6660599,-5.0590252],[-72.6667655,-5.0581166],[-72.6672729,-5.0571018],[-72.667615,-5.055096],[-72.667851,-5.0533026],[-72.6686061,-5.0498101],[-72.6689955,-5.0487717],[-72.6697389,-5.0479106],[-72.6702697,-5.0473677],[-72.670828,-5.0472553],[-72.6712727,-5.0475328],[-72.6715676,-5.0480285],[-72.6717092,-5.0486773],[-72.671662,-5.0495978],[-72.6714026,-5.0508483],[-72.6715086,-5.05158],[-72.671839,-5.0519575],[-72.6725706,-5.0521698],[-72.6733494,-5.0521698],[-72.6746734,-5.0517317],[-72.6752261,-5.0515487],[-72.6754667,-5.051469],[-72.6767266,-5.0511347],[-72.6771039,-5.0511027],[-72.678706,-5.0509664],[-72.6814316,-5.0510843],[-72.6833785,-5.0515917],[-72.6842161,-5.0521935],[-72.6849307,-5.0531717],[-72.685868,-5.0554263],[-72.6867411,-5.0575266],[-72.6876616,-5.0590368],[-72.6884402,-5.0597566],[-72.6893959,-5.0603112],[-72.690505,-5.0606416],[-72.6924519,-5.0609011],[-72.6933957,-5.0607712],[-72.6943435,-5.0604423],[-72.6948799,-5.0601935],[-72.6955667,-5.0598746],[-72.6989059,-5.0576682],[-72.699212,-5.0573666],[-72.699409,-5.0571726],[-72.7001114,-5.0564806],[-72.702245,-5.0546241],[-72.7083097,-5.0488543],[-72.7090176,-5.0483706],[-72.709702,-5.0482055],[-72.7100395,-5.0482587],[-72.7105987,-5.048347],[-72.7111532,-5.0487717],[-72.7116487,-5.0497392],[-72.7118966,-5.0511787],[-72.712286,-5.0541993],[-72.7126399,-5.0551903],[-72.7132889,-5.0562405],[-72.7140086,-5.0568777],[-72.7151885,-5.0574558],[-72.7164156,-5.057621],[-72.7185747,-5.0575148],[-72.7191789,-5.0572652],[-72.7205452,-5.0567007],[-72.7245591,-5.0537661],[-72.7260671,-5.0523468],[-72.7264047,-5.0521967],[-72.7268105,-5.0520165],[-72.7276482,-5.0519929],[-72.7284624,-5.0523705],[-72.7289577,-5.0528542],[-72.7291467,-5.0535503],[-72.7290405,-5.0541757],[-72.7286511,-5.0548365],[-72.727542,-5.0559456],[-72.7260671,-5.0572788],[-72.7255596,-5.058211],[-72.7253356,-5.0590132],[-72.7252766,-5.0600043],[-72.7255952,-5.0609718],[-72.7262205,-5.0616681],[-72.7271291,-5.0619985],[-72.7279807,-5.0619042],[-72.7291194,-5.0612311],[-72.7294181,-5.0610545],[-72.7315536,-5.059792],[-72.7331399,-5.0594005],[-72.734114,-5.0592846],[-72.7357069,-5.0595325],[-72.7366155,-5.0598982],[-72.737288,-5.0605471],[-72.7376039,-5.0612284],[-72.7374767,-5.0623877],[-72.737288,-5.0641105],[-72.7373351,-5.0664348],[-72.7371936,-5.0672844],[-72.7370129,-5.0676111],[-72.7364975,-5.0679333],[-72.7356217,-5.0681675],[-72.7354707,-5.0681847],[-72.7343619,-5.0683108],[-72.7331106,-5.0684532],[-72.7324677,-5.0685265],[-72.7312232,-5.0688891],[-72.7306686,-5.0692902],[-72.730303,-5.0698093],[-72.7300906,-5.0705409],[-72.7300316,-5.0714966],[-72.7301614,-5.0729361],[-72.7298664,-5.0743991],[-72.7300434,-5.0755908],[-72.7304446,-5.076287],[-72.7309401,-5.0768297],[-72.7316245,-5.0772545],[-72.7321909,-5.0773253],[-72.7329224,-5.0771483],[-72.7337609,-5.0766131],[-72.7340315,-5.0764404],[-72.7348927,-5.0756262],[-72.7360491,-5.0748357],[-72.7367569,-5.0746941],[-72.7369562,-5.0747668],[-72.7376301,-5.0750127],[-72.7380904,-5.0755318],[-72.7382319,-5.0763106],[-72.7379605,-5.0783872],[-72.7379369,-5.0815494],[-72.7380904,-5.0837086],[-72.7388101,-5.0873072],[-72.7392112,-5.0880977],[-72.7398601,-5.0885933],[-72.7408749,-5.0888293],[-72.7417126,-5.088676],[-72.7427259,-5.0880435],[-72.7434706,-5.0875786],[-72.7452879,-5.0862571],[-72.7471284,-5.0844282],[-72.7498786,-5.0811871],[-72.7518951,-5.0793193],[-72.7532645,-5.078051],[-72.7547742,-5.0766527],[-72.7554081,-5.0764766],[-72.7556236,-5.0764167],[-72.7563669,-5.0766173],[-72.7568035,-5.0771718],[-72.7570749,-5.0780922],[-72.7569686,-5.0791306],[-72.756249,-5.081514],[-72.7563787,-5.0825522],[-72.7570984,-5.0831776],[-72.7580751,-5.0836358],[-72.7593992,-5.0839091],[-72.760886,-5.0842158],[-72.7623844,-5.0850065],[-72.763057,-5.0859503],[-72.7633165,-5.0866111],[-72.7632341,-5.08726],[-72.762927,-5.0876723],[-72.7611337,-5.0888882],[-72.7606146,-5.0895727],[-72.7603314,-5.0904103],[-72.7602842,-5.0914015],[-72.7605201,-5.0924162],[-72.7610747,-5.0931123],[-72.762231,-5.0937967],[-72.7645319,-5.0949057],[-72.7653931,-5.0955075],[-72.766152,-5.0963381],[-72.7668444,-5.0975723],[-72.7673871,-5.0985398],[-72.7680244,-5.0992242],[-72.7687205,-5.09959],[-72.7700774,-5.0997198],[-72.7708294,-5.0994036],[-72.7719297,-5.098941],[-72.7749857,-5.0963925],[-72.7766257,-5.0944102],[-72.7779355,-5.0931595],[-72.779257,-5.0923336],[-72.7800829,-5.092015],[-72.7803985,-5.091991],[-72.7813217,-5.0919205],[-72.7825725,-5.0921685],[-72.7834456,-5.092546],[-72.7841887,-5.0933128],[-72.7844485,-5.0943866],[-72.7842391,-5.095308],[-72.7833276,-5.0963453],[-72.7826432,-5.097124],[-72.7820651,-5.0984927],[-72.7818174,-5.099236],[-72.7797054,-5.1006401],[-72.7791744,-5.101289],[-72.7790564,-5.1020087],[-72.7792687,-5.1026341],[-72.7798352,-5.1032241],[-72.7816994,-5.1044983],[-72.7827849,-5.1057845],[-72.7832804,-5.1066693],[-72.7834959,-5.1074962],[-72.7835871,-5.109218],[-72.7836697,-5.1107753],[-72.7841181,-5.1124981],[-72.7845192,-5.1129582],[-72.7851446,-5.1132885],[-72.785947,-5.113442],[-72.7867375,-5.1133123],[-72.787705,-5.1127576],[-72.7881069,-5.1121413],[-72.788413,-5.1116721],[-72.7886725,-5.110622],[-72.7890501,-5.1079672],[-72.7897699,-5.1064686],[-72.790525,-5.1058435],[-72.7915397,-5.1056192],[-72.7920955,-5.10571],[-72.7926961,-5.1058078],[-72.7938522,-5.106634],[-72.7950557,-5.108333],[-72.7964599,-5.1098078],[-72.7982297,-5.1109288],[-72.7994332,-5.111271],[-72.8010261,-5.1113653],[-72.802666,-5.1110878],[-72.804385,-5.1107311],[-72.8061704,-5.1098315],[-72.80866,-5.1079672],[-72.8108546,-5.1055485],[-72.8132616,-5.1030352],[-72.8146067,-5.1022447],[-72.8153119,-5.1020941],[-72.8159871,-5.1019497],[-72.8172496,-5.102233],[-72.8183116,-5.1027756],[-72.8193145,-5.1041208],[-72.8196685,-5.1054187],[-72.8196802,-5.1064333],[-72.8193262,-5.1079908],[-72.8190077,-5.108805],[-72.8177452,-5.1107282],[-72.8167304,-5.1125688],[-72.816235,-5.1139728],[-72.815999,-5.1152236],[-72.81604,-5.1163035],[-72.8165417,-5.1177368],[-72.8171331,-5.1194263],[-72.8173086,-5.121017],[-72.8175092,-5.122834],[-72.817462,-5.1240375],[-72.8170137,-5.1260905],[-72.8167304,-5.1271406],[-72.8144769,-5.1314355],[-72.8133561,-5.1332996],[-72.813002,-5.1341727],[-72.8130004,-5.1347158],[-72.8135566,-5.13586],[-72.8143826,-5.1375591],[-72.8153619,-5.1391401],[-72.8159636,-5.1394587],[-72.8166834,-5.1395885],[-72.8171785,-5.139458],[-72.8177571,-5.1384086],[-72.8192319,-5.133984],[-72.8198455,-5.1327805],[-72.8205062,-5.1322141],[-72.8212377,-5.1318247],[-72.8218834,-5.1317368],[-72.8223076,-5.1316791],[-72.8231256,-5.1319191],[-72.8239042,-5.132462],[-72.8244706,-5.1334885],[-72.8246949,-5.1345621],[-72.8246476,-5.1351993],[-72.8243409,-5.136214],[-72.8240222,-5.136863],[-72.8222525,-5.1394823],[-72.8219811,-5.1403555],[-72.8217921,-5.1413466],[-72.8218866,-5.1420427],[-72.8224294,-5.1430692],[-72.8229014,-5.1436827],[-72.8234795,-5.1440367],[-72.8241874,-5.1442608],[-72.8251902,-5.1443907],[-72.8264292,-5.1442845],[-72.8272552,-5.1440603],[-72.8282774,-5.1432285],[-72.8292374,-5.1423022],[-72.8307122,-5.1400367],[-72.831432,-5.1393407],[-72.8321521,-5.1387981],[-72.8328715,-5.1384912],[-72.8335559,-5.1384912],[-72.8342166,-5.1386446],[-72.8347594,-5.138975],[-72.8353021,-5.1397182],[-72.8357151,-5.1409572],[-72.8361399,-5.1426799],[-72.836423,-5.143258],[-72.836777,-5.143612],[-72.837131,-5.1437064],[-72.8384785,-5.1436093],[-72.8402812,-5.1433642],[-72.8414847,-5.1432108],[-72.8424877,-5.1432462],[-72.8437856,-5.1437417],[-72.8469831,-5.1454408],[-72.8479271,-5.1458773],[-72.8486585,-5.1459717],[-72.8495199,-5.1459482],[-72.8501216,-5.1458183],[-72.8507434,-5.1455105],[-72.8509831,-5.1450278],[-72.8511481,-5.1445087],[-72.8512244,-5.1437766],[-72.8510065,-5.1429985],[-72.850334,-5.1413701],[-72.8490951,-5.139506],[-72.8482927,-5.1380665],[-72.8482455,-5.137276],[-72.848564,-5.1365207],[-72.849272,-5.1360488],[-72.849639,-5.1359637],[-72.8500862,-5.13586],[-72.8508531,-5.1360135],[-72.8515277,-5.1364236],[-72.853036,-5.1375237],[-72.8534521,-5.1378273],[-72.8540389,-5.1382552],[-72.8549684,-5.1386953],[-72.85523,-5.13823],[-72.8556896,-5.1381542],[-72.8562217,-5.1380665],[-72.8590525,-5.1368675],[-72.8645431,-5.134826],[-72.8672021,-5.1338372],[-72.8734556,-5.130995],[-72.8769015,-5.1288048],[-72.878525,-5.1268913],[-72.8818075,-5.1230227],[-72.8829171,-5.1221467],[-72.8838516,-5.1219131],[-72.8854286,-5.1219131],[-72.8863879,-5.1220041],[-72.8884327,-5.1221983],[-72.8938681,-5.1224095],[-72.8998397,-5.1234783],[-72.9005196,-5.1233846],[-72.9008986,-5.1233326],[-72.9021842,-5.1231556],[-72.9022531,-5.1231461],[-72.9065601,-5.1225533],[-72.907586,-5.1224121],[-72.9127875,-5.119896],[-72.913576,-5.1192082],[-72.9198145,-5.1137676],[-72.9271136,-5.1105605],[-72.936365,-5.1042787],[-72.9463587,-5.0952558],[-72.9523207,-5.0881027],[-72.9547535,-5.0832633],[-72.9574049,-5.0779887],[-72.9716927,-5.0673336],[-72.9730006,-5.0668566],[-72.9731236,-5.0668372],[-72.9747005,-5.0659318],[-72.9766571,-5.0644426],[-72.9777376,-5.0632452],[-72.9805995,-5.0588065],[-72.9848555,-5.0525662],[-72.986401,-5.0523943],[-72.9878856,-5.0530226],[-72.98796,-5.0530861],[-72.9921345,-5.0568207],[-72.9931857,-5.0585728],[-72.9939156,-5.0589233],[-72.9954635,-5.059011],[-72.9962285,-5.0588317],[-72.997139,-5.0586185],[-72.9987926,-5.0583392],[-73.0032897,-5.05758],[-73.0126515,-5.0550538],[-73.0148831,-5.0541925],[-73.0187671,-5.0521484],[-73.0209281,-5.0509218],[-73.0232639,-5.0494323],[-73.0243156,-5.0489361],[-73.0269146,-5.0477096],[-73.0290464,-5.0468918],[-73.0324597,-5.046329],[-73.0346014,-5.0454723],[-73.0373139,-5.0434022],[-73.0538669,-5.0372487],[-73.0543584,-5.0369755],[-73.057328,-5.034377],[-73.0597126,-5.0315217],[-73.071134,-5.0209568],[-73.0914786,-5.0052035],[-73.0915314,-5.0051627],[-73.0922637,-5.0045956],[-73.0981006,-5.0007965],[-73.1001214,-5.0002498],[-73.1014699,-4.9998851],[-73.1050677,-4.998912],[-73.114318,-4.9977902],[-73.1314512,-4.9978555],[-73.1374487,-4.9978783],[-73.169918,-4.998002],[-73.1805264,-4.9950266],[-73.1844651,-4.993922],[-73.2135645,-4.9796601],[-73.2362441,-4.9705663],[-73.2359802,-4.9702067],[-73.2263342,-4.9570528],[-73.2245172,-4.9545751],[-73.2137891,-4.9413086],[-73.1980872,-4.9214393],[-73.1825722,-4.9021406],[-73.175377,-4.894541],[-73.1703327,-4.8883728],[-73.1696992,-4.8874958],[-73.1643222,-4.8800547],[-73.1570312,-4.8684492],[-73.1452794,-4.8499082],[-73.1382794,-4.8361933],[-73.1275372,-4.8169892],[-73.121709,-4.8085332],[-73.1193009,-4.8056308],[-73.1113047,-4.7991777],[-73.1111881,-4.7990528],[-73.1048364,-4.7928287],[-73.1021524,-4.7897735],[-73.1019659,-4.7877256],[-73.1033365,-4.7796735],[-73.1061172,-4.7716093],[-73.1111992,-4.7553163],[-73.1181247,-4.7374692],[-73.1202402,-4.7320176],[-73.1244979,-4.7231852],[-73.1257167,-4.7197617],[-73.1284942,-4.7084023],[-73.1293086,-4.7024336],[-73.1294395,-4.695545],[-73.1287832,-4.695334],[-73.1281582,-4.6950966],[-73.1194047,-4.691772],[-73.1130441,-4.6893562],[-73.0975996,-4.6834902],[-73.0717892,-4.6732285],[-73.0675979,-4.671673],[-73.0632577,-4.6697313],[-73.0604024,-4.6673613],[-73.0512545,-4.653433],[-73.0453257,-4.6444065],[-73.0372934,-4.6356562],[-73.0352427,-4.6325387],[-73.0346181,-4.6262036],[-73.0352265,-4.6032311],[-73.0353106,-4.6000645],[-73.0352474,-4.5854475],[-73.0352012,-4.5747812],[-73.0351897,-4.5735972],[-73.035002,-4.5540625],[-73.0307649,-4.5387965],[-73.0258295,-4.5295816],[-73.0149906,-4.51569],[-73.0146992,-4.5153163],[-73.0067677,-4.5078534],[-73.0067657,-4.5078516],[-72.9947595,-4.5018465],[-72.9775996,-4.4932637],[-72.9698446,-4.4881128],[-72.9662207,-4.4848203],[-72.9559837,-4.4755193],[-72.9479407,-4.4715048],[-72.9390801,-4.4680097],[-72.9369355,-4.4675645],[-72.9368927,-4.4675556],[-72.9357807,-4.4673247],[-72.9346777,-4.4670957],[-72.9254687,-4.4670703],[-72.9079302,-4.467997],[-72.9078219,-4.4680027],[-72.9057285,-4.4681132],[-72.9043125,-4.4686191],[-72.9020239,-4.4700263],[-72.8995621,-4.4722845],[-72.8966307,-4.4749733],[-72.8860381,-4.4846896],[-72.8836667,-4.4860535],[-72.8820175,-4.4870021],[-72.8701574,-4.4859987],[-72.8599551,-4.4860468],[-72.8582937,-4.4868213],[-72.857877,-4.4870156],[-72.8550332,-4.4890156],[-72.851404,-4.4904542],[-72.8477076,-4.4919195],[-72.8461327,-4.4925438],[-72.8402636,-4.4945332],[-72.8233735,-4.4979335],[-72.822586,-4.4980957],[-72.8198846,-4.4982523],[-72.8158252,-4.4983911],[-72.8114414,-4.498541],[-72.8091085,-4.4981915],[-72.7957731,-4.4961931],[-72.7878924,-4.492367],[-72.7833809,-4.4884551],[-72.7807305,-4.482711],[-72.7797796,-4.4805031],[-72.7794621,-4.4797248],[-72.7673471,-4.4500337],[-72.7662792,-4.4474165],[-72.7657364,-4.446086],[-72.7599782,-4.4246132],[-72.7589115,-4.4206354],[-72.7588496,-4.4203945],[-72.7577832,-4.4143632],[-72.7570019,-4.40167],[-72.7565625,-4.3827187],[-72.7301685,-4.3875111],[-72.728947,-4.3877328],[-72.725849,-4.3882953],[-72.681608,-4.3963282],[-72.6814356,-4.3963593],[-72.672194,-4.3985936],[-72.6641101,-4.3987107],[-72.6350957,-4.3991308],[-72.6326972,-4.3977889],[-72.6295741,-4.3939281],[-72.6254446,-4.388823],[-72.6032402,-4.3587968],[-72.6031531,-4.3577657],[-72.6029391,-4.3552332],[-72.6051269,-4.3508081],[-72.6145701,-4.3317081],[-72.6285606,-4.3036544],[-72.6205157,-4.3031838],[-72.6132714,-4.3019682],[-72.6050274,-4.3017461],[-72.6031247,-4.3020257],[-72.5987525,-4.3026682],[-72.5946544,-4.3032703],[-72.5864311,-4.3039556],[-72.5834366,-4.3037288],[-72.5832056,-4.3037114],[-72.5807774,-4.3035274],[-72.5769836,-4.3011687],[-72.5718155,-4.2979555],[-72.5618886,-4.2948325],[-72.5499542,-4.2936056],[-72.5397865,-4.2938835],[-72.5357891,-4.2951113],[-72.5283949,-4.3005847],[-72.5119024,-4.312793],[-72.503189,-4.3185035],[-72.5004477,-4.3194172],[-72.4979921,-4.3193886],[-72.4817656,-4.2932968],[-72.4639512,-4.2775801],[-72.4383594,-4.2538203],[-72.3929004,-4.213334],[-72.3877566,-4.2085313],[-72.3873104,-4.2058545],[-72.388681,-4.203319],[-72.3925781,-4.2010481],[-72.4000256,-4.1967085],[-72.4290254,-4.1798106],[-72.4345129,-4.1721265],[-72.436632,-4.1667727],[-72.4367435,-4.1615305],[-72.4348472,-4.1545036],[-72.4271514,-4.1327538],[-72.4255899,-4.125002],[-72.4257684,-4.1190513],[-72.4243979,-4.1160817],[-72.4169739,-4.1090005],[-72.4138107,-4.1055897],[-72.4104066,-4.1019192],[-72.408979,-4.1010626],[-72.4084649,-4.1000347],[-72.4085792,-4.098607],[-72.4107491,-4.0957516],[-72.4114345,-4.09381],[-72.4114929,-4.0930517],[-72.4115487,-4.0923252],[-72.4110405,-4.0910047],[-72.4084649,-4.0891843],[-72.4058557,-4.0873402],[-72.4038964,-4.086586],[-72.4027015,-4.0820605],[-72.3982789,-4.0667772],[-72.3966229,-4.0603812],[-72.3955949,-4.0572403],[-72.3939386,-4.0553558],[-72.3882281,-4.0526717],[-72.3864577,-4.050673],[-72.3832597,-4.0427637],[-72.3791864,-4.0464943],[-72.374587,-4.0486521],[-72.3712369,-4.0488225],[-72.3680002,-4.0493902],[-72.3528149,-4.047534],[-72.317123,-4.0383731],[-72.3129847,-4.0380158],[-72.246582,-4.0322851],[-72.1994805,-4.0276641],[-72.1574605,-4.0246428],[-72.1567774,-4.0245937],[-72.1506201,-4.0249932],[-72.1348726,-4.0260148],[-72.132323,-4.0261802],[-72.1172325,-4.0267578],[-72.1133419,-4.0273205],[-72.1078419,-4.0291387],[-72.1076132,-4.0292538],[-72.0948867,-4.0338047],[-72.0774687,-4.0415566],[-72.0444746,-4.059416],[-72.0343916,-4.0675806],[-72.0132402,-4.0881192],[-72.0117147,-4.0891193],[-72.0058862,-4.0929407],[-72.0050175,-4.0932905],[-72.0000175,-4.0953032],[-72.0,-4.0953102],[-71.9999825,-4.0953172],[-71.999655,-4.0954491],[-71.998776,-4.095803],[-71.9973644,-4.0963712],[-71.9925674,-4.0964853],[-71.9851954,-4.0972791],[-71.9784686,-4.0991306],[-71.9734811,-4.100932],[-71.9661142,-4.1043012],[-71.9576624,-4.108984],[-71.9460126,-4.116922],[-71.9385334,-4.1229773],[-71.929166,-4.131627],[-71.9229709,-4.1373473],[-71.9087834,-4.1482333],[-71.8988789,-4.1546132],[-71.8936517,-4.1575043],[-71.8829442,-4.162769],[-71.8758951,-4.1637505],[-71.8680429,-4.163929],[-71.8540296,-4.160097],[-71.8487545,-4.1592783],[-71.8341115,-4.1586417],[-71.8291387,-4.1602187],[-71.819824,-4.1605419],[-71.8150839,-4.1596325],[-71.8129711,-4.159571],[-71.801207,-4.1592283],[-71.7944114,-4.1580862],[-71.7894097,-4.156195],[-71.7888147,-4.1559732],[-71.7779074,-4.1548882],[-71.7713971,-4.1545455],[-71.765297,-4.1530351],[-71.7607656,-4.1505801],[-71.760416,-4.1503672],[-71.7594329,-4.149763],[-71.7556927,-4.1474642],[-71.7507252,-4.1447706],[-71.7454249,-4.1403132],[-71.7401069,-4.136234],[-71.7374009,-4.1350946],[-71.736517,-4.1347225],[-71.7344509,-4.1338525],[-71.7329899,-4.1332517],[-71.7329024,-4.1332148],[-71.7306132,-4.1328203],[-71.729293,-4.1324218],[-71.7250586,-4.1315742],[-71.7234591,-4.1312336],[-71.723444,-4.1320682],[-71.7227675,-4.1326736],[-71.7205244,-4.132994],[-71.7180677,-4.1323887],[-71.7177079,-4.1322565],[-71.7151884,-4.1314986],[-71.7142349,-4.1312117],[-71.7122732,-4.1314698],[-71.6925402,-4.1412571],[-71.6826325,-4.1456395],[-71.6809396,-4.1463882],[-71.6773777,-4.1472657],[-71.6740225,-4.1473688],[-71.6709252,-4.146698],[-71.6659696,-4.145356],[-71.6634456,-4.1453922],[-71.662409,-4.1454075],[-71.6624079,-4.1454075],[-71.6583299,-4.1466462],[-71.654372,-4.1484117],[-71.6494511,-4.1502597],[-71.6468657,-4.1511097],[-71.6419145,-4.1527376],[-71.6295542,-4.1576051],[-71.6271972,-4.1582187],[-71.6259922,-4.1583945],[-71.6251914,-4.1583985],[-71.6235879,-4.1582871],[-71.6213179,-4.1579512],[-71.6179625,-4.1557316],[-71.6143795,-4.153549],[-71.6116132,-4.1530988],[-71.6075357,-4.1524817],[-71.6039734,-4.1530472],[-71.6012375,-4.1530988],[-71.5957192,-4.1525355],[-71.5910722,-4.1535117],[-71.5822227,-4.1572745],[-71.5811601,-4.1577263],[-71.5801765,-4.1581445],[-71.5749359,-4.1603727],[-71.565854,-4.1643673],[-71.5499267,-4.1713726],[-71.5391426,-4.1782596],[-71.5234381,-4.1901095],[-71.515058,-4.1964327],[-71.5135811,-4.1970163],[-71.5099609,-4.1984471],[-71.5051582,-4.2001582],[-71.4966289,-4.2007168],[-71.4932225,-4.2011875],[-71.4922424,-4.201323],[-71.488681,-4.2018152],[-71.4883507,-4.2018837],[-71.4773267,-4.2041717],[-71.460937,-4.2067416],[-71.4586975,-4.2075463],[-71.4523594,-4.2098242],[-71.4472196,-4.2123656],[-71.4409965,-4.2162253],[-71.4362865,-4.2191466],[-71.4355817,-4.2194595],[-71.4290595,-4.2225877],[-71.4236915,-4.224301],[-71.420207,-4.2246777],[-71.4164851,-4.22508],[-71.4113554,-4.2271048],[-71.4025346,-4.2321563],[-71.3962325,-4.2357656],[-71.3868565,-4.2393828],[-71.3762206,-4.2431856],[-71.3731836,-4.2441718],[-71.3684395,-4.2451621],[-71.3620839,-4.2456426],[-71.3618322,-4.2456307],[-71.3601982,-4.2456961],[-71.3487587,-4.2461526],[-71.3395137,-4.2465215],[-71.3193476,-4.2481723],[-71.3176121,-4.2479206],[-71.2992597,-4.2452578],[-71.2900655,-4.2452863],[-71.2827559,-4.2460288],[-71.274818,-4.2472851],[-71.2702695,-4.24775],[-71.2680851,-4.2469783],[-71.2649024,-4.244953],[-71.2546017,-4.2358676],[-71.2495671,-4.231296],[-71.2465195,-4.2286836],[-71.2277599,-4.2220608],[-71.2135722,-4.2206777],[-71.2090859,-4.2196948],[-71.2058496,-4.2178183],[-71.2054124,-4.2175992],[-71.1948971,-4.2114148],[-71.1835649,-4.2041872],[-71.1756234,-4.2013318],[-71.1592051,-4.1997257],[-71.1401992,-4.2010195],[-71.1254521,-4.2005312],[-71.1196272,-4.1985896],[-71.1153211,-4.1949256],[-71.1127995,-4.1936295],[-71.1021525,-4.190823],[-71.0982692,-4.1888813],[-71.0935294,-4.1882246],[-71.0884849,-4.1848532],[-71.0836539,-4.1816246],[-71.077315,-4.1786551],[-71.0720612,-4.1773987],[-71.0670305,-4.1777656],[-71.0636094,-4.1786836],[-71.059155,-4.1795117],[-71.0524736,-4.1803682],[-71.0489329,-4.1811107],[-71.0456777,-4.1805968],[-71.0435077,-4.1795687],[-71.0418857,-4.178326],[-71.0388881,-4.1775771],[-71.0306711,-4.1770936],[-71.0258239,-4.1768085],[-71.0227795,-4.1766293],[-71.0098164,-4.1733742],[-71.0029062,-4.1726318],[-70.986129,-4.1714821],[-70.9803874,-4.1695682],[-70.9785874,-4.1686903],[-70.9722012,-4.1655762],[-70.9666577,-4.1630877],[-70.9654819,-4.1625091],[-70.9648897,-4.1622177],[-70.9648259,-4.1621865],[-70.962434,-4.1610093],[-70.962309,-4.1609478],[-70.9559161,-4.1578021],[-70.954008,-4.1568631],[-70.9507774,-4.155207],[-70.9429782,-4.1534431],[-70.9416362,-4.1529711],[-70.9416342,-4.1529703],[-70.9252851,-4.1472187],[-70.9118496,-4.1422597],[-70.9069419,-4.1396276],[-70.8990004,-4.1325785],[-70.8935064,-4.1278058],[-70.8904922,-4.1251875],[-70.8848047,-4.1214605],[-70.8776475,-4.117837],[-70.8771219,-4.1175708],[-70.8752176,-4.1166068],[-70.8742074,-4.1160953],[-70.8733887,-4.1156809],[-70.8587735,-4.1102968],[-70.8537829,-4.1067716],[-70.8533597,-4.1064727],[-70.8529227,-4.1061642],[-70.8523061,-4.1057287],[-70.8511972,-4.1049454],[-70.8493125,-4.1033437],[-70.8479921,-4.1020273],[-70.8477195,-4.1017067],[-70.8385321,-4.0920088],[-70.8301288,-4.0831387],[-70.8294416,-4.0827877],[-70.823495,-4.079751],[-70.8229128,-4.0794537],[-70.8224926,-4.0792391],[-70.8160414,-4.0773997],[-70.8156905,-4.0773411],[-70.7978691,-4.0751797],[-70.794043,-4.0742946],[-70.786562,-4.069669],[-70.7790672,-4.0630066],[-70.7765507,-4.0607695],[-70.7759785,-4.0603125],[-70.7589792,-4.0435137],[-70.7492711,-4.0346622],[-70.74392,-4.030666],[-70.7371844,-4.0274563],[-70.7371816,-4.027455],[-70.730269,-4.0262286],[-70.7223035,-4.0265942],[-70.721291,-4.0266406],[-70.7207692,-4.0267833],[-70.7150812,-4.0283402],[-70.7079825,-4.029461],[-70.7040421,-4.02869],[-70.6939911,-4.0258347],[-70.6832578,-4.0208379],[-70.6781175,-4.0196747],[-70.6755196,-4.0197431],[-70.6734122,-4.0197986],[-70.6705427,-4.0198742],[-70.6633155,-4.0215066],[-70.6567237,-4.0241707],[-70.6537345,-4.0253788],[-70.6436262,-4.0287197],[-70.6366021,-4.0302046],[-70.6295312,-4.0299981],[-70.6255906,-4.0311117],[-70.6215931,-4.0335102],[-70.6158825,-4.0374506],[-70.6109671,-4.0398935],[-70.6109413,-4.0399062],[-70.6007865,-4.0433273],[-70.5888007,-4.045332],[-70.5809931,-4.0438263],[-70.5749701,-4.0400341],[-70.5690332,-4.0369531],[-70.5568807,-4.0369461],[-70.5347441,-4.0433965],[-70.505543,-4.0541485],[-70.4734202,-4.0526017],[-70.4589055,-4.0461772],[-70.4589047,-4.0461771],[-70.4589038,-4.0461771],[-70.435627,-4.0448361],[-70.4314687,-4.0453575],[-70.4129393,-4.0513525],[-70.4041016,-4.0567364],[-70.3873041,-4.0796861],[-70.3693145,-4.0954271],[-70.3486263,-4.1080198],[-70.3279382,-4.111168],[-70.3171523,-4.112543],[-70.2799805,-4.1198575],[-70.2623426,-4.12632],[-70.2470957,-4.1273301],[-70.2427325,-4.1255606],[-70.2383555,-4.1238203],[-70.2374,-4.12304],[-70.23706,-4.12265],[-70.23645,-4.12225],[-70.23556,-4.12213],[-70.23473,-4.12218],[-70.23449,-4.12213],[-70.23379,-4.12173],[-70.23324,-4.12112],[-70.23259,-4.12091],[-70.23218,-4.12058],[-70.23189,-4.12017],[-70.23154,-4.11905],[-70.23138,-4.11879],[-70.23112,-4.11853],[-70.22989,-4.11856],[-70.22964,-4.11848],[-70.22877,-4.11789],[-70.22852,-4.11783],[-70.22787,-4.11748],[-70.22765,-4.11715],[-70.22743,-4.11622],[-70.22697,-4.11592],[-70.22631,-4.11501],[-70.22609,-4.11484],[-70.22563,-4.11471],[-70.22521,-4.11449],[-70.22491,-4.11415],[-70.22472,-4.1141],[-70.22436,-4.11413],[-70.22401,-4.11436],[-70.22391,-4.11448],[-70.22371,-4.11461],[-70.22336,-4.11462],[-70.22302,-4.11456],[-70.22279,-4.11425],[-70.22258,-4.11379],[-70.22242,-4.11356],[-70.22198,-4.11324],[-70.22172,-4.11248],[-70.2215108,-4.1122752],[-70.2210117,-4.1117865],[-70.22076,-4.11154],[-70.22041,-4.11128],[-70.22002,-4.11091],[-70.21958,-4.11022],[-70.21912,-4.10979],[-70.21882,-4.10944],[-70.2185223,-4.10917],[-70.21828,-4.10895],[-70.21729,-4.10815],[-70.2170263,-4.107876],[-70.21678,-4.10762],[-70.21518,-4.10644],[-70.21434,-4.10592],[-70.21213,-4.10487],[-70.21109,-4.10407],[-70.21069,-4.10383],[-70.21027,-4.1037],[-70.20998,-4.10373],[-70.20933,-4.10395],[-70.20885,-4.10433],[-70.20846,-4.10449],[-70.20779,-4.10445],[-70.20704,-4.10424],[-70.2069312,-4.1041125],[-70.20675,-4.1039],[-70.20665,-4.10347],[-70.20651,-4.10328],[-70.20636,-4.10329],[-70.20618,-4.10338],[-70.2058,-4.1038],[-70.20528,-4.10404],[-70.20439,-4.10422],[-70.20365,-4.10419],[-70.20329,-4.10425],[-70.20303,-4.10435],[-70.20252,-4.10496],[-70.20235,-4.10504],[-70.20201,-4.10489],[-70.20169,-4.10451],[-70.20162,-4.10421],[-70.20142,-4.10378],[-70.20114,-4.10333],[-70.20087,-4.10311],[-70.20038,-4.10305],[-70.19987,-4.1033],[-70.19927,-4.10379],[-70.19871,-4.10462],[-70.19809,-4.10537],[-70.19801,-4.10558],[-70.19801,-4.10582],[-70.19845,-4.10624],[-70.19853,-4.10643],[-70.19853,-4.10667],[-70.19779,-4.1075],[-70.19739,-4.10779],[-70.19731,-4.10792],[-70.19732,-4.10809],[-70.19748,-4.10863],[-70.19779,-4.10901],[-70.19821,-4.1094],[-70.19855,-4.10984],[-70.19863,-4.11006],[-70.19864,-4.11033],[-70.19854,-4.11061],[-70.19829,-4.11079],[-70.198,-4.11085],[-70.197937,-4.1109131],[-70.19784,-4.11101],[-70.19785,-4.11114],[-70.19811,-4.11149],[-70.19823,-4.11178],[-70.19826,-4.11203],[-70.19819,-4.11232],[-70.19799,-4.11247],[-70.19779,-4.11251],[-70.19758,-4.11251],[-70.1973,-4.11241],[-70.19707,-4.11242],[-70.1969,-4.11256],[-70.1968582,-4.1127346],[-70.19679,-4.11302],[-70.19669,-4.1132],[-70.19664,-4.11323],[-70.19639,-4.11321],[-70.19619,-4.11308],[-70.19588,-4.11266],[-70.19562,-4.11272],[-70.19551,-4.11287],[-70.19545,-4.11342],[-70.19522,-4.11357],[-70.19488,-4.11369],[-70.19482,-4.11375],[-70.1948,-4.11392],[-70.19488,-4.11416],[-70.1948631,-4.1143805],[-70.19485,-4.11455],[-70.19479,-4.1146],[-70.19443,-4.11464],[-70.194417,-4.1146367],[-70.19391,-4.11451],[-70.19357,-4.11456],[-70.19331,-4.11469],[-70.19308,-4.11471],[-70.1929602,-4.1146872],[-70.19287,-4.11467],[-70.1926978,-4.1145952],[-70.19241,-4.11447],[-70.19222,-4.11443],[-70.19189,-4.11448],[-70.1916782,-4.1146313],[-70.1916878,-4.114668],[-70.1918006,-4.1150998],[-70.1919134,-4.1155316],[-70.1920262,-4.1159634],[-70.1921391,-4.1163953],[-70.1922519,-4.1168271],[-70.1923647,-4.1172589],[-70.1924775,-4.1176907],[-70.1925904,-4.1181225],[-70.1927032,-4.1185543],[-70.192816,-4.1189862],[-70.1929288,-4.119418],[-70.1930416,-4.1198498],[-70.1931545,-4.1202816],[-70.1932673,-4.1207134],[-70.1933801,-4.1211452],[-70.1934929,-4.121577],[-70.1936058,-4.1220089],[-70.1937186,-4.1224407],[-70.1938314,-4.1228725],[-70.1939442,-4.1233043],[-70.194057,-4.1237361],[-70.1941699,-4.1241679],[-70.1942827,-4.1245997],[-70.1943955,-4.1250316],[-70.1945083,-4.1254634],[-70.1946212,-4.1258952],[-70.194734,-4.126327],[-70.1948468,-4.1267588],[-70.1949596,-4.1271906],[-70.1950725,-4.1276224],[-70.1951853,-4.1280542],[-70.1952981,-4.1284861],[-70.1954109,-4.1289179],[-70.1955238,-4.1293497],[-70.1956366,-4.1297815],[-70.1957494,-4.1302133],[-70.1958623,-4.1306451],[-70.1959751,-4.1310769],[-70.1960879,-4.1315088],[-70.1962007,-4.1319406],[-70.1963136,-4.1323724],[-70.1964264,-4.1328042],[-70.1965392,-4.133236],[-70.196652,-4.1336678],[-70.1967649,-4.1340996],[-70.1968777,-4.1345314],[-70.1969905,-4.1349633],[-70.1971034,-4.1353951],[-70.1972162,-4.1358269],[-70.197329,-4.1362587],[-70.1974418,-4.1366905],[-70.1975547,-4.1371223],[-70.1976675,-4.1375541],[-70.1977803,-4.1379859],[-70.1978932,-4.1384178],[-70.198006,-4.1388496],[-70.1981188,-4.1392814],[-70.1982317,-4.1397132],[-70.1983445,-4.140145],[-70.1984573,-4.1405768],[-70.1985701,-4.1410086],[-70.198683,-4.1414404],[-70.1987958,-4.1418722],[-70.1989086,-4.1423041],[-70.1990215,-4.1427359],[-70.1991343,-4.1431677],[-70.1992471,-4.1435995],[-70.19936,-4.1440313],[-70.1994728,-4.1444631],[-70.1995856,-4.1448949],[-70.1996985,-4.1453267],[-70.1998113,-4.1457585],[-70.1999241,-4.1461904],[-70.200037,-4.1466222],[-70.2001498,-4.147054],[-70.1998873,-4.1474196],[-70.1996248,-4.1477852],[-70.1993623,-4.1481508],[-70.1990998,-4.1485164],[-70.1988372,-4.1488821],[-70.1985747,-4.1492477],[-70.1983122,-4.1496133],[-70.1980497,-4.1499789],[-70.1977872,-4.1503445],[-70.1975247,-4.1507101],[-70.1972622,-4.1510758],[-70.1969996,-4.1514414],[-70.1967371,-4.151807],[-70.1964746,-4.1521726],[-70.1962121,-4.1525382],[-70.1959496,-4.1529038],[-70.1956871,-4.1532695],[-70.1954245,-4.1536351],[-70.195162,-4.1540007],[-70.1948995,-4.1543663],[-70.194637,-4.1547319],[-70.1943745,-4.1550975],[-70.194112,-4.1554631],[-70.1938494,-4.1558288],[-70.1935869,-4.1561944],[-70.1933244,-4.15656],[-70.1930619,-4.1569256],[-70.1927994,-4.1572912],[-70.1925369,-4.1576568],[-70.1922743,-4.1580225],[-70.1920118,-4.1583881],[-70.1917493,-4.1587537],[-70.1914868,-4.1591193],[-70.1912243,-4.1594849],[-70.1909617,-4.1598505],[-70.1906992,-4.1602162],[-70.1904367,-4.1605818],[-70.1901742,-4.1609474],[-70.1899117,-4.161313],[-70.1896491,-4.1616786],[-70.1893866,-4.1620442],[-70.1891241,-4.1624098],[-70.1888616,-4.1627755],[-70.188599,-4.1631411],[-70.1883365,-4.1635067],[-70.188074,-4.1638723],[-70.1878115,-4.1642379],[-70.187549,-4.1646035],[-70.1872864,-4.1649691],[-70.1870239,-4.1653348],[-70.1867614,-4.1657004],[-70.1864989,-4.166066],[-70.1862363,-4.1664316],[-70.1859738,-4.1667972],[-70.1857113,-4.1671628],[-70.1854488,-4.1675285],[-70.1851862,-4.1678941],[-70.1849237,-4.1682597],[-70.1846612,-4.1686253],[-70.1843987,-4.1689909],[-70.1841361,-4.1693565],[-70.1838736,-4.1697221],[-70.1836111,-4.1700878],[-70.1833486,-4.1704534],[-70.183086,-4.170819],[-70.1828235,-4.1711846],[-70.182561,-4.1715502],[-70.1822984,-4.1719158],[-70.1820359,-4.1722814],[-70.1817734,-4.1726471],[-70.1815109,-4.1730127],[-70.1812483,-4.1733783],[-70.1809858,-4.1737439],[-70.1807233,-4.1741095],[-70.1802904,-4.1742234],[-70.1798575,-4.1743373],[-70.1794246,-4.1744512],[-70.1789916,-4.174565],[-70.1785587,-4.1746789],[-70.1781258,-4.1747928],[-70.1776929,-4.1749067],[-70.17726,-4.1750206],[-70.1768271,-4.1751344],[-70.1763942,-4.1752483],[-70.1759613,-4.1753622],[-70.1755284,-4.1754761],[-70.1750954,-4.17559],[-70.1746625,-4.1757038],[-70.1742296,-4.1758177],[-70.1737967,-4.1759316],[-70.1733638,-4.1760455],[-70.1729309,-4.1761593],[-70.172498,-4.1762732],[-70.1720651,-4.1763871],[-70.1716321,-4.176501],[-70.1711992,-4.1766149],[-70.1707663,-4.1767287],[-70.1703334,-4.1768426],[-70.1699005,-4.1769565],[-70.1694676,-4.1770704],[-70.1690347,-4.1771842],[-70.1686018,-4.1772981],[-70.1681688,-4.177412],[-70.1677359,-4.1775259],[-70.167303,-4.1776397],[-70.1668701,-4.1777536],[-70.1664372,-4.1778675],[-70.1660043,-4.1779814],[-70.1655713,-4.1780952],[-70.1651384,-4.1782091],[-70.1647055,-4.178323],[-70.1642726,-4.1784369],[-70.1638397,-4.1785507],[-70.1634068,-4.1786646],[-70.1629738,-4.1787785],[-70.1625409,-4.1788923],[-70.162108,-4.1790062],[-70.1616751,-4.1791201],[-70.1612422,-4.179234],[-70.1608093,-4.1793478],[-70.1603763,-4.1794617],[-70.1599434,-4.1795756],[-70.1595105,-4.1796894],[-70.1590776,-4.1798033],[-70.1586447,-4.1799172],[-70.1582118,-4.1800311],[-70.1577788,-4.1801449],[-70.1573459,-4.1802588],[-70.1569312,-4.180431],[-70.1565165,-4.1806032],[-70.1561019,-4.1807754],[-70.1556872,-4.1809476],[-70.1552725,-4.1811198],[-70.1548578,-4.181292],[-70.1544431,-4.1814642],[-70.1540284,-4.1816364],[-70.1536137,-4.1818086],[-70.1531991,-4.1819808],[-70.1527844,-4.182153],[-70.1523697,-4.1823252],[-70.151955,-4.1824974],[-70.1515403,-4.1826696],[-70.1511256,-4.1828418],[-70.1507109,-4.183014],[-70.1502963,-4.1831862],[-70.1498816,-4.1833584],[-70.1494669,-4.1835306],[-70.1490522,-4.1837028],[-70.1486375,-4.1838749],[-70.1482228,-4.1840471],[-70.1478081,-4.1842193],[-70.1473934,-4.1843915],[-70.1469787,-4.1845637],[-70.1465641,-4.1847359],[-70.1461494,-4.1849081],[-70.1457347,-4.1850803],[-70.14532,-4.1852525],[-70.1449053,-4.1854247],[-70.1444906,-4.1855969],[-70.1440759,-4.1857691],[-70.1436612,-4.1859413],[-70.1432465,-4.1861135],[-70.1428318,-4.1862857],[-70.1424171,-4.1864579],[-70.1420024,-4.1866301],[-70.1415878,-4.1868023],[-70.1411731,-4.1869744],[-70.1407584,-4.1871466],[-70.1403437,-4.1873188],[-70.139929,-4.187491],[-70.1395143,-4.1876632],[-70.1390996,-4.1878354],[-70.1386849,-4.1880076],[-70.1382702,-4.1881798],[-70.1378555,-4.188352],[-70.1374408,-4.1885242],[-70.1370261,-4.1886964],[-70.1366114,-4.1888686],[-70.1361967,-4.1890407],[-70.135782,-4.1892129],[-70.1353673,-4.1893851],[-70.1349526,-4.1895573],[-70.1345379,-4.1897295],[-70.1341232,-4.1899017],[-70.1337085,-4.1900739],[-70.1332938,-4.1902461],[-70.1328792,-4.1904183],[-70.1324645,-4.1905905],[-70.1320498,-4.1907626],[-70.1316351,-4.1909348],[-70.1312204,-4.191107],[-70.1308057,-4.1912792],[-70.130391,-4.1914514],[-70.1299763,-4.1916236],[-70.1295616,-4.1917958],[-70.1291469,-4.191968],[-70.1287322,-4.1921401],[-70.1283175,-4.1923123],[-70.1279028,-4.1924845],[-70.1274881,-4.1926567],[-70.1270734,-4.1928289],[-70.1266587,-4.1930011],[-70.126244,-4.1931733],[-70.1258293,-4.1933455],[-70.1254146,-4.1935176],[-70.1249999,-4.1936898],[-70.1245852,-4.193862],[-70.1241704,-4.1940342],[-70.1237557,-4.1942064],[-70.123341,-4.1943786],[-70.1229263,-4.1945508],[-70.1225116,-4.1947229],[-70.1220969,-4.1948951],[-70.1216822,-4.1950673],[-70.1212675,-4.1952395],[-70.1208528,-4.1954117],[-70.1204381,-4.1955839],[-70.1200234,-4.195756],[-70.1196087,-4.1959282],[-70.119194,-4.1961004],[-70.1187793,-4.1962726],[-70.1183646,-4.1964448],[-70.1179499,-4.196617],[-70.1175352,-4.1967891],[-70.1171205,-4.1969613],[-70.1167058,-4.1971335],[-70.1162911,-4.1973057],[-70.1158764,-4.1974779],[-70.1154616,-4.1976501],[-70.1150154,-4.1977041],[-70.1145692,-4.1977582],[-70.1141229,-4.1978122],[-70.1136767,-4.1978663],[-70.1132304,-4.1979203],[-70.1127842,-4.1979744],[-70.1123379,-4.1980285],[-70.1118917,-4.1980825],[-70.1114455,-4.1981366],[-70.1109992,-4.1981906],[-70.110553,-4.1982447],[-70.1101067,-4.1982987],[-70.1096605,-4.1983528],[-70.1092142,-4.1984068],[-70.108768,-4.1984609],[-70.1083217,-4.198515],[-70.1078755,-4.198569],[-70.1074293,-4.1986231],[-70.106983,-4.1986771],[-70.1065368,-4.1987312],[-70.1060905,-4.1987852],[-70.1056443,-4.1988393],[-70.105198,-4.1988933],[-70.1047518,-4.1989474],[-70.1043055,-4.1990014],[-70.1038593,-4.1990555],[-70.103413,-4.1991095],[-70.1029668,-4.1991636],[-70.1025206,-4.1992176],[-70.1020743,-4.1992717],[-70.1016281,-4.1993257],[-70.1011818,-4.1993798],[-70.1007356,-4.1994338],[-70.1002893,-4.1994879],[-70.0998431,-4.1995419],[-70.0993968,-4.199596],[-70.0989506,-4.19965],[-70.0985043,-4.1997041],[-70.0980581,-4.1997581],[-70.0976118,-4.1998122],[-70.0971656,-4.1998662],[-70.0967193,-4.1999203],[-70.0962731,-4.1999743],[-70.0958268,-4.2000284],[-70.0953806,-4.2000824],[-70.0949344,-4.2001365],[-70.0944881,-4.2001905],[-70.0940419,-4.2002446],[-70.0935956,-4.2002986],[-70.0931494,-4.2003527],[-70.0927031,-4.2004067],[-70.0922569,-4.2004608],[-70.0918106,-4.2005148],[-70.0913644,-4.2005688],[-70.0909181,-4.2006229],[-70.0904719,-4.2006769],[-70.0900256,-4.200731],[-70.0895794,-4.200785],[-70.0891331,-4.2008391],[-70.0886869,-4.2008931],[-70.0882406,-4.2009472],[-70.0877944,-4.2010012],[-70.0873481,-4.2010552],[-70.0869019,-4.2011093],[-70.0864556,-4.2011633],[-70.0860094,-4.2012174],[-70.0855631,-4.2012714],[-70.0851169,-4.2013254],[-70.0846706,-4.2013795],[-70.0842244,-4.2014335],[-70.0837781,-4.2014876],[-70.0833318,-4.2015416],[-70.0828856,-4.2015957],[-70.0824393,-4.2016497],[-70.0819931,-4.2017037],[-70.0815468,-4.2017578],[-70.0811006,-4.2018118],[-70.0806543,-4.2018659],[-70.0802081,-4.2019199],[-70.0797618,-4.2019739],[-70.0793156,-4.202028],[-70.0788693,-4.202082],[-70.0784231,-4.202136],[-70.0779768,-4.2021901],[-70.0775306,-4.2022441],[-70.0771605,-4.2024935],[-70.0767904,-4.2027428],[-70.0764203,-4.2029922],[-70.0760502,-4.2032416],[-70.0756801,-4.2034909],[-70.0753101,-4.2037403],[-70.07494,-4.2039896],[-70.0745699,-4.204239],[-70.0741998,-4.2044884],[-70.0738297,-4.2047377],[-70.0734596,-4.2049871],[-70.0730895,-4.2052364],[-70.0727195,-4.2054858],[-70.0723494,-4.2057352],[-70.0719793,-4.2059845],[-70.0716092,-4.2062339],[-70.0712391,-4.2064832],[-70.070869,-4.2067326],[-70.0704989,-4.206982],[-70.0701288,-4.2072313],[-70.0697588,-4.2074807],[-70.0693887,-4.20773],[-70.0690186,-4.2079794],[-70.0686485,-4.2082288],[-70.0682784,-4.2084781],[-70.0679083,-4.2087275],[-70.0675382,-4.2089768],[-70.0671681,-4.2092262],[-70.066798,-4.2094755],[-70.0664279,-4.2097249],[-70.0660579,-4.2099743],[-70.0656878,-4.2102236],[-70.0653177,-4.210473],[-70.0649476,-4.2107223],[-70.0645775,-4.2109717],[-70.0642074,-4.211221],[-70.0638373,-4.2114704],[-70.0634672,-4.2117198],[-70.0630971,-4.2119691],[-70.062727,-4.2122185],[-70.0623569,-4.2124678],[-70.0619868,-4.2127172],[-70.0616167,-4.2129665],[-70.0612122,-4.2131607],[-70.0608076,-4.2133548],[-70.0604031,-4.2135489],[-70.0599985,-4.213743],[-70.0595939,-4.2139372],[-70.0591894,-4.2141313],[-70.0587848,-4.2143254],[-70.0583803,-4.2145195],[-70.0579757,-4.2147136],[-70.0575711,-4.2149078],[-70.0571666,-4.2151019],[-70.056762,-4.215296],[-70.0563575,-4.2154901],[-70.0559529,-4.2156842],[-70.0555483,-4.2158784],[-70.0551438,-4.2160725],[-70.0547392,-4.2162666],[-70.0543346,-4.2164607],[-70.0539301,-4.2166548],[-70.0535255,-4.2168489],[-70.0531209,-4.2170431],[-70.0527164,-4.2172372],[-70.0523118,-4.2174313],[-70.0519073,-4.2176254],[-70.0515027,-4.2178195],[-70.0510981,-4.2180137],[-70.0506936,-4.2182078],[-70.050289,-4.2184019],[-70.0498844,-4.218596],[-70.0494799,-4.2187901],[-70.0490753,-4.2189842],[-70.0486707,-4.2191784],[-70.0482662,-4.2193725],[-70.0478616,-4.2195666],[-70.047457,-4.2197607],[-70.0470525,-4.2199548],[-70.0466479,-4.2201489],[-70.0462433,-4.2203431],[-70.0458388,-4.2205372],[-70.0454342,-4.2207313],[-70.0450296,-4.2209254],[-70.0446251,-4.2211195],[-70.0442205,-4.2213136],[-70.0438159,-4.2215077],[-70.0434113,-4.2217019],[-70.0429913,-4.2218551],[-70.0425712,-4.2220083],[-70.0421512,-4.2221615],[-70.0417311,-4.2223147],[-70.0413111,-4.2224679],[-70.040891,-4.2226211],[-70.040471,-4.2227743],[-70.0400509,-4.2229275],[-70.0396309,-4.2230807],[-70.0392108,-4.2232339],[-70.0387907,-4.2233871],[-70.0383707,-4.2235403],[-70.0379506,-4.2236935],[-70.0375306,-4.2238467],[-70.0371105,-4.2239999],[-70.0366905,-4.2241531],[-70.0362704,-4.2243063],[-70.0358504,-4.2244595],[-70.0354303,-4.2246127],[-70.0350102,-4.2247659],[-70.0345902,-4.2249191],[-70.0341701,-4.2250723],[-70.0337501,-4.2252255],[-70.03333,-4.2253787],[-70.0329099,-4.2255319],[-70.0324899,-4.2256851],[-70.0320698,-4.2258383],[-70.0316498,-4.2259915],[-70.0312297,-4.2261447],[-70.0308097,-4.2262979],[-70.0303896,-4.2264511],[-70.0299695,-4.2266043],[-70.0295495,-4.2267575],[-70.0291294,-4.2269107],[-70.0287094,-4.2270639],[-70.0282893,-4.2272171],[-70.0278692,-4.2273703],[-70.0274492,-4.2275235],[-70.0270291,-4.2276767],[-70.026609,-4.2278299],[-70.026189,-4.2279831],[-70.0257689,-4.2281363],[-70.0253489,-4.2282895],[-70.0249288,-4.2284427],[-70.0245087,-4.2285959],[-70.0240887,-4.2287491],[-70.0236686,-4.2289023],[-70.0232485,-4.2290555],[-70.0228285,-4.2292087],[-70.0224084,-4.2293619],[-70.0219884,-4.2295151],[-70.0215683,-4.2296683],[-70.0211482,-4.2298215],[-70.0207282,-4.2299747],[-70.0203081,-4.2301279],[-70.019888,-4.2302811],[-70.019468,-4.2304343],[-70.0190479,-4.2305875],[-70.0186278,-4.2307407],[-70.0182078,-4.2308938],[-70.0177877,-4.231047],[-70.0173676,-4.2312002],[-70.0169476,-4.2313534],[-70.0165275,-4.2315066],[-70.0161074,-4.2316598],[-70.0156874,-4.231813],[-70.0152673,-4.2319662],[-70.0148472,-4.2321194],[-70.0144272,-4.2322726],[-70.0140071,-4.2324258],[-70.013587,-4.232579],[-70.013167,-4.2327322],[-70.0127469,-4.2328854],[-70.0123268,-4.2330385],[-70.0119068,-4.2331917],[-70.0114867,-4.2333449],[-70.0110666,-4.2334981],[-70.0106465,-4.2336513],[-70.0102265,-4.2338045],[-70.0098064,-4.2339577],[-70.0093863,-4.2341109],[-70.0089663,-4.2342641],[-70.0085462,-4.2344173],[-70.0081261,-4.2345704],[-70.0077061,-4.2347236],[-70.007286,-4.2348768],[-70.0068659,-4.23503],[-70.0064458,-4.2351832],[-70.0060258,-4.2353364],[-70.0056057,-4.2354896],[-70.0051856,-4.2356428],[-70.0047655,-4.235796],[-70.0043455,-4.2359491],[-70.0039254,-4.2361023],[-70.0035053,-4.2362555],[-70.0030853,-4.2364087],[-70.002844,-4.2367834],[-70.0026027,-4.2371581],[-70.0023614,-4.2375328],[-70.0021201,-4.2379075],[-70.0018788,-4.2382822],[-70.0016376,-4.2386569],[-70.0013963,-4.2390316],[-70.001155,-4.2394063],[-70.0009137,-4.239781],[-70.0006724,-4.2401556],[-70.0004312,-4.2405303],[-70.0001899,-4.240905],[-69.9999486,-4.2412797],[-69.9997073,-4.2416544],[-69.999466,-4.2420291],[-69.9992247,-4.2424038],[-69.9989834,-4.2427785],[-69.9987422,-4.2431532],[-69.9983051,-4.2432178],[-69.9978681,-4.2432824],[-69.9974311,-4.2433469],[-69.9969941,-4.2434115],[-69.9965571,-4.2434761],[-69.9961201,-4.2435407],[-69.9956831,-4.2436052],[-69.995246,-4.2436698],[-69.994809,-4.2437344],[-69.994372,-4.243799],[-69.993935,-4.2438636],[-69.993498,-4.2439281],[-69.993061,-4.2439927],[-69.992624,-4.2440573],[-69.9921869,-4.2441219],[-69.9917499,-4.2441864],[-69.9913129,-4.244251],[-69.9908759,-4.2443156],[-69.9904389,-4.2443802],[-69.9900019,-4.2444447],[-69.9895648,-4.2445093],[-69.9891278,-4.2445739],[-69.9886908,-4.2446385],[-69.9882538,-4.244703],[-69.9878168,-4.2447676],[-69.9873798,-4.2448322],[-69.9869427,-4.2448968],[-69.9865057,-4.2449613],[-69.9860687,-4.2450259],[-69.9856317,-4.2450905],[-69.9851947,-4.2451551],[-69.9847577,-4.2452196],[-69.9843206,-4.2452842],[-69.9838836,-4.2453488],[-69.9834466,-4.2454133],[-69.9830096,-4.2454779],[-69.9825726,-4.2455425],[-69.9821356,-4.2456071],[-69.9816985,-4.2456716],[-69.9815879,-4.2460867],[-69.9814773,-4.2465017],[-69.9813667,-4.2469167],[-69.9812561,-4.2473317],[-69.9811455,-4.2477468],[-69.9810349,-4.2481618],[-69.9809243,-4.2485768],[-69.9808137,-4.2489919],[-69.9807031,-4.2494069],[-69.9805925,-4.2498219],[-69.9804819,-4.2502369],[-69.9803713,-4.250652],[-69.9802607,-4.251067],[-69.9801501,-4.251482],[-69.9800395,-4.251897],[-69.9801019,-4.2523324],[-69.9801642,-4.2527678],[-69.9802265,-4.2532032],[-69.9802889,-4.2536386],[-69.9803512,-4.254074],[-69.9804135,-4.2545094],[-69.9804759,-4.2549448],[-69.9805643,-4.2553766],[-69.9806527,-4.2558084],[-69.9807411,-4.2562403],[-69.9808295,-4.2566721],[-69.9807164,-4.2570738],[-69.9806034,-4.2574756],[-69.9804904,-4.2578774],[-69.9803774,-4.2582791],[-69.9802644,-4.2586809],[-69.9802648,-4.2590224],[-69.9802652,-4.2593638],[-69.9802657,-4.2597053],[-69.9802661,-4.2600468],[-69.9803531,-4.2604338],[-69.9804401,-4.2608208],[-69.9805271,-4.2612079],[-69.980614,-4.2615949],[-69.980701,-4.2619819],[-69.9808322,-4.2623767],[-69.9809633,-4.2627716],[-69.9810945,-4.2631664],[-69.9812256,-4.2635612],[-69.9813568,-4.263956],[-69.9814879,-4.2643508],[-69.9815461,-4.2647524],[-69.9816043,-4.2651539],[-69.9816624,-4.2655555],[-69.9817206,-4.265957],[-69.9817788,-4.2663586],[-69.9817973,-4.2667746],[-69.9818159,-4.2671907],[-69.9818344,-4.2676068],[-69.981853,-4.2680228],[-69.9818715,-4.2684389],[-69.9818901,-4.268855],[-69.9819086,-4.2692711],[-69.9816658,-4.2696487],[-69.981423,-4.2700263],[-69.9811802,-4.270404],[-69.9809375,-4.2707816],[-69.9806947,-4.2711592],[-69.9804519,-4.2715369],[-69.9802091,-4.2719145],[-69.9799323,-4.2721252],[-69.9796555,-4.2723358],[-69.9793787,-4.2725465],[-69.9791019,-4.2727572],[-69.9787926,-4.2730656],[-69.9784833,-4.273374],[-69.978174,-4.2736824],[-69.9778647,-4.2739908],[-69.9775555,-4.2742992],[-69.9772462,-4.2746077],[-69.9769369,-4.2749161],[-69.9766276,-4.2752245],[-69.9763183,-4.2755329],[-69.9760091,-4.2758413],[-69.9756998,-4.2761498],[-69.9753905,-4.2764582],[-69.9750812,-4.2767666],[-69.9747719,-4.277075],[-69.9744626,-4.2773834],[-69.9741534,-4.2776918],[-69.9738441,-4.2780003],[-69.9735348,-4.2783087],[-69.9732255,-4.2786171],[-69.9727802,-4.2786177],[-69.972335,-4.2786182],[-69.9718897,-4.2786188],[-69.9714445,-4.2786194],[-69.9709992,-4.2786199],[-69.9705539,-4.2786205],[-69.9701087,-4.278621],[-69.9696634,-4.2786216],[-69.9692182,-4.2786222],[-69.9687729,-4.2786227],[-69.9683276,-4.2786233],[-69.9678824,-4.2786239],[-69.9674371,-4.2786244],[-69.9669919,-4.278625],[-69.9665466,-4.2786256],[-69.9661013,-4.2786261],[-69.9656561,-4.2786267],[-69.9652108,-4.2786272],[-69.9647655,-4.2786278],[-69.9643203,-4.2786284],[-69.963875,-4.2786289],[-69.9634298,-4.2786295],[-69.9629845,-4.2786301],[-69.9625392,-4.2786306],[-69.962094,-4.2786312],[-69.9616487,-4.2786317],[-69.9612034,-4.2786323],[-69.9607582,-4.2786329],[-69.9603129,-4.2786334],[-69.9598677,-4.278634],[-69.9594224,-4.2786345],[-69.9589771,-4.2786351],[-69.9585319,-4.2786356],[-69.9580866,-4.2786362],[-69.9576413,-4.2786368],[-69.9571961,-4.2786373],[-69.9567508,-4.2786379],[-69.9563056,-4.2786384],[-69.9558603,-4.278639],[-69.955415,-4.2786395],[-69.9549698,-4.2786401],[-69.9545245,-4.2786407],[-69.9540792,-4.2786412],[-69.953634,-4.2786418],[-69.9531887,-4.2786423],[-69.9527435,-4.2786429],[-69.9522982,-4.2786434],[-69.9518529,-4.278644],[-69.9514077,-4.2786445],[-69.9509624,-4.2786451],[-69.9505171,-4.2786456],[-69.9500719,-4.2786462],[-69.9496792,-4.2786467],[-69.9495918,-4.2793827]]]}},
{"type":"Feature","properties":{"ubigeo":"160404","nombre":"SAN PABLO","fuente":"INEI"},"geometry":{"type":"MultiPolygon","coordinates":[[[[-71.3333164,-3.2239375],[-71.3359434,-3.2268215],[-71.3367429,-3.228135],[-71.3375424,-3.2305333],[-71.3465495,-3.2518165],[-71.3474122,-3.25342],[-71.3527342,-3.2641113],[-71.3605079,-3.2840996],[-71.3638222,-3.2936426],[-71.367043,-3.3013731],[-71.3696211,-3.3081915],[-71.3720901,-3.3150796],[-71.3801055,-3.338209],[-71.383646,-3.3459471],[-71.3851879,-3.3483456],[-71.3885001,-3.3520005],[-71.3901987,-3.3531235],[-71.3942989,-3.355834],[-71.4038765,-3.3621657],[-71.4119216,-3.3718396],[-71.4154909,-3.3781972],[-71.4179446,-3.3846663],[-71.4191067,-3.3914197],[-71.4194522,-3.3934273],[-71.4195939,-3.3943281],[-71.4196172,-3.401496],[-71.4194492,-3.403043],[-71.4190527,-3.4043632],[-71.4181445,-3.4059746],[-71.4159766,-3.4079316],[-71.4155676,-3.4081505],[-71.4062332,-3.4125507],[-71.4026641,-3.4152276],[-71.4011641,-3.4181933],[-71.4006171,-3.4217427],[-71.4005582,-3.4221241],[-71.399759,-3.4292885],[-71.3994902,-3.4325156],[-71.399332,-3.4388242],[-71.3989414,-3.4428398],[-71.3977579,-3.4482382],[-71.3961719,-3.4519121],[-71.3939112,-3.4547135],[-71.390457,-3.4573457],[-71.3858884,-3.4631421],[-71.3848034,-3.4658262],[-71.3833186,-3.471594],[-71.3814225,-3.4765395],[-71.3784074,-3.4805597],[-71.3710406,-3.4861562],[-71.3639592,-3.4898682],[-71.3551816,-3.4934237],[-71.3492827,-3.4936373],[-71.3455709,-3.4927807],[-71.3436292,-3.4916957],[-71.3425684,-3.4897031],[-71.3411977,-3.488818],[-71.3395417,-3.4887608],[-71.3379427,-3.4891606],[-71.3328251,-3.4938515],[-71.3316452,-3.4938738],[-71.329209,-3.493834],[-71.3272169,-3.4941816],[-71.325959,-3.4946465],[-71.3243632,-3.4953906],[-71.3223692,-3.4965107],[-71.3208266,-3.4976727],[-71.3204257,-3.4979746],[-71.3167845,-3.4995058],[-71.316421,-3.4997711],[-71.3113612,-3.5034628],[-71.3028522,-3.5119432],[-71.2981125,-3.5152555],[-71.2910312,-3.5181108],[-71.2862092,-3.5188595],[-71.2851866,-3.5190182],[-71.2785247,-3.5200525],[-71.2701406,-3.5205273],[-71.2659072,-3.5205158],[-71.2535106,-3.5204825],[-71.2247405,-3.5207842],[-71.2187442,-3.5215267],[-71.2147467,-3.5230115],[-71.2113204,-3.5257526],[-71.2072657,-3.5284937],[-71.1977967,-3.5328505],[-71.1930625,-3.5342441],[-71.1821719,-3.5345703],[-71.1804015,-3.5351128],[-71.1780601,-3.5372258],[-71.1684661,-3.5534442],[-71.1657356,-3.5590293],[-71.159412,-3.571964],[-71.1570606,-3.5800468],[-71.156832,-3.586186],[-71.1569482,-3.5906292],[-71.1588786,-3.5953586],[-71.1606449,-3.5981983],[-71.1639764,-3.6019322],[-71.1664806,-3.605845],[-71.1702692,-3.613056],[-71.1707325,-3.6139375],[-71.1722021,-3.6153245],[-71.1844381,-3.6268721],[-71.1867224,-3.6296705],[-71.1886069,-3.6333253],[-71.1889277,-3.6366601],[-71.1888574,-3.637304],[-71.1885657,-3.6399752],[-71.188014,-3.6450263],[-71.1864335,-3.6481158],[-71.1847106,-3.6521697],[-71.1826459,-3.6546203],[-71.178991,-3.6577612],[-71.1780202,-3.65976],[-71.1776776,-3.6621013],[-71.1776205,-3.6656991],[-71.1786054,-3.6689095],[-71.1805039,-3.6750977],[-71.1823034,-3.6796903],[-71.1870431,-3.6864861],[-71.1958829,-3.698125],[-71.2043302,-3.7111621],[-71.2100505,-3.7213735],[-71.22035,-3.7397587],[-71.2215235,-3.7418535],[-71.223248,-3.7476631],[-71.2248217,-3.752965],[-71.2250129,-3.753629],[-71.2326445,-3.7801445],[-71.23293,-3.7835425],[-71.232416,-3.788054],[-71.2290467,-3.7968485],[-71.2279905,-3.7985671],[-71.2238906,-3.8052382],[-71.2231286,-3.8070743],[-71.2067585,-3.846522],[-71.1950586,-3.8660937],[-71.1949554,-3.8662512],[-71.1855084,-3.8806661],[-71.1816016,-3.8861016],[-71.1786445,-3.8895468],[-71.1774915,-3.8905938],[-71.1752206,-3.8926567],[-71.1576465,-3.9086211],[-71.1447792,-3.9198316],[-71.1341845,-3.9271003],[-71.1338652,-3.9272773],[-71.1183262,-3.9359648],[-71.107973,-3.9420808],[-71.1076202,-3.9422892],[-71.0980606,-3.9482402],[-71.0919025,-3.9526132],[-71.0916727,-3.9527517],[-71.0844045,-3.9566662],[-71.0794766,-3.9587266],[-71.0743736,-3.959393],[-71.0635996,-3.9576172],[-71.058457,-3.9561387],[-71.053543,-3.9544297],[-71.0526797,-3.9539873],[-71.0471672,-3.95169],[-71.0368419,-3.9473867],[-71.016961,-3.9382343],[-71.0085704,-3.934752],[-70.999856,-3.9328663],[-70.9978615,-3.9324348],[-70.9949787,-3.931811],[-70.9884472,-3.9295235],[-70.984634,-3.9258272],[-70.9736069,-3.9090607],[-70.9734695,-3.908852],[-70.9679597,-3.9003621],[-70.9668787,-3.8986965],[-70.9616289,-3.8906071],[-70.9586504,-3.8892108],[-70.942708,-3.8900437],[-70.9282049,-3.893111],[-70.9280616,-3.8931412],[-70.926246,-3.8935252],[-70.9259205,-3.8935941],[-70.9251935,-3.8937478],[-70.9243242,-3.8939316],[-70.9088184,-3.8972108],[-70.8900185,-3.9016496],[-70.8881954,-3.9020801],[-70.87444,-3.92476],[-70.8724634,-3.9292606],[-70.8699651,-3.9329726],[-70.8671097,-3.935828],[-70.8604711,-3.9400396],[-70.8515861,-3.942046],[-70.8500054,-3.9420948],[-70.8400683,-3.9424023],[-70.8304501,-3.9437677],[-70.82317,-3.94637],[-70.8248612,-3.9481337],[-70.8269992,-3.9499231],[-70.8344025,-3.959362],[-70.838459,-3.964534],[-70.8555312,-3.9743965],[-70.8588435,-3.979165],[-70.8616989,-3.9851612],[-70.8633555,-3.9942695],[-70.8616899,-4.001527],[-70.8590876,-4.0085762],[-70.8589434,-4.0089668],[-70.8598626,-4.0202728],[-70.8624669,-4.0295499],[-70.8677441,-4.0381875],[-70.8743219,-4.0484012],[-70.8767365,-4.052151],[-70.8800215,-4.0572521],[-70.8999531,-4.0808007],[-70.9063057,-4.0922442],[-70.906418,-4.0924805],[-70.9085919,-4.0962051],[-70.9095156,-4.0976954],[-70.9180181,-4.1121278],[-70.9245097,-4.121334],[-70.9285644,-4.1288436],[-70.9345591,-4.1363872],[-70.9494082,-4.152486],[-70.9507774,-4.155207],[-70.954008,-4.1568631],[-70.9559161,-4.1578021],[-70.962309,-4.1609478],[-70.962434,-4.1610093],[-70.9648259,-4.1621865],[-70.9648897,-4.1622177],[-70.9654819,-4.1625091],[-70.9666577,-4.1630877],[-70.9722012,-4.1655762],[-70.9785874,-4.1686903],[-70.9803874,-4.1695682],[-70.986129,-4.1714821],[-71.0029062,-4.1726318],[-71.0098164,-4.1733742],[-71.0227795,-4.1766293],[-71.0258239,-4.1768085],[-71.0306711,-4.1770936],[-71.0388881,-4.1775771],[-71.0418857,-4.178326],[-71.0435077,-4.1795687],[-71.0456777,-4.1805968],[-71.0489329,-4.1811107],[-71.0524736,-4.1803682],[-71.059155,-4.1795117],[-71.0636094,-4.1786836],[-71.0670305,-4.1777656],[-71.0720612,-4.1773987],[-71.077315,-4.1786551],[-71.0836539,-4.1816246],[-71.0884849,-4.1848532],[-71.0935294,-4.1882246],[-71.0982692,-4.1888813],[-71.1021525,-4.190823],[-71.1127995,-4.1936295],[-71.1153211,-4.1949256],[-71.1196272,-4.1985896],[-71.1254521,-4.2005312],[-71.1401992,-4.2010195],[-71.1592051,-4.1997257],[-71.1756234,-4.2013318],[-71.1835649,-4.2041872],[-71.1948971,-4.2114148],[-71.2054124,-4.2175992],[-71.2058496,-4.2178183],[-71.2090859,-4.2196948],[-71.2135722,-4.2206777],[-71.2277599,-4.2220608],[-71.2465195,-4.2286836],[-71.2495671,-4.231296],[-71.2546017,-4.2358676],[-71.2649024,-4.244953],[-71.2680851,-4.2469783],[-71.2702695,-4.24775],[-71.274818,-4.2472851],[-71.2827559,-4.2460288],[-71.2900655,-4.2452863],[-71.2992597,-4.2452578],[-71.3176121,-4.2479206],[-71.3193476,-4.2481723],[-71.3395137,-4.2465215],[-71.3487587,-4.2461526],[-71.3601982,-4.2456961],[-71.3618322,-4.2456307],[-71.3620839,-4.2456426],[-71.3684395,-4.2451621],[-71.3731836,-4.2441718],[-71.3762206,-4.2431856],[-71.3868565,-4.2393828],[-71.3962325,-4.2357656],[-71.4025346,-4.2321563],[-71.4113554,-4.2271048],[-71.4164851,-4.22508],[-71.420207,-4.2246777],[-71.4236915,-4.224301],[-71.4290595,-4.2225877],[-71.4355817,-4.2194595],[-71.4362865,-4.2191466],[-71.4409965,-4.2162253],[-71.4472196,-4.2123656],[-71.4523594,-4.2098242],[-71.4586975,-4.2075463],[-71.460937,-4.2067416],[-71.4773267,-4.2041717],[-71.4883507,-4.2018837],[-71.488681,-4.2018152],[-71.4922424,-4.201323],[-71.4932225,-4.2011875],[-71.4966289,-4.2007168],[-71.5051582,-4.2001582],[-71.5099609,-4.1984471],[-71.5135811,-4.1970163],[-71.515058,-4.1964327],[-71.5234381,-4.1901095],[-71.5391426,-4.1782596],[-71.5499267,-4.1713726],[-71.565854,-4.1643673],[-71.5749359,-4.1603727],[-71.5801765,-4.1581445],[-71.5811601,-4.1577263],[-71.5822227,-4.1572745],[-71.5910722,-4.1535117],[-71.5957192,-4.1525355],[-71.6012375,-4.1530988],[-71.6039734,-4.1530472],[-71.6075357,-4.1524817],[-71.6116132,-4.1530988],[-71.6143795,-4.153549],[-71.6179625,-4.1557316],[-71.6213179,-4.1579512],[-71.6235879,-4.1582871],[-71.6251914,-4.1583985],[-71.6259922,-4.1583945],[-71.6271972,-4.1582187],[-71.6295542,-4.1576051],[-71.6419145,-4.1527376],[-71.6468657,-4.1511097],[-71.6494511,-4.1502597],[-71.654372,-4.1484117],[-71.6583299,-4.1466462],[-71.6624079,-4.1454075],[-71.662409,-4.1454075],[-71.6634456,-4.1453922],[-71.6659696,-4.145356],[-71.6709252,-4.146698],[-71.6740225,-4.1473688],[-71.6773777,-4.1472657],[-71.6809396,-4.1463882],[-71.6826325,-4.1456395],[-71.6925402,-4.1412571],[-71.7122732,-4.1314698],[-71.7142349,-4.1312117],[-71.7151884,-4.1314986],[-71.7177079,-4.1322565],[-71.7180677,-4.1323887],[-71.7205244,-4.132994],[-71.7227675,-4.1326736],[-71.723444,-4.1320682],[-71.7234591,-4.1312336],[-71.7228301,-4.1308398],[-71.721525,-4.1284175],[-71.7188632,-4.1260986],[-71.708074,-4.1166986],[-71.7066249,-4.1153912],[-71.7046244,-4.1140837],[-71.7014315,-4.112436],[-71.6978809,-4.111188],[-71.6842322,-4.106391],[-71.6732369,-4.1015298],[-71.6723614,-4.1011668],[-71.671849,-4.1007398],[-71.6716569,-4.1002487],[-71.6713366,-4.0987328],[-71.6709749,-4.0980165],[-71.6706836,-4.0974395],[-71.6707864,-4.0961127],[-71.6706405,-4.0954256],[-71.6691625,-4.0931771],[-71.6682449,-4.09074],[-71.6661534,-4.0851855],[-71.666015,-4.0791883],[-71.6658436,-4.0717643],[-71.6650441,-4.0671388],[-71.6635022,-4.062456],[-71.6593906,-4.0538613],[-71.6509374,-4.0376508],[-71.6485047,-4.0329858],[-71.6481204,-4.0321881],[-71.6468739,-4.0296007],[-71.6466307,-4.0290962],[-71.6454039,-4.0265497],[-71.6450469,-4.0259995],[-71.6447865,-4.0255983],[-71.6365059,-4.0128361],[-71.6299981,-4.0003906],[-71.6299414,-3.9998731],[-71.6281582,-3.9878691],[-71.6283781,-3.9684648],[-71.627807,-3.9565865],[-71.6263222,-3.9485058],[-71.6253797,-3.941707],[-71.6252516,-3.938905],[-71.6245195,-3.9229003],[-71.6218652,-3.9087637],[-71.620086,-3.8893906],[-71.6179882,-3.8751777],[-71.6155624,-3.866125],[-71.6141816,-3.8621152],[-71.612457,-3.8584511],[-71.6075919,-3.8499336],[-71.6073041,-3.8494277],[-71.607293,-3.8494082],[-71.6007695,-3.8430057],[-71.5982441,-3.8395722],[-71.5945664,-3.8324746],[-71.5938789,-3.8299551],[-71.5939785,-3.8251367],[-71.5944239,-3.8222696],[-71.5969081,-3.8140078],[-71.5994044,-3.8082636],[-71.6034922,-3.8006816],[-71.6073457,-3.7916113],[-71.6074571,-3.7914361],[-71.611083,-3.785978],[-71.6112129,-3.7855262],[-71.6124985,-3.7810545],[-71.613153,-3.7778678],[-71.6124369,-3.7759463],[-71.6114522,-3.7749001],[-71.61059,-3.7740101],[-71.61024,-3.77429],[-71.60992,-3.77449],[-71.60838,-3.77534],[-71.60815,-3.77546],[-71.6078,-3.77563],[-71.60671,-3.77693],[-71.60532,-3.77837],[-71.60453,-3.77903],[-71.60339,-3.77977],[-71.60253,-3.7803],[-71.60209,-3.78067],[-71.60163,-3.78111],[-71.60085,-3.78177],[-71.60002,-3.78237],[-71.5996,-3.7826],[-71.59902,-3.78306],[-71.5983,-3.78373],[-71.59701,-3.78483],[-71.5965,-3.78513],[-71.59543,-3.78566],[-71.59444,-3.78623],[-71.59383,-3.78664],[-71.59254,-3.78771],[-71.5919,-3.78832],[-71.59154,-3.78869],[-71.59119,-3.78899],[-71.59054,-3.78971],[-71.58941,-3.79071],[-71.58892,-3.79134],[-71.58846,-3.79187],[-71.5874,-3.79343],[-71.58665,-3.79439],[-71.58642,-3.79457],[-71.58592,-3.79486],[-71.58437,-3.7957],[-71.58402,-3.79592],[-71.58333,-3.79645],[-71.58276,-3.79693],[-71.58155,-3.79809],[-71.5812,-3.7985],[-71.58083,-3.79883],[-71.58011,-3.79937],[-71.5800052,-3.7994326],[-71.5790056,-3.8000296],[-71.5789635,-3.8000547],[-71.5787881,-3.8001595],[-71.5787165,-3.8002023],[-71.578702,-3.8002108],[-71.5786759,-3.8002266],[-71.5786732,-3.8002281],[-71.5786701,-3.80023],[-71.5782204,-3.8000156],[-71.5777722,-3.7996187],[-71.5773754,-3.799017],[-71.5766524,-3.797209],[-71.5765312,-3.7945703],[-71.5770957,-3.7911288],[-71.5814981,-3.7756346],[-71.5822832,-3.7703575],[-71.5822676,-3.7657695],[-71.5817969,-3.7602656],[-71.58184,-3.7539],[-71.58202,-3.75335],[-71.58205,-3.75313],[-71.58202,-3.75299],[-71.58174,-3.75261],[-71.58088,-3.75195],[-71.58033,-3.75139],[-71.57972,-3.75083],[-71.57938,-3.75046],[-71.5792,-3.75016],[-71.57909,-3.74987],[-71.57895,-3.74928],[-71.57887,-3.74913],[-71.57885,-3.74871],[-71.57903,-3.74773],[-71.57914,-3.74748],[-71.57958,-3.74669],[-71.57985,-3.74611],[-71.58016,-3.74512],[-71.58025,-3.74454],[-71.58034,-3.74425],[-71.58059,-3.74384],[-71.58097,-3.74336],[-71.58142,-3.74267],[-71.5816,-3.74223],[-71.58175,-3.74211],[-71.5819,-3.74181],[-71.5826,-3.74013],[-71.58333,-3.73879],[-71.5837,-3.73787],[-71.58388,-3.73723],[-71.58397,-3.73683],[-71.58424,-3.73479],[-71.58426,-3.73451],[-71.5843701,-3.7342402],[-71.5844731,-3.7338192],[-71.5852042,-3.7238345],[-71.5902871,-3.6956777],[-71.5923164,-3.6877597],[-71.5939971,-3.6826338],[-71.5973876,-3.6758413],[-71.6020294,-3.666542],[-71.6034355,-3.664232],[-71.6043149,-3.6627873],[-71.6065499,-3.6602546],[-71.6085741,-3.6586635],[-71.6111536,-3.6578222],[-71.6187617,-3.6578046],[-71.6214624,-3.6571898],[-71.6259765,-3.6561623],[-71.6284265,-3.655384],[-71.6289369,-3.6552218],[-71.6377559,-3.65242],[-71.6476582,-3.647668],[-71.6711956,-3.6339913],[-71.6794301,-3.6265187],[-71.6804875,-3.6255592],[-71.6810586,-3.6227325],[-71.6803016,-3.6141456],[-71.6753905,-3.6043802],[-71.6682812,-3.5914395],[-71.6673652,-3.5900665],[-71.6593555,-3.5838985],[-71.634783,-3.5721563],[-71.6246784,-3.5673277],[-71.6095439,-3.5576643],[-71.6032481,-3.5536445],[-71.6030059,-3.5533952],[-71.5986779,-3.5489407],[-71.5928562,-3.5429492],[-71.5847871,-3.5346445],[-71.5768762,-3.5268573],[-71.5745827,-3.5240513],[-71.5643365,-3.5115156],[-71.5613022,-3.5073402],[-71.5555421,-3.4994138],[-71.5522299,-3.4923326],[-71.5462336,-3.4738702],[-71.5429785,-3.4663203],[-71.5293962,-3.4430776],[-71.5282187,-3.4410625],[-71.5274444,-3.4399006],[-71.5258266,-3.4374733],[-71.512519,-3.4175066],[-71.5070842,-3.408527],[-71.500832,-3.3958555],[-71.4963711,-3.3868145],[-71.4926795,-3.379918],[-71.4914101,-3.3780391],[-71.4916319,-3.3768062],[-71.4914606,-3.3744333],[-71.4906992,-3.3717871],[-71.4898906,-3.3696016],[-71.4877169,-3.365711],[-71.4834219,-3.3587266],[-71.479127,-3.3525996],[-71.4779021,-3.3511947],[-71.4774529,-3.3498302],[-71.4773031,-3.3488151],[-71.4773954,-3.3476416],[-71.477536,-3.345853],[-71.4772697,-3.3451707],[-71.4761195,-3.3443081],[-71.4756722,-3.3439726],[-71.4742056,-3.3408633],[-71.47042,-3.3328379],[-71.4662326,-3.3258907],[-71.4636769,-3.3216508],[-71.4612716,-3.319017],[-71.4611044,-3.3180811],[-71.4604706,-3.3145346],[-71.4585195,-3.3036172],[-71.4572055,-3.2962646],[-71.455168,-3.291584],[-71.4477382,-3.2824297],[-71.4432731,-3.2784467],[-71.4396011,-3.2767615],[-71.4361347,-3.2762481],[-71.4357364,-3.2749138],[-71.4352715,-3.272707],[-71.4353205,-3.2692668],[-71.435208,-3.2685205],[-71.4348556,-3.2661838],[-71.4337705,-3.2649846],[-71.4314292,-3.2634427],[-71.4277744,-3.2621292],[-71.4224629,-3.2597226],[-71.359732,-3.2205291],[-71.3529547,-3.2162947],[-71.3382876,-3.2073065],[-71.3332051,-3.2021954],[-71.3317971,-3.2005733],[-71.3274766,-3.1955957],[-71.3202207,-3.1888419],[-71.3171309,-3.186209],[-71.3107422,-3.1815683],[-71.3217795,-3.2022841],[-71.3333164,-3.2239375]]]]}},
{"type":"Feature","properties":{"ubigeo":"160405","nombre":"SANTA ROSA DE LORETO","fuente":"derivado"},"geometry":{"type":"Polygon","coordinates":[[[-70.19161,-4.11468],[-70.19154,-4.11471],[-70.1908398,-4.1151406],[-70.1901211,-4.1165899],[-70.189252,-4.1181036],[-70.1887207,-4.1189238],[-70.1876503,-4.1198711],[-70.1865137,-4.1207148],[-70.1841816,-4.1220391],[-70.1825863,-4.122716],[-70.1820376,-4.1228948],[-70.1798672,-4.123377],[-70.1783217,-4.1235595],[-70.1782348,-4.1235824],[-70.1775242,-4.1237703],[-70.1770433,-4.1240478],[-70.1757215,-4.1249917],[-70.1743808,-4.1257481],[-70.172502,-4.1263652],[-70.1709512,-4.1268575],[-70.169916,-4.1272364],[-70.1690586,-4.1273867],[-70.1676094,-4.1272617],[-70.1662461,-4.126832],[-70.1651231,-4.1264277],[-70.1639238,-4.1258613],[-70.1620957,-4.1246152],[-70.1607246,-4.1236055],[-70.1593047,-4.122045],[-70.157869,-4.1202968],[-70.1568926,-4.1190195],[-70.1560252,-4.1177422],[-70.1548751,-4.1155507],[-70.1536913,-4.1128222],[-70.1529511,-4.1112148],[-70.1522891,-4.1090078],[-70.1516895,-4.1071463],[-70.1514738,-4.106426],[-70.1513768,-4.1056665],[-70.1510117,-4.1044356],[-70.1506702,-4.1033322],[-70.1501977,-4.10168],[-70.1497412,-4.099619],[-70.1494542,-4.0986892],[-70.148915,-4.0973437],[-70.1484222,-4.0959982],[-70.1474023,-4.0941406],[-70.1464551,-4.0927538],[-70.1453882,-4.091437],[-70.1446113,-4.0906723],[-70.1437172,-4.0899818],[-70.1432932,-4.0896767],[-70.1432402,-4.0896308],[-70.1420878,-4.0887812],[-70.1406075,-4.0879766],[-70.1398412,-4.0876928],[-70.1394425,-4.087787],[-70.1390525,-4.08802],[-70.13875,-4.0884],[-70.1369,-4.09077],[-70.13632,-4.0916],[-70.13605,-4.09206],[-70.13496,-4.09341],[-70.13451,-4.09404],[-70.13355,-4.09498],[-70.1323,-4.09597],[-70.13106,-4.09681],[-70.13047,-4.09722],[-70.13006,-4.09746],[-70.12969,-4.09778],[-70.12844,-4.09846],[-70.12701,-4.09909],[-70.1268,-4.09923],[-70.12649,-4.09932],[-70.12625,-4.09938],[-70.12546,-4.09969],[-70.12501,-4.0998],[-70.12417,-4.10019],[-70.12347,-4.10038],[-70.12296,-4.10062],[-70.12251,-4.10074],[-70.12179,-4.10105],[-70.12102,-4.10125],[-70.11996,-4.10166],[-70.11957,-4.10172],[-70.11854,-4.10206],[-70.11787,-4.10221],[-70.11699,-4.10256],[-70.1166,-4.10261],[-70.11571,-4.10297],[-70.11424,-4.10336],[-70.11226,-4.1036],[-70.11176,-4.10359],[-70.1114,-4.10365],[-70.10953,-4.10372],[-70.10853,-4.10394],[-70.10679,-4.10441],[-70.10591,-4.10475],[-70.10547,-4.10483],[-70.10447,-4.1053],[-70.10393,-4.10543],[-70.10322,-4.10572],[-70.10177,-4.10615],[-70.10127,-4.10624],[-70.10023,-4.10665],[-70.09972,-4.10679],[-70.09773,-4.10752],[-70.09709,-4.10768],[-70.09605,-4.10809],[-70.09567,-4.10817],[-70.09489,-4.10847],[-70.09405,-4.1087],[-70.09329,-4.10899],[-70.09283,-4.10907],[-70.09222,-4.10927],[-70.09184,-4.10934],[-70.09038,-4.10937],[-70.08882,-4.10928],[-70.08787,-4.10913],[-70.08612,-4.10864],[-70.0856,-4.10857],[-70.08395,-4.10813],[-70.08235,-4.10781],[-70.08126,-4.10743],[-70.07999,-4.10668],[-70.0794,-4.10642],[-70.0778,-4.10563],[-70.0774,-4.10535],[-70.07645,-4.10479],[-70.07555,-4.10416],[-70.07465,-4.1034],[-70.07387,-4.10286],[-70.0734,-4.10259],[-70.0721,-4.10161],[-70.07103,-4.1007],[-70.06924,-4.09942],[-70.06861,-4.09888],[-70.0674,-4.09809],[-70.06596,-4.09744],[-70.0656115,-4.0973307],[-70.06545,-4.09728],[-70.06474,-4.09716],[-70.06462,-4.09708],[-70.06358,-4.09731],[-70.06304,-4.09753],[-70.0629547,-4.0975882],[-70.0628541,-4.097657],[-70.0628466,-4.0976621],[-70.0628381,-4.097668],[-70.062837,-4.0976687],[-70.0628358,-4.0976695],[-70.0617481,-4.0972617],[-70.0602343,-4.0966367],[-70.0591777,-4.096084],[-70.0581933,-4.0956757],[-70.0576895,-4.0955078],[-70.0566548,-4.0950787],[-70.0518266,-4.1079297],[-70.0509257,-4.109791],[-70.0501973,-4.1110008],[-70.0477495,-4.1150661],[-70.0473798,-4.1156801],[-70.0470383,-4.1162472],[-70.0442315,-4.1209087],[-70.0340795,-4.1344127],[-70.0312583,-4.1369487],[-70.0287268,-4.1392245],[-70.026621,-4.1411177],[-70.0247724,-4.1427797],[-70.0232917,-4.1441107],[-70.0199633,-4.1471027],[-70.0191832,-4.1478457],[-70.0176705,-4.1492865],[-70.01585,-4.15102],[-70.0145228,-4.1522841],[-70.0133773,-4.153375],[-69.9983253,-4.16771],[-69.9888591,-4.1774684],[-69.983711,-4.1827755],[-69.9833371,-4.1830892],[-69.9820616,-4.1841601],[-69.9614363,-4.2014775],[-69.9556895,-4.2076426],[-69.9521503,-4.2137968],[-69.9516548,-4.2154981],[-69.9504922,-4.2194902],[-69.949593,-4.2253768],[-69.9493587,-4.2287426],[-69.9490394,-4.23333],[-69.9495433,-4.2403858],[-69.9512596,-4.2517697],[-69.9511986,-4.2538825],[-69.9510743,-4.2581751],[-69.9510221,-4.2599817],[-69.9510125,-4.2603105],[-69.9508017,-4.267603],[-69.9501035,-4.2750703],[-69.949912,-4.276685],[-69.9496792,-4.2786467],[-69.9500719,-4.2786462],[-69.9505171,-4.2786456],[-69.9509624,-4.2786451],[-69.9514077,-4.2786445],[-69.9518529,-4.278644],[-69.9522982,-4.2786434],[-69.9527435,-4.2786429],[-69.9531887,-4.2786423],[-69.953634,-4.2786418],[-69.9540792,-4.2786412],[-69.9545245,-4.2786407],[-69.9549698,-4.2786401],[-69.955415,-4.2786395],[-69.9558603,-4.278639],[-69.9563056,-4.2786384],[-69.9567508,-4.2786379],[-69.9571961,-4.2786373],[-69.9576413,-4.2786368],[-69.9580866,-4.2786362],[-69.9585319,-4.2786356],[-69.9589771,-4.2786351],[-69.9594224,-4.2786345],[-69.9598677,-4.278634],[-69.9603129,-4.2786334],[-69.9607582,-4.2786329],[-69.9612034,-4.2786323],[-69.9616487,-4.2786317],[-69.962094,-4.2786312],[-69.9625392,-4.2786306],[-69.9629845,-4.2786301],[-69.9634298,-4.2786295],[-69.963875,-4.2786289],[-69.9643203,-4.2786284],[-69.9647655,-4.2786278],[-69.9652108,-4.2786272],[-69.9656561,-4.2786267],[-69.9661013,-4.2786261],[-69.9665466,-4.2786256],[-69.9669919,-4.278625],[-69.9674371,-4.2786244],[-69.9678824,-4.2786239],[-69.9683276,-4.2786233],[-69.9687729,-4.2786227],[-69.9692182,-4.2786222],[-69.9696634,-4.2786216],[-69.9701087,-4.278621],[-69.9705539,-4.2786205],[-69.9709992,-4.2786199],[-69.9714445,-4.2786194],[-69.9718897,-4.2786188],[-69.972335,-4.2786182],[-69.9727802,-4.2786177],[-69.9732255,-4.2786171],[-69.9735348,-4.2783087],[-69.9738441,-4.2780003],[-69.9741534,-4.2776918],[-69.9744626,-4.2773834],[-69.9747719,-4.277075],[-69.9750812,-4.2767666],[-69.9753905,-4.2764582],[-69.9756998,-4.2761498],[-69.9760091,-4.2758413],[-69.9763183,-4.2755329],[-69.9766276,-4.2752245],[-69.9769369,-4.2749161],[-69.9772462,-4.2746077],[-69.9775555,-4.2742992],[-69.9778647,-4.2739908],[-69.978174,-4.2736824],[-69.9784833,-4.273374],[-69.9787926,-4.2730656],[-69.9791019,-4.2727572],[-69.9793787,-4.2725465],[-69.9796555,-4.2723358],[-69.9799323,-4.2721252],[-69.9802091,-4.2719145],[-69.9804519,-4.2715369],[-69.9806947,-4.2711592],[-69.9809375,-4.2707816],[-69.9811802,-4.270404],[-69.981423,-4.2700263],[-69.9816658,-4.2696487],[-69.9819086,-4.2692711],[-69.9818901,-4.268855],[-69.9818715,-4.2684389],[-69.981853,-4.2680228],[-69.9818344,-4.2676068],[-69.9818159,-4.2671907],[-69.9817973,-4.2667746],[-69.9817788,-4.2663586],[-69.9817206,-4.265957],[-69.9816624,-4.2655555],[-69.9816043,-4.2651539],[-69.9815461,-4.2647524],[-69.9814879,-4.2643508],[-69.9813568,-4.263956],[-69.9812256,-4.2635612],[-69.9810945,-4.2631664],[-69.9809633,-4.2627716],[-69.9808322,-4.2623767],[-69.980701,-4.2619819],[-69.980614,-4.2615949],[-69.9805271,-4.2612079],[-69.9804401,-4.2608208],[-69.9803531,-4.2604338],[-69.9802661,-4.2600468],[-69.9802657,-4.2597053],[-69.9802652,-4.2593638],[-69.9802648,-4.2590224],[-69.9802644,-4.2586809],[-69.9803774,-4.2582791],[-69.9804904,-4.2578774],[-69.9806034,-4.2574756],[-69.9807164,-4.2570738],[-69.9808295,-4.2566721],[-69.9807411,-4.2562403],[-69.9806527,-4.2558084],[-69.9805643,-4.2553766],[-69.9804759,-4.2549448],[-69.9804135,-4.2545094],[-69.9803512,-4.254074],[-69.9802889,-4.2536386],[-69.9802265,-4.2532032],[-69.9801642,-4.2527678],[-69.9801019,-4.2523324],[-69.9800395,-4.251897],[-69.9801501,-4.251482],[-69.9802607,-4.251067],[-69.9803713,-4.250652],[-69.9804819,-4.2502369],[-69.9805925,-4.2498219],[-69.9807031,-4.2494069],[-69.9808137,-4.2489919],[-69.9809243,-4.2485768],[-69.9810349,-4.2481618],[-69.9811455,-4.2477468],[-69.9812561,-4.2473317],[-69.9813667,-4.2469167],[-69.9814773,-4.2465017],[-69.9815879,-4.2460867],[-69.9816985,-4.2456716],[-69.9821356,-4.2456071],[-69.9825726,-4.2455425],[-69.9830096,-4.2454779],[-69.9834466,-4.2454133],[-69.9838836,-4.2453488],[-69.9843206,-4.2452842],[-69.9847577,-4.2452196],[-69.9851947,-4.2451551],[-69.9856317,-4.2450905],[-69.9860687,-4.2450259],[-69.9865057,-4.2449613],[-69.9869427,-4.2448968],[-69.9873798,-4.2448322],[-69.9878168,-4.2447676],[-69.9882538,-4.244703],[-69.9886908,-4.2446385],[-69.9891278,-4.2445739],[-69.9895648,-4.2445093],[-69.9900019,-4.2444447],[-69.9904389,-4.2443802],[-69.9908759,-4.2443156],[-69.9913129,-4.244251],[-69.9917499,-4.2441864],[-69.9921869,-4.2441219],[-69.992624,-4.2440573],[-69.993061,-4.2439927],[-69.993498,-4.2439281],[-69.993935,-4.2438636],[-69.994372,-4.243799],[-69.994809,-4.2437344],[-69.995246,-4.2436698],[-69.9956831,-4.2436052],[-69.9961201,-4.2435407],[-69.9965571,-4.2434761],[-69.9969941,-4.2434115],[-69.9974311,-4.2433469],[-69.9978681,-4.2432824],[-69.9983051,-4.2432178],[-69.9987422,-4.2431532],[-69.9989834,-4.2427785],[-69.9992247,-4.2424038],[-69.999466,-4.2420291],[-69.9997073,-4.2416544],[-69.9999486,-4.2412797],[-70.0001899,-4.240905],[-70.0004312,-4.2405303],[-70.0006724,-4.2401556],[-70.0009137,-4.239781],[-70.001155,-4.2394063],[-70.0013963,-4.2390316],[-70.0016376,-4.2386569],[-70.0018788,-4.2382822],[-70.0021201,-4.2379075],[-70.0023614,-4.2375328],[-70.0026027,-4.2371581],[-70.002844,-4.2367834],[-70.0030853,-4.2364087],[-70.0035053,-4.2362555],[-70.0039254,-4.2361023],[-70.0043455,-4.2359491],[-70.0047655,-4.235796],[-70.0051856,-4.2356428],[-70.0056057,-4.2354896],[-70.0060258,-4.2353364],[-70.0064458,-4.2351832],[-70.0068659,-4.23503],[-70.007286,-4.2348768],[-70.0077061,-4.2347236],[-70.0081261,-4.2345704],[-70.0085462,-4.2344173],[-70.0089663,-4.2342641],[-70.0093863,-4.2341109],[-70.0098064,-4.2339577],[-70.0102265,-4.2338045],[-70.0106465,-4.2336513],[-70.0110666,-4.2334981],[-70.0114867,-4.2333449],[-70.0119068,-4.2331917],[-70.0123268,-4.2330385],[-70.0127469,-4.2328854],[-70.013167,-4.2327322],[-70.013587,-4.232579],[-70.0140071,-4.2324258],[-70.0144272,-4.2322726],[-70.0148472,-4.2321194],[-70.0152673,-4.2319662],[-70.0156874,-4.231813],[-70.0161074,-4.2316598],[-70.0165275,-4.2315066],[-70.0169476,-4.2313534],[-70.0173676,-4.2312002],[-70.0177877,-4.231047],[-70.0182078,-4.2308938],[-70.0186278,-4.2307407],[-70.0190479,-4.2305875],[-70.019468,-4.2304343],[-70.019888,-4.2302811],[-70.0203081,-4.2301279],[-70.0207282,-4.2299747],[-70.0211482,-4.2298215],[-70.0215683,-4.2296683],[-70.0219884,-4.2295151],[-70.0224084,-4.2293619],[-70.0228285,-4.2292087],[-70.0232485,-4.2290555],[-70.0236686,-4.2289023],[-70.0240887,-4.2287491],[-70.0245087,-4.2285959],[-70.0249288,-4.2284427],[-70.0253489,-4.2282895],[-70.0257689,-4.2281363],[-70.026189,-4.2279831],[-70.026609,-4.2278299],[-70.0270291,-4.2276767],[-70.0274492,-4.2275235],[-70.0278692,-4.2273703],[-70.0282893,-4.2272171],[-70.0287094,-4.2270639],[-70.0291294,-4.2269107],[-70.0295495,-4.2267575],[-70.0299695,-4.2266043],[-70.0303896,-4.2264511],[-70.0308097,-4.2262979],[-70.0312297,-4.2261447],[-70.0316498,-4.2259915],[-70.0320698,-4.2258383],[-70.0324899,-4.2256851],[-70.0329099,-4.2255319],[-70.03333,-4.2253787],[-70.0337501,-4.2252255],[-70.0341701,-4.2250723],[-70.0345902,-4.2249191],[-70.0350102,-4.2247659],[-70.0354303,-4.2246127],[-70.0358504,-4.2244595],[-70.0362704,-4.2243063],[-70.0366905,-4.2241531],[-70.0371105,-4.2239999],[-70.0375306,-4.2238467],[-70.0379506,-4.2236935],[-70.0383707,-4.2235403],[-70.0387907,-4.2233871],[-70.0392108,-4.2232339],[-70.0396309,-4.2230807],[-70.0400509,-4.2229275],[-70.040471,-4.2227743],[-70.040891,-4.2226211],[-70.0413111,-4.2224679],[-70.0417311,-4.2223147],[-70.0421512,-4.2221615],[-70.0425712,-4.2220083],[-70.0429913,-4.2218551],[-70.0434113,-4.2217019],[-70.0438159,-4.2215077],[-70.0442205,-4.2213136],[-70.0446251,-4.2211195],[-70.0450296,-4.2209254],[-70.0454342,-4.2207313],[-70.0458388,-4.2205372],[-70.0462433,-4.2203431],[-70.0466479,-4.2201489],[-70.0470525,-4.2199548],[-70.047457,-4.2197607],[-70.0478616,-4.2195666],[-70.0482662,-4.2193725],[-70.0486707,-4.2191784],[-70.0490753,-4.2189842],[-70.0494799,-4.2187901],[-70.0498844,-4.218596],[-70.050289,-4.2184019],[-70.0506936,-4.2182078],[-70.0510981,-4.2180137],[-70.0515027,-4.2178195],[-70.0519073,-4.2176254],[-70.0523118,-4.2174313],[-70.0527164,-4.2172372],[-70.0531209,-4.2170431],[-70.0535255,-4.2168489],[-70.0539301,-4.2166548],[-70.0543346,-4.2164607],[-70.0547392,-4.2162666],[-70.0551438,-4.2160725],[-70.0555483,-4.2158784],[-70.0559529,-4.2156842],[-70.0563575,-4.2154901],[-70.056762,-4.215296],[-70.0571666,-4.2151019],[-70.0575711,-4.2149078],[-70.0579757,-4.2147136],[-70.0583803,-4.2145195],[-70.0587848,-4.2143254],[-70.0591894,-4.2141313],[-70.0595939,-4.2139372],[-70.0599985,-4.213743],[-70.0604031,-4.2135489],[-70.0608076,-4.2133548],[-70.0612122,-4.2131607],[-70.0616167,-4.2129665],[-70.0619868,-4.2127172],[-70.0623569,-4.2124678],[-70.062727,-4.2122185],[-70.0630971,-4.2119691],[-70.0634672,-4.2117198],[-70.0638373,-4.2114704],[-70.0642074,-4.211221],[-70.0645775,-4.2109717],[-70.0649476,-4.2107223],[-70.0653177,-4.210473],[-70.0656878,-4.2102236],[-70.0660579,-4.2099743],[-70.0664279,-4.2097249],[-70.066798,-4.2094755],[-70.0671681,-4.2092262],[-70.0675382,-4.2089768],[-70.0679083,-4.2087275],[-70.0682784,-4.2084781],[-70.0686485,-4.2082288],[-70.0690186,-4.2079794],[-70.0693887,-4.20773],[-70.0697588,-4.2074807],[-70.0701288,-4.2072313],[-70.0704989,-4.206982],[-70.070869,-4.2067326],[-70.0712391,-4.2064832],[-70.0716092,-4.2062339],[-70.0719793,-4.2059845],[-70.0723494,-4.2057352],[-70.0727195,-4.2054858],[-70.0730895,-4.2052364],[-70.0734596,-4.2049871],[-70.0738297,-4.2047377],[-70.0741998,-4.2044884],[-70.0745699,-4.204239],[-70.07494,-4.2039896],[-70.0753101,-4.2037403],[-70.0756801,-4.2034909],[-70.0760502,-4.2032416],[-70.0764203,-4.2029922],[-70.0767904,-4.2027428],[-70.0771605,-4.2024935],[-70.0775306,-4.2022441],[-70.0779768,-4.2021901],[-70.0784231,-4.202136],[-70.0788693,-4.202082],[-70.0793156,-4.202028],[-70.0797618,-4.2019739],[-70.0802081,-4.2019199],[-70.0806543,-4.2018659],[-70.0811006,-4.2018118],[-70.0815468,-4.2017578],[-70.0819931,-4.2017037],[-70.0824393,-4.2016497],[-70.0828856,-4.2015957],[-70.0833318,-4.2015416],[-70.0837781,-4.2014876],[-70.0842244,-4.2014335],[-70.0846706,-4.2013795],[-70.0851169,-4.2013254],[-70.0855631,-4.2012714],[-70.0860094,-4.2012174],[-70.0864556,-4.2011633],[-70.0869019,-4.2011093],[-70.0873481,-4.2010552],[-70.0877944,-4.2010012],[-70.0882406,-4.2009472],[-70.0886869,-4.2008931],[-70.0891331,-4.2008391],[-70.0895794,-4.200785],[-70.0900256,-4.200731],[-70.0904719,-4.2006769],[-70.0909181,-4.2006229],[-70.0913644,-4.2005688],[-70.0918106,-4.2005148],[-70.0922569,-4.2004608],[-70.0927031,-4.2004067],[-70.0931494,-4.2003527],[-70.0935956,-4.2002986],[-70.0940419,-4.2002446],[-70.0944881,-4.2001905],[-70.0949344,-4.2001365],[-70.0953806,-4.2000824],[-70.0958268,-4.2000284],[-70.0962731,-4.1999743],[-70.0967193,-4.1999203],[-70.0971656,-4.1998662],[-70.0976118,-4.1998122],[-70.0980581,-4.1997581],[-70.0985043,-4.1997041],[-70.0989506,-4.19965],[-70.0993968,-4.199596],[-70.0998431,-4.1995419],[-70.1002893,-4.1994879],[-70.1007356,-4.1994338],[-70.1011818,-4.1993798],[-70.1016281,-4.1993257],[-70.1020743,-4.1992717],[-70.1025206,-4.1992176],[-70.1029668,-4.1991636],[-70.103413,-4.1991095],[-70.1038593,-4.1990555],[-70.1043055,-4.1990014],[-70.1047518,-4.1989474],[-70.105198,-4.1988933],[-70.1056443,-4.1988393],[-70.1060905,-4.1987852],[-70.1065368,-4.1987312],[-70.106983,-4.1986771],[-70.1074293,-4.1986231],[-70.1078755,-4.198569],[-70.1083217,-4.198515],[-70.108768,-4.1984609],[-70.1092142,-4.1984068],[-70.1096605,-4.1983528],[-70.1101067,-4.1982987],[-70.110553,-4.1982447],[-70.1109992,-4.1981906],[-70.1114455,-4.1981366],[-70.1118917,-4.1980825],[-70.1123379,-4.1980285],[-70.1127842,-4.1979744],[-70.1132304,-4.1979203],[-70.1136767,-4.1978663],[-70.1141229,-4.1978122],[-70.1145692,-4.1977582],[-70.1150154,-4.1977041],[-70.1154616,-4.1976501],[-70.1158764,-4.1974779],[-70.1162911,-4.1973057],[-70.1167058,-4.1971335],[-70.1171205,-4.1969613],[-70.1175352,-4.1967891],[-70.1179499,-4.196617],[-70.1183646,-4.1964448],[-70.1187793,-4.1962726],[-70.119194,-4.1961004],[-70.1196087,-4.1959282],[-70.1200234,-4.195756],[-70.1204381,-4.1955839],[-70.1208528,-4.1954117],[-70.1212675,-4.1952395],[-70.1216822,-4.1950673],[-70.1220969,-4.1948951],[-70.1225116,-4.1947229],[-70.1229263,-4.1945508],[-70.123341,-4.1943786],[-70.1237557,-4.1942064],[-70.1241704,-4.1940342],[-70.1245852,-4.193862],[-70.1249999,-4.1936898],[-70.1254146,-4.1935176],[-70.1258293,-4.1933455],[-70.126244,-4.1931733],[-70.1266587,-4.1930011],[-70.1270734,-4.1928289],[-70.1274881,-4.1926567],[-70.1279028,-4.1924845],[-70.1283175,-4.1923123],[-70.1287322,-4.1921401],[-70.1291469,-4.191968],[-70.1295616,-4.1917958],[-70.1299763,-4.1916236],[-70.130391,-4.1914514],[-70.1308057,-4.1912792],[-70.1312204,-4.191107],[-70.1316351,-4.1909348],[-70.1320498,-4.1907626],[-70.1324645,-4.1905905],[-70.1328792,-4.1904183],[-70.1332938,-4.1902461],[-70.1337085,-4.1900739],[-70.1341232,-4.1899017],[-70.1345379,-4.1897295],[-70.1349526,-4.1895573],[-70.1353673,-4.1893851],[-70.135782,-4.1892129],[-70.1361967,-4.1890407],[-70.1366114,-4.1888686],[-70.1370261,-4.1886964],[-70.1374408,-4.1885242],[-70.1378555,-4.188352],[-70.1382702,-4.1881798],[-70.1386849,-4.1880076],[-70.1390996,-4.1878354],[-70.1395143,-4.1876632],[-70.139929,-4.187491],[-70.1403437,-4.1873188],[-70.1407584,-4.1871466],[-70.1411731,-4.1869744],[-70.1415878,-4.1868023],[-70.1420024,-4.1866301],[-70.1424171,-4.1864579],[-70.1428318,-4.1862857],[-70.1432465,-4.1861135],[-70.1436612,-4.1859413],[-70.1440759,-4.1857691],[-70.1444906,-4.1855969],[-70.1449053,-4.1854247],[-70.14532,-4.1852525],[-70.1457347,-4.1850803],[-70.1461494,-4.1849081],[-70.1465641,-4.1847359],[-70.1469787,-4.1845637],[-70.1473934,-4.1843915],[-70.1478081,-4.1842193],[-70.1482228,-4.1840471],[-70.1486375,-4.1838749],[-70.1490522,-4.1837028],[-70.1494669,-4.1835306],[-70.1498816,-4.1833584],[-70.1502963,-4.1831862],[-70.1507109,-4.183014],[-70.1511256,-4.1828418],[-70.1515403,-4.1826696],[-70.151955,-4.1824974],[-70.1523697,-4.1823252],[-70.1527844,-4.182153],[-70.1531991,-4.1819808],[-70.1536137,-4.1818086],[-70.1540284,-4.1816364],[-70.1544431,-4.1814642],[-70.1548578,-4.181292],[-70.1552725,-4.1811198],[-70.1556872,-4.1809476],[-70.1561019,-4.1807754],[-70.1565165,-4.1806032],[-70.1569312,-4.180431],[-70.1573459,-4.1802588],[-70.1577788,-4.1801449],[-70.1582118,-4.1800311],[-70.1586447,-4.1799172],[-70.1590776,-4.1798033],[-70.1595105,-4.1796894],[-70.1599434,-4.1795756],[-70.1603763,-4.1794617],[-70.1608093,-4.1793478],[-70.1612422,-4.179234],[-70.1616751,-4.1791201],[-70.162108,-4.1790062],[-70.1625409,-4.1788923],[-70.1629738,-4.1787785],[-70.1634068,-4.1786646],[-70.1638397,-4.1785507],[-70.1642726,-4.1784369],[-70.1647055,-4.178323],[-70.1651384,-4.1782091],[-70.1655713,-4.1780952],[-70.1660043,-4.1779814],[-70.1664372,-4.1778675],[-70.1668701,-4.1777536],[-70.167303,-4.1776397],[-70.1677359,-4.1775259],[-70.1681688,-4.177412],[-70.1686018,-4.1772981],[-70.1690347,-4.1771842],[-70.1694676,-4.1770704],[-70.1699005,-4.1769565],[-70.1703334,-4.1768426],[-70.1707663,-4.1767287],[-70.1711992,-4.1766149],[-70.1716321,-4.176501],[-70.1720651,-4.1763871],[-70.172498,-4.1762732],[-70.1729309,-4.1761593],[-70.1733638,-4.1760455],[-70.1737967,-4.1759316],[-70.1742296,-4.1758177],[-70.1746625,-4.1757038],[-70.1750954,-4.17559],[-70.1755284,-4.1754761],[-70.1759613,-4.1753622],[-70.1763942,-4.1752483],[-70.1768271,-4.1751344],[-70.17726,-4.1750206],[-70.1776929,-4.1749067],[-70.1781258,-4.1747928],[-70.1785587,-4.1746789],[-70.1789916,-4.174565],[-70.1794246,-4.1744512],[-70.1798575,-4.1743373],[-70.1802904,-4.1742234],[-70.1807233,-4.1741095],[-70.1809858,-4.1737439],[-70.1812483,-4.1733783],[-70.1815109,-4.1730127],[-70.1817734,-4.1726471],[-70.1820359,-4.1722814],[-70.1822984,-4.1719158],[-70.182561,-4.1715502],[-70.1828235,-4.1711846],[-70.183086,-4.170819],[-70.1833486,-4.1704534],[-70.1836111,-4.1700878],[-70.1838736,-4.1697221],[-70.1841361,-4.1693565],[-70.1843987,-4.1689909],[-70.1846612,-4.1686253],[-70.1849237,-4.1682597],[-70.1851862,-4.1678941],[-70.1854488,-4.1675285],[-70.1857113,-4.1671628],[-70.1859738,-4.1667972],[-70.1862363,-4.1664316],[-70.1864989,-4.166066],[-70.1867614,-4.1657004],[-70.1870239,-4.1653348],[-70.1872864,-4.1649691],[-70.187549,-4.1646035],[-70.1878115,-4.1642379],[-70.188074,-4.1638723],[-70.1883365,-4.1635067],[-70.188599,-4.1631411],[-70.1888616,-4.1627755],[-70.1891241,-4.1624098],[-70.1893866,-4.1620442],[-70.1896491,-4.1616786],[-70.1899117,-4.161313],[-70.1901742,-4.1609474],[-70.1904367,-4.1605818],[-70.1906992,-4.1602162],[-70.1909617,-4.1598505],[-70.1912243,-4.1594849],[-70.1914868,-4.1591193],[-70.1917493,-4.1587537],[-70.1920118,-4.1583881],[-70.1922743,-4.1580225],[-70.1925369,-4.1576568],[-70.1927994,-4.1572912],[-70.1930619,-4.1569256],[-70.1933244,-4.15656],[-70.1935869,-4.1561944],[-70.1938494,-4.1558288],[-70.194112,-4.1554631],[-70.1943745,-4.1550975],[-70.194637,-4.1547319],[-70.1948995,-4.1543663],[-70.195162,-4.1540007],[-70.1954245,-4.1536351],[-70.1956871,-4.1532695],[-70.1959496,-4.1529038],[-70.1962121,-4.1525382],[-70.1964746,-4.1521726],[-70.1967371,-4.151807],[-70.1969996,-4.1514414],[-70.1972622,-4.1510758],[-70.1975247,-4.1507101],[-70.1977872,-4.1503445],[-70.1980497,-4.1499789],[-70.1983122,-4.1496133],[-70.1985747,-4.1492477],[-70.1988372,-4.1488821],[-70.1990998,-4.1485164],[-70.1993623,-4.1481508],[-70.1996248,-4.1477852],[-70.1998873,-4.1474196],[-70.2001498,-4.147054],[-70.200037,-4.1466222],[-70.1999241,-4.1461904],[-70.1998113,-4.1457585],[-70.1996985,-4.1453267],[-70.1995856,-4.1448949],[-70.1994728,-4.1444631],[-70.19936,-4.1440313],[-70.1992471,-4.1435995],[-70.1991343,-4.1431677],[-70.1990215,-4.1427359],[-70.1989086,-4.1423041],[-70.1987958,-4.1418722],[-70.198683,-4.1414404],[-70.1985701,-4.1410086],[-70.1984573,-4.1405768],[-70.1983445,-4.140145],[-70.1982317,-4.1397132],[-70.1981188,-4.1392814],[-70.198006,-4.1388496],[-70.1978932,-4.1384178],[-70.1977803,-4.1379859],[-70.1976675,-4.1375541],[-70.1975547,-4.1371223],[-70.1974418,-4.1366905],[-70.197329,-4.1362587],[-70.1972162,-4.1358269],[-70.1971034,-4.1353951],[-70.1969905,-4.1349633],[-70.1968777,-4.1345314],[-70.1967649,-4.1340996],[-70.196652,-4.1336678],[-70.1965392,-4.133236],[-70.1964264,-4.1328042],[-70.1963136,-4.1323724],[-70.1962007,-4.1319406],[-70.1960879,-4.1315088],[-70.1959751,-4.1310769],[-70.1958623,-4.1306451],[-70.1957494,-4.1302133],[-70.1956366,-4.1297815],[-70.1955238,-4.1293497],[-70.1954109,-4.1289179],[-70.1952981,-4.1284861],[-70.1951853,-4.1280542],[-70.1950725,-4.1276224],[-70.1949596,-4.1271906],[-70.1948468,-4.1267588],[-70.194734,-4.126327],[-70.1946212,-4.1258952],[-70.1945083,-4.1254634],[-70.1943955,-4.1250316],[-70.1942827,-4.1245997],[-70.1941699,-4.1241679],[-70.194057,-4.1237361],[-70.1939442,-4.1233043],[-70.1938314,-4.1228725],[-70.1937186,-4.1224407],[-70.1936058,-4.1220089],[-70.1934929,-4.121577],[-70.1933801,-4.1211452],[-70.1932673,-4.1207134],[-70.1931545,-4.1202816],[-70.1930416,-4.1198498],[-70.1929288,-4.119418],[-70.192816,-4.1189862],[-70.1927032,-4.1185543],[-70.1925904,-4.1181225],[-70.1924775,-4.1176907],[-70.1923647,-4.1172589],[-70.1922519,-4.1168271],[-70.1921391,-4.1163953],[-70.1920262,-4.1159634],[-70.1919134,-4.1155316],[-70.1918006,-4.1150998],[-70.1916878,-4.114668],[-70.1916782,-4.1146313],[-70.19161,-4.11468]]]}}
]}
